state,rainfall_24h_mm,rain_3d_mm,rain_7d_mm,slope_deg,historical_incidents_90d,nearest_river,river_danger_level_m,river_danger_level_is_official,present_river_level_m,river_level_ratio,blocked,month
Meghalaya,15.411176,15.41117573,89.71116567,17.5,0,Brahmaputra (Dhubri gauge),28.62,TRUE,23.81,0.832,0,7
Arunachal Pradesh,0,0,25.03335911,27.4,0,Brahmaputra (Dibrugarh gauge),105.7,TRUE,61.41,0.581,0,6
Meghalaya,109.49781,117.2657452,117.4341401,20.4,1,Barak,20.5,FALSE,13.86,0.676,1,5
Assam,23.969921,53.5243969,80.61880302,6.2,0,Brahmaputra (Dibrugarh gauge),105.7,TRUE,70.92,0.671,1,7
Sikkim,25.574995,99.05313873,334.0716438,31.5,1,Teesta,15,FALSE,14.43,0.962,1,6
Assam,0,0,39.62506664,4.3,0,Brahmaputra (Tezpur gauge),65.23,TRUE,26.74,0.41,0,2
Assam,57.636723,137.1054955,169.1328747,10.2,0,Manas,33,FALSE,16.5,0.5,1,5
Assam,10.027816,17.79301548,101.9811244,8.7,2,Manas,33,FALSE,31.94,0.968,0,7
Meghalaya,8.591373,27.09467888,40.36492682,25.6,0,Brahmaputra (Guwahati gauge),49.68,TRUE,34.83,0.701,1,6
Arunachal Pradesh,10.756434,30.63878155,119.2044516,33.6,0,Brahmaputra (Dibrugarh gauge),105.7,TRUE,50.1,0.474,1,8
Meghalaya,0,0,0,19.7,0,Brahmaputra (Goalpara gauge),36.27,TRUE,15.16,0.418,0,1
Tripura,0,0,0,12.7,0,Khowai,10,FALSE,9.63,0.963,0,10
Manipur,55.587208,124.0671463,235.108284,20.6,2,Barak,20.5,FALSE,13.94,0.68,1,6
Tripura,0,0,0,20.2,1,Gomti,12,FALSE,7.48,0.623,1,12
Tripura,0,0,0,20.2,1,Gomti,12,FALSE,4.58,0.382,1,12
Mizoram,7.295428,116.4902596,163.3160227,17.7,1,Tlawng,9,FALSE,4.73,0.526,1,8
Nagaland,0.71516675,7.151667193,24.84774621,18,1,Brahmaputra (Tezpur gauge),65.23,TRUE,26.94,0.413,1,5
Nagaland,3.269279,3.269279003,14.56875134,19.5,0,Kopili,30,FALSE,9.57,0.319,1,10
Assam,62.75609,112.880331,127.5033282,10.2,0,Manas,33,FALSE,15.77,0.478,0,5
Assam,105.66198,227.1076698,485.9425782,6.8,1,Brahmaputra (Goalpara gauge),36.27,TRUE,39.9,1.1,1,8
Assam,0,22.57214165,25.66040573,5.7,1,Manas,33,FALSE,12.7,0.385,0,2
Assam,25.389341,27.57719493,42.84683466,5.4,1,Brahmaputra (Guwahati gauge),49.68,TRUE,24.84,0.5,1,8
Meghalaya,81.02515,131.4180908,173.0752649,15.7,1,Brahmaputra (Dhubri gauge),28.62,TRUE,22.87,0.799,1,7
Sikkim,0,0.839540303,9.579129994,34.2,1,Teesta,15,FALSE,7.3,0.487,1,6
Mizoram,0,0,0,19.7,0,Barak,20.5,FALSE,7.01,0.342,1,4
Arunachal Pradesh,145.85454,184.971498,192.7784241,15.9,0,Subansiri,42,FALSE,30.7,0.731,1,5
Meghalaya,166.09451,179.6495892,207.4067894,14.5,0,Brahmaputra (Dhubri gauge),28.62,TRUE,25.76,0.9,1,8
Mizoram,4.3159957,29.01333535,37.80557144,22.2,1,Tlawng,9,FALSE,4.66,0.518,0,9
Arunachal Pradesh,129.08498,253.4816761,282.6119728,32.5,1,Brahmaputra (Dibrugarh gauge),105.7,TRUE,102.32,0.968,1,6
Assam,0,1.949510336,6.798279909,1.9,0,Dikrong,14,FALSE,7.76,0.554,1,9
Sikkim,48.38629,89.89252853,159.0439539,33.4,1,Teesta,15,FALSE,14.01,0.934,1,6
Arunachal Pradesh,56.70858,56.77482641,161.6777279,26.3,0,Brahmaputra (Dibrugarh gauge),105.7,TRUE,86.25,0.816,0,8
Meghalaya,67.38054,95.70570183,127.6429954,24.7,2,Brahmaputra (Goalpara gauge),36.27,TRUE,24.01,0.662,1,8
Arunachal Pradesh,0,7.923583269,74.1219418,23.4,1,Brahmaputra (Dibrugarh gauge),105.7,TRUE,61.41,0.581,0,8
Assam,110.85967,180.1519971,334.1894269,4.6,0,Brahmaputra (Goalpara gauge),36.27,TRUE,34.46,0.95,1,8
Assam,31.071795,50.67975783,50.67975783,1.3,0,Dikrong,14,FALSE,14.77,1.055,1,6
Sikkim,21.946539,68.77025127,72.20873761,29.8,2,Teesta,15,FALSE,10.94,0.729,0,11
Assam,17.103249,55.84532738,57.47595145,6,1,Brahmaputra (Dhubri gauge),28.62,TRUE,8.33,0.291,1,4
Assam,81.20456,109.8201772,185.6474351,10.2,0,Manas,33,FALSE,24.78,0.751,0,8
Arunachal Pradesh,1.63738,1.640790716,12.00881322,9.4,0,Dikrong,14,FALSE,6.51,0.465,1,4
Meghalaya,0,0,0,18.8,2,Brahmaputra (Guwahati gauge),49.68,TRUE,22.65,0.456,1,3
Mizoram,65.42722,226.5644608,328.0115461,23.4,1,Tlawng,9,FALSE,9.77,1.086,1,6
Arunachal Pradesh,98.62301,170.4848509,247.4909444,29.3,2,Brahmaputra (Dibrugarh gauge),105.7,TRUE,86.67,0.82,1,7
Arunachal Pradesh,14.129992,75.78382683,125.5170069,31.3,0,Brahmaputra (Dibrugarh gauge),105.7,TRUE,103.37,0.978,1,7
Mizoram,0,0,0.665406048,25.4,3,Tlawng,9,FALSE,4.62,0.513,0,1
Arunachal Pradesh,20.191156,23.30303371,23.40883302,31.3,0,Brahmaputra (Dibrugarh gauge),105.7,TRUE,67.75,0.641,0,7
Arunachal Pradesh,13.811238,38.39128304,48.37166592,35.3,0,Brahmaputra (Dibrugarh gauge),105.7,TRUE,66.27,0.627,1,9
Mizoram,0,0,0,17.7,1,Tlawng,9,FALSE,3.86,0.429,1,1
Mizoram,50.20102,114.0092125,200.0144944,21.6,1,Tlawng,9,FALSE,7.42,0.824,1,7
Sikkim,0,0,11.87945271,35.2,1,Teesta,15,FALSE,7.68,0.512,1,3
Manipur,0,4.223157644,17.31131387,8.4,2,Imphal River,8,FALSE,3.64,0.455,0,7
Mizoram,63.05827,117.3263073,253.6739836,23.4,0,Tlawng,9,FALSE,7.76,0.862,0,8
Meghalaya,81.82764,182.783329,234.1654727,15.7,1,Brahmaputra (Dhubri gauge),28.62,TRUE,22.92,0.801,1,8
Meghalaya,89.90475,240.3446236,382.7192912,15.9,1,Brahmaputra (Dhubri gauge),28.62,TRUE,28.56,0.998,1,6
Arunachal Pradesh,0.52183896,0.824488655,3.613724068,9.4,0,Dikrong,14,FALSE,16.48,1.177,0,6
Arunachal Pradesh,0.9100262,1.70210439,66.38372117,15.9,0,Subansiri,42,FALSE,36.46,0.868,1,9
Arunachal Pradesh,56.008125,101.0721512,151.8535018,24.8,0,Brahmaputra (Dibrugarh gauge),105.7,TRUE,70.18,0.664,0,8
Tripura,150.50853,443.9527817,581.9693565,16.1,0,Gomti,12,FALSE,14.84,1.237,0,8
Mizoram,0,0,0,24.2,1,Tlawng,9,FALSE,3.7,0.411,1,4
Meghalaya,0,0,0,22.3,0,Brahmaputra (Guwahati gauge),49.68,TRUE,20.82,0.419,0,3
Mizoram,0,0.601804912,18.44687432,19.7,0,Barak,20.5,FALSE,6.36,0.31,0,10
Mizoram,71.2645,85.18285561,143.771342,23.4,1,Tlawng,9,FALSE,6.05,0.672,1,9
Arunachal Pradesh,17.377132,41.18086052,54.59385538,9.4,0,Dikrong,14,FALSE,9.9,0.707,1,7
Arunachal Pradesh,0.025997775,0.025997775,7.775584357,31.1,1,Brahmaputra (Dibrugarh gauge),105.7,TRUE,51.58,0.488,1,12
Meghalaya,14.68161,249.7280502,962.2329865,21.6,0,Brahmaputra (Goalpara gauge),36.27,TRUE,36.34,1.002,1,7
Assam,24.017426,147.7072983,154.7829853,6,0,Brahmaputra (Dibrugarh gauge),105.7,TRUE,50.63,0.479,1,4
Tripura,24.798803,24.79880333,24.79880333,14.2,0,Khowai,10,FALSE,4.82,0.482,0,2
Arunachal Pradesh,52.51386,114.829361,114.829361,27.1,0,Brahmaputra (Dibrugarh gauge),105.7,TRUE,53.38,0.505,0,2
Manipur,0,1.447931409,29.54583555,13.5,0,Doyang,18,FALSE,7.24,0.402,0,12
Arunachal Pradesh,55.418247,70.28349008,84.70550009,25.5,0,Brahmaputra (Dibrugarh gauge),105.7,TRUE,42.28,0.4,1,3
Meghalaya,78.026924,94.9269104,139.57831,16.2,0,Brahmaputra (Guwahati gauge),49.68,TRUE,38.5,0.775,1,7
Arunachal Pradesh,124.56906,146.3958001,153.7967725,30.2,1,Brahmaputra (Dibrugarh gauge),105.7,TRUE,54.33,0.514,1,5
Arunachal Pradesh,36.031406,36.0314064,36.0314064,26.3,0,Brahmaputra (Dibrugarh gauge),105.7,TRUE,70.08,0.663,1,9
Meghalaya,0,0,0,18.7,0,Brahmaputra (Guwahati gauge),49.68,TRUE,39.84,0.802,1,11
Meghalaya,87.65596,172.3930969,290.9705768,19.7,0,Brahmaputra (Goalpara gauge),36.27,TRUE,32.79,0.904,1,6
Sikkim,0,0,0,29.8,2,Teesta,15,FALSE,5.73,0.382,0,12
Arunachal Pradesh,2.672883,4.696382046,5.865698457,15.9,0,Subansiri,42,FALSE,17.26,0.411,0,2
Manipur,0,0,0,13.9,1,Imphal River,8,FALSE,6.54,0.817,1,11
Arunachal Pradesh,25.226292,27.134628,96.36559457,25.3,0,Brahmaputra (Dibrugarh gauge),105.7,TRUE,73.46,0.695,0,6
Meghalaya,118.86742,212.817534,215.3974574,20.7,1,Barak,20.5,FALSE,14.64,0.714,1,5
Meghalaya,75.73053,299.6137619,318.4692998,18.9,0,Brahmaputra (Guwahati gauge),49.68,TRUE,45.9,0.924,1,7
Meghalaya,116.46128,194.0155048,384.4492168,14.7,0,Brahmaputra (Dhubri gauge),28.62,TRUE,26.39,0.922,1,5
Manipur,70.47775,74.58262551,112.6719223,11.2,0,Imphal River,8,FALSE,8.82,1.102,0,7
Meghalaya,15.328938,50.48046343,85.78052752,18.6,2,Brahmaputra (Dhubri gauge),28.62,TRUE,30.91,1.08,1,6
Meghalaya,47.205242,198.2835655,286.7643261,19.7,0,Brahmaputra (Goalpara gauge),36.27,TRUE,36.56,1.008,1,7
Arunachal Pradesh,0,0,0,30.3,1,Brahmaputra (Dibrugarh gauge),105.7,TRUE,44.08,0.417,0,11
Mizoram,80.35795,89.79703426,96.39507997,25.4,3,Tlawng,9,FALSE,5.98,0.665,0,9
Manipur,0,0,0,20.7,2,Barak,20.5,FALSE,10.02,0.489,0,12
Sikkim,26.456392,185.867136,315.9456129,25.7,0,Teesta,15,FALSE,13.89,0.926,1,7
Arunachal Pradesh,56.34936,131.0440483,170.2228671,26.1,0,Brahmaputra (Dibrugarh gauge),105.7,TRUE,62.05,0.587,0,5
Arunachal Pradesh,2.5076108,3.672497153,16.77866185,25.5,0,Brahmaputra (Dibrugarh gauge),105.7,TRUE,37.42,0.354,1,10
Arunachal Pradesh,0,1.424934804,50.39034951,31.6,1,Brahmaputra (Dibrugarh gauge),105.7,TRUE,122.29,1.157,1,6
Arunachal Pradesh,72.27069,88.7843399,93.09284976,19.6,3,Subansiri,42,FALSE,18.61,0.443,1,10
Meghalaya,75.90454,145.4439735,346.9392262,20.5,1,Brahmaputra (Guwahati gauge),49.68,TRUE,55.59,1.119,1,7
Sikkim,3.1475847,11.56564307,11.73356649,29.8,2,Teesta,15,FALSE,9.7,0.647,1,6
Meghalaya,47.787514,76.99492931,123.9765973,22.7,1,Barak,20.5,FALSE,13.78,0.672,1,8
Meghalaya,37.604214,40.39701343,52.99001665,20.2,0,Brahmaputra (Guwahati gauge),49.68,TRUE,31.55,0.635,1,6
Meghalaya,0,0,0,20.6,0,Brahmaputra (Dhubri gauge),28.62,TRUE,10.19,0.356,1,3
Arunachal Pradesh,2.3411093,18.08345509,33.80131653,17.1,2,Brahmaputra (Tezpur gauge),65.23,TRUE,30.79,0.472,0,4
Nagaland,83.82203,131.8666744,135.0483521,16.9,0,Dikrong,14,FALSE,8.58,0.613,1,9
Meghalaya,0,0,0,22.4,0,Brahmaputra (Dhubri gauge),28.62,TRUE,11.85,0.414,0,11
Manipur,43.22185,49.2314437,86.96457493,19.2,0,Imphal River,8,FALSE,8.59,1.074,0,8
Assam,100.1136,213.6407595,241.4870949,4.9,1,Manas,33,FALSE,32.64,0.989,1,6
Assam,67.08707,72.61725977,293.1350038,6.7,1,Brahmaputra (Dhubri gauge),28.62,TRUE,30.59,1.069,1,7
Meghalaya,2.9946902,6.424349129,6.424349129,19.7,1,Brahmaputra (Goalpara gauge),36.27,TRUE,13.13,0.362,1,4
Arunachal Pradesh,3.433005,10.61870134,52.76559818,28.8,1,Brahmaputra (Dibrugarh gauge),105.7,TRUE,73.67,0.697,0,8
Arunachal Pradesh,2.123141,16.73083234,39.18579888,9.4,0,Dikrong,14,FALSE,13.72,0.98,0,6
Sikkim,113.00335,176.0257206,252.9907598,29.8,2,Teesta,15,FALSE,11.85,0.79,1,6
Meghalaya,8.342592,171.445528,665.9630909,20.5,1,Brahmaputra (Guwahati gauge),49.68,TRUE,53.95,1.086,1,7
Sikkim,67.508804,99.80457401,172.5621014,33.4,1,Teesta,15,FALSE,8.5,0.567,1,8
Arunachal Pradesh,9.946021,10.07529664,50.41669965,31.9,1,Brahmaputra (Dibrugarh gauge),105.7,TRUE,55.7,0.527,0,3
Sikkim,2.477179,87.0608983,125.6191573,29.8,2,Teesta,15,FALSE,9.02,0.601,0,10
Mizoram,53.695026,73.23657417,218.3238554,22.2,1,Tlawng,9,FALSE,8.91,0.99,0,7
Sikkim,35.471615,154.1569138,293.6770658,34.2,1,Teesta,15,FALSE,14.58,0.972,1,6
Tripura,2.236744,14.83973169,69.77963567,12.6,1,Gomti,12,FALSE,7.4,0.617,1,8
Meghalaya,124.27214,149.5074883,196.9090995,18.7,0,Brahmaputra (Guwahati gauge),49.68,TRUE,43.87,0.883,1,8
Arunachal Pradesh,0,0,0,19.3,0,Dikrong,14,FALSE,3.7,0.264,0,3
Sikkim,0,0,0,29.8,2,Teesta,15,FALSE,5.49,0.366,0,1
Meghalaya,0,0,0,21.6,0,Brahmaputra (Goalpara gauge),36.27,TRUE,17.74,0.489,0,1
Arunachal Pradesh,76.307976,264.0731506,325.1720389,31.1,1,Brahmaputra (Dibrugarh gauge),105.7,TRUE,137.41,1.3,1,7
Nagaland,0,0,0,17.9,0,Dhansiri,40,FALSE,16.44,0.411,1,1
Sikkim,0,0,0.23654449,25.5,2,Teesta,15,FALSE,2.88,0.192,1,11
Arunachal Pradesh,0,0,0.711756468,17.4,1,Dikrong,14,FALSE,3.63,0.259,0,12
Nagaland,0,0,6.844168942,20.5,0,Kopili,30,FALSE,11.73,0.391,0,10
Assam,0,0,0,1.8,1,Dikrong,14,FALSE,6.01,0.429,0,12
Arunachal Pradesh,21.42582,62.19097137,147.0239205,9.4,0,Dikrong,14,FALSE,12.82,0.916,1,7
Mizoram,50.31142,66.46544957,88.75166762,20.7,0,Tlawng,9,FALSE,6.44,0.716,1,7
Manipur,2.1000354,26.39147353,49.5816526,17.5,1,Imphal River,8,FALSE,2.77,0.346,0,5
Nagaland,0,0,0,21.7,0,Dhansiri,40,FALSE,17.84,0.446,1,3
Arunachal Pradesh,0,0,6.937086821,17.9,0,Brahmaputra (Dibrugarh gauge),105.7,TRUE,43.34,0.41,0,5
Meghalaya,0,0,0,17.7,1,Brahmaputra (Goalpara gauge),36.27,TRUE,17.99,0.496,0,12
Arunachal Pradesh,0,0,0.792598397,19.1,3,Brahmaputra (Dibrugarh gauge),105.7,TRUE,99.46,0.941,0,6
Mizoram,4.51577,4.515769958,7.923202623,25,1,Tlawng,9,FALSE,3.41,0.379,1,3
Manipur,0,0,0,10.7,0,Imphal River,8,FALSE,2.27,0.284,1,11
Arunachal Pradesh,0,6.909762144,7.060634881,27.1,0,Brahmaputra (Dibrugarh gauge),105.7,TRUE,102,0.965,0,9
Meghalaya,0,0,0,18.3,0,Brahmaputra (Dhubri gauge),28.62,TRUE,16.66,0.582,0,3
Meghalaya,0,0,0,23,0,Kopili,30,FALSE,14.37,0.479,0,11
Assam,38.30319,183.4569492,238.6611228,1.3,0,Dikrong,14,FALSE,11.83,0.845,1,6
Tripura,8.160685,20.6022706,29.1201022,11.3,1,Tlawng,9,FALSE,4.48,0.498,1,9
Assam,0,0,10.3214047,7.6,1,Brahmaputra (Dibrugarh gauge),105.7,TRUE,21.25,0.201,1,10
Arunachal Pradesh,0,0.070339277,0.070339277,18.6,0,Brahmaputra (Dibrugarh gauge),105.7,TRUE,32.66,0.309,1,12
Arunachal Pradesh,6.17382,6.194891745,27.00211241,31.5,1,Brahmaputra (Dibrugarh gauge),105.7,TRUE,48.62,0.46,0,3
Arunachal Pradesh,0.1280671,0.455495479,8.391585471,9.4,0,Dikrong,14,FALSE,12.78,0.913,0,9
Meghalaya,25.234245,28.2851786,67.72285342,20.6,0,Brahmaputra (Dhubri gauge),28.62,TRUE,16.49,0.576,1,7
Nagaland,9.74598,54.78693199,77.72559881,12.2,1,Dikrong,14,FALSE,13.23,0.945,1,6
Manipur,0,0,0,9.1,1,Doyang,18,FALSE,6.75,0.375,0,1
Assam,16.475069,152.2359619,227.8688307,3.9,1,Dikrong,14,FALSE,12.22,0.873,0,6
Manipur,0,0,0,17.5,1,Imphal River,8,FALSE,6.7,0.838,1,2
Meghalaya,0,0,0,18.3,0,Brahmaputra (Dhubri gauge),28.62,TRUE,15.8,0.552,1,1
Manipur,0,0,10.44653726,19.6,0,Imphal River,8,FALSE,6.91,0.864,1,4
Meghalaya,11.611484,23.03240442,95.40055871,21.9,1,Brahmaputra (Guwahati gauge),49.68,TRUE,34.97,0.704,1,7
Tripura,0,3.305128813,10.08659601,20.2,1,Gomti,12,FALSE,4.49,0.374,1,11
Assam,120.86235,168.5679445,236.0408092,6.7,0,Brahmaputra (Dhubri gauge),28.62,TRUE,23.33,0.815,1,6
Assam,0,0,3.862940073,6.3,1,Brahmaputra (Goalpara gauge),36.27,TRUE,19.04,0.525,1,2
Meghalaya,59.373993,105.7104359,121.6213045,20.5,1,Brahmaputra (Guwahati gauge),49.68,TRUE,31.8,0.64,1,7
Meghalaya,89.42165,264.2340956,407.7455578,18.9,0,Brahmaputra (Guwahati gauge),49.68,TRUE,49.63,0.999,1,7
Meghalaya,39.878036,159.9114265,457.5191193,16.4,0,Brahmaputra (Dhubri gauge),28.62,TRUE,27.27,0.953,1,6
Manipur,4.923758,7.026192427,14.15275139,17.5,1,Imphal River,8,FALSE,1.98,0.247,1,5
Mizoram,6.5448494,64.15619278,114.4155617,22.2,1,Tlawng,9,FALSE,5.9,0.656,1,7
Meghalaya,0,0,0,20.7,1,Barak,20.5,FALSE,10.09,0.492,1,11
Arunachal Pradesh,0,0,0,26.1,0,Brahmaputra (Dibrugarh gauge),105.7,TRUE,88.68,0.839,1,2
Meghalaya,0,0,0,17.5,0,Brahmaputra (Dhubri gauge),28.62,TRUE,9.19,0.321,1,12
Manipur,72.305336,128.2936416,182.6850866,8.4,2,Imphal River,8,FALSE,5.1,0.637,0,5
Tripura,5.242883,28.42816567,76.68662593,17.3,0,Khowai,10,FALSE,6.77,0.677,1,7
Manipur,0,52.15002418,116.067826,15.3,0,Imphal River,8,FALSE,7.9,0.987,0,9
Arunachal Pradesh,6.1633964,6.163396358,16.79806453,18.6,0,Brahmaputra (Dibrugarh gauge),105.7,TRUE,38.16,0.361,0,2
Sikkim,87.72376,146.1858502,321.9573794,25.5,2,Teesta,15,FALSE,15.39,1.026,1,7
Arunachal Pradesh,5.55464,54.15720654,91.06120777,27.2,0,Brahmaputra (Dibrugarh gauge),105.7,TRUE,56.34,0.533,0,6
Mizoram,1.5672818,2.791720748,24.82512742,23.4,1,Tlawng,9,FALSE,5.73,0.637,0,9
Assam,0,2.959458113,4.487385321,3.3,0,Brahmaputra (Tezpur gauge),65.23,TRUE,29.74,0.456,0,4
Meghalaya,76.19935,196.4758654,805.6510706,20.5,1,Brahmaputra (Guwahati gauge),49.68,TRUE,56.29,1.133,1,7
Nagaland,7.938164,61.4449048,98.92679203,12.7,1,Brahmaputra (Neamatighat gauge),85.05,TRUE,91.6,1.077,1,7
Arunachal Pradesh,0,0,0,28.8,1,Brahmaputra (Dibrugarh gauge),105.7,TRUE,63.42,0.6,1,8
Arunachal Pradesh,0,2.670763493,2.856147632,18.6,0,Brahmaputra (Dibrugarh gauge),105.7,TRUE,39.11,0.37,0,10
Meghalaya,0,0.04310374,0.646556064,22.7,1,Barak,20.5,FALSE,7.46,0.364,0,10
Assam,0,0,0,4.2,0,Brahmaputra (Dibrugarh gauge),105.7,TRUE,29.7,0.281,1,1
Assam,11.47249,27.67285395,87.78670216,4.9,1,Manas,33,FALSE,32.24,0.977,1,7
Arunachal Pradesh,0,43.30058502,88.24901126,18,0,Dikrong,14,FALSE,12.77,0.912,0,9
Manipur,11.2171,30.63338375,98.69656849,13.9,1,Imphal River,8,FALSE,9.42,1.177,0,6
Meghalaya,38.029663,135.0551376,532.3801117,16.4,0,Brahmaputra (Dhubri gauge),28.62,TRUE,31.54,1.102,0,6
Nagaland,0.62332404,14.13364851,15.5634225,15.1,2,Brahmaputra (Neamatighat gauge),85.05,TRUE,29.6,0.348,1,4
Mizoram,0,0,0,23.3,0,Tlawng,9,FALSE,2.56,0.284,0,11
Meghalaya,0,0,0,17.1,1,Manas,33,FALSE,14.16,0.429,0,1
Arunachal Pradesh,105.07531,105.2564779,124.1138037,23,0,Brahmaputra (Dibrugarh gauge),105.7,TRUE,64.05,0.606,0,8
Arunachal Pradesh,2.6867826,3.93332231,44.44806963,26.1,0,Brahmaputra (Dibrugarh gauge),105.7,TRUE,91.22,0.863,1,8
Meghalaya,130.97678,141.4541249,205.893268,15.9,1,Brahmaputra (Dhubri gauge),28.62,TRUE,19.15,0.669,1,5
Tripura,0,0,13.75846672,14.9,0,Gomti,12,FALSE,8.33,0.694,0,10
Arunachal Pradesh,55.127335,78.14302731,110.6667469,24.7,1,Brahmaputra (Dibrugarh gauge),105.7,TRUE,59.09,0.559,1,10
Mizoram,0,0,20.2023381,22.1,2,Tlawng,9,FALSE,4.95,0.55,1,5
Arunachal Pradesh,76.8,100.6000032,125.0000036,35.6,1,Brahmaputra (Dibrugarh gauge),105.7,TRUE,84.45,0.799,1,8
Arunachal Pradesh,6.4133906,17.68740511,17.68740511,29.1,1,Brahmaputra (Dibrugarh gauge),105.7,TRUE,50.74,0.48,1,9
Sikkim,102.11413,142.4407177,196.1304739,25.5,2,Teesta,15,FALSE,13.77,0.918,1,7
Assam,2.9092736,2.909273624,8.950447202,5.9,1,Brahmaputra (Dibrugarh gauge),105.7,TRUE,49.78,0.471,1,2
Meghalaya,0,3.27393198,22.90621853,19.6,0,Kopili,30,FALSE,19.38,0.646,0,9
Mizoram,0.5675665,3.874976754,3.938140355,23.3,0,Tlawng,9,FALSE,4.31,0.479,0,5
Meghalaya,5.8212404,30.84712553,321.5088229,21.6,0,Brahmaputra (Goalpara gauge),36.27,TRUE,31.88,0.879,1,8
Meghalaya,1.6335168,5.595540047,6.055634081,22.1,0,Brahmaputra (Guwahati gauge),49.68,TRUE,19.42,0.391,0,3
Arunachal Pradesh,0.23178637,0.23178637,5.106335282,25.8,2,Brahmaputra (Dibrugarh gauge),105.7,TRUE,102.95,0.974,1,8
Manipur,4.1655426,35.53037548,93.300179,14.6,2,Imphal River,8,FALSE,7.89,0.986,1,8
Sikkim,0,0,0,28.8,0,Teesta,15,FALSE,7.17,0.478,1,11
Arunachal Pradesh,0,0,12.13424605,33.6,2,Brahmaputra (Dibrugarh gauge),105.7,TRUE,112.36,1.063,1,6
Arunachal Pradesh,1.7220843,4.305210829,42.54607201,9.4,0,Dikrong,14,FALSE,12.18,0.87,1,10
Tripura,44.438408,52.82206059,86.02252273,16.1,0,Gomti,12,FALSE,7.13,0.594,0,5
Arunachal Pradesh,72.56371,105.6286955,177.6434326,28.6,0,Brahmaputra (Dibrugarh gauge),105.7,TRUE,88.68,0.839,0,7
Arunachal Pradesh,2.4988472,6.339886427,8.208101783,17.6,1,Subansiri,42,FALSE,33.6,0.8,1,8
Manipur,0,0,0,19.2,0,Tlawng,9,FALSE,3.89,0.432,0,11
Manipur,0,0,0,18,0,Imphal River,8,FALSE,6.47,0.809,1,1
Sikkim,0,0,0,28.8,0,Teesta,15,FALSE,6.36,0.424,0,10
Sikkim,49.069923,151.7270069,175.6446164,33.6,1,Teesta,15,FALSE,11.06,0.737,1,9
Arunachal Pradesh,0.26653168,22.37739632,74.63671371,30.2,1,Brahmaputra (Dibrugarh gauge),105.7,TRUE,63.31,0.599,1,8
Meghalaya,4.854098,11.56410027,86.44269651,25,1,Brahmaputra (Guwahati gauge),49.68,TRUE,53.21,1.071,0,9
Assam,56.751057,114.5795231,197.4252782,6.5,0,Brahmaputra (Tezpur gauge),65.23,TRUE,53.75,0.824,1,6
Tripura,0,10.52860069,236.2644993,16.1,0,Gomti,12,FALSE,9,0.75,0,6
Mizoram,0,36.47926044,114.2323303,25,2,Tlawng,9,FALSE,8.92,0.991,1,9
Tripura,0,0,1.346697092,14.8,1,Khowai,10,FALSE,3.73,0.373,1,10
Arunachal Pradesh,111.37041,173.2795523,197.1892708,22.7,0,Brahmaputra (Dibrugarh gauge),105.7,TRUE,85.93,0.813,1,5
Arunachal Pradesh,0,5.94477129,75.73878908,17.6,1,Subansiri,42,FALSE,40.74,0.97,1,7
Assam,0,0,4.660893917,11.2,0,Brahmaputra (Dhubri gauge),28.62,TRUE,9.85,0.344,0,11
Tripura,207.87698,281.8838103,290.843174,16.1,0,Gomti,12,FALSE,12.84,1.07,1,7
Manipur,12.067303,25.54912782,73.50797665,13.1,1,Imphal River,8,FALSE,8.13,1.016,1,8
Assam,0,1.924737513,96.61815315,7.7,3,Barak,20.5,FALSE,16.91,0.825,0,9
Assam,52.645313,58.95553926,112.8793691,3.1,0,Dikrong,14,FALSE,9.04,0.646,1,9
Assam,59.16118,112.7423716,202.9016151,4.8,0,Brahmaputra (Tezpur gauge),65.23,TRUE,36.79,0.564,0,7
Manipur,0,0,0,10.7,0,Imphal River,8,FALSE,6.57,0.821,1,2
Arunachal Pradesh,90.650475,128.6195545,236.3056211,23.1,1,Brahmaputra (Dibrugarh gauge),105.7,TRUE,89.21,0.844,1,7
Tripura,0,0,92.73512679,12.7,0,Khowai,10,FALSE,11.28,1.128,1,6
Assam,1.6597505,2.407254755,2.407254755,5.9,2,Subansiri,42,FALSE,15.08,0.359,0,10
Meghalaya,0,0,91.11783314,17.5,0,Brahmaputra (Dhubri gauge),28.62,TRUE,22.67,0.792,0,9
Manipur,11.391788,23.36339736,31.83307528,13.2,1,Doyang,18,FALSE,11.45,0.636,1,7
Nagaland,75.27514,82.80053973,83.77111262,15.1,2,Brahmaputra (Neamatighat gauge),85.05,TRUE,49.33,0.58,0,9
Manipur,2.5581193,4.043715417,11.940292,18,0,Imphal River,8,FALSE,5.02,0.627,1,8
Tripura,0,0,0,14.2,0,Khowai,10,FALSE,4.17,0.417,0,1
Mizoram,0,0,0,21.4,0,Tlawng,9,FALSE,2.9,0.322,0,11
Manipur,65.30329,103.8330917,151.033392,9.7,0,Doyang,18,FALSE,19.17,1.065,1,9
Tripura,63.449677,238.9369373,338.4518433,13.7,0,Gomti,12,FALSE,11.83,0.986,0,8
Nagaland,53.527718,56.09542418,117.1176577,20.1,1,Dhansiri,40,FALSE,30.08,0.752,0,7
Arunachal Pradesh,31.28248,53.22683525,174.449789,18.6,0,Brahmaputra (Dibrugarh gauge),105.7,TRUE,108.03,1.022,1,10
Meghalaya,0,0,0,19.1,1,Barak,20.5,FALSE,8.16,0.398,0,11
Arunachal Pradesh,0,0,1.262058139,15.3,1,Dikrong,14,FALSE,5.49,0.392,0,10
Arunachal Pradesh,27.995564,50.14442885,106.1566478,21.4,2,Brahmaputra (Dibrugarh gauge),105.7,TRUE,55.18,0.522,1,4
Arunachal Pradesh,9.942936,28.16353273,138.4330792,20.7,2,Subansiri,42,FALSE,20.2,0.481,0,5
Mizoram,2.743656,35.36393714,66.11580539,25.4,3,Tlawng,9,FALSE,7.7,0.856,1,9
Assam,6.3530984,55.36951113,74.06532717,8.7,2,Manas,33,FALSE,13.17,0.399,0,4
Arunachal Pradesh,0,0,0.571377218,17.1,2,Brahmaputra (Tezpur gauge),65.23,TRUE,23.09,0.354,0,11
Sikkim,0.13059515,9.973761499,55.3182587,34.2,1,Teesta,15,FALSE,6.26,0.417,1,3
Meghalaya,7.879083,47.91445303,49.76629952,24.7,2,Brahmaputra (Goalpara gauge),36.27,TRUE,35.15,0.969,1,7
Meghalaya,0,0,11.63746643,21.3,1,Brahmaputra (Goalpara gauge),36.27,TRUE,12.77,0.352,0,11
Sikkim,14.157587,53.26953983,165.1750717,29.8,2,Teesta,15,FALSE,10.82,0.721,0,6
Sikkim,53.213417,101.9525616,304.8316405,25.5,2,Teesta,15,FALSE,14.46,0.964,1,6
Arunachal Pradesh,12.198324,32.4468832,65.04187679,25.4,0,Brahmaputra (Dibrugarh gauge),105.7,TRUE,84.77,0.802,0,6
Arunachal Pradesh,16.009384,52.80581671,166.6903229,21,2,Brahmaputra (Dibrugarh gauge),105.7,TRUE,88.05,0.833,1,4
Meghalaya,120.534134,182.6117239,985.5865469,18.9,0,Brahmaputra (Guwahati gauge),49.68,TRUE,57.23,1.152,1,7
Meghalaya,140.23682,215.2440538,261.2781911,24.2,0,Brahmaputra (Goalpara gauge),36.27,TRUE,31.01,0.855,1,6
Assam,91.54136,118.8352699,366.7932425,6.7,1,Brahmaputra (Dhubri gauge),28.62,TRUE,29.91,1.045,1,7
Mizoram,0,0,0,19.7,0,Barak,20.5,FALSE,10.58,0.516,0,12
Arunachal Pradesh,74.27872,167.7551956,288.8136139,23.7,1,Brahmaputra (Dibrugarh gauge),105.7,TRUE,101.15,0.957,1,6
Assam,0,0.082427603,24.36005675,5.8,1,Brahmaputra (Guwahati gauge),49.68,TRUE,30.85,0.621,0,9
Meghalaya,50.088768,63.30134261,84.87109405,22.4,0,Brahmaputra (Dhubri gauge),28.62,TRUE,16.43,0.574,0,10
Mizoram,7.2347836,35.19018412,37.99611926,22.9,1,Tlawng,9,FALSE,3.75,0.417,0,5
Arunachal Pradesh,0,8.346231461,16.39984131,17.9,0,Brahmaputra (Dibrugarh gauge),105.7,TRUE,38.79,0.367,0,4
Meghalaya,108.97108,175.9080162,207.981205,20.2,0,Brahmaputra (Guwahati gauge),49.68,TRUE,34.93,0.703,1,10
Assam,56.294952,72.18901896,137.0010412,11.2,0,Brahmaputra (Dhubri gauge),28.62,TRUE,21.67,0.757,0,9
Arunachal Pradesh,69.881516,129.3698978,230.6505721,23.1,1,Subansiri,42,FALSE,40.24,0.958,1,7
Arunachal Pradesh,0,0,111.1240215,18.4,2,Subansiri,42,FALSE,43.51,1.036,1,8
Meghalaya,147.68825,157.9416695,182.5415575,15.9,1,Brahmaputra (Dhubri gauge),28.62,TRUE,23.24,0.812,1,8
Nagaland,0,0,0,18,1,Dhansiri,40,FALSE,15.28,0.382,1,1
Nagaland,14.649936,16.80420309,51.95528883,21.7,0,Dhansiri,40,FALSE,44.2,1.105,1,9
Assam,163.22566,574.6987686,1006.472771,11.2,0,Brahmaputra (Dhubri gauge),28.62,TRUE,32.91,1.15,1,6
Meghalaya,74.934586,162.1173439,210.2985092,19.7,1,Brahmaputra (Goalpara gauge),36.27,TRUE,41.6,1.147,1,9
Arunachal Pradesh,59.49967,79.90898132,98.78697443,9.4,0,Dikrong,14,FALSE,5.15,0.368,0,10
Manipur,0,0,0,8.4,2,Imphal River,8,FALSE,3.19,0.399,1,12
Mizoram,0,0,0,21.6,1,Tlawng,9,FALSE,7.89,0.877,1,3
Sikkim,33.700024,34.33767617,54.5529508,31.5,1,Teesta,15,FALSE,6.66,0.444,0,3
Sikkim,0,0,0,29.8,2,Teesta,15,FALSE,5.73,0.382,1,11
Arunachal Pradesh,7.389459,7.389459133,7.389459133,20.8,0,Brahmaputra (Dibrugarh gauge),105.7,TRUE,91.54,0.866,1,6
Nagaland,0.021046162,18.72547945,34.53320035,20.5,0,Kopili,30,FALSE,13.32,0.444,0,10
Tripura,90.74396,167.1983376,169.7080404,13.5,0,Khowai,10,FALSE,7.75,0.775,1,9
Manipur,9.952957,51.78166962,81.31856465,9,0,Doyang,18,FALSE,11.38,0.632,0,6
Arunachal Pradesh,10.74284,33.45662117,33.45662117,23.9,0,Brahmaputra (Dibrugarh gauge),105.7,TRUE,98.41,0.931,0,4
Meghalaya,0,0,6.431977272,17.1,1,Manas,33,FALSE,28.05,0.85,0,10
Nagaland,10.863385,44.12095642,59.06442454,15.1,2,Brahmaputra (Neamatighat gauge),85.05,TRUE,42.61,0.501,1,3
Nagaland,16.992085,55.63970566,128.0676986,16.7,2,Brahmaputra (Tezpur gauge),65.23,TRUE,78.93,1.21,1,7
Tripura,74.574875,110.6111037,136.3278126,14.6,0,Gomti,12,FALSE,8.86,0.738,0,8
Tripura,0,0,0,12.8,1,Gomti,12,FALSE,10.21,0.851,1,12
Arunachal Pradesh,1.0646336,1.662463412,13.79328774,31.6,1,Brahmaputra (Dibrugarh gauge),105.7,TRUE,74.2,0.702,1,8
Nagaland,0,0,0,18,1,Brahmaputra (Tezpur gauge),65.23,TRUE,27.33,0.419,0,11
Meghalaya,13.8660965,61.26369858,421.0964303,22,0,Brahmaputra (Guwahati gauge),49.68,TRUE,47.44,0.955,0,7
Mizoram,1.2969975,13.37344122,92.28327084,23,0,Tlawng,9,FALSE,5.39,0.599,0,7
Assam,3.7894764,6.602237523,6.602237523,1.3,0,Brahmaputra (Tezpur gauge),65.23,TRUE,57.47,0.881,0,3
Mizoram,120.056305,191.7538633,202.1104236,23.4,0,Tlawng,9,FALSE,5.92,0.658,1,5
Mizoram,39.70203,39.70203018,43.98118782,25.9,0,Barak,20.5,FALSE,12.26,0.598,1,6
Tripura,0,9.147708893,12.88934292,20.2,1,Gomti,12,FALSE,4.36,0.363,0,5
Arunachal Pradesh,23.061005,23.39905497,23.57482149,9.4,0,Dikrong,14,FALSE,3.68,0.263,0,4
Assam,0,0,0,6.7,0,Brahmaputra (Dhubri gauge),28.62,TRUE,11.08,0.387,0,1
Mizoram,0,0,0,21.4,0,Tlawng,9,FALSE,7.66,0.851,0,3
Assam,7.1503706,57.07094288,125.5808024,9.1,1,Khowai,10,FALSE,9.16,0.916,1,7
Meghalaya,62.78668,200.470787,346.739748,22.7,1,Barak,20.5,FALSE,18.82,0.918,1,6
Manipur,0,0.085427023,0.199329711,14.6,2,Imphal River,8,FALSE,4.98,0.623,0,6
Meghalaya,62.43514,194.5301476,224.3373764,16.4,0,Brahmaputra (Dhubri gauge),28.62,TRUE,26.42,0.923,1,6
Sikkim,1.3486197,38.4201262,51.85593382,24.1,0,Teesta,15,FALSE,8.24,0.549,1,9
Nagaland,39.709873,40.82158071,59.80113822,20.1,1,Dhansiri,40,FALSE,42.48,1.062,1,9
Tripura,0.81696635,81.08458644,313.3213037,13.3,2,Khowai,10,FALSE,8.8,0.88,0,6
Arunachal Pradesh,0.51963043,1.563540697,23.06488159,22.5,2,Brahmaputra (Dibrugarh gauge),105.7,TRUE,65.75,0.622,1,7
Nagaland,94.4602,244.7610512,268.9353255,17.8,0,Subansiri,42,FALSE,32.76,0.78,0,5
Tripura,104.46909,135.5402021,259.4526006,18,1,Gomti,12,FALSE,10.57,0.881,1,8
Meghalaya,58.865005,74.89477825,85.63678861,23.5,1,Barak,20.5,FALSE,10.21,0.498,0,6
Assam,0,0,9.149129391,3.9,1,Subansiri,42,FALSE,14.2,0.338,1,3
Tripura,47.625355,210.4844627,293.3692808,13.3,2,Khowai,10,FALSE,8.15,0.815,0,6
Sikkim,0,0,0,24.1,0,Teesta,15,FALSE,4.24,0.283,1,12
Meghalaya,180.93007,354.3564301,392.4096336,17.7,1,Brahmaputra (Goalpara gauge),36.27,TRUE,47.15,1.3,1,8
Sikkim,0,27.49637032,243.5377364,25.7,0,Teesta,15,FALSE,13.64,0.909,1,9
Arunachal Pradesh,33.28769,48.23206687,102.667877,31.6,1,Brahmaputra (Dibrugarh gauge),105.7,TRUE,77.06,0.729,0,6
Meghalaya,62.431007,84.03535461,109.0977625,17.5,0,Brahmaputra (Dhubri gauge),28.62,TRUE,23.07,0.806,1,8
Mizoram,7.9108896,15.98901498,22.26202025,24.7,1,Tlawng,9,FALSE,4.61,0.512,1,3
Tripura,5.200381,19.29643345,35.09060383,20.2,1,Gomti,12,FALSE,8.46,0.705,0,8
Nagaland,0,2.541900814,9.806832016,11.2,0,Doyang,18,FALSE,6.39,0.355,1,3
Nagaland,0,0,0.549778581,13,1,Doyang,18,FALSE,15.71,0.873,1,11
Tripura,0,0,0,13.7,0,Gomti,12,FALSE,3.8,0.317,1,5
Manipur,55.35907,102.8596592,126.8636501,13.1,1,Imphal River,8,FALSE,4.23,0.529,1,5
Sikkim,162.51717,207.5978403,285.0669761,29.7,3,Teesta,15,FALSE,16.29,1.086,1,6
Manipur,0,0,3.861927509,8.4,2,Imphal River,8,FALSE,6.75,0.844,0,3
Sikkim,77.808685,162.8643265,338.3889561,25.7,0,Teesta,15,FALSE,15.88,1.059,1,7
Tripura,0,0,0,20.2,1,Gomti,12,FALSE,5.36,0.447,0,12
Manipur,0,14.80743867,58.15246144,14.6,2,Imphal River,8,FALSE,5.77,0.721,1,5
Mizoram,0,0,0,19.7,0,Barak,20.5,FALSE,7.91,0.386,1,1
Sikkim,61.608196,69.58228135,416.6816218,33.6,1,Teesta,15,FALSE,15.09,1.006,1,10
Meghalaya,53.05144,86.85984802,119.3452096,20.7,1,Barak,20.5,FALSE,14.53,0.709,1,6
Tripura,6.0304427,44.79719496,69.42321897,17.2,1,Khowai,10,FALSE,10.09,1.009,1,6
Arunachal Pradesh,0,0,0,35.3,0,Brahmaputra (Dibrugarh gauge),105.7,TRUE,33.82,0.32,0,3
Nagaland,53.19225,86.27046585,284.4509125,16.8,2,Brahmaputra (Dibrugarh gauge),105.7,TRUE,105.91,1.002,1,7
Mizoram,0,0,0,19.4,0,Tlawng,9,FALSE,4.23,0.47,0,4
Meghalaya,126.28472,140.3804808,207.609322,17.5,0,Brahmaputra (Dhubri gauge),28.62,TRUE,19.83,0.693,1,10
Arunachal Pradesh,7.021733,19.21352172,33.96422362,24.7,1,Brahmaputra (Dibrugarh gauge),105.7,TRUE,100.94,0.955,1,8
Meghalaya,3.9084105,46.85773134,154.2352722,17.5,0,Brahmaputra (Dhubri gauge),28.62,TRUE,24.41,0.853,1,7
Sikkim,9.745975,19.11013603,87.37671447,29.8,2,Teesta,15,FALSE,14.97,0.998,1,8
Arunachal Pradesh,6.7856283,8.680160284,12.93000567,16.5,1,Dikrong,14,FALSE,14.24,1.017,1,6
Manipur,8.303699,97.27842617,104.2173486,20.7,2,Barak,20.5,FALSE,11.87,0.579,1,8
Meghalaya,65.33201,73.91353035,139.2139822,21.6,0,Brahmaputra (Goalpara gauge),36.27,TRUE,32.5,0.896,1,4
Arunachal Pradesh,107.64017,252.5037994,402.7518425,27.8,0,Brahmaputra (Dibrugarh gauge),105.7,TRUE,107.39,1.016,1,6
Manipur,52.497574,83.59041643,157.4644482,10.7,0,Imphal River,8,FALSE,4.82,0.602,1,7
Sikkim,3.7466784,38.62693644,92.38536298,31.9,1,Teesta,15,FALSE,9.9,0.66,0,7
Manipur,0,0,0,17.5,1,Imphal River,8,FALSE,2.97,0.371,1,12
Tripura,7.836933,57.8419627,75.54819867,13.5,0,Khowai,10,FALSE,2.91,0.291,1,5
Assam,0,0,0,10.2,0,Manas,33,FALSE,11.42,0.346,0,11
Tripura,0,0,0,14.4,2,Gomti,12,FALSE,9.73,0.811,1,2
Arunachal Pradesh,1.0586684,4.767545193,174.0210852,29.4,1,Brahmaputra (Dibrugarh gauge),105.7,TRUE,123.03,1.164,1,9
Assam,2.8794725,3.599340618,7.789363682,3.3,0,Brahmaputra (Tezpur gauge),65.23,TRUE,34.44,0.528,0,9
Mizoram,15.698577,84.37651539,207.6864703,24.8,0,Tlawng,9,FALSE,8.5,0.945,1,7
Meghalaya,73.81737,183.583046,401.0659399,27.5,3,Brahmaputra (Guwahati gauge),49.68,TRUE,51.52,1.037,1,7
Mizoram,5.7548466,30.39717984,73.40277839,20.3,0,Tlawng,9,FALSE,8.07,0.897,0,6
Meghalaya,0.25085163,128.2049723,302.6218367,14.5,0,Brahmaputra (Dhubri gauge),28.62,TRUE,32.34,1.13,1,8
Arunachal Pradesh,0,0.119288325,115.4415883,28.5,1,Brahmaputra (Dibrugarh gauge),105.7,TRUE,49.78,0.471,1,11
Manipur,10.820919,36.38730812,48.88461649,9.1,1,Doyang,18,FALSE,10.1,0.561,0,7
Mizoram,2.2811966,22.58991241,99.24025345,17.7,1,Tlawng,9,FALSE,9.01,1.001,0,8
Nagaland,0,0,0.183465406,13.7,0,Dhansiri,40,FALSE,21,0.525,1,10
Assam,0,0.497619197,14.5230947,4.8,0,Brahmaputra (Tezpur gauge),65.23,TRUE,20.03,0.307,0,4
Manipur,0,0,0,20.7,2,Barak,20.5,FALSE,11.91,0.581,1,3
Meghalaya,54.325466,54.44069029,63.89681987,14.5,0,Brahmaputra (Dhubri gauge),28.62,TRUE,10.3,0.36,1,5
Manipur,0,0,0,9,0,Doyang,18,FALSE,6.32,0.351,1,11
Arunachal Pradesh,3.279869,42.78483105,54.23114491,9.4,0,Dikrong,14,FALSE,7.21,0.515,0,7
Arunachal Pradesh,30.993723,37.44007969,37.44007969,28.8,1,Brahmaputra (Dibrugarh gauge),105.7,TRUE,46.83,0.443,1,2
Mizoram,8.080856,20.51607466,57.73881054,23,2,Khowai,10,FALSE,9.77,0.977,0,7
Mizoram,53.93557,91.12442112,194.1231896,22.2,1,Tlawng,9,FALSE,5.7,0.633,0,5
Arunachal Pradesh,4.166596,4.166595936,41.75705129,29.1,4,Brahmaputra (Dibrugarh gauge),105.7,TRUE,63.84,0.604,1,7
Meghalaya,63.458374,123.0895019,170.2356618,18.9,0,Brahmaputra (Guwahati gauge),49.68,TRUE,40.59,0.817,1,6
Arunachal Pradesh,77.35403,129.8074942,156.5594121,25.2,1,Brahmaputra (Dibrugarh gauge),105.7,TRUE,114.26,1.081,1,4
Nagaland,6.022541,29.85922158,29.85922158,18,1,Brahmaputra (Tezpur gauge),65.23,TRUE,27.4,0.42,0,10
Mizoram,66.63498,80.65358162,80.65358162,23.6,0,Tlawng,9,FALSE,4.26,0.473,1,11
Meghalaya,109.494644,126.4321055,329.0561748,20.5,1,Brahmaputra (Guwahati gauge),49.68,TRUE,56.24,1.132,0,7
Nagaland,0.34920153,15.13655934,15.66632167,17.9,0,Dhansiri,40,FALSE,14.88,0.372,0,10
Arunachal Pradesh,38.47261,56.05447054,74.63846815,20.2,0,Brahmaputra (Tezpur gauge),65.23,TRUE,26.55,0.407,1,5
Manipur,18.671663,18.85983334,21.68071921,14.2,0,Imphal River,8,FALSE,4.37,0.546,0,9
Arunachal Pradesh,2.6,4.638342261,25.6864028,26.4,0,Brahmaputra (Dibrugarh gauge),105.7,TRUE,98.62,0.933,1,8
Sikkim,6.9766545,37.27992964,195.7295394,31.9,1,Teesta,15,FALSE,13.5,0.9,1,5
Nagaland,0,11.460042,12.0708015,14.6,1,Brahmaputra (Neamatighat gauge),85.05,TRUE,44.23,0.52,0,6
Manipur,77.45149,79.63936913,110.9442879,19.6,0,Imphal River,8,FALSE,4.54,0.567,0,6
Arunachal Pradesh,81.71248,136.3538274,142.7344028,23.1,1,Brahmaputra (Dibrugarh gauge),105.7,TRUE,55.18,0.522,0,4
Tripura,94.49166,122.3878574,206.2787752,18,1,Gomti,12,FALSE,8.81,0.734,1,7
Meghalaya,87.90496,171.9362183,311.1331854,18.9,0,Brahmaputra (Guwahati gauge),49.68,TRUE,57.83,1.164,1,7
Tripura,5.6852016,24.52881312,81.66052222,13.3,2,Khowai,10,FALSE,10.95,1.095,1,8
Mizoram,0,0,0,22.9,0,Barak,20.5,FALSE,9.78,0.477,0,1
Mizoram,11.904999,69.17236328,189.1799135,27,2,Tlawng,9,FALSE,7.56,0.84,1,6
Manipur,62.25123,101.1980677,125.5777407,23.5,0,Barak,20.5,FALSE,9.47,0.462,1,5
Manipur,8.258584,41.0956955,164.3527269,13.5,0,Doyang,18,FALSE,11.9,0.661,1,9
Meghalaya,50.065838,258.2327881,421.2410953,19.6,1,Brahmaputra (Goalpara gauge),36.27,TRUE,36.02,0.993,1,6
Arunachal Pradesh,25.94519,39.02587652,98.23657656,20.4,0,Brahmaputra (Tezpur gauge),65.23,TRUE,45.14,0.692,1,8
Arunachal Pradesh,0.003839034,0.031477091,43.61289322,25.9,0,Brahmaputra (Dibrugarh gauge),105.7,TRUE,85.72,0.811,1,3
Tripura,0.41216075,15.87667537,164.4350336,20.2,1,Gomti,12,FALSE,9.42,0.785,1,6
Sikkim,12.169193,41.08257866,80.04569691,32.4,0,Teesta,15,FALSE,12.26,0.817,1,4
Meghalaya,217.60692,358.8147659,620.7843647,18.9,0,Brahmaputra (Guwahati gauge),49.68,TRUE,62.55,1.259,1,8
Meghalaya,4.9105954,6.601821959,25.61222371,18.9,0,Brahmaputra (Guwahati gauge),49.68,TRUE,47.69,0.96,0,9
Assam,3.3083367,47.46527719,101.269665,11.2,0,Brahmaputra (Dhubri gauge),28.62,TRUE,20.78,0.726,0,7
Arunachal Pradesh,0.003410712,0.006821425,2.672914476,9.4,0,Dikrong,14,FALSE,6.78,0.484,0,6
Meghalaya,0,0,0,20.7,1,Barak,20.5,FALSE,7.36,0.359,1,11
Manipur,12.277239,17.48910034,20.23863268,15.3,0,Imphal River,8,FALSE,2.94,0.368,1,5
Assam,11.943239,43.75082791,43.75082791,8.5,0,Brahmaputra (Dibrugarh gauge),105.7,TRUE,115.11,1.089,0,9
Tripura,0,6.035722733,37.87054682,17.3,0,Khowai,10,FALSE,5.82,0.582,0,8
Sikkim,95.61093,188.4925289,363.1658611,33.6,1,Teesta,15,FALSE,16.36,1.091,1,6
Sikkim,95.625374,226.5270805,264.8733646,28.8,0,Teesta,15,FALSE,16.32,1.088,1,9
Manipur,9.907779,57.07529163,155.3825769,19.6,1,Barak,20.5,FALSE,19.7,0.961,0,7
Tripura,141.83128,190.0726032,198.6870537,13.7,0,Gomti,12,FALSE,8.56,0.713,0,5
Assam,80.5648,114.4303398,122.094915,2.2,0,Subansiri,42,FALSE,28.22,0.672,0,6
Meghalaya,37.522045,178.0056801,255.5574646,19.6,1,Brahmaputra (Goalpara gauge),36.27,TRUE,32.79,0.904,0,6
Arunachal Pradesh,0,0.901493609,13.17907768,22.2,1,Brahmaputra (Dibrugarh gauge),105.7,TRUE,43.23,0.409,1,5
Arunachal Pradesh,14.8656,27.14401722,29.99435234,18.6,0,Brahmaputra (Dibrugarh gauge),105.7,TRUE,75.26,0.712,0,5
Meghalaya,0,0,0,23.4,0,Barak,20.5,FALSE,9.22,0.45,0,11
Assam,1.1769336,26.03865421,292.3837699,5.9,1,Brahmaputra (Dibrugarh gauge),105.7,TRUE,102.63,0.971,1,6
Arunachal Pradesh,13.525622,19.99311793,70.17381012,23.7,1,Brahmaputra (Dibrugarh gauge),105.7,TRUE,43.87,0.415,0,4
Assam,0,0,0.834180765,2.1,0,Brahmaputra (Tezpur gauge),65.23,TRUE,39.14,0.6,1,9
Arunachal Pradesh,63.64864,68.65241933,83.43280268,24.7,1,Brahmaputra (Dibrugarh gauge),105.7,TRUE,102,0.965,1,5
Assam,50.10981,85.8177166,138.846982,9.1,1,Khowai,10,FALSE,5.08,0.508,0,8
Assam,0,2.179895639,2.179895639,10.2,0,Manas,33,FALSE,22.94,0.695,1,2
Mizoram,179.04799,263.1861267,375.2074604,25.8,0,Tlawng,9,FALSE,8.33,0.925,1,5
Manipur,0,1.605995521,29.52757989,15.8,1,Doyang,18,FALSE,17.33,0.963,1,6
Sikkim,14.710302,43.30718851,118.1937599,31.9,1,Teesta,15,FALSE,16.62,1.108,1,6
Manipur,28.76121,53.10322571,63.31974524,13.5,0,Doyang,18,FALSE,18.76,1.042,1,6
Tripura,69.28241,106.2048025,166.117336,14.8,2,Khowai,10,FALSE,7.06,0.706,0,7
Arunachal Pradesh,0.79813796,20.38151199,23.62348139,25.8,2,Brahmaputra (Dibrugarh gauge),105.7,TRUE,40.91,0.387,0,5
Mizoram,0,0,0,25,1,Tlawng,9,FALSE,3.36,0.373,1,1
Meghalaya,46.998913,91.22975159,96.48851386,20.2,0,Brahmaputra (Guwahati gauge),49.68,TRUE,47.74,0.961,1,9
Meghalaya,0,0,0,19.6,0,Kopili,30,FALSE,14.67,0.489,0,4
Meghalaya,50.912243,169.3614731,244.4837517,24.9,0,Brahmaputra (Guwahati gauge),49.68,TRUE,48.19,0.97,1,7
Meghalaya,53.145256,126.7564354,375.660573,20.5,1,Brahmaputra (Guwahati gauge),49.68,TRUE,53.7,1.081,1,7
Tripura,0,0,8.122001886,17.3,0,Gomti,12,FALSE,8.52,0.71,0,5
Tripura,53.366524,57.30627012,78.18538761,14.2,0,Khowai,10,FALSE,4.75,0.475,0,9
Arunachal Pradesh,3.3787074,31.97471094,36.88420205,9.4,0,Dikrong,14,FALSE,12.61,0.901,0,9
Assam,3.045955,5.53260684,7.199178115,5.8,1,Brahmaputra (Guwahati gauge),49.68,TRUE,43.97,0.885,1,7
Arunachal Pradesh,60.81386,81.58813556,135.0225942,34,0,Brahmaputra (Dibrugarh gauge),105.7,TRUE,64.37,0.609,1,3
Tripura,68.45118,140.0087719,195.6415997,15.2,0,Tlawng,9,FALSE,6.16,0.684,1,5
Meghalaya,317.42123,565.4982185,665.0202348,20.5,1,Brahmaputra (Guwahati gauge),49.68,TRUE,47,0.946,1,5
Mizoram,2.236284,14.27215242,42.08001995,17.7,1,Tlawng,9,FALSE,4.68,0.52,1,8
Meghalaya,27.103945,147.2811985,594.930872,21.6,0,Brahmaputra (Goalpara gauge),36.27,TRUE,38.99,1.075,0,8
Meghalaya,82.941246,82.94124603,443.4516163,18.9,0,Brahmaputra (Guwahati gauge),49.68,TRUE,55.05,1.108,1,7
Assam,9.385904,14.77670991,16.32608765,6.3,0,Brahmaputra (Tezpur gauge),65.23,TRUE,29.74,0.456,1,4
Assam,0,0,0,5.5,1,Brahmaputra (Guwahati gauge),49.68,TRUE,21.51,0.433,0,12
Mizoram,11.843812,50.70654202,103.4436526,20.7,0,Tlawng,9,FALSE,7.29,0.81,1,8
Mizoram,100.78579,146.4766369,244.8137035,25.8,0,Tlawng,9,FALSE,7.68,0.853,1,7
Sikkim,2.9263074,7.602663755,7.602663755,28,1,Teesta,15,FALSE,5.86,0.391,1,2
Meghalaya,0,0,0,19.2,1,Kopili,30,FALSE,14.79,0.493,1,12
Meghalaya,102.28719,759.0338058,870.6773529,18.9,0,Brahmaputra (Guwahati gauge),49.68,TRUE,50.92,1.025,1,6
Arunachal Pradesh,0,0,0,25.9,0,Brahmaputra (Dibrugarh gauge),105.7,TRUE,46.09,0.436,1,10
Arunachal Pradesh,17.442043,26.72898006,39.86884832,29.7,1,Brahmaputra (Dibrugarh gauge),105.7,TRUE,48.52,0.459,0,5
Mizoram,72.63567,273.1280136,403.9991646,20.4,0,Tlawng,9,FALSE,9.21,1.023,1,6
Nagaland,48.389275,92.48907638,94.12176016,13.2,1,Brahmaputra (Neamatighat gauge),85.05,TRUE,92.28,1.085,1,6
Sikkim,94.346695,259.3183441,321.8318453,25.7,0,Teesta,15,FALSE,15.03,1.002,1,6
Manipur,0,0,0,9.7,0,Doyang,18,FALSE,9,0.5,1,1
Arunachal Pradesh,0,0,6.388086796,28.1,0,Brahmaputra (Dibrugarh gauge),105.7,TRUE,46.93,0.444,0,1
Meghalaya,64.50602,115.3026609,185.4705081,17.5,0,Brahmaputra (Dhubri gauge),28.62,TRUE,27.19,0.95,1,8
Mizoram,0,0,0,27,2,Tlawng,9,FALSE,3.91,0.434,0,4
Tripura,0,0,0,17.2,0,Gomti,12,FALSE,5.2,0.433,0,2
Nagaland,0,15.7015934,96.27431512,16.9,0,Dikrong,14,FALSE,7.24,0.517,1,3
Assam,127.1073,149.6026497,189.164408,4.4,1,Brahmaputra (Tezpur gauge),65.23,TRUE,50.81,0.779,1,6
Mizoram,6.116935,29.70272732,33.42235231,20.2,0,Tlawng,9,FALSE,2.77,0.308,0,5
Manipur,16.876629,19.24390405,21.90715736,20.7,2,Barak,20.5,FALSE,7.61,0.371,1,11
Nagaland,102.91887,129.8757076,129.8757076,17.8,0,Subansiri,42,FALSE,34.44,0.82,1,9
Mizoram,1.1907924,17.41192758,26.79047889,23.3,0,Tlawng,9,FALSE,3.38,0.375,1,5
Mizoram,2.467401,61.67249441,108.8724327,24.2,1,Tlawng,9,FALSE,3.59,0.399,0,5
Meghalaya,19.41302,62.00085449,352.8712254,15.7,1,Brahmaputra (Dhubri gauge),28.62,TRUE,27.62,0.965,1,7
Meghalaya,117.27487,177.1719246,193.137223,18.2,1,Manas,33,FALSE,23.92,0.725,1,5
Nagaland,87.971954,94.98885787,125.7768642,15.4,0,Dikrong,14,FALSE,9.7,0.693,1,5
Manipur,0,0,0,23.5,0,Barak,20.5,FALSE,9,0.439,1,11
Mizoram,58.411037,96.57204866,129.1620574,19.4,0,Tlawng,9,FALSE,6.62,0.736,1,7
Arunachal Pradesh,114.04803,155.645187,201.8620878,25.2,1,Brahmaputra (Dibrugarh gauge),105.7,TRUE,88.05,0.833,1,6
Assam,81.203285,87.08195001,123.4822141,7.9,0,Brahmaputra (Guwahati gauge),49.68,TRUE,40.54,0.816,1,8
Arunachal Pradesh,29.419647,43.94387686,449.1215769,33.6,0,Brahmaputra (Dibrugarh gauge),105.7,TRUE,111.51,1.055,1,7
Mizoram,4.2435255,11.20302874,20.5345093,23.3,0,Tlawng,9,FALSE,4.89,0.543,0,7
Sikkim,48.172005,117.2846613,397.2696257,29.2,0,Teesta,15,FALSE,16.02,1.068,1,6
Assam,50.29428,72.59073603,156.3432225,5,0,Brahmaputra (Dibrugarh gauge),105.7,TRUE,104.85,0.992,1,7
Assam,64.96957,135.6139793,249.2237196,2.8,0,Brahmaputra (Tezpur gauge),65.23,TRUE,53.81,0.825,1,7
Mizoram,23.103767,46.05111885,93.5502224,19.4,0,Tlawng,9,FALSE,8.06,0.896,1,9
Arunachal Pradesh,30.853388,60.86370659,148.0609093,17.4,0,Manas,33,FALSE,34.65,1.05,1,7
Tripura,0,0,0,20.2,1,Gomti,12,FALSE,5.34,0.445,1,1
Meghalaya,1.4835612,8.154433846,31.50132287,22.1,0,Brahmaputra (Guwahati gauge),49.68,TRUE,42.92,0.864,0,9
Arunachal Pradesh,0,0,0,16.8,0,Dikrong,14,FALSE,6.99,0.499,0,1
Mizoram,174.83952,259.9910374,372.0213239,21.4,0,Tlawng,9,FALSE,9.27,1.03,1,5
Arunachal Pradesh,0,0,0,15.3,1,Dikrong,14,FALSE,6.01,0.429,1,12
Manipur,50.35129,51.75160718,68.79452217,16.8,0,Barak,20.5,FALSE,10.93,0.533,1,7
Assam,0,0,0,6.5,0,Brahmaputra (Dhubri gauge),28.62,TRUE,9.93,0.347,1,12
Meghalaya,0,9.347130775,16.24194083,19.2,1,Kopili,30,FALSE,18.24,0.608,0,7
Manipur,6.008339,6.008338928,10.03051293,16,0,Imphal River,8,FALSE,4.71,0.589,1,9
Mizoram,11.911409,42.72509575,58.08912754,23,0,Tlawng,9,FALSE,3.6,0.4,1,10
Arunachal Pradesh,56.6,56.60000396,56.60000396,35.6,1,Brahmaputra (Dibrugarh gauge),105.7,TRUE,68.39,0.647,1,6
Mizoram,0,0,0,23.4,1,Tlawng,9,FALSE,3.29,0.366,0,3
Meghalaya,0,0,0,20.6,0,Brahmaputra (Dhubri gauge),28.62,TRUE,9.93,0.347,1,1
Mizoram,2.1071477,2.107147694,2.107147694,20.2,0,Tlawng,9,FALSE,8.97,0.997,0,3
Assam,0,0,0,2.2,0,Subansiri,42,FALSE,13.44,0.32,1,1
Sikkim,90.47687,133.5510826,160.1638837,29.7,3,Teesta,15,FALSE,10.65,0.71,1,8
Arunachal Pradesh,27.72285,34.17388368,34.80713034,29.7,1,Brahmaputra (Dibrugarh gauge),105.7,TRUE,52.53,0.497,0,2
Meghalaya,0.21261542,9.54615099,25.90252347,22.1,0,Brahmaputra (Guwahati gauge),49.68,TRUE,39.94,0.804,1,9
Assam,8.605486,14.10680497,39.14472389,6.9,0,Brahmaputra (Guwahati gauge),49.68,TRUE,31.55,0.635,1,6
Mizoram,71.35365,105.1477947,117.46891,20.2,1,Tlawng,9,FALSE,5.37,0.597,0,5
Assam,6.803532,6.803532124,36.33863807,2.8,1,Brahmaputra (Tezpur gauge),65.23,TRUE,15.66,0.24,1,5
Assam,80.20842,113.1738143,134.3929614,7.8,1,Brahmaputra (Dibrugarh gauge),105.7,TRUE,65.75,0.622,1,6
Sikkim,13.654438,50.3384304,82.06993687,25.5,2,Teesta,15,FALSE,7.98,0.532,1,6
Mizoram,50.240643,180.7143669,272.400431,20.2,1,Tlawng,9,FALSE,8.74,0.971,1,6
Sikkim,0,1.149948239,41.88223754,34.9,3,Teesta,15,FALSE,6.64,0.443,0,3
Sikkim,1.9947592,10.24495721,38.99790978,32.4,0,Teesta,15,FALSE,6.28,0.419,0,10
Manipur,0,0,0,9,0,Doyang,18,FALSE,10.06,0.559,1,12
Meghalaya,19.839188,379.0272827,699.9250673,24.9,0,Brahmaputra (Guwahati gauge),49.68,TRUE,43.57,0.877,1,6
Mizoram,5.630086,5.742405877,16.93218254,23,0,Tlawng,9,FALSE,9,1,1,7
Meghalaya,0,0,0,19.1,1,Barak,20.5,FALSE,9.66,0.471,0,12
Sikkim,0,0,0,28,1,Teesta,15,FALSE,12.99,0.866,1,11
Meghalaya,93.238914,234.501019,257.7757875,18.7,0,Brahmaputra (Guwahati gauge),49.68,TRUE,47.2,0.95,1,8
Arunachal Pradesh,4.2361264,14.52697259,34.59819871,29.6,0,Brahmaputra (Dibrugarh gauge),105.7,TRUE,96.93,0.917,1,3
Nagaland,60.620594,80.67230511,165.8919163,17.2,0,Brahmaputra (Neamatighat gauge),85.05,TRUE,63.7,0.749,1,6
Meghalaya,3.0118637,13.73718262,99.13865542,18.8,2,Brahmaputra (Guwahati gauge),49.68,TRUE,30.95,0.623,0,9
Nagaland,0,0,1.395565391,21.7,0,Dhansiri,40,FALSE,20.6,0.515,0,2
Arunachal Pradesh,0,0,0,14.7,0,Dikrong,14,FALSE,6.34,0.453,1,1
Mizoram,21.244036,34.70162702,150.1831353,17.7,1,Tlawng,9,FALSE,5.8,0.644,0,9
Tripura,0,0,0,14.8,1,Khowai,10,FALSE,2.85,0.285,1,11
Mizoram,0,0,0,21.6,1,Tlawng,9,FALSE,2.8,0.311,1,4
Assam,71.312996,323.203537,762.2051773,8.3,0,Brahmaputra (Goalpara gauge),36.27,TRUE,40.84,1.126,0,6
Sikkim,10.617213,120.5941839,288.5866818,25.5,2,Teesta,15,FALSE,12.14,0.809,1,8
Manipur,33.88175,34.72172153,34.83264895,8.4,2,Imphal River,8,FALSE,2.42,0.302,0,5
Sikkim,19.661137,75.86203003,280.4922104,34.2,1,Teesta,15,FALSE,12.88,0.859,1,6
Meghalaya,0,0,0,17.7,1,Brahmaputra (Goalpara gauge),36.27,TRUE,13.06,0.36,1,1
Tripura,77.32605,194.2694588,258.1985862,12.6,1,Gomti,12,FALSE,11.5,0.958,1,6
Arunachal Pradesh,170.97696,359.691143,410.6231789,23.9,0,Brahmaputra (Dibrugarh gauge),105.7,TRUE,113.42,1.073,1,6
Sikkim,18.71504,41.90746021,172.0121255,28.8,0,Teesta,15,FALSE,9.32,0.621,1,8
Meghalaya,9.792237,36.19057083,43.02442738,24.9,0,Brahmaputra (Guwahati gauge),49.68,TRUE,22.21,0.447,1,5
Assam,0,0,0,1.3,0,Dikrong,14,FALSE,7.14,0.51,0,12
Nagaland,0,9.185243368,50.87228298,11.6,1,Brahmaputra (Dibrugarh gauge),105.7,TRUE,76.42,0.723,1,9
Meghalaya,17.062777,75.35491562,87.34562922,22.4,0,Brahmaputra (Dhubri gauge),28.62,TRUE,24.84,0.868,0,9
Assam,0,0,0,4.9,0,Brahmaputra (Guwahati gauge),49.68,TRUE,21.66,0.436,0,11
Arunachal Pradesh,3.5131857,9.352528095,48.76044214,17.4,0,Manas,33,FALSE,32.74,0.992,0,9
Manipur,0,0,0.730877638,9.1,1,Doyang,18,FALSE,15.48,0.86,1,3
Assam,0,7.831913948,62.75688982,5.4,0,Manas,33,FALSE,28.08,0.851,0,9
Nagaland,1.3663081,10.36866558,126.7186291,21.7,0,Dhansiri,40,FALSE,40.52,1.013,1,6
Meghalaya,1.0042846,1.00428462,1.00428462,17.5,0,Brahmaputra (Dhubri gauge),28.62,TRUE,9.13,0.319,0,10
Manipur,0,8.626826584,22.71378773,16,2,Imphal River,8,FALSE,5.23,0.654,0,7
Tripura,34.29138,36.91401588,54.21936952,15.2,0,Tlawng,9,FALSE,3.3,0.367,0,10
Assam,0,0,0,10.2,0,Manas,33,FALSE,26.43,0.801,0,10
Arunachal Pradesh,3.393375,9.491603971,24.9160589,24.5,0,Brahmaputra (Dibrugarh gauge),105.7,TRUE,101.15,0.957,0,8
Arunachal Pradesh,0.38029382,5.942073196,15.42684646,9.4,0,Dikrong,14,FALSE,12.46,0.89,0,5
Assam,12.065563,219.7579155,498.8527937,6.5,0,Brahmaputra (Dhubri gauge),28.62,TRUE,32.25,1.127,1,6
Nagaland,0.25360173,0.25360173,0.25360173,20.1,1,Dhansiri,40,FALSE,15.76,0.394,1,2
Mizoram,1.6932069,30.69370854,43.26572099,23.1,0,Tlawng,9,FALSE,4.01,0.446,0,5
Meghalaya,0,13.2687273,34.29575944,16.2,0,Brahmaputra (Guwahati gauge),49.68,TRUE,50.38,1.014,1,8
Tripura,15.407095,54.70355988,65.7291553,18,1,Gomti,12,FALSE,10.91,0.909,1,7
Assam,3.2458367,7.833063602,80.27001715,5.9,1,Brahmaputra (Dibrugarh gauge),105.7,TRUE,30.86,0.292,0,5
Manipur,0,0,0,23.5,0,Barak,20.5,FALSE,7.42,0.362,0,12
Assam,0,0,0,6.5,0,Brahmaputra (Tezpur gauge),65.23,TRUE,30.79,0.472,1,3
Manipur,0,0,0,17.3,1,Barak,20.5,FALSE,18.1,0.883,0,11
Tripura,4.628689,8.686844945,31.08342123,16.1,0,Gomti,12,FALSE,6.43,0.536,0,10
Meghalaya,1.7996892,1.799689174,1.799689174,17.5,0,Brahmaputra (Dhubri gauge),28.62,TRUE,11.68,0.408,0,2
Mizoram,8.980204,32.06873512,46.4837603,23.6,0,Tlawng,9,FALSE,5.64,0.627,1,7
Assam,138.33443,146.1929037,234.9630072,6.8,1,Brahmaputra (Goalpara gauge),36.27,TRUE,32.86,0.906,1,10
Arunachal Pradesh,0.9680424,10.82678127,134.2144756,30.3,1,Brahmaputra (Dibrugarh gauge),105.7,TRUE,58.24,0.551,1,2
Assam,0,0,5.829360962,5.5,1,Brahmaputra (Guwahati gauge),49.68,TRUE,25.09,0.505,1,3
Manipur,0,0.778187156,12.30309796,15.8,1,Doyang,18,FALSE,8.73,0.485,1,5
Arunachal Pradesh,0,0,0.099999994,25.9,0,Brahmaputra (Dibrugarh gauge),105.7,TRUE,36.26,0.343,1,1
Assam,129.7942,147.2466812,147.2466812,11.2,0,Brahmaputra (Dhubri gauge),28.62,TRUE,22.9,0.8,1,9
Mizoram,0,0,0,19.4,0,Tlawng,9,FALSE,3.15,0.35,0,12
Mizoram,24.601583,139.9690304,228.0085282,22.2,1,Tlawng,9,FALSE,7.33,0.814,1,8
Meghalaya,144.07253,505.3104248,864.8375626,21.6,0,Brahmaputra (Goalpara gauge),36.27,TRUE,40.88,1.127,1,8
Meghalaya,13.8987055,24.15685177,24.76840347,21.3,1,Brahmaputra (Goalpara gauge),36.27,TRUE,12.69,0.35,0,10
Meghalaya,26.454258,121.4916267,394.9126148,20.5,1,Brahmaputra (Guwahati gauge),49.68,TRUE,64.58,1.3,1,6
Assam,14.375904,37.61645985,124.5145626,4.6,0,Brahmaputra (Goalpara gauge),36.27,TRUE,18.24,0.503,0,10
Arunachal Pradesh,64.15408,96.7237916,277.4149137,21.4,2,Brahmaputra (Dibrugarh gauge),105.7,TRUE,123.99,1.173,1,5
Arunachal Pradesh,0,0,0,31.5,1,Brahmaputra (Dibrugarh gauge),105.7,TRUE,94.81,0.897,1,7
Tripura,108.48281,185.0076169,185.6910194,13.5,0,Khowai,10,FALSE,6.47,0.647,0,5
Tripura,0,0,2.022047698,17.3,0,Gomti,12,FALSE,8.72,0.727,1,6
Arunachal Pradesh,13.675589,13.67558861,41.0431571,33.6,2,Brahmaputra (Dibrugarh gauge),105.7,TRUE,47.67,0.451,1,4
Meghalaya,260.98093,304.9863192,353.6237412,21.6,0,Brahmaputra (Goalpara gauge),36.27,TRUE,38.59,1.064,1,6
Sikkim,2.8026538,19.47833499,87.34485731,33.4,1,Teesta,15,FALSE,3.68,0.245,0,5
Tripura,60.88446,130.2620697,186.5755839,13.3,2,Khowai,10,FALSE,5.83,0.583,0,5
Arunachal Pradesh,0.5321982,10.73651624,20.01526785,33.2,2,Brahmaputra (Dibrugarh gauge),105.7,TRUE,56.13,0.531,1,9
Sikkim,22.212727,182.5483932,442.238409,25.7,0,Teesta,15,FALSE,14.92,0.995,0,6
Mizoram,1.1106056,13.53620398,27.36046278,22.2,1,Tlawng,9,FALSE,4.83,0.537,0,8
Meghalaya,0,0,1.632170439,15.9,1,Brahmaputra (Dhubri gauge),28.62,TRUE,11.33,0.396,0,4
Mizoram,133.15086,230.0842934,344.8868449,17.7,1,Tlawng,9,FALSE,8.13,0.903,1,5
Nagaland,26.150719,32.93234253,34.82682091,20.1,1,Dhansiri,40,FALSE,33.64,0.841,0,5
Meghalaya,81.41064,241.8180952,367.0448411,21.6,0,Brahmaputra (Goalpara gauge),36.27,TRUE,39.24,1.082,1,7
Mizoram,0,0,0,25,1,Tlawng,9,FALSE,3.24,0.36,0,12
Sikkim,11.292479,32.8160615,94.63487196,28.8,0,Teesta,15,FALSE,14.91,0.994,1,8
Mizoram,0,0,0,19.7,0,Barak,20.5,FALSE,7.07,0.345,0,11
Arunachal Pradesh,0,1.718863606,17.0216447,28.5,1,Brahmaputra (Dibrugarh gauge),105.7,TRUE,72.19,0.683,0,9
Mizoram,0.808798,0.808798015,28.56446984,23.3,0,Tlawng,9,FALSE,4.6,0.511,1,10
Tripura,18.19697,64.18165588,183.8059999,12.6,1,Gomti,12,FALSE,9.92,0.827,1,6
Assam,0,0,0,3.9,0,Brahmaputra (Guwahati gauge),49.68,TRUE,16.34,0.329,1,12
Meghalaya,48.01182,213.250926,286.4644194,15.7,1,Brahmaputra (Dhubri gauge),28.62,TRUE,26.24,0.917,1,6
Meghalaya,4.6663256,11.63427043,40.01509404,18.9,0,Brahmaputra (Guwahati gauge),49.68,TRUE,16.3,0.328,0,5
Arunachal Pradesh,12.114459,42.41463786,65.66183835,25.4,0,Brahmaputra (Dibrugarh gauge),105.7,TRUE,53.06,0.502,0,4
Assam,1.1083559,5.997815013,52.11754143,5.1,1,Kopili,30,FALSE,15.3,0.51,1,9
Assam,58.793293,73.05089962,88.74996309,5.4,0,Manas,33,FALSE,15.77,0.478,1,8
Manipur,12.710737,18.2734524,71.31632197,17.5,1,Imphal River,8,FALSE,7.87,0.984,0,7
Assam,2.88598,52.85471463,90.37360819,6.7,1,Brahmaputra (Dibrugarh gauge),105.7,TRUE,68.6,0.649,1,7
Manipur,23.753616,37.07797241,46.07854903,14.6,2,Imphal River,8,FALSE,7.92,0.99,1,7
Meghalaya,117.56451,317.0654755,352.8822803,23.5,1,Barak,20.5,FALSE,22.94,1.119,1,6
Assam,60.35745,67.36892796,304.0508699,6.4,0,Brahmaputra (Dhubri gauge),28.62,TRUE,29.14,1.018,0,7
Arunachal Pradesh,57.910034,65.13629577,235.8098187,27.8,0,Brahmaputra (Dibrugarh gauge),105.7,TRUE,85.83,0.812,0,7
Assam,85.793396,197.3990707,283.0869203,6.3,0,Brahmaputra (Goalpara gauge),36.27,TRUE,36.49,1.006,0,6
Tripura,0,0,0.363786489,13.5,0,Gomti,12,FALSE,5.22,0.435,1,2
Mizoram,3.7839532,22.11811495,66.91472888,23,2,Khowai,10,FALSE,8.61,0.861,1,8
Nagaland,0.42237586,7.894357979,68.13541013,20.1,1,Dhansiri,40,FALSE,39.96,0.999,1,8
Mizoram,0,0,0,27,2,Tlawng,9,FALSE,4.85,0.539,1,2
Nagaland,0.98243374,22.8074798,68.06744832,17.5,2,Dhansiri,40,FALSE,32,0.8,0,8
Arunachal Pradesh,68.55644,98.08276176,139.7768908,9.4,0,Dikrong,14,FALSE,9.06,0.647,1,8
Arunachal Pradesh,68.12041,131.0670471,156.1016507,30.5,1,Brahmaputra (Dibrugarh gauge),105.7,TRUE,48.83,0.462,1,10
Mizoram,3.0943005,58.15505719,78.11858773,20.7,0,Tlawng,9,FALSE,10.04,1.116,1,9
Sikkim,4.254159,62.87071133,147.6917868,31.9,1,Teesta,15,FALSE,10.4,0.693,0,8
Arunachal Pradesh,3.3788843,10.83773565,31.65147686,31.3,0,Brahmaputra (Dibrugarh gauge),105.7,TRUE,47.88,0.453,1,4
Arunachal Pradesh,54.61722,141.4905567,253.7533625,29.3,2,Brahmaputra (Dibrugarh gauge),105.7,TRUE,103.59,0.98,1,6
Tripura,2.2125876,39.99507833,85.45544505,16.3,0,Gomti,12,FALSE,5.59,0.466,0,10
Arunachal Pradesh,9.741605,24.43468589,26.69467044,19.3,0,Dikrong,14,FALSE,6.57,0.469,1,4
Arunachal Pradesh,0,8.456211805,13.36057857,28.6,1,Brahmaputra (Dibrugarh gauge),105.7,TRUE,88.05,0.833,1,3
Sikkim,0,0,0.783914924,28.8,0,Teesta,15,FALSE,5.48,0.365,0,2
Sikkim,0,0,2.765817642,34.9,3,Teesta,15,FALSE,7.46,0.497,0,3
Arunachal Pradesh,0,17.53777951,92.2900967,24.7,1,Brahmaputra (Dibrugarh gauge),105.7,TRUE,51.9,0.491,0,4
Assam,75.13829,104.4822875,116.3125401,1.3,0,Dikrong,14,FALSE,10.47,0.748,1,8
Tripura,0,0,0,14.5,0,Khowai,10,FALSE,4.91,0.491,0,12
Meghalaya,131.18933,247.5681915,385.6523094,22.4,0,Brahmaputra (Dhubri gauge),28.62,TRUE,28.19,0.985,1,6
Meghalaya,115.45076,266.8395023,352.6115627,18.6,2,Brahmaputra (Dhubri gauge),28.62,TRUE,25.82,0.902,1,10
Arunachal Pradesh,92.63878,112.1276917,118.1531903,31.6,1,Brahmaputra (Dibrugarh gauge),105.7,TRUE,61.2,0.579,0,6
Assam,62.83901,66.31500244,66.31500244,7.2,0,Subansiri,42,FALSE,16.72,0.398,0,3
Sikkim,23.358246,29.22105742,36.30384207,31.5,1,Teesta,15,FALSE,7.24,0.483,1,5
Arunachal Pradesh,53.248577,170.4093704,200.5955603,29.4,1,Brahmaputra (Dibrugarh gauge),105.7,TRUE,63,0.596,1,4
Sikkim,0.18994609,11.34110776,59.24506083,23.3,0,Teesta,15,FALSE,10.05,0.67,1,4
Arunachal Pradesh,13.723309,33.41053748,38.75565642,34,0,Brahmaputra (Dibrugarh gauge),105.7,TRUE,58.03,0.549,0,11
Mizoram,67.88804,192.1538963,243.9798386,23.3,0,Tlawng,9,FALSE,9.01,1.001,0,8
Arunachal Pradesh,109.479774,376.3877487,465.1408975,27.2,0,Brahmaputra (Dibrugarh gauge),105.7,TRUE,115.95,1.097,1,7
Nagaland,0,0,1.721228361,19.3,0,Doyang,18,FALSE,16.99,0.944,1,1
Assam,117.64253,239.2094612,414.7722301,9.2,1,Manas,33,FALSE,39.5,1.197,0,6
Meghalaya,4.1956124,4.195612431,4.195612431,21.3,1,Brahmaputra (Goalpara gauge),36.27,TRUE,12.37,0.341,0,12
Tripura,2.451613,25.41290325,51.18573546,14.5,0,Khowai,10,FALSE,6.22,0.622,0,7
Nagaland,31.78035,60.80780792,162.3721547,15.7,1,Doyang,18,FALSE,15.03,0.835,0,9
Arunachal Pradesh,0,0.501387119,6.047028422,20.7,1,Subansiri,42,FALSE,23.23,0.553,1,7
Assam,4.05918,4.059179783,5.080731273,3.4,0,Dikrong,14,FALSE,4.87,0.348,0,3
Assam,5.6248074,21.90468553,40.8677254,3.1,0,Dikrong,14,FALSE,13.37,0.955,0,8
Arunachal Pradesh,0.3,2.899999917,154.1999896,35.6,1,Brahmaputra (Dibrugarh gauge),105.7,TRUE,94.71,0.896,1,8
Sikkim,6.036883,21.48326182,269.4256928,33.6,1,Teesta,15,FALSE,13.16,0.877,1,7
Arunachal Pradesh,31.849747,148.8847923,225.7397871,33.6,0,Brahmaputra (Dibrugarh gauge),105.7,TRUE,84.77,0.802,0,8
Meghalaya,0,105.1860771,140.9792933,24.2,0,Brahmaputra (Goalpara gauge),36.27,TRUE,26.11,0.72,1,6
Arunachal Pradesh,135.38322,189.4708862,202.7534132,19.6,3,Subansiri,42,FALSE,28.48,0.678,1,5
Meghalaya,0.8416383,15.93559289,48.31083918,19.1,1,Barak,20.5,FALSE,8.84,0.431,1,7
Sikkim,77.271416,132.473587,178.5682163,31.5,1,Teesta,15,FALSE,11.46,0.764,1,6
Arunachal Pradesh,16.370546,45.61038733,119.4634719,19.1,3,Brahmaputra (Dibrugarh gauge),105.7,TRUE,86.15,0.815,1,7
Meghalaya,8.751404,32.08109713,171.7221351,19.7,1,Brahmaputra (Goalpara gauge),36.27,TRUE,29.6,0.816,0,8
Meghalaya,52.97625,125.6217308,174.6703517,14.7,0,Brahmaputra (Dhubri gauge),28.62,TRUE,20.41,0.713,1,7
Mizoram,13.687822,21.43598175,58.3041544,23.6,0,Tlawng,9,FALSE,7.9,0.878,1,9
Arunachal Pradesh,38.23666,127.9787521,234.2792807,30.3,1,Brahmaputra (Dibrugarh gauge),105.7,TRUE,84.88,0.803,1,5
Arunachal Pradesh,0.7642014,35.80561376,49.6172494,17.6,1,Subansiri,42,FALSE,26.29,0.626,1,9
Sikkim,110.85436,224.4222984,246.5158747,33.4,1,Teesta,15,FALSE,14.34,0.956,1,9
Tripura,54.345795,196.0876541,367.8005438,14.5,0,Khowai,10,FALSE,10.46,1.046,1,6
Assam,0.45102158,1.130557388,17.02525648,6,0,Brahmaputra (Dibrugarh gauge),105.7,TRUE,47.67,0.451,1,2
Nagaland,0.8777362,3.55005002,42.57509792,11.2,0,Doyang,18,FALSE,9.81,0.545,0,8
Arunachal Pradesh,0,58.97682703,193.084886,30.3,0,Brahmaputra (Dibrugarh gauge),105.7,TRUE,94.28,0.892,0,7
Arunachal Pradesh,41.759483,217.6530762,427.9775848,26.3,0,Brahmaputra (Dibrugarh gauge),105.7,TRUE,117.12,1.108,0,7
Tripura,71.33676,98.7335763,121.6537639,17.2,1,Khowai,10,FALSE,5.73,0.573,1,9
Sikkim,0,0,2.081337452,25.7,0,Teesta,15,FALSE,5.43,0.362,1,11
Sikkim,84.02101,126.9861965,220.2824841,29.8,2,Teesta,15,FALSE,12.22,0.815,1,8
Arunachal Pradesh,0.69661176,2.435262799,15.44569886,22.7,0,Brahmaputra (Dibrugarh gauge),105.7,TRUE,59.3,0.561,1,8
Arunachal Pradesh,0,0,20.69583845,9.4,0,Dikrong,14,FALSE,11.24,0.803,1,11
Nagaland,29.860775,30.46063209,103.8045917,15.7,1,Doyang,18,FALSE,8.17,0.454,0,10
Nagaland,1.9235134,68.03902483,165.5421388,14.2,1,Doyang,18,FALSE,17.84,0.991,1,8
Sikkim,79.50292,98.11383963,109.7857242,34.9,3,Teesta,15,FALSE,7.78,0.519,1,10
Meghalaya,0,6.689066648,32.64501661,23,2,Brahmaputra (Guwahati gauge),49.68,TRUE,25.39,0.511,0,5
Manipur,84.58071,204.1464157,216.3868243,8.4,2,Imphal River,8,FALSE,5.56,0.695,1,5
Arunachal Pradesh,13.020325,26.01611018,34.25171125,17.4,0,Manas,33,FALSE,28.58,0.866,1,7
Tripura,0,0,0,12.8,1,Tlawng,9,FALSE,2.3,0.256,1,1
Meghalaya,30.733788,58.33336163,251.5957146,27.5,3,Brahmaputra (Guwahati gauge),49.68,TRUE,45.85,0.923,0,7
Sikkim,0,25.51178551,249.508458,33.6,1,Teesta,15,FALSE,12.4,0.827,1,10
Manipur,0,0,57.19776106,20.6,2,Barak,20.5,FALSE,19,0.927,0,2
Manipur,50.87746,59.44799781,110.6221364,8.4,2,Imphal River,8,FALSE,3.56,0.445,0,5
Sikkim,0,0,12.07577515,24.1,0,Teesta,15,FALSE,6.06,0.404,1,12
Nagaland,33.163116,151.8440113,239.8962765,10.6,0,Brahmaputra (Neamatighat gauge),85.05,TRUE,77.4,0.91,0,8
Meghalaya,41.16673,175.9135761,744.5851135,20.2,0,Brahmaputra (Guwahati gauge),49.68,TRUE,56.68,1.141,0,6
Meghalaya,6.3619113,28.59440756,755.8871894,19.7,0,Brahmaputra (Goalpara gauge),36.27,TRUE,43.92,1.211,1,6
Arunachal Pradesh,0,0,2.800905645,27.4,0,Brahmaputra (Dibrugarh gauge),105.7,TRUE,64.79,0.613,0,7
Manipur,0,0,45.98079777,20.7,2,Barak,20.5,FALSE,12.59,0.614,1,11
Manipur,0,0,0,13.5,0,Doyang,18,FALSE,4.03,0.224,0,12
Arunachal Pradesh,61.202023,86.6948185,192.9625664,34,0,Brahmaputra (Dibrugarh gauge),105.7,TRUE,93.23,0.882,1,6
Manipur,0,0,6.182802975,6.7,0,Doyang,18,FALSE,10.15,0.564,1,10
Arunachal Pradesh,15.229424,26.0961895,41.0662756,26.2,0,Brahmaputra (Dibrugarh gauge),105.7,TRUE,102.11,0.966,1,9
Assam,0,0,0,4.6,0,Brahmaputra (Goalpara gauge),36.27,TRUE,13.13,0.362,0,12
Arunachal Pradesh,12.877432,23.05457163,62.38403296,18.1,0,Subansiri,42,FALSE,27.93,0.665,0,7
Sikkim,67.11778,113.6887064,278.7163858,25.7,0,Teesta,15,FALSE,15.08,1.005,1,7
Assam,61.08534,71.83752537,80.73819673,5.9,0,Brahmaputra (Dhubri gauge),28.62,TRUE,15.97,0.558,1,9
Mizoram,11.531754,12.87042537,36.70396581,25.9,0,Barak,20.5,FALSE,20.93,1.021,1,6
Meghalaya,161.18636,298.7580004,304.6978178,18.9,0,Brahmaputra (Guwahati gauge),49.68,TRUE,46.1,0.928,1,7
Manipur,0,0,27.40611124,12.6,1,Imphal River,8,FALSE,6.3,0.788,1,9
Assam,3.9413214,4.206262708,4.206262708,8.3,0,Brahmaputra (Dibrugarh gauge),105.7,TRUE,37.52,0.355,1,1
Arunachal Pradesh,0,0,9.921619415,18,0,Dikrong,14,FALSE,6.05,0.432,1,2
Meghalaya,4.9549065,38.4533844,182.422204,16,0,Brahmaputra (Goalpara gauge),36.27,TRUE,35.29,0.973,0,7
Assam,0.2934815,3.540789992,9.706164986,11.2,0,Brahmaputra (Dhubri gauge),28.62,TRUE,13.37,0.467,1,7
Tripura,135.62968,262.0442333,309.9175544,17.2,0,Gomti,12,FALSE,12.6,1.05,1,6
Sikkim,86.80894,240.5141525,294.9669871,29.7,3,Teesta,15,FALSE,14.31,0.954,1,6
Meghalaya,0,0,1.889937997,17.5,0,Brahmaputra (Dhubri gauge),28.62,TRUE,8.16,0.285,1,4
Assam,147.09822,158.1006477,241.80078,8.3,0,Brahmaputra (Goalpara gauge),36.27,TRUE,27.93,0.77,1,8
Manipur,0.942046,3.18311888,4.974313498,14.1,0,Imphal River,8,FALSE,6.84,0.855,1,5
Arunachal Pradesh,130.29526,448.8977661,569.7743101,23.1,1,Brahmaputra (Dibrugarh gauge),105.7,TRUE,134.56,1.273,1,7
Arunachal Pradesh,11.996769,44.51910162,61.39381945,33.2,2,Brahmaputra (Dibrugarh gauge),105.7,TRUE,103.8,0.982,1,10
Arunachal Pradesh,0,0,0,17.4,0,Manas,33,FALSE,12.77,0.387,1,11
Meghalaya,14.273146,89.15600014,437.8897457,18.6,2,Brahmaputra (Dhubri gauge),28.62,TRUE,25.84,0.903,1,6
Sikkim,88.97714,189.6007824,280.2563152,25.5,2,Teesta,15,FALSE,14.37,0.958,1,6
Meghalaya,64.83404,282.3716164,395.2777843,17.3,0,Brahmaputra (Goalpara gauge),36.27,TRUE,39.97,1.102,0,6
Meghalaya,15.041901,153.0859928,384.1021347,15.7,1,Brahmaputra (Dhubri gauge),28.62,TRUE,28.48,0.995,1,6
Nagaland,19.08864,60.7548449,77.31269693,13.7,0,Dhansiri,40,FALSE,39.84,0.996,1,7
Sikkim,0.8492411,2.907017767,2.907017767,28.8,0,Teesta,15,FALSE,6.44,0.429,0,1
Nagaland,72.26277,164.8477173,300.087678,16.9,0,Dikrong,14,FALSE,14.03,1.002,1,7
Assam,118.99585,155.4810014,167.0912575,4.3,0,Brahmaputra (Tezpur gauge),65.23,TRUE,35.16,0.539,0,5
Manipur,79.47379,92.57590103,126.293561,19.6,0,Imphal River,8,FALSE,6.19,0.774,0,8
Meghalaya,0,0,0,19.6,1,Brahmaputra (Goalpara gauge),36.27,TRUE,13.2,0.364,0,2
Arunachal Pradesh,105.28402,246.6596107,393.2664146,26.1,0,Brahmaputra (Dibrugarh gauge),105.7,TRUE,120.82,1.143,1,6
Assam,59.007137,158.5865159,224.8378509,4.3,0,Brahmaputra (Tezpur gauge),65.23,TRUE,52.77,0.809,0,6
Manipur,5.783865,29.64171576,67.28025341,13.5,0,Doyang,18,FALSE,15.28,0.849,0,6
Tripura,0,13.09233665,13.09233665,12.8,1,Tlawng,9,FALSE,2.92,0.324,1,5
Assam,17.096376,47.81861544,50.36958599,6.5,0,Brahmaputra (Tezpur gauge),65.23,TRUE,27.79,0.426,0,6
Assam,62.604748,250.1347084,331.147543,5.9,2,Subansiri,42,FALSE,39.9,0.95,0,7
Meghalaya,13.391427,110.1038561,244.4153953,24.9,0,Brahmaputra (Guwahati gauge),49.68,TRUE,40.89,0.823,0,7
Arunachal Pradesh,11.589017,17.28436244,29.08639324,31.3,0,Brahmaputra (Dibrugarh gauge),105.7,TRUE,53.8,0.509,0,8
Sikkim,0.80616045,15.93340731,81.18022919,29.8,2,Teesta,15,FALSE,13.68,0.912,1,5
Sikkim,133.04774,246.4747658,265.9492903,25.7,0,Teesta,15,FALSE,14.82,0.988,1,9
Manipur,0.19657466,7.378866956,12.58522831,15.3,0,Imphal River,8,FALSE,2.44,0.305,1,10
Mizoram,0.33526927,7.383797467,23.36046827,23.1,2,Khowai,10,FALSE,4.37,0.437,0,3
Mizoram,0,12.02270961,38.50525069,20.2,1,Tlawng,9,FALSE,4.3,0.478,1,8
Meghalaya,56.498325,139.6582909,209.1225767,24.2,0,Brahmaputra (Goalpara gauge),36.27,TRUE,39.75,1.096,1,8
Assam,0,0,2.179895639,10.2,0,Manas,33,FALSE,16.3,0.494,0,2
Arunachal Pradesh,4.259036,75.28260899,90.16819,25.3,0,Brahmaputra (Dibrugarh gauge),105.7,TRUE,88.47,0.837,1,6
Assam,0,0,0,5.4,1,Brahmaputra (Guwahati gauge),49.68,TRUE,36.76,0.74,0,1
Assam,51.631798,128.4438648,148.7675786,5.4,0,Manas,33,FALSE,23.66,0.717,0,6
Arunachal Pradesh,51.155167,55.42818308,136.4065814,32.5,1,Brahmaputra (Dibrugarh gauge),105.7,TRUE,72.62,0.687,1,8
Sikkim,20.23738,47.0039587,110.913784,29.8,2,Teesta,15,FALSE,12.19,0.813,1,5
Assam,9.7788725,22.76106167,50.96886814,3.1,0,Dikrong,14,FALSE,15.64,1.117,0,7
Assam,0,0,20.85706186,5.5,0,Kopili,30,FALSE,13.32,0.444,1,10
Mizoram,19.900257,35.88569641,99.74187732,25,0,Tlawng,9,FALSE,10.95,1.217,1,9
Mizoram,0,0,0,24,1,Tlawng,9,FALSE,4.61,0.512,0,2
Meghalaya,184.16826,537.1043701,711.4246349,21.6,0,Brahmaputra (Goalpara gauge),36.27,TRUE,39.79,1.097,1,10
Assam,141.56802,374.5969772,774.0845909,6.4,0,Brahmaputra (Dhubri gauge),28.62,TRUE,35.83,1.252,0,6
Tripura,15.072524,70.91394711,179.8915645,14.2,0,Khowai,10,FALSE,6.05,0.605,1,5
Meghalaya,60.949493,77.31402779,97.03076017,21.3,1,Brahmaputra (Goalpara gauge),36.27,TRUE,23.25,0.641,0,8
Nagaland,1.7079332,70.73167968,148.491327,13,1,Doyang,18,FALSE,18.11,1.006,0,8
Sikkim,19.947428,33.69351423,87.85130012,32.4,0,Teesta,15,FALSE,8.44,0.563,0,7
Assam,0,0,2.179895639,10.2,0,Manas,33,FALSE,15.51,0.47,0,2
Manipur,73.12349,101.6852973,105.5170003,20.7,2,Barak,20.5,FALSE,14.76,0.72,1,9
Tripura,0,107.6177464,107.6177464,20.2,1,Gomti,12,FALSE,9.24,0.77,1,11
Mizoram,6.9392056,28.78193045,84.62476397,23.1,2,Khowai,10,FALSE,7.34,0.734,1,8
Assam,86.1135,134.0294557,150.9100144,9.1,1,Khowai,10,FALSE,8.16,0.816,1,9
Nagaland,53.93832,95.12290192,182.7227449,15.4,0,Brahmaputra (Dibrugarh gauge),105.7,TRUE,108.98,1.031,1,6
Manipur,0,0,0,15.3,0,Imphal River,8,FALSE,6.86,0.858,1,10
Meghalaya,118.88317,159.1078005,214.7774219,16.4,0,Brahmaputra (Dhubri gauge),28.62,TRUE,20.18,0.705,1,10
Tripura,13.862435,49.33822966,284.2809653,14.9,0,Gomti,12,FALSE,10.01,0.834,0,7
Manipur,6.384649,24.76637745,87.82336891,19.8,0,Doyang,18,FALSE,17.15,0.953,1,6
Arunachal Pradesh,5.26589,22.5731442,136.7182114,28.8,1,Brahmaputra (Dibrugarh gauge),105.7,TRUE,80.54,0.762,0,6
Manipur,0.2572636,39.71641582,40.23023242,6.7,0,Doyang,18,FALSE,6.79,0.377,0,12
Assam,0,0,0,7.9,0,Brahmaputra (Guwahati gauge),49.68,TRUE,18.03,0.363,0,1
Meghalaya,35.16141,51.24437642,67.01928759,18.8,0,Brahmaputra (Guwahati gauge),49.68,TRUE,47.54,0.957,1,8
Arunachal Pradesh,59.5255,121.420969,197.5975437,20.7,2,Subansiri,42,FALSE,23.9,0.569,1,6
Manipur,1.0232286,1.023228645,12.34560084,9.1,1,Doyang,18,FALSE,5.96,0.331,1,3
Arunachal Pradesh,84.23363,136.3201914,152.3023162,17.1,2,Brahmaputra (Tezpur gauge),65.23,TRUE,44.88,0.688,1,5
Sikkim,9.2649355,28.31334829,145.2177539,29.8,2,Teesta,15,FALSE,14.82,0.988,1,8
Tripura,0,0,0,15.2,0,Tlawng,9,FALSE,3.61,0.401,0,1
Manipur,0.44370967,0.443709671,0.443709671,8.4,2,Imphal River,8,FALSE,2.77,0.346,1,4
Meghalaya,51.099724,104.7725277,104.7725277,22.7,1,Barak,20.5,FALSE,11.05,0.539,0,6
Meghalaya,12.440019,255.8426447,290.9572039,19.7,0,Brahmaputra (Goalpara gauge),36.27,TRUE,32.21,0.888,1,7
Meghalaya,58.37496,293.0835171,360.8322449,18.6,2,Brahmaputra (Dhubri gauge),28.62,TRUE,24.81,0.867,1,5
Tripura,59.117825,215.8307991,304.6701155,14.8,2,Khowai,10,FALSE,8.81,0.881,1,6
Manipur,0,1.692016542,42.31849185,8.4,2,Imphal River,8,FALSE,2.95,0.369,0,5
Assam,0,3.361671686,552.7958682,10.2,0,Manas,33,FALSE,36.83,1.116,0,6
Arunachal Pradesh,0,1.224712849,11.12593842,18.6,0,Brahmaputra (Dibrugarh gauge),105.7,TRUE,84.77,0.802,0,3
Arunachal Pradesh,6.596353,57.7501483,57.7501483,31.1,1,Brahmaputra (Dibrugarh gauge),105.7,TRUE,70.29,0.665,1,7
Manipur,7.2556157,8.504813552,40.45077956,6.7,0,Doyang,18,FALSE,16.78,0.932,0,9
Sikkim,2.1666088,29.57690144,89.20022213,34.2,1,Teesta,15,FALSE,14.3,0.953,1,7
Arunachal Pradesh,106.17608,399.7265015,506.1880201,28,1,Brahmaputra (Dibrugarh gauge),105.7,TRUE,119.12,1.127,1,7
Arunachal Pradesh,40.567024,52.52727818,471.7192948,27.2,0,Brahmaputra (Dibrugarh gauge),105.7,TRUE,120.92,1.144,0,7
Sikkim,0.42771578,1.659269199,19.72512305,28,1,Teesta,15,FALSE,7.36,0.491,1,9
Tripura,55.255955,89.78091717,136.209954,20.2,1,Gomti,12,FALSE,6.74,0.562,0,7
Manipur,0,0,0,19.6,1,Barak,20.5,FALSE,9.14,0.446,1,11
Nagaland,0,0.803049743,19.0810222,20.5,0,Kopili,30,FALSE,11.64,0.388,1,4
Tripura,75.34899,75.90376598,132.600775,15.2,0,Tlawng,9,FALSE,7.14,0.793,0,6
Arunachal Pradesh,0,0,0,14.7,0,Dikrong,14,FALSE,7.66,0.547,1,12
Mizoram,1.0588384,43.33348513,375.7037156,25.9,0,Barak,20.5,FALSE,26.65,1.3,0,6
Assam,41.50979,109.8182631,140.7112053,6.7,1,Brahmaputra (Dhubri gauge),28.62,TRUE,27.53,0.962,1,6
Assam,1.0901383,12.30827892,408.236986,3.2,1,Manas,33,FALSE,31.09,0.942,0,6
Nagaland,6.3229046,53.37369347,66.93654293,21.7,0,Dhansiri,40,FALSE,23.72,0.593,1,6
Arunachal Pradesh,19.743065,71.9379406,74.74504113,17.4,1,Dikrong,14,FALSE,6.09,0.435,0,6
Mizoram,84.7968,203.4549179,244.628022,22.9,0,Barak,20.5,FALSE,15.72,0.767,1,6
Sikkim,35.059654,93.61987495,170.6743999,24.1,0,Teesta,15,FALSE,12.52,0.835,1,7
Assam,57.0703,57.07030106,62.16705227,4.7,0,Subansiri,42,FALSE,16.25,0.387,1,5
Arunachal Pradesh,0,1.602923274,1.602923274,31.6,1,Brahmaputra (Dibrugarh gauge),105.7,TRUE,69.44,0.657,0,11
Sikkim,52.323193,79.4911232,165.5192571,25.5,2,Teesta,15,FALSE,10.04,0.669,1,8
Sikkim,39.77665,88.29259586,139.3530402,34.9,3,Teesta,15,FALSE,9.98,0.665,1,8
Assam,0,9.956835389,107.0679145,7.1,1,Brahmaputra (Dibrugarh gauge),105.7,TRUE,54.75,0.518,0,8
Mizoram,57.518505,89.81504369,186.5671619,21.6,1,Tlawng,9,FALSE,6,0.667,1,5
Nagaland,0,0,0.414611787,20.5,0,Kopili,30,FALSE,24.72,0.824,1,10
Arunachal Pradesh,0,0,4.544056416,30.5,1,Brahmaputra (Dibrugarh gauge),105.7,TRUE,44.71,0.423,1,1
Manipur,0,0,0,14.2,0,Imphal River,8,FALSE,3.6,0.45,1,3
Arunachal Pradesh,0,0,0,35.3,0,Brahmaputra (Dibrugarh gauge),105.7,TRUE,98.94,0.936,1,9
Tripura,0.259518,55.60638842,76.70559773,17.2,0,Gomti,12,FALSE,5.2,0.433,0,10
Arunachal Pradesh,78.50839,179.6372681,289.7299304,19.3,0,Dikrong,14,FALSE,12.35,0.882,1,6
Assam,3.157828,13.59473348,45.94374776,4.8,3,Brahmaputra (Dibrugarh gauge),105.7,TRUE,76.53,0.724,1,7
Arunachal Pradesh,6.419018,26.08621216,27.70554173,9.4,0,Dikrong,14,FALSE,9.39,0.671,0,11
Manipur,4.975627,5.178817064,22.68373874,20.6,2,Barak,20.5,FALSE,16.46,0.803,1,9
Meghalaya,115.047554,293.5795135,420.0894637,21.3,1,Brahmaputra (Goalpara gauge),36.27,TRUE,42.58,1.174,1,6
Arunachal Pradesh,27.506731,93.21534538,122.6468133,26.3,0,Brahmaputra (Dibrugarh gauge),105.7,TRUE,76.1,0.72,1,7
Nagaland,83.18374,83.9054445,91.51404542,16.6,1,Brahmaputra (Dibrugarh gauge),105.7,TRUE,68.6,0.649,1,9
Meghalaya,0,0,1.580194235,20.7,1,Barak,20.5,FALSE,12.12,0.591,1,2
Arunachal Pradesh,93.6,114.1999975,117.0999975,35.6,1,Brahmaputra (Dibrugarh gauge),105.7,TRUE,84.35,0.798,1,8
Tripura,120.63803,201.2959194,208.299821,14.8,2,Khowai,10,FALSE,6.29,0.629,0,5
Sikkim,19.858856,39.67588997,58.14518067,23.3,0,Teesta,15,FALSE,6.5,0.433,0,2
Sikkim,0,0,11.01523352,25.7,0,Teesta,15,FALSE,4.32,0.288,0,3
Assam,0,0,3.03982076,2,0,Dikrong,14,FALSE,7.73,0.552,0,4
Manipur,0,0,0,20.7,2,Barak,20.5,FALSE,7.01,0.342,0,1
Arunachal Pradesh,0,0.981665313,2.339687899,17.4,1,Dikrong,14,FALSE,5.24,0.374,1,10
Arunachal Pradesh,1.1440934,25.11323115,52.938526,17.4,1,Dikrong,14,FALSE,8.27,0.591,0,7
Manipur,5.2793536,9.822416246,65.28564638,20.6,2,Barak,20.5,FALSE,9.27,0.452,0,8
Arunachal Pradesh,9.76357,34.37478805,38.21867919,23.2,0,Subansiri,42,FALSE,20.62,0.491,0,7
Meghalaya,92.33332,124.9808029,191.8892603,19.7,0,Brahmaputra (Goalpara gauge),36.27,TRUE,29.56,0.815,1,7
Meghalaya,120.40069,175.6812344,185.6635349,19.7,1,Brahmaputra (Goalpara gauge),36.27,TRUE,22.12,0.61,1,5
Manipur,0,0,14.77986526,9.7,0,Doyang,18,FALSE,9.13,0.507,0,11
Manipur,0,0,0,23.5,0,Barak,20.5,FALSE,10.58,0.516,0,11
Mizoram,28.259258,60.53430748,388.9656467,20.4,0,Tlawng,9,FALSE,8.94,0.993,1,6
Tripura,49.489655,107.0689812,136.8502829,13.3,2,Khowai,10,FALSE,8.59,0.859,1,6
Arunachal Pradesh,4.745184,10.03477073,38.50210974,17.5,0,Subansiri,42,FALSE,26.08,0.621,0,7
Assam,0,0,610.5578537,11.2,0,Brahmaputra (Dhubri gauge),28.62,TRUE,29.02,1.014,1,6
Mizoram,57.892113,58.37411523,125.226297,23,2,Khowai,10,FALSE,4.81,0.481,1,5
Meghalaya,33.572495,114.9242325,315.7649499,22,0,Brahmaputra (Guwahati gauge),49.68,TRUE,48.44,0.975,0,6
Arunachal Pradesh,0,0,0,19.3,0,Dikrong,14,FALSE,9.2,0.657,0,9
Tripura,66.969,100.604187,100.604187,16.1,0,Gomti,12,FALSE,5.26,0.438,1,11
Assam,0,13.21574366,25.30318788,4.3,1,Brahmaputra (Tezpur gauge),65.23,TRUE,24.53,0.376,0,3
Meghalaya,64.62379,77.84799886,102.9959294,15.7,1,Brahmaputra (Dhubri gauge),28.62,TRUE,18.77,0.656,1,7
Arunachal Pradesh,87.88058,120.0076456,205.7386036,28,1,Brahmaputra (Dibrugarh gauge),105.7,TRUE,84.77,0.802,1,7
Tripura,7.960616,26.77677679,32.90409841,14.6,0,Gomti,12,FALSE,6.58,0.548,0,4
Mizoram,20.618233,55.37276554,102.0484472,22.1,2,Tlawng,9,FALSE,9.21,1.023,1,8
Sikkim,1.0457797,9.279995441,82.82270588,29.7,3,Teesta,15,FALSE,14.94,0.996,1,9
Sikkim,28.172766,59.30123425,183.6544275,31,1,Teesta,15,FALSE,12.12,0.808,0,7
Nagaland,0,6.303505421,58.98831114,16.7,3,Dhansiri,40,FALSE,19.28,0.482,1,8
Meghalaya,66.9115,101.559889,196.8074633,20.6,0,Brahmaputra (Dhubri gauge),28.62,TRUE,21.89,0.765,0,7
Assam,73.1559,220.2622681,272.8715584,6.7,0,Brahmaputra (Dhubri gauge),28.62,TRUE,27.39,0.957,0,6
Meghalaya,1.1592433,5.134872496,16.86081961,19.2,1,Kopili,30,FALSE,18.15,0.605,1,8
Mizoram,62.155075,65.58323193,65.58323193,24,1,Tlawng,9,FALSE,5.27,0.586,1,12
Assam,0.6565189,1.15012908,2.682417035,3,0,Dikrong,14,FALSE,4.44,0.317,0,4
Arunachal Pradesh,0,0,26.41597366,24.8,0,Brahmaputra (Dibrugarh gauge),105.7,TRUE,44.5,0.421,1,1
Assam,51.09958,68.40002219,68.40002219,3.2,1,Manas,33,FALSE,18.35,0.556,1,9
Arunachal Pradesh,0.8292078,60.98120058,192.5235935,28,1,Brahmaputra (Dibrugarh gauge),105.7,TRUE,108.66,1.028,1,6
Meghalaya,6.2078824,22.29813051,47.36030436,20.9,2,Barak,20.5,FALSE,9.55,0.466,0,8
Mizoram,4.5152106,20.74044037,49.86960983,17.7,1,Tlawng,9,FALSE,6.23,0.692,1,9
Nagaland,62.73623,107.9161797,214.6748115,16.4,0,Doyang,18,FALSE,16.47,0.915,1,8
Arunachal Pradesh,14.985221,56.02496052,115.2719164,16.9,2,Dikrong,14,FALSE,7.83,0.559,0,7
Nagaland,65.852585,74.22206712,91.68491769,11.2,0,Doyang,18,FALSE,7.54,0.419,0,4
Manipur,0,3.043221474,19.53143799,9.7,0,Doyang,18,FALSE,6.8,0.378,0,10
Meghalaya,0,0,0,25,1,Brahmaputra (Guwahati gauge),49.68,TRUE,19.13,0.385,1,1
Assam,3.1099494,26.9318192,32.08224845,1.9,0,Dikrong,14,FALSE,13.34,0.953,0,7
Meghalaya,102.440346,159.0168972,183.4209871,20.6,0,Brahmaputra (Dhubri gauge),28.62,TRUE,27.96,0.977,1,7
Assam,63.18762,278.1191521,822.0065346,11.2,0,Brahmaputra (Dhubri gauge),28.62,TRUE,31.4,1.097,1,6
Meghalaya,0.16771634,9.911171272,68.58487828,22.7,1,Barak,20.5,FALSE,20.83,1.016,1,7
Arunachal Pradesh,0,3.601785421,8.296600133,30.3,0,Brahmaputra (Dibrugarh gauge),105.7,TRUE,59.61,0.564,0,8
Assam,92.6556,93.76617992,96.52298757,7.2,0,Subansiri,42,FALSE,21.63,0.515,1,5
Meghalaya,173.78058,190.8404579,201.0987866,20.9,2,Barak,20.5,FALSE,16.05,0.783,1,5
Sikkim,84.04239,174.1472073,252.5370817,25.5,2,Teesta,15,FALSE,14.13,0.942,1,9
Meghalaya,103.62572,124.8760281,268.2991823,21.6,0,Brahmaputra (Goalpara gauge),36.27,TRUE,25.82,0.712,1,5
Meghalaya,13.294059,81.67517185,409.9283667,17.5,0,Brahmaputra (Dhubri gauge),28.62,TRUE,29.39,1.027,1,6
Sikkim,67.83631,225.0948677,297.6810563,32.4,0,Teesta,15,FALSE,13.24,0.883,1,6
Manipur,38.51188,70.56067562,121.5935335,9,0,Doyang,18,FALSE,20.84,1.158,0,6
Manipur,0,0.105658941,0.105658941,20.6,2,Barak,20.5,FALSE,10.33,0.504,1,2
Manipur,14.326266,28.40884399,92.71343422,19.2,0,Tlawng,9,FALSE,6.63,0.737,0,8
Meghalaya,117.755684,574.337822,1039.019999,21.6,0,Brahmaputra (Goalpara gauge),36.27,TRUE,41.89,1.155,1,6
Meghalaya,0,0,1.328170106,18.9,0,Brahmaputra (Guwahati gauge),49.68,TRUE,17.64,0.355,1,3
Arunachal Pradesh,0,0,1.226193696,27.9,1,Brahmaputra (Dibrugarh gauge),105.7,TRUE,42.7,0.404,0,11
Manipur,1.2244925,2.88584137,37.1138885,9.7,0,Doyang,18,FALSE,11.7,0.65,1,6
Arunachal Pradesh,12.085157,51.01492882,65.38534743,23.9,0,Brahmaputra (Dibrugarh gauge),105.7,TRUE,46.72,0.442,1,7
Arunachal Pradesh,95.68449,246.2904739,460.2100525,23.9,0,Brahmaputra (Dibrugarh gauge),105.7,TRUE,105.17,0.995,1,7
Arunachal Pradesh,0,0,0,19.1,3,Brahmaputra (Dibrugarh gauge),105.7,TRUE,42.81,0.405,1,12
Assam,98.42516,100.8859117,177.6591003,4.7,2,Dikrong,14,FALSE,12.04,0.86,1,9
Assam,25.328573,45.61412466,56.34224758,5.4,0,Dikrong,14,FALSE,15.67,1.119,0,8
Assam,6.2330227,87.06157112,111.686326,6.6,1,Brahmaputra (Dibrugarh gauge),105.7,TRUE,68.7,0.65,0,7
Meghalaya,2.3441248,42.1924448,43.12420052,20.6,0,Brahmaputra (Dhubri gauge),28.62,TRUE,13.34,0.466,0,4
Assam,0,0,0,4.6,0,Brahmaputra (Goalpara gauge),36.27,TRUE,16.32,0.45,1,12
Arunachal Pradesh,0.20131063,0.201310635,0.201310635,17.4,0,Manas,33,FALSE,11.81,0.358,0,2
Tripura,1.825425,7.727208108,208.2238962,14.9,0,Gomti,12,FALSE,15.6,1.3,1,6
Meghalaya,76.91681,102.2264729,222.552166,14.7,0,Brahmaputra (Dhubri gauge),28.62,TRUE,33.46,1.169,1,6
Meghalaya,0.012919994,0.012919994,0.012919994,19.1,1,Barak,20.5,FALSE,16.58,0.809,1,2
Arunachal Pradesh,10.149669,32.31937151,259.1329277,31.1,1,Brahmaputra (Dibrugarh gauge),105.7,TRUE,94.71,0.896,1,8
Sikkim,52.011795,98.90059662,235.0839577,25.7,0,Teesta,15,FALSE,12.18,0.812,1,7
Arunachal Pradesh,13.194695,47.35026264,49.47279797,29.3,2,Brahmaputra (Dibrugarh gauge),105.7,TRUE,90.06,0.852,1,5
Nagaland,0,5.055819109,5.055819109,20.5,0,Kopili,30,FALSE,7.05,0.235,1,3
Arunachal Pradesh,2.6405342,10.12050533,14.82407522,9.4,0,Dikrong,14,FALSE,5.08,0.363,0,5
Arunachal Pradesh,0,0.709939569,18.18564205,28.4,0,Brahmaputra (Dibrugarh gauge),105.7,TRUE,124.62,1.179,1,6
Meghalaya,5.9989734,21.99605393,40.08086377,18.8,0,Brahmaputra (Guwahati gauge),49.68,TRUE,47.74,0.961,1,8
Assam,0,0,0,7,1,Brahmaputra (Dhubri gauge),28.62,TRUE,12.16,0.425,0,11
Manipur,0.10397145,1.510944694,11.61936167,16,0,Imphal River,8,FALSE,3.18,0.397,1,11
Arunachal Pradesh,0,0,0,28.4,0,Brahmaputra (Dibrugarh gauge),105.7,TRUE,54.96,0.52,1,12
Mizoram,29.507618,44.45382023,95.92453837,23.3,0,Tlawng,9,FALSE,4.27,0.475,0,6
Nagaland,11.142782,14.90449786,16.69683802,13.7,1,Brahmaputra (Neamatighat gauge),85.05,TRUE,75.86,0.892,1,7
Meghalaya,3.845167,7.679280639,125.0423852,23.4,0,Barak,20.5,FALSE,16.81,0.82,0,7
Assam,0,0.63413173,19.84244949,8.3,1,Brahmaputra (Goalpara gauge),36.27,TRUE,12.3,0.339,0,3
Tripura,0,0,0,14.8,2,Khowai,10,FALSE,8.1,0.81,1,2
Nagaland,0,0,1.967144728,18.8,0,Brahmaputra (Dibrugarh gauge),105.7,TRUE,61.52,0.582,0,9
Meghalaya,57.262825,57.58520726,129.0089568,14.7,0,Brahmaputra (Dhubri gauge),28.62,TRUE,17.32,0.605,0,8
Nagaland,0,0,0,20.5,0,Kopili,30,FALSE,9.66,0.322,1,3
Mizoram,23.610413,212.6589851,374.6448772,25.9,0,Barak,20.5,FALSE,19.58,0.955,1,6
Arunachal Pradesh,0,0,0,9.4,0,Dikrong,14,FALSE,9.8,0.7,0,12
Nagaland,80.31425,99.43712091,291.0195813,16.9,0,Dikrong,14,FALSE,10.5,0.75,1,10
Meghalaya,14.234652,14.23465157,20.84917152,18.3,0,Brahmaputra (Dhubri gauge),28.62,TRUE,10.27,0.359,0,10
Arunachal Pradesh,93.34253,119.2814407,159.4814762,31.3,0,Brahmaputra (Dibrugarh gauge),105.7,TRUE,82.76,0.783,1,8
Nagaland,0,0,3.184512138,16.6,1,Brahmaputra (Dibrugarh gauge),105.7,TRUE,88.47,0.837,0,6
Assam,24.36894,51.93279815,267.456053,7.7,1,Brahmaputra (Dibrugarh gauge),105.7,TRUE,95.13,0.9,1,7
Meghalaya,139.64403,252.5394707,267.9040911,27.5,3,Brahmaputra (Guwahati gauge),49.68,TRUE,41.48,0.835,1,8
Mizoram,2.6471734,32.70228696,166.0130051,22.1,2,Tlawng,9,FALSE,9.99,1.11,1,7
Arunachal Pradesh,0,0,0.00146745,29,0,Brahmaputra (Dibrugarh gauge),105.7,TRUE,64.05,0.606,0,6
Manipur,0,0,0,9.1,1,Doyang,18,FALSE,6.7,0.372,0,12
Mizoram,70.38036,197.9244995,251.0699582,25,0,Tlawng,9,FALSE,6.97,0.774,0,8
Arunachal Pradesh,0,8.114321947,12.92242622,18.4,2,Subansiri,42,FALSE,14.53,0.346,0,3
Mizoram,0,3.288567334,14.38719824,22.1,2,Tlawng,9,FALSE,6.27,0.697,0,6
Nagaland,0,21.14996362,73.87938845,17.4,0,Doyang,18,FALSE,18.25,1.014,1,6
Tripura,0,0,0,14.8,2,Khowai,10,FALSE,8.08,0.808,1,12
Meghalaya,53.138454,135.25387,183.5656843,19.7,1,Brahmaputra (Goalpara gauge),36.27,TRUE,29.85,0.823,1,8
Meghalaya,38.566242,143.9784985,622.4261074,18.9,0,Brahmaputra (Guwahati gauge),49.68,TRUE,61.4,1.236,1,6
Arunachal Pradesh,0,0,17.60025597,24.7,1,Brahmaputra (Dibrugarh gauge),105.7,TRUE,42.6,0.403,1,2
Mizoram,7.9894147,34.91158295,38.72591114,21.4,0,Tlawng,9,FALSE,4.04,0.449,1,4
Assam,0,0,0,10.2,0,Manas,33,FALSE,13.99,0.424,0,1
Manipur,2.2062085,16.65371037,26.17649645,8.4,2,Imphal River,8,FALSE,4.18,0.522,1,7
Tripura,0,0,0,12.7,0,Khowai,10,FALSE,4.19,0.419,0,2
Meghalaya,0,0,0,21.6,0,Brahmaputra (Goalpara gauge),36.27,TRUE,29.89,0.824,0,1
Meghalaya,39.348225,42.49710774,73.89071044,15.9,1,Brahmaputra (Dhubri gauge),28.62,TRUE,24.56,0.858,0,6
Tripura,1.8254037,1.82540369,1.82540369,12.8,1,Tlawng,9,FALSE,5.8,0.645,0,11
Assam,54.371876,101.6248512,172.4331098,4.3,1,Brahmaputra (Tezpur gauge),65.23,TRUE,41.75,0.64,1,6
Meghalaya,0,10.93670368,79.52156496,23,2,Brahmaputra (Guwahati gauge),49.68,TRUE,40.34,0.812,1,10
Arunachal Pradesh,0,3.19930315,4.610884547,25.8,2,Brahmaputra (Dibrugarh gauge),105.7,TRUE,51.58,0.488,1,9
Manipur,0,3.225529239,8.524113104,23.5,0,Barak,20.5,FALSE,20.13,0.982,1,8
Meghalaya,39.12415,169.6311378,288.8838778,18.3,0,Brahmaputra (Dhubri gauge),28.62,TRUE,28.22,0.986,1,6
Sikkim,0,0,0,25.5,2,Teesta,15,FALSE,5.6,0.373,1,5
Assam,0,0,0,6.7,1,Brahmaputra (Dibrugarh gauge),105.7,TRUE,25.05,0.237,0,12
Arunachal Pradesh,0,10.7140317,24.73924732,18.6,0,Brahmaputra (Dibrugarh gauge),105.7,TRUE,27.48,0.26,0,5
Arunachal Pradesh,46.321148,141.1154146,144.9757838,28.5,0,Brahmaputra (Dibrugarh gauge),105.7,TRUE,56.97,0.539,1,6
Meghalaya,0,0.172686651,9.938479498,23,2,Brahmaputra (Guwahati gauge),49.68,TRUE,24.79,0.499,1,7
Arunachal Pradesh,127.82748,128.5857058,132.8054057,23.1,1,Brahmaputra (Dibrugarh gauge),105.7,TRUE,93.33,0.883,1,9
Meghalaya,69.102936,181.5222931,268.6567631,18.9,0,Brahmaputra (Guwahati gauge),49.68,TRUE,49.53,0.997,1,7
Tripura,134.72375,173.1979313,177.4369078,14.4,2,Gomti,12,FALSE,9.2,0.767,1,5
Meghalaya,47.85542,80.48537159,349.633976,24.7,2,Brahmaputra (Goalpara gauge),36.27,TRUE,36.27,1,1,6
Tripura,24.529266,26.08608204,39.59336716,14.2,0,Khowai,10,FALSE,4.64,0.464,1,5
Assam,0,0,10.54720116,8.5,0,Brahmaputra (Dibrugarh gauge),105.7,TRUE,39,0.369,1,12
Sikkim,0,8.717480659,8.717480659,27.7,0,Teesta,15,FALSE,14.14,0.943,0,12
Manipur,53.171005,73.70224261,96.59537315,20.7,2,Barak,20.5,FALSE,13.74,0.67,1,5
Arunachal Pradesh,0,0,0,25.2,1,Brahmaputra (Dibrugarh gauge),105.7,TRUE,47.35,0.448,0,1
Arunachal Pradesh,67.36904,97.57932472,139.426466,16.9,2,Dikrong,14,FALSE,11.42,0.816,0,8
Mizoram,66.19324,67.65696445,68.13525181,17.7,1,Tlawng,9,FALSE,5.74,0.638,0,8
Sikkim,0,0,0,28,1,Teesta,15,FALSE,5.6,0.373,1,12
Tripura,64.4934,68.45974922,205.6184666,16.1,0,Gomti,12,FALSE,10.96,0.913,0,8
Arunachal Pradesh,13.10998,23.31751084,43.21525252,17.4,0,Manas,33,FALSE,15.02,0.455,0,7
Nagaland,31.879944,44.9989357,74.91528606,14.2,1,Doyang,18,FALSE,18.32,1.018,1,8
Arunachal Pradesh,18.227783,28.47455788,49.41117543,31.9,1,Brahmaputra (Dibrugarh gauge),105.7,TRUE,61.31,0.58,0,8
Meghalaya,0,0,0,22.7,1,Barak,20.5,FALSE,6.29,0.307,1,10
Arunachal Pradesh,1.6208344,7.238594532,7.238594532,32.5,1,Brahmaputra (Dibrugarh gauge),105.7,TRUE,43.23,0.409,0,2
Meghalaya,23.95847,139.012249,335.1665192,19.7,1,Brahmaputra (Goalpara gauge),36.27,TRUE,29.27,0.807,0,7
Arunachal Pradesh,31.109138,75.87395668,91.08579493,18.6,0,Brahmaputra (Dibrugarh gauge),105.7,TRUE,39.32,0.372,1,10
Sikkim,57.49395,95.72141838,157.1479154,24.1,0,Teesta,15,FALSE,14.73,0.982,1,6
Assam,0,0,13.5674938,10.2,0,Manas,33,FALSE,15.64,0.474,0,3
Manipur,1.5535678,37.95608413,156.9144543,6.7,0,Doyang,18,FALSE,14.71,0.817,0,9
Arunachal Pradesh,0,0,0,31.5,1,Brahmaputra (Dibrugarh gauge),105.7,TRUE,45.35,0.429,1,10
Sikkim,0,16.22776717,76.04008847,27.7,0,Teesta,15,FALSE,9.25,0.617,1,9
Meghalaya,0,0,0,24.9,0,Brahmaputra (Guwahati gauge),49.68,TRUE,17.44,0.351,1,1
Mizoram,24.489565,93.95672226,183.3488731,19.4,0,Tlawng,9,FALSE,7.8,0.867,1,7
Arunachal Pradesh,57.718708,110.9961309,286.2158542,34,0,Brahmaputra (Dibrugarh gauge),105.7,TRUE,105.28,0.996,1,8
Assam,69.28402,90.43725014,90.43725014,5.4,0,Manas,33,FALSE,17,0.515,1,5
Tripura,0,0,0,12.7,0,Khowai,10,FALSE,7.52,0.752,1,8
Tripura,0,40.8861692,41.92841256,16.1,0,Gomti,12,FALSE,5.58,0.465,0,4
Mizoram,2.125398,65.37543225,75.97995704,19.4,0,Tlawng,9,FALSE,8.32,0.924,1,6
Manipur,2.9771516,3.078349635,6.37421833,17.5,1,Imphal River,8,FALSE,2.93,0.366,1,6
Nagaland,0,0,1.371230006,19.3,0,Doyang,18,FALSE,7.07,0.393,1,11
Meghalaya,53.223694,125.0739555,580.3251991,20.5,1,Brahmaputra (Guwahati gauge),49.68,TRUE,49.88,1.004,1,8
Mizoram,62.57018,121.7630424,211.7450643,19.4,0,Tlawng,9,FALSE,4.71,0.523,1,5
Nagaland,93.8345,132.3089063,133.2788084,14.6,1,Brahmaputra (Neamatighat gauge),85.05,TRUE,63.53,0.747,0,7
Arunachal Pradesh,0.72778064,104.5931686,271.6791175,18.4,2,Subansiri,42,FALSE,43.01,1.024,1,7
Sikkim,91.39635,288.4031792,342.0689102,29.7,3,Teesta,15,FALSE,15.36,1.024,1,6
Arunachal Pradesh,58.35616,68.2024765,102.2996855,19.1,3,Brahmaputra (Dibrugarh gauge),105.7,TRUE,69.87,0.661,1,8
Tripura,75.14823,308.0457687,404.3805599,13.7,0,Gomti,12,FALSE,11.96,0.997,1,8
Tripura,62.086826,69.96965778,100.1822073,20.2,1,Gomti,12,FALSE,5.1,0.425,1,5
Arunachal Pradesh,62.70307,153.3502159,200.1325741,23.9,0,Brahmaputra (Dibrugarh gauge),105.7,TRUE,94.5,0.894,0,9
Meghalaya,140.28079,160.8885389,186.924793,22.3,0,Brahmaputra (Guwahati gauge),49.68,TRUE,41.38,0.833,1,8
Sikkim,0.115600824,5.353512883,163.6757041,33.6,1,Teesta,15,FALSE,13.24,0.883,0,9
Manipur,19.194738,55.85838461,91.89090919,6.7,0,Doyang,18,FALSE,12.55,0.697,0,7
Assam,71.402214,84.81585884,125.9527717,1.4,1,Brahmaputra (Tezpur gauge),65.23,TRUE,62.75,0.962,1,8
Sikkim,0,0,0.324861676,25.5,2,Teesta,15,FALSE,8.98,0.599,0,1
Arunachal Pradesh,0,3.273715973,8.49992758,27.3,1,Brahmaputra (Dibrugarh gauge),105.7,TRUE,38.47,0.364,0,4
Assam,12.480619,14.21413612,120.5385108,4.3,0,Manas,33,FALSE,22.8,0.691,1,8
Arunachal Pradesh,67.4,79.60000134,263.6999903,35.6,1,Brahmaputra (Dibrugarh gauge),105.7,TRUE,88.79,0.84,0,8
Tripura,0,0,0,12.7,0,Khowai,10,FALSE,5.99,0.599,1,7
Nagaland,0,0,0.014476436,12.5,0,Doyang,18,FALSE,4.55,0.253,0,11
Arunachal Pradesh,0,3.353884101,5.842345655,17.1,2,Brahmaputra (Tezpur gauge),65.23,TRUE,29.55,0.453,0,2
Meghalaya,0,0,276.9121037,17.5,0,Brahmaputra (Dhubri gauge),28.62,TRUE,26.04,0.91,1,6
Sikkim,96.93657,143.5589828,197.3215628,31,1,Teesta,15,FALSE,10.64,0.709,1,7
Mizoram,71.317116,236.5742493,337.5409099,23,0,Tlawng,9,FALSE,8.97,0.997,1,6
Arunachal Pradesh,5.634195,5.825846776,88.52926026,34,0,Brahmaputra (Dibrugarh gauge),105.7,TRUE,101.47,0.96,1,7
Assam,5.7677336,26.73744583,27.98531985,6.2,0,Brahmaputra (Dibrugarh gauge),105.7,TRUE,41.43,0.392,1,10
Nagaland,0,0,0,15.4,0,Brahmaputra (Dibrugarh gauge),105.7,TRUE,31.39,0.297,0,12
Arunachal Pradesh,16.634182,56.98058128,186.3090496,31.1,1,Brahmaputra (Dibrugarh gauge),105.7,TRUE,89.84,0.85,1,8
Assam,3.8578181,12.96100736,29.44247685,4.9,0,Brahmaputra (Guwahati gauge),49.68,TRUE,50.18,1.01,0,9
Nagaland,0,0,8.350916147,13.8,0,Dhansiri,40,FALSE,16.4,0.41,0,3
Sikkim,118.30779,177.8068047,298.0307999,25.7,0,Teesta,15,FALSE,18.53,1.235,1,8
Assam,0,23.86714089,365.2964107,8.7,2,Manas,33,FALSE,32.41,0.982,1,6
Arunachal Pradesh,187.9867,354.4447899,408.6114874,29.4,1,Brahmaputra (Dibrugarh gauge),105.7,TRUE,133.18,1.26,1,6
Meghalaya,4.7355537,5.439619184,19.52294981,23.4,0,Barak,20.5,FALSE,8.96,0.437,0,8
Nagaland,0,13.62354386,29.92850029,17.7,1,Dhansiri,40,FALSE,20.32,0.508,1,5
Assam,62.652836,102.7298241,146.4645164,6.5,0,Brahmaputra (Dhubri gauge),28.62,TRUE,14.31,0.5,0,5
Sikkim,11.266515,49.41039181,227.4503622,23.3,0,Teesta,15,FALSE,12.93,0.862,1,5
Sikkim,0.96279037,27.10498035,54.00867015,29.8,2,Teesta,15,FALSE,9.16,0.611,0,9
Assam,105.1002,293.9259033,787.5168324,4.6,0,Brahmaputra (Goalpara gauge),36.27,TRUE,40.62,1.12,1,6
Arunachal Pradesh,0,0,0,9.4,0,Dikrong,14,FALSE,4.4,0.314,0,12
Mizoram,53.585594,95.9577527,103.8123811,23,2,Khowai,10,FALSE,8.16,0.816,1,7
Assam,125.95992,241.0163002,283.7360742,6.3,1,Brahmaputra (Goalpara gauge),36.27,TRUE,39.17,1.08,1,6
Assam,0,0,0,6.5,0,Brahmaputra (Dhubri gauge),28.62,TRUE,12.05,0.421,1,12
Meghalaya,0,0,0,21.6,0,Brahmaputra (Goalpara gauge),36.27,TRUE,14.87,0.41,1,12
Assam,2.3061824,2.456858971,14.61246746,5.8,1,Brahmaputra (Guwahati gauge),49.68,TRUE,23.55,0.474,1,7
Arunachal Pradesh,0,0.397545695,13.46437901,17.5,0,Subansiri,42,FALSE,17.14,0.408,1,2
Arunachal Pradesh,18.611422,68.25096321,191.7840652,28.6,1,Brahmaputra (Dibrugarh gauge),105.7,TRUE,70.61,0.668,1,7
Tripura,54.795307,109.750524,173.3891258,14.2,0,Khowai,10,FALSE,9.92,0.992,1,5
Nagaland,85.19061,141.7803707,148.7500972,12.7,1,Brahmaputra (Neamatighat gauge),85.05,TRUE,59.36,0.698,1,7
Sikkim,0.8129297,46.65542847,83.66448957,35.2,1,Teesta,15,FALSE,7.53,0.502,0,2
Meghalaya,74.58506,106.0086126,165.4608006,24.2,0,Brahmaputra (Goalpara gauge),36.27,TRUE,44.76,1.234,1,8
Nagaland,14.124886,19.84369316,24.18558151,19.5,0,Kopili,30,FALSE,18.57,0.619,1,7
Arunachal Pradesh,0,0.160114869,1.080788612,14.7,0,Dikrong,14,FALSE,7.73,0.552,0,1
Assam,121.696884,342.4976578,357.6520709,4.5,0,Brahmaputra (Dibrugarh gauge),105.7,TRUE,91.22,0.863,1,4
Sikkim,33.10407,69.40190792,149.3068285,29.8,2,Teesta,15,FALSE,8.55,0.57,1,8
Meghalaya,4.482361,4.48236084,4.48236084,27.5,3,Brahmaputra (Guwahati gauge),49.68,TRUE,25.24,0.508,1,5
Mizoram,93.62066,140.4760456,237.8973808,25,2,Tlawng,9,FALSE,9.54,1.06,1,7
Tripura,0,0.838920355,2.745163798,20.2,1,Gomti,12,FALSE,5.3,0.442,1,4
Meghalaya,0,0,0,23,0,Kopili,30,FALSE,8.79,0.293,1,1
Assam,4.4664354,11.49332857,11.49332857,6.7,1,Brahmaputra (Dibrugarh gauge),105.7,TRUE,57.4,0.543,1,12
Mizoram,10.984431,14.66154313,21.83342268,17.7,1,Tlawng,9,FALSE,4.49,0.499,0,6
Arunachal Pradesh,1.7989116,4.080387533,22.27155371,28.8,1,Brahmaputra (Dibrugarh gauge),105.7,TRUE,44.5,0.421,0,5
Nagaland,0,22.30600347,39.93511762,17.5,2,Dhansiri,40,FALSE,17.08,0.427,1,7
Mizoram,71.049,258.8054695,379.8553052,20.7,0,Tlawng,9,FALSE,8.24,0.915,1,6
Arunachal Pradesh,96.9263,144.0719066,146.8235331,27.2,0,Brahmaputra (Dibrugarh gauge),105.7,TRUE,96.19,0.91,1,5
Assam,9.452755,45.88030148,61.95402241,4.8,0,Brahmaputra (Tezpur gauge),65.23,TRUE,66.27,1.016,1,8
Assam,0,0,0,6.5,0,Brahmaputra (Tezpur gauge),65.23,TRUE,20.22,0.31,0,3
Meghalaya,0.63984495,67.63267237,605.0155078,21.6,0,Brahmaputra (Goalpara gauge),36.27,TRUE,39.61,1.092,1,8
Sikkim,53.127323,177.2389183,232.8028772,25.5,2,Teesta,15,FALSE,12.38,0.825,0,7
Meghalaya,0,0,0,24.9,0,Brahmaputra (Guwahati gauge),49.68,TRUE,17.09,0.344,1,3
Sikkim,2.8807552,3.034705088,3.034705088,27.7,0,Teesta,15,FALSE,7.44,0.496,1,1
Nagaland,0.25501004,29.35455456,52.44643989,20.5,0,Kopili,30,FALSE,16.32,0.544,1,7
Arunachal Pradesh,30.787191,86.58705878,414.0056036,29.3,2,Brahmaputra (Dibrugarh gauge),105.7,TRUE,114.05,1.079,1,7
Tripura,16.149805,36.28310961,83.98238081,14.8,2,Khowai,10,FALSE,10.86,1.086,1,9
Arunachal Pradesh,0,0,0,9.4,0,Dikrong,14,FALSE,6.78,0.484,1,1
Mizoram,7.6346197,10.21673723,44.10021849,25.9,0,Barak,20.5,FALSE,17.02,0.83,1,10
Arunachal Pradesh,63.120117,105.0736204,200.9509741,28.5,0,Brahmaputra (Dibrugarh gauge),105.7,TRUE,105.91,1.002,1,4
Assam,84.04666,176.8847733,229.9225879,8.3,0,Brahmaputra (Goalpara gauge),36.27,TRUE,24.99,0.689,0,5
Nagaland,62.990295,95.43906689,227.8249063,16.9,0,Dikrong,14,FALSE,11.93,0.852,1,7
Nagaland,0.13190815,3.165795535,37.19603345,21.7,0,Dhansiri,40,FALSE,26.6,0.665,0,9
Assam,56.96271,200.8904266,304.4621964,6.4,0,Brahmaputra (Dhubri gauge),28.62,TRUE,25.41,0.888,0,6
Manipur,76.263626,132.6682472,135.7387808,10.7,0,Imphal River,8,FALSE,4.1,0.512,0,5
Nagaland,0,0,0,17.2,0,Brahmaputra (Neamatighat gauge),85.05,TRUE,29.09,0.342,0,1
Sikkim,0.96250546,1.376909494,1.376909494,28,1,Teesta,15,FALSE,6.92,0.461,0,2
Sikkim,0,0,0,33.6,1,Teesta,15,FALSE,5.86,0.391,0,1
Arunachal Pradesh,4.665148,58.50034046,102.1658005,28.9,1,Brahmaputra (Dibrugarh gauge),105.7,TRUE,55.39,0.524,1,10
Meghalaya,90.9282,131.7510033,158.7714267,27.5,3,Brahmaputra (Guwahati gauge),49.68,TRUE,44.46,0.895,1,6
Meghalaya,0,0,0,14.7,0,Brahmaputra (Dhubri gauge),28.62,TRUE,23.44,0.819,0,2
Manipur,0,0,0,17.5,1,Imphal River,8,FALSE,3.6,0.45,0,12
Sikkim,5.7485533,22.51739669,67.95342994,25.7,0,Teesta,15,FALSE,9.69,0.646,1,8
Assam,8.687829,36.83366251,99.70882356,4.8,0,Dikrong,14,FALSE,5.87,0.419,1,4
Meghalaya,0,0,0,20.5,1,Brahmaputra (Guwahati gauge),49.68,TRUE,16,0.322,1,2
Sikkim,35.977505,46.64780593,177.7318876,31,1,Teesta,15,FALSE,13.35,0.89,1,6
Tripura,1.0546898,8.320657611,51.214872,12.6,1,Gomti,12,FALSE,10.67,0.889,0,8
Tripura,31.785065,209.4789429,313.9165261,13.5,0,Khowai,10,FALSE,8.66,0.866,0,6
Tripura,120.48292,135.2550359,252.0424638,12.7,0,Khowai,10,FALSE,9.67,0.967,1,7
Sikkim,54.795288,86.54141617,181.8239465,28.8,0,Teesta,15,FALSE,13.96,0.931,1,8
Mizoram,0,0,0,17.7,1,Tlawng,9,FALSE,3.91,0.434,1,1
Arunachal Pradesh,20.79636,27.59636021,27.59636021,31.1,1,Brahmaputra (Dibrugarh gauge),105.7,TRUE,30.86,0.292,1,11
Manipur,52.965145,75.3662734,113.0425837,15.8,1,Doyang,18,FALSE,11.32,0.629,1,7
Manipur,0,0,5.198375702,16,2,Imphal River,8,FALSE,3.96,0.495,1,3
Meghalaya,0,95.33919863,550.1029239,17.3,0,Brahmaputra (Goalpara gauge),36.27,TRUE,37.47,1.033,1,6
Manipur,0,0,0,19.2,0,Imphal River,8,FALSE,3.26,0.408,0,3
Assam,31.941513,48.5094893,148.8712218,2.8,0,Brahmaputra (Tezpur gauge),65.23,TRUE,44.29,0.679,1,6
Mizoram,0.12605676,1.89275071,1.89275071,23.6,0,Tlawng,9,FALSE,8.75,0.972,0,1
Sikkim,15.19202,22.51887751,78.84328508,31,1,Teesta,15,FALSE,14.64,0.976,1,10
Meghalaya,374.67734,683.3991547,766.30439,19.7,0,Brahmaputra (Goalpara gauge),36.27,TRUE,44.43,1.225,1,5
Manipur,11.195096,19.9902184,50.10276413,23.5,0,Barak,20.5,FALSE,13.53,0.66,1,8
Arunachal Pradesh,53.95739,96.34704208,163.4822316,22.5,2,Brahmaputra (Dibrugarh gauge),105.7,TRUE,87.2,0.825,1,6
Arunachal Pradesh,0,0,0,9.4,0,Dikrong,14,FALSE,6.36,0.454,1,12
Sikkim,33.52343,82.57809114,184.4102914,29.8,2,Teesta,15,FALSE,17.78,1.185,1,9
Meghalaya,87.31695,90.30607319,106.8825212,22,0,Brahmaputra (Guwahati gauge),49.68,TRUE,31.84,0.641,1,6
Mizoram,0,0,0,23.6,0,Tlawng,9,FALSE,5.54,0.615,1,1
Tripura,0,0,0,14.4,2,Gomti,12,FALSE,2.82,0.235,1,1
Arunachal Pradesh,0,7.27482605,9.907805681,22.5,2,Brahmaputra (Dibrugarh gauge),105.7,TRUE,90.27,0.854,1,10
Assam,19.261005,24.52322531,127.4146817,6.4,0,Brahmaputra (Dhubri gauge),28.62,TRUE,22.9,0.8,1,6
Meghalaya,0.42849475,2.396892548,42.99469786,17.5,0,Brahmaputra (Dhubri gauge),28.62,TRUE,13.59,0.475,1,7
Assam,0,0,17.94300652,10.2,0,Manas,33,FALSE,32.11,0.973,0,6
Arunachal Pradesh,58.083218,216.672451,366.6430987,31.1,1,Brahmaputra (Dibrugarh gauge),105.7,TRUE,107.5,1.017,1,7
Meghalaya,0,0,0,17.5,0,Brahmaputra (Dhubri gauge),28.62,TRUE,11.91,0.416,0,3
Sikkim,1.9042163,41.39881086,119.5273204,24.1,0,Teesta,15,FALSE,10.53,0.702,0,8
Meghalaya,36.64886,36.64886093,63.87155342,20,3,Barak,20.5,FALSE,18.29,0.892,0,9
Nagaland,0,0,65.80843973,12.2,1,Dikrong,14,FALSE,7.41,0.529,1,6
Nagaland,7.043545,23.80963755,53.22167778,21.7,0,Dhansiri,40,FALSE,15.64,0.391,0,10
Assam,45.976833,54.63093829,54.98553899,7.1,2,Barak,20.5,FALSE,13.69,0.668,1,9
Mizoram,0.7873134,2.381613791,38.42320114,19.7,0,Barak,20.5,FALSE,12.14,0.592,1,7
Manipur,0.051334012,0.051334012,0.051334012,14.6,2,Imphal River,8,FALSE,3.38,0.422,0,2
Assam,1.5800573,13.14758122,84.190323,6.2,0,Brahmaputra (Dibrugarh gauge),105.7,TRUE,37.63,0.356,0,10
Assam,99.21461,179.1646461,548.0092125,7,1,Brahmaputra (Dhubri gauge),28.62,TRUE,32.66,1.141,1,7
Manipur,6.3117967,12.83805704,48.73557401,19.2,0,Imphal River,8,FALSE,4.93,0.616,1,8
Nagaland,2.3985515,23.50675535,63.28227729,18,1,Brahmaputra (Tezpur gauge),65.23,TRUE,36.01,0.552,0,8
Nagaland,51.929455,67.37533617,70.21757831,17.2,0,Brahmaputra (Neamatighat gauge),85.05,TRUE,43.63,0.513,0,5
Meghalaya,100.644066,306.5131226,316.0415232,20.7,1,Barak,20.5,FALSE,19.11,0.932,1,5
Arunachal Pradesh,3.5816486,124.3670833,197.6675724,29.4,1,Brahmaputra (Dibrugarh gauge),105.7,TRUE,94.71,0.896,0,6
Assam,0,0,0,7.1,2,Barak,20.5,FALSE,8.88,0.433,0,12
Arunachal Pradesh,57.501053,297.4257126,594.6301308,31.1,1,Brahmaputra (Dibrugarh gauge),105.7,TRUE,124.83,1.181,1,7
Sikkim,5.7911663,21.57346106,92.59193659,34.2,1,Teesta,15,FALSE,8.36,0.557,1,10
Sikkim,31.21303,41.04519844,185.0243092,33.4,1,Teesta,15,FALSE,12.99,0.866,1,10
Tripura,50.07235,99.18222761,132.2067227,20.2,1,Gomti,12,FALSE,8.4,0.7,1,8
Nagaland,24.493162,48.08039236,96.28645557,13,0,Doyang,18,FALSE,11.59,0.644,1,7
Manipur,54.949642,99.40360165,160.7813764,17.5,0,Kopili,30,FALSE,19.2,0.64,1,7
Assam,0,0,3.569117308,5,0,Subansiri,42,FALSE,42.71,1.017,0,9
Tripura,0,0,0,15.2,0,Tlawng,9,FALSE,7.52,0.835,0,12
Assam,78.23915,99.88822651,133.6521416,11.2,0,Brahmaputra (Dhubri gauge),28.62,TRUE,16.06,0.561,1,7
Tripura,137.13559,160.5135396,172.6295328,18,1,Gomti,12,FALSE,10.45,0.871,1,8
Meghalaya,215.95326,283.7019901,283.7019901,18.6,2,Brahmaputra (Dhubri gauge),28.62,TRUE,28.22,0.986,1,5
Mizoram,0,0,0,19.4,0,Tlawng,9,FALSE,4.38,0.487,1,1
Nagaland,0,1.738665581,17.018502,20.5,0,Kopili,30,FALSE,17.22,0.574,0,6
Tripura,0.30437976,12.88901597,18.16928154,13.5,0,Gomti,12,FALSE,4.14,0.345,0,5
Mizoram,27.423885,66.5069046,113.9105129,25,2,Tlawng,9,FALSE,7.28,0.809,1,7
Arunachal Pradesh,0,0,0,27.3,1,Brahmaputra (Dibrugarh gauge),105.7,TRUE,34.14,0.323,1,12
Assam,103.91036,162.7008533,175.8395525,1.3,0,Dikrong,14,FALSE,12.92,0.923,0,8
Mizoram,0,1.534839272,52.27749288,17.7,1,Tlawng,9,FALSE,3.91,0.434,0,4
Manipur,0,0,5.91113662,18,0,Imphal River,8,FALSE,2.54,0.318,1,10
Arunachal Pradesh,12.687019,25.11715317,28.86609685,30.5,1,Brahmaputra (Dibrugarh gauge),105.7,TRUE,87.2,0.825,0,3
Meghalaya,0,0,0,17.5,0,Brahmaputra (Dhubri gauge),28.62,TRUE,23.18,0.81,1,11
Assam,4.8036256,102.5372415,352.8027844,5,0,Subansiri,42,FALSE,42.34,1.008,0,6
Arunachal Pradesh,0.39529455,8.098451793,12.00751823,14.7,0,Dikrong,14,FALSE,6.58,0.47,1,2
Arunachal Pradesh,57.46508,160.4556046,212.3673559,23.1,1,Brahmaputra (Dibrugarh gauge),105.7,TRUE,88.37,0.836,1,8
Manipur,0,15.62285042,22.22027445,18,0,Imphal River,8,FALSE,3.09,0.386,1,5
Arunachal Pradesh,0,0,6.178432718,28,1,Brahmaputra (Dibrugarh gauge),105.7,TRUE,42.7,0.404,1,6
Arunachal Pradesh,0,0.96551007,1.1704593,22.7,0,Brahmaputra (Dibrugarh gauge),105.7,TRUE,51.26,0.485,1,9
Nagaland,46.6425,49.93499901,104.9506831,17.8,0,Subansiri,42,FALSE,24.57,0.585,0,7
Arunachal Pradesh,7.1903024,42.48837996,42.48837996,14.7,0,Dikrong,14,FALSE,6.47,0.462,0,3
Assam,5.3916187,21.64373779,49.70703864,6.2,0,Brahmaputra (Tezpur gauge),65.23,TRUE,20.29,0.311,1,10
Sikkim,8.373736,210.728106,349.4311833,33.6,1,Teesta,15,FALSE,18.65,1.243,1,8
Meghalaya,24.440374,70.05505133,251.7394671,22.4,0,Brahmaputra (Dhubri gauge),28.62,TRUE,27.88,0.974,0,6
Arunachal Pradesh,1.230478,1.230478048,17.53359839,19.1,3,Brahmaputra (Dibrugarh gauge),105.7,TRUE,42.81,0.405,1,5
Assam,1.4345926,1.434592605,18.09274828,5,0,Brahmaputra (Tezpur gauge),65.23,TRUE,22.18,0.34,0,3
Assam,43.947666,194.4443703,242.8329708,5.4,0,Manas,33,FALSE,30.23,0.916,0,6
Nagaland,4.914857,6.928153217,20.2880694,15.7,1,Doyang,18,FALSE,8.26,0.459,0,10
Sikkim,0,3.198313951,11.42255044,35.2,1,Teesta,15,FALSE,5.26,0.351,1,3
Arunachal Pradesh,38.099995,59.3999939,649.0999641,35.6,1,Brahmaputra (Dibrugarh gauge),105.7,TRUE,109.4,1.035,0,7
Sikkim,88.221664,207.6426506,253.5455356,31,1,Teesta,15,FALSE,12.18,0.812,1,6
Meghalaya,99.640335,434.8074341,492.0499687,17.7,1,Brahmaputra (Goalpara gauge),36.27,TRUE,43.71,1.205,1,8
Manipur,3.6856768,8.634891868,12.89766103,6.7,0,Doyang,18,FALSE,18.31,1.017,1,6
Nagaland,61.835384,100.3101765,167.6440884,15.4,0,Brahmaputra (Dibrugarh gauge),105.7,TRUE,131.81,1.247,1,6
Tripura,116.50728,258.6891518,354.0493418,16.1,0,Gomti,12,FALSE,13.28,1.107,0,6
Meghalaya,42.42042,150.0349671,176.0671265,20.5,1,Brahmaputra (Guwahati gauge),49.68,TRUE,48.44,0.975,1,4
Sikkim,0,0,0,29.8,2,Teesta,15,FALSE,6.04,0.403,1,12
Arunachal Pradesh,0,7.302541137,54.84207761,33.6,2,Brahmaputra (Dibrugarh gauge),105.7,TRUE,57.71,0.546,1,6
Assam,0.14249717,0.903870866,33.43021588,3.4,0,Dikrong,14,FALSE,8.22,0.587,0,6
Assam,83.41804,211.2992907,272.4368083,5.9,0,Brahmaputra (Dhubri gauge),28.62,TRUE,28.48,0.995,0,7
Sikkim,9.379818,71.69102859,81.41304582,25.7,0,Teesta,15,FALSE,10.12,0.675,1,9
Assam,55.261646,134.5764809,241.776144,5.9,2,Subansiri,42,FALSE,43.72,1.041,0,9
Arunachal Pradesh,0,0,0,29.3,2,Brahmaputra (Dibrugarh gauge),105.7,TRUE,46.93,0.444,1,12
Meghalaya,0,0,10.87452865,25.6,0,Brahmaputra (Guwahati gauge),49.68,TRUE,19.28,0.388,0,10
Sikkim,2.0406206,13.52283549,48.36181903,33.4,1,Teesta,15,FALSE,6.16,0.411,1,3
Arunachal Pradesh,0,2.424786568,119.9797258,29.1,1,Brahmaputra (Dibrugarh gauge),105.7,TRUE,108.13,1.023,1,9
Meghalaya,88.116104,510.8956451,956.1912079,18.9,0,Brahmaputra (Guwahati gauge),49.68,TRUE,64.58,1.3,1,8
Arunachal Pradesh,1.9151999,7.051710606,55.71477795,22.5,2,Brahmaputra (Dibrugarh gauge),105.7,TRUE,99.36,0.94,1,8
Assam,0,0.532840587,397.1703833,8.3,0,Brahmaputra (Goalpara gauge),36.27,TRUE,35.87,0.989,1,6
Arunachal Pradesh,35.599995,89.39999151,247.0999856,35.6,1,Brahmaputra (Dibrugarh gauge),105.7,TRUE,99.36,0.94,1,9
Meghalaya,29.521118,576.4967346,978.9524784,20.2,0,Brahmaputra (Guwahati gauge),49.68,TRUE,56.39,1.135,1,7
Arunachal Pradesh,3.9784849,13.48828053,16.63531768,33.6,0,Brahmaputra (Dibrugarh gauge),105.7,TRUE,79.38,0.751,1,4
Nagaland,0,0,33.08869128,17.4,0,Doyang,18,FALSE,9.31,0.517,0,9
Meghalaya,209.5773,326.4757705,380.878012,18.9,0,Brahmaputra (Guwahati gauge),49.68,TRUE,41.78,0.841,1,10
Arunachal Pradesh,3.623703,4.090348534,33.50977831,17.1,2,Brahmaputra (Tezpur gauge),65.23,TRUE,34.57,0.53,1,5
Arunachal Pradesh,0.1706299,4.904992267,56.23398392,15.9,0,Subansiri,42,FALSE,40.19,0.957,0,6
Sikkim,53.915073,145.4831657,236.2477827,29.8,2,Teesta,15,FALSE,12.12,0.808,1,6
Tripura,0,0,0,12.6,1,Gomti,12,FALSE,5.9,0.492,0,4
Arunachal Pradesh,2.000222,3.349342942,6.767053798,28.4,0,Brahmaputra (Dibrugarh gauge),105.7,TRUE,107.5,1.017,0,4
Meghalaya,62.17791,113.2237682,155.7613583,17.5,0,Brahmaputra (Dhubri gauge),28.62,TRUE,20.98,0.733,1,7
Assam,0.48303786,0.774998963,12.8551037,5.1,1,Kopili,30,FALSE,14.19,0.473,1,4
Sikkim,2.6234267,24.22984719,330.1964023,29.7,3,Teesta,15,FALSE,14.37,0.958,1,7
Assam,83.500206,220.5393481,361.0658679,7,1,Brahmaputra (Dhubri gauge),28.62,TRUE,28.62,1,1,8
Meghalaya,119.67721,126.0352716,152.1107061,22.1,0,Brahmaputra (Guwahati gauge),49.68,TRUE,25.98,0.523,1,5
Manipur,0,0,0,20.7,2,Barak,20.5,FALSE,5.45,0.266,1,3
Assam,130.5972,145.4732762,168.7818949,1.3,0,Dikrong,14,FALSE,8.47,0.605,0,5
Meghalaya,1.10747,23.061903,38.40402889,21.6,0,Brahmaputra (Goalpara gauge),36.27,TRUE,21.98,0.606,1,9
Tripura,42.464317,42.60895348,59.9697684,14.8,1,Khowai,10,FALSE,10,1,0,8
Assam,79.65249,191.6310749,289.9180715,6.8,1,Brahmaputra (Goalpara gauge),36.27,TRUE,47.15,1.3,1,6
Manipur,0,13.89817476,22.70620036,19.2,0,Tlawng,9,FALSE,2.5,0.278,1,11
Meghalaya,68.28841,241.8752518,729.6256943,20.2,0,Brahmaputra (Guwahati gauge),49.68,TRUE,50.52,1.017,1,6
Tripura,215.13574,288.6589165,357.1186657,16.1,0,Gomti,12,FALSE,15.6,1.3,1,8
Nagaland,0,0,0,17.5,2,Dhansiri,40,FALSE,10.56,0.264,0,12
Nagaland,42.80015,107.3691902,274.6785984,17.8,0,Dikrong,14,FALSE,12.47,0.891,1,6
Assam,31.609179,53.31888008,53.33463298,7.2,0,Subansiri,42,FALSE,23.48,0.559,0,2
Meghalaya,0,5.610111237,5.669670789,23,0,Kopili,30,FALSE,10.83,0.361,1,10
Arunachal Pradesh,54.802307,93.03382361,158.3794481,23.9,0,Brahmaputra (Dibrugarh gauge),105.7,TRUE,122.19,1.156,1,8
Tripura,0,0,0.101968259,20.2,1,Gomti,12,FALSE,4.72,0.393,0,3
Assam,28.40585,134.6906052,145.9328494,4.8,3,Brahmaputra (Dibrugarh gauge),105.7,TRUE,54.86,0.519,0,3
Arunachal Pradesh,35.51439,123.4902573,144.3016018,27.4,0,Brahmaputra (Dibrugarh gauge),105.7,TRUE,113.84,1.077,1,6
Nagaland,0,4.237238407,43.05784911,20.1,1,Dhansiri,40,FALSE,39.6,0.99,0,7
Nagaland,79.59264,267.2709503,305.3228846,16.9,0,Dikrong,14,FALSE,13.65,0.975,1,7
Assam,13.988841,44.73548031,77.03463364,5,0,Brahmaputra (Tezpur gauge),65.23,TRUE,64.19,0.984,1,10
Sikkim,0,0,3.198313951,35.2,1,Teesta,15,FALSE,10.34,0.689,1,3
Arunachal Pradesh,0.118564785,29.44373101,29.44373101,15.9,0,Subansiri,42,FALSE,12.6,0.3,1,1
Tripura,0,0,0,12.7,0,Khowai,10,FALSE,3.63,0.363,1,2
Assam,3.151108,125.5980608,358.6700442,5.4,1,Brahmaputra (Guwahati gauge),49.68,TRUE,50.03,1.007,0,6
Sikkim,4.1806617,19.51806974,93.56432819,31,1,Teesta,15,FALSE,7.47,0.498,0,3
Sikkim,1.1165643,25.12212211,59.72720218,31,1,Teesta,15,FALSE,14.54,0.969,1,7
Tripura,0,29.90995884,76.61512566,17.1,0,Gomti,12,FALSE,11.47,0.956,1,8
Meghalaya,0,0,0,18.6,2,Brahmaputra (Dhubri gauge),28.62,TRUE,8.39,0.293,1,1
Meghalaya,10.950424,100.7792454,157.261947,20,3,Barak,20.5,FALSE,13.1,0.639,1,9
Nagaland,0,0,70.00918579,16.8,2,Brahmaputra (Dibrugarh gauge),105.7,TRUE,102.42,0.969,0,8
Nagaland,0.5080862,0.508086205,0.508086205,19.2,1,Dhansiri,40,FALSE,15.64,0.391,0,1
Arunachal Pradesh,93.30066,234.8355026,459.99189,26.3,0,Brahmaputra (Dibrugarh gauge),105.7,TRUE,121.45,1.149,1,7
Tripura,0,0,0,12.7,0,Khowai,10,FALSE,3.36,0.336,1,1
Sikkim,8.694388,59.25618458,84.90372801,31.5,1,Teesta,15,FALSE,6.84,0.456,1,10
Assam,31.980862,46.06828827,119.4828405,7.7,1,Brahmaputra (Dibrugarh gauge),105.7,TRUE,51.48,0.487,1,4
Arunachal Pradesh,69.02441,201.7115822,214.0001903,28.5,0,Brahmaputra (Dibrugarh gauge),105.7,TRUE,99.57,0.942,1,7
Arunachal Pradesh,20.13832,21.359097,32.53216219,17.5,0,Subansiri,42,FALSE,20.96,0.499,0,3
Assam,61.762,117.5419178,203.6631414,2.2,0,Subansiri,42,FALSE,30.74,0.732,0,8
Tripura,90.47389,149.7411623,191.5629086,13.7,0,Gomti,12,FALSE,9.88,0.823,0,7
Meghalaya,54.009304,220.80546,267.987936,14.7,0,Brahmaputra (Dhubri gauge),28.62,TRUE,24.21,0.846,0,5
Manipur,0,0,0,9,0,Doyang,18,FALSE,6.62,0.368,0,12
Meghalaya,3.6076217,5.804986954,22.66375732,20.4,1,Barak,20.5,FALSE,6.46,0.315,1,5
Arunachal Pradesh,56.87479,64.65879297,88.82835531,25.2,1,Brahmaputra (Dibrugarh gauge),105.7,TRUE,45.24,0.428,1,2
Arunachal Pradesh,131.68034,257.1023178,287.8006961,27.7,5,Brahmaputra (Dibrugarh gauge),105.7,TRUE,101.68,0.962,1,6
Arunachal Pradesh,0,0,86.00000095,35.6,1,Brahmaputra (Dibrugarh gauge),105.7,TRUE,61.94,0.586,1,9
Nagaland,0,0,4.907663167,16.6,0,Brahmaputra (Neamatighat gauge),85.05,TRUE,45.67,0.537,0,1
Nagaland,0,4.159319878,65.46430111,16.6,1,Brahmaputra (Dibrugarh gauge),105.7,TRUE,104.33,0.987,1,8
Mizoram,0,0,0,23.3,0,Tlawng,9,FALSE,2.78,0.309,0,1
Mizoram,3.9978435,34.51699209,60.96572638,19.4,0,Tlawng,9,FALSE,5.42,0.602,1,6
Arunachal Pradesh,0,0,0.118825675,25.9,0,Brahmaputra (Dibrugarh gauge),105.7,TRUE,31.5,0.298,0,4
Mizoram,0,0,0,23.4,1,Tlawng,9,FALSE,3.4,0.378,0,11
Arunachal Pradesh,66.276634,85.70966721,131.1023378,28.1,0,Brahmaputra (Dibrugarh gauge),105.7,TRUE,75.36,0.713,1,6
Assam,0,1.431418061,51.03525317,6.7,0,Brahmaputra (Dhubri gauge),28.62,TRUE,10.65,0.372,0,4
Arunachal Pradesh,0,1.136612415,5.177686632,29.3,0,Brahmaputra (Dibrugarh gauge),105.7,TRUE,47.14,0.446,1,10
Sikkim,41.701626,195.5520515,285.832572,34.2,1,Teesta,15,FALSE,16.17,1.078,1,6
Mizoram,0,65.10496712,93.51519543,17.7,1,Tlawng,9,FALSE,7.25,0.806,1,8
Arunachal Pradesh,10.616523,145.508378,222.4648846,9.4,0,Dikrong,14,FALSE,12.03,0.859,1,6
Nagaland,0.76714116,1.413554132,21.06276006,13.7,1,Brahmaputra (Neamatighat gauge),85.05,TRUE,39.97,0.47,1,10
Arunachal Pradesh,8.084873,19.49252464,26.08482887,20.8,0,Brahmaputra (Dibrugarh gauge),105.7,TRUE,71.45,0.676,0,9
Assam,13.710561,35.9066931,68.75355113,7.3,0,Manas,33,FALSE,31.94,0.968,0,8
Manipur,0.038878515,0.038878515,5.371738859,19.6,0,Imphal River,8,FALSE,5.08,0.635,0,9
Arunachal Pradesh,51.513855,124.8548508,188.0242052,33.6,2,Brahmaputra (Dibrugarh gauge),105.7,TRUE,76.32,0.722,1,7
Assam,53.313297,68.58411407,175.8494234,6.2,0,Brahmaputra (Dibrugarh gauge),105.7,TRUE,88.79,0.84,0,7
Sikkim,22.599588,86.5516758,395.6326447,29.8,2,Teesta,15,FALSE,15.01,1.001,1,6
Meghalaya,367.28802,468.0710106,514.4170673,22.7,1,Barak,20.5,FALSE,26.65,1.3,1,6
Assam,0.5468275,0.693845853,392.7875882,8.3,1,Brahmaputra (Goalpara gauge),36.27,TRUE,38.34,1.057,1,6
Arunachal Pradesh,76.06907,161.6457901,234.2238302,29.3,0,Brahmaputra (Dibrugarh gauge),105.7,TRUE,124.2,1.175,1,8
Arunachal Pradesh,6.235261,21.70649314,78.92920756,30.3,1,Brahmaputra (Dibrugarh gauge),105.7,TRUE,92.59,0.876,0,5
Manipur,0,0.360813677,8.026081502,23.5,0,Barak,20.5,FALSE,9.35,0.456,0,4
Assam,85.32983,87.99357271,116.3658143,7.7,3,Barak,20.5,FALSE,10.5,0.512,1,10
Assam,25.97894,70.27480507,241.6962547,5,0,Brahmaputra (Tezpur gauge),65.23,TRUE,62.36,0.956,0,7
Arunachal Pradesh,40.122417,47.26673269,55.52468202,31.9,1,Brahmaputra (Dibrugarh gauge),105.7,TRUE,73.99,0.7,1,10
Assam,0,0,0,3.6,1,Brahmaputra (Tezpur gauge),65.23,TRUE,36.72,0.563,1,2
Nagaland,8.166771,10.04463768,12.23355916,20.5,0,Kopili,30,FALSE,17.19,0.573,0,7
Arunachal Pradesh,2.4306614,44.79021192,87.93392301,13.8,0,Dikrong,14,FALSE,14.11,1.008,1,6
Nagaland,22.422853,24.06829059,54.42746723,15.4,0,Brahmaputra (Dibrugarh gauge),105.7,TRUE,86.89,0.822,1,7
Manipur,0.20781823,4.530880526,11.20369843,23.5,0,Barak,20.5,FALSE,11.54,0.563,0,9
Manipur,1.6770138,67.60640943,144.7755846,9,0,Doyang,18,FALSE,12.94,0.719,1,8
Arunachal Pradesh,112.82376,370.4944305,441.8410335,33.6,0,Brahmaputra (Dibrugarh gauge),105.7,TRUE,106.44,1.007,1,7
Meghalaya,0,0,54.91096306,22.7,1,Barak,20.5,FALSE,11.79,0.575,0,9
Sikkim,0,0,54.41400599,31.9,1,Teesta,15,FALSE,8.56,0.571,1,11
Meghalaya,32.26515,118.925745,383.2721863,17.7,1,Brahmaputra (Goalpara gauge),36.27,TRUE,30.5,0.841,1,8
Arunachal Pradesh,2.2057257,15.38994503,50.7437893,19.6,3,Subansiri,42,FALSE,34.06,0.811,0,9
Manipur,13.782147,20.22078454,35.38951981,13.9,1,Imphal River,8,FALSE,6.54,0.817,0,7
Meghalaya,0,1.839931488,11.35111821,18.7,0,Brahmaputra (Guwahati gauge),49.68,TRUE,14.06,0.283,1,10
Manipur,2.3911583,2.668588161,6.498428807,10.7,0,Imphal River,8,FALSE,7.61,0.951,0,9
Manipur,0,0,2.810272306,18,0,Imphal River,8,FALSE,4.67,0.584,0,6
Sikkim,19.181892,46.16042662,64.24631262,29.2,0,Teesta,15,FALSE,5.67,0.378,0,4
Arunachal Pradesh,38.038536,71.61359024,73.35279211,31.9,1,Brahmaputra (Dibrugarh gauge),105.7,TRUE,51.48,0.487,1,4
Assam,131.37668,175.5627689,212.9659387,9.2,1,Manas,33,FALSE,29.04,0.88,1,6
Arunachal Pradesh,4.7453876,4.764212901,11.91147381,23.1,1,Brahmaputra (Dibrugarh gauge),105.7,TRUE,43.34,0.41,0,4
Assam,0,10.1593132,27.24743629,10.2,0,Manas,33,FALSE,13,0.394,0,11
Nagaland,51.43766,79.99448121,187.2200352,16.8,2,Brahmaputra (Dibrugarh gauge),105.7,TRUE,87.73,0.83,1,7
Manipur,0.16644542,2.238165781,26.43856208,6.7,0,Doyang,18,FALSE,10.51,0.584,0,6
Manipur,0,0,0,23.5,0,Barak,20.5,FALSE,11.3,0.551,1,1
Meghalaya,0,0,0,19.6,1,Brahmaputra (Goalpara gauge),36.27,TRUE,14.04,0.387,0,11
Tripura,90.403915,96.73293149,133.8393333,16,0,Gomti,12,FALSE,5.71,0.476,1,5
Sikkim,29.657934,37.9314642,223.535161,32.4,0,Teesta,15,FALSE,12.21,0.814,0,7
Sikkim,82.62704,131.5722866,211.2697926,27.7,0,Teesta,15,FALSE,12.34,0.823,1,8
Arunachal Pradesh,50.72451,259.5636063,508.2518959,29.4,1,Brahmaputra (Dibrugarh gauge),105.7,TRUE,124.62,1.179,1,7
Assam,0,0,2.13309741,6.7,0,Brahmaputra (Dhubri gauge),28.62,TRUE,10.79,0.377,0,12
Meghalaya,100.9154,187.149868,201.3992502,21.9,1,Brahmaputra (Guwahati gauge),49.68,TRUE,46.5,0.936,1,8
Arunachal Pradesh,64.011314,169.6889915,220.524189,27.4,0,Brahmaputra (Dibrugarh gauge),105.7,TRUE,118.17,1.118,0,6
Arunachal Pradesh,99.88178,135.1520424,141.3106568,23.9,0,Brahmaputra (Dibrugarh gauge),105.7,TRUE,67.01,0.634,1,4
Nagaland,0,0,0,17.7,1,Dhansiri,40,FALSE,14.48,0.362,0,11
Manipur,0,0,0,16.8,0,Barak,20.5,FALSE,8.98,0.438,0,3
Assam,0,0,0,2.4,0,Subansiri,42,FALSE,15.79,0.376,0,10
Manipur,59.265102,75.65274477,138.3814763,9,0,Doyang,18,FALSE,11.12,0.618,1,9
Meghalaya,300.2815,740.7855835,934.6968517,21.6,0,Brahmaputra (Goalpara gauge),36.27,TRUE,47.15,1.3,1,6
Nagaland,0,10.38574398,39.94777149,16.9,0,Dikrong,14,FALSE,7.06,0.504,0,6
Manipur,65.62656,113.7201176,119.7316433,20.7,2,Barak,20.5,FALSE,8.65,0.422,1,5
Sikkim,41.443577,148.3600292,416.3202629,25.7,0,Teesta,15,FALSE,14.79,0.986,1,7
Nagaland,0,0.681227922,9.967108965,20.5,0,Kopili,30,FALSE,14.01,0.467,0,3
Meghalaya,0,122.1703424,636.1942263,21.6,0,Brahmaputra (Goalpara gauge),36.27,TRUE,39.5,1.089,1,8
Meghalaya,92.60763,333.0229187,463.3182974,24.9,0,Brahmaputra (Guwahati gauge),49.68,TRUE,50.92,1.025,1,6
Tripura,0,2.718346432,7.723369077,14.9,0,Gomti,12,FALSE,2.39,0.199,1,10
Mizoram,81.66025,97.41274261,152.9134789,23.1,2,Khowai,10,FALSE,6.83,0.683,0,7
Tripura,0,0,3.673016787,13.5,0,Khowai,10,FALSE,3.08,0.308,0,12
Assam,90.34349,215.7261696,232.0094461,8.4,0,Brahmaputra (Dibrugarh gauge),105.7,TRUE,93.02,0.88,1,6
Mizoram,59.198174,90.12703133,164.0583565,23.4,1,Tlawng,9,FALSE,5.5,0.611,1,5
Tripura,85.4802,203.6042957,290.0562463,14.5,0,Khowai,10,FALSE,9.38,0.938,0,6
Meghalaya,2.4917877,30.21504951,135.7297666,20.7,1,Barak,20.5,FALSE,13.12,0.64,0,7
Meghalaya,0,0,7.665791988,21.3,1,Brahmaputra (Goalpara gauge),36.27,TRUE,12.01,0.331,1,3
Meghalaya,0,2.317192078,11.57552828,21.7,2,Barak,20.5,FALSE,7.93,0.387,1,5
Manipur,2.8991196,2.899119616,2.899119616,17.7,0,Kopili,30,FALSE,13.65,0.455,1,11
Mizoram,2.0268927,15.6403389,21.2342509,25,0,Tlawng,9,FALSE,3.38,0.375,1,10
Assam,57.742058,257.4816284,393.1430511,10.2,0,Manas,33,FALSE,32.57,0.987,1,6
Meghalaya,2.0323443,2.032344341,17.91044331,14.7,0,Brahmaputra (Dhubri gauge),28.62,TRUE,20.43,0.714,0,7
Meghalaya,95.85116,137.3465869,161.7887619,19.7,1,Brahmaputra (Goalpara gauge),36.27,TRUE,26.95,0.743,1,8
Assam,0.09330641,5.938576564,27.83717369,4.3,1,Brahmaputra (Tezpur gauge),65.23,TRUE,52.38,0.803,1,4
Tripura,0,0,0,20.2,1,Gomti,12,FALSE,4.64,0.387,0,1
Arunachal Pradesh,9.638337,11.04818597,27.08621171,28.6,1,Brahmaputra (Dibrugarh gauge),105.7,TRUE,41.65,0.394,1,3
Manipur,0.37275305,10.31202164,22.06121865,9,0,Doyang,18,FALSE,8.19,0.455,1,4
Tripura,0,0,0,13.7,0,Gomti,12,FALSE,7.37,0.614,0,2
Meghalaya,3.2252321,4.832581639,4.832581639,20.7,1,Barak,20.5,FALSE,10.19,0.497,1,10
Nagaland,82.9922,83.51045489,95.78010178,17.2,0,Brahmaputra (Neamatighat gauge),85.05,TRUE,53.84,0.633,1,9
Manipur,9.998018,91.65574265,254.7865562,20.6,2,Barak,20.5,FALSE,19.13,0.933,1,8
Mizoram,12.489634,18.87834668,23.81671888,22.2,1,Tlawng,9,FALSE,8.18,0.909,0,10
Assam,0.1644545,90.91864686,93.82645081,10.2,0,Manas,33,FALSE,25.54,0.774,1,7
Nagaland,16.791607,47.41153336,174.3029068,13.2,1,Brahmaputra (Neamatighat gauge),85.05,TRUE,68.98,0.811,0,7
Sikkim,20.874418,47.94430351,74.66607475,33.6,1,Teesta,15,FALSE,9.84,0.656,0,7
Nagaland,11.855937,20.01179886,25.18611741,16.4,0,Doyang,18,FALSE,13.25,0.736,1,4
Meghalaya,107.77782,368.093483,382.5037559,19.1,1,Barak,20.5,FALSE,18.51,0.903,1,5
Assam,124.43969,143.5001469,143.5001469,6.7,0,Brahmaputra (Dhubri gauge),28.62,TRUE,18.83,0.658,0,9
Arunachal Pradesh,75.235214,115.3582773,278.980689,23.1,1,Brahmaputra (Dibrugarh gauge),105.7,TRUE,137.41,1.3,1,7
Arunachal Pradesh,21.833258,45.72773361,346.0643282,27.9,1,Brahmaputra (Dibrugarh gauge),105.7,TRUE,104.85,0.992,1,7
Assam,0,0.802728117,2.102383196,5.4,0,Manas,33,FALSE,11.68,0.354,1,1
Nagaland,40.83922,45.56886744,45.73248556,13.2,1,Brahmaputra (Neamatighat gauge),85.05,TRUE,62.43,0.734,1,6
Meghalaya,19.770788,147.9940586,1064.904306,20.2,0,Brahmaputra (Guwahati gauge),49.68,TRUE,57.08,1.149,1,6
Manipur,0,0.054149747,22.89527619,16,2,Imphal River,8,FALSE,6.89,0.861,1,11
Meghalaya,94.28836,183.4770718,287.0659156,18.6,2,Brahmaputra (Dhubri gauge),28.62,TRUE,23.53,0.822,1,8
Meghalaya,74.051346,104.6471549,243.8926746,22.3,0,Brahmaputra (Guwahati gauge),49.68,TRUE,48.54,0.977,1,6
Nagaland,4.994454,5.333650053,39.59085852,13.2,1,Brahmaputra (Neamatighat gauge),85.05,TRUE,68.04,0.8,1,4
Arunachal Pradesh,0.42732224,9.8618128,19.34739564,31.6,1,Brahmaputra (Dibrugarh gauge),105.7,TRUE,38.47,0.364,1,5
Manipur,0,0,0,15.9,3,Imphal River,8,FALSE,3.81,0.476,1,12
Assam,0.24909915,1.06194897,4.037841305,1.3,0,Dikrong,14,FALSE,5.95,0.425,1,5
Mizoram,2.2490644,23.39724016,45.14318585,24.7,1,Tlawng,9,FALSE,4.36,0.484,0,8
Assam,175.83046,228.2295609,241.9963813,6.6,1,Brahmaputra (Dibrugarh gauge),105.7,TRUE,83.5,0.79,1,4
Nagaland,81.02383,81.0238266,173.0388051,17.8,0,Dikrong,14,FALSE,8.88,0.634,1,5
Nagaland,3.2471008,15.66687155,20.20943594,20.5,0,Kopili,30,FALSE,24.24,0.808,0,5
Sikkim,53.819893,121.6633663,352.6534557,23.3,0,Teesta,15,FALSE,17.14,1.143,0,6
Arunachal Pradesh,26.01537,63.59289009,222.2454204,27.8,0,Brahmaputra (Dibrugarh gauge),105.7,TRUE,104.33,0.987,0,6
Manipur,33.982742,47.24683666,85.54715109,9,0,Doyang,18,FALSE,12.1,0.672,0,7
Arunachal Pradesh,0,0,0,25.1,1,Brahmaputra (Dibrugarh gauge),105.7,TRUE,40.38,0.382,0,12
Tripura,0,0,0.335454971,14.8,2,Khowai,10,FALSE,6.73,0.673,0,11
Tripura,8.592831,12.98696801,42.62746331,20.2,1,Gomti,12,FALSE,6.34,0.528,0,6
Arunachal Pradesh,0,0.782595992,23.18141067,22.7,0,Brahmaputra (Dibrugarh gauge),105.7,TRUE,106.55,1.008,0,2
Assam,68.221115,193.4260473,203.9635214,6,1,Brahmaputra (Dhubri gauge),28.62,TRUE,19.49,0.681,1,5
Meghalaya,0.32133573,35.05607027,257.7035274,17.7,1,Brahmaputra (Goalpara gauge),36.27,TRUE,30.54,0.842,0,8
Meghalaya,13.82744,34.67932665,87.66058791,14.5,0,Brahmaputra (Dhubri gauge),28.62,TRUE,20.81,0.727,0,8
Assam,0,0,0,11.2,0,Brahmaputra (Dhubri gauge),28.62,TRUE,14.4,0.503,1,1
Manipur,0,1.15159452,1.15159452,9.1,1,Doyang,18,FALSE,8.68,0.482,1,12
Arunachal Pradesh,0.075517304,0.580197997,15.18344326,30.2,1,Brahmaputra (Dibrugarh gauge),105.7,TRUE,48.52,0.459,0,3
Arunachal Pradesh,100.23424,163.4630179,185.3751649,27.3,1,Brahmaputra (Dibrugarh gauge),105.7,TRUE,68.6,0.649,1,5
Assam,0,0,7.545413852,6.5,0,Brahmaputra (Tezpur gauge),65.23,TRUE,29.94,0.459,0,10
Sikkim,0,3.700936317,7.881753922,28.8,0,Teesta,15,FALSE,4.56,0.304,0,3
Tripura,0,0,0,13.5,0,Khowai,10,FALSE,3.32,0.332,0,1
Sikkim,63.731533,100.4719105,192.2028508,33.6,1,Teesta,15,FALSE,12.7,0.847,1,8
Mizoram,9.209401,15.0235756,45.49473006,23.1,0,Tlawng,9,FALSE,7.25,0.806,1,9
Mizoram,7.6231074,18.51758564,60.55904448,19.4,0,Tlawng,9,FALSE,9.38,1.042,1,7
Assam,0,0,6.990865231,4.6,1,Brahmaputra (Tezpur gauge),65.23,TRUE,56.62,0.868,1,11
Tripura,0,0,0,14.8,1,Khowai,10,FALSE,8.36,0.836,1,1
Meghalaya,164.09122,164.091217,241.9962379,18.6,2,Brahmaputra (Dhubri gauge),28.62,TRUE,20.84,0.728,1,5
Arunachal Pradesh,8.53029,16.55216622,39.18253827,30.3,1,Brahmaputra (Dibrugarh gauge),105.7,TRUE,88.68,0.839,1,8
Assam,2.1011846,4.228634119,6.435103655,6.9,0,Brahmaputra (Guwahati gauge),49.68,TRUE,31.1,0.626,1,5
Manipur,0,0,0,14.6,2,Imphal River,8,FALSE,7.72,0.965,1,11
Meghalaya,193.17613,200.0879555,284.2851588,16.4,0,Brahmaputra (Dhubri gauge),28.62,TRUE,24.61,0.86,1,5
Mizoram,0,0.104241818,12.75727054,23.3,0,Tlawng,9,FALSE,6.08,0.675,1,4
Meghalaya,9.614085,165.0655127,369.5305405,20.2,0,Brahmaputra (Guwahati gauge),49.68,TRUE,51.27,1.032,0,8
Arunachal Pradesh,0.62297577,0.622975767,1.347426176,25.4,0,Brahmaputra (Dibrugarh gauge),105.7,TRUE,32.77,0.31,1,11
Meghalaya,2.9025037,70.77948737,189.0297687,24.2,0,Brahmaputra (Goalpara gauge),36.27,TRUE,38.12,1.051,1,8
Tripura,0,0,0,17.1,0,Gomti,12,FALSE,5.72,0.477,0,12
Arunachal Pradesh,80.240105,197.6003876,382.5625038,33.6,2,Brahmaputra (Dibrugarh gauge),105.7,TRUE,98.3,0.93,1,7
Arunachal Pradesh,0,0,0.520956427,20.8,0,Brahmaputra (Dibrugarh gauge),105.7,TRUE,106.86,1.011,1,9
Assam,57.842327,152.5971889,250.1751761,5.4,0,Dikrong,14,FALSE,12.61,0.901,0,8
Arunachal Pradesh,0,0,1.290457249,16.5,1,Dikrong,14,FALSE,5.03,0.359,0,11
Meghalaya,39.639877,58.66045666,83.89473557,25.6,0,Brahmaputra (Guwahati gauge),49.68,TRUE,24.39,0.491,1,10
Arunachal Pradesh,27.699999,174.0999966,296.7999992,35.6,1,Brahmaputra (Dibrugarh gauge),105.7,TRUE,104.33,0.987,1,7
Nagaland,6.6146464,49.21686792,59.80533999,16.8,2,Brahmaputra (Dibrugarh gauge),105.7,TRUE,71.77,0.679,0,6
Tripura,0,0,44.84412663,12.7,0,Khowai,10,FALSE,2.95,0.295,0,12
Assam,0,49.98390889,114.2871168,7.1,2,Barak,20.5,FALSE,19.97,0.974,1,7
Mizoram,0.29873097,23.65543425,97.45727156,17.7,1,Tlawng,9,FALSE,6.39,0.71,1,7
Meghalaya,35.669353,94.59708214,236.4596958,20.7,1,Barak,20.5,FALSE,18.57,0.906,1,6
Assam,0,0,0,10.2,0,Manas,33,FALSE,14.42,0.437,0,1
Meghalaya,75.47575,133.6182337,452.0215082,20.2,0,Brahmaputra (Guwahati gauge),49.68,TRUE,51.92,1.045,1,8
Arunachal Pradesh,4.230372,14.47487402,57.27243686,18.6,0,Brahmaputra (Dibrugarh gauge),105.7,TRUE,49.36,0.467,1,4
Mizoram,180.42178,264.1769218,376.1149983,24.8,0,Tlawng,9,FALSE,9.28,1.031,1,5
Meghalaya,135.38353,172.1207587,195.6295801,17.7,1,Brahmaputra (Goalpara gauge),36.27,TRUE,33.8,0.932,1,6
Arunachal Pradesh,14.943689,30.63953447,77.80204272,20.7,2,Subansiri,42,FALSE,47.84,1.139,1,6
Arunachal Pradesh,0,0,0,30.2,1,Brahmaputra (Dibrugarh gauge),105.7,TRUE,47.67,0.451,1,11
Arunachal Pradesh,51.014385,58.33117819,226.7281346,25.2,1,Brahmaputra (Dibrugarh gauge),105.7,TRUE,123.25,1.166,1,7
Meghalaya,86.312325,104.8337107,154.3964796,18.6,2,Brahmaputra (Dhubri gauge),28.62,TRUE,14,0.489,1,5
Meghalaya,104.892494,151.5539551,198.7533932,27.5,3,Brahmaputra (Guwahati gauge),49.68,TRUE,42.03,0.846,1,8
Nagaland,1.9947752,20.6330384,41.29981506,20.5,0,Kopili,30,FALSE,13.38,0.446,0,5
Tripura,71.87981,160.9053941,212.7787493,14.8,1,Khowai,10,FALSE,8.53,0.853,1,7
Arunachal Pradesh,13.985404,48.08567524,62.25385532,9.4,0,Dikrong,14,FALSE,8.95,0.639,0,8
Sikkim,13.084321,86.75835323,309.5834742,31.9,1,Teesta,15,FALSE,12.96,0.864,1,6
Arunachal Pradesh,0,33.8252449,151.8687878,28.9,1,Brahmaputra (Dibrugarh gauge),105.7,TRUE,88.47,0.837,1,6
Arunachal Pradesh,0,0,0,25.8,2,Brahmaputra (Dibrugarh gauge),105.7,TRUE,59.93,0.567,0,6
Meghalaya,0.6911556,25.75624484,42.97925943,25.6,0,Brahmaputra (Guwahati gauge),49.68,TRUE,24.39,0.491,0,11
Tripura,77.832726,224.5722842,276.7060537,17.2,0,Gomti,12,FALSE,11.81,0.984,1,8
Tripura,79.004395,122.5350933,155.4567429,14.8,2,Khowai,10,FALSE,6.03,0.603,1,8
Meghalaya,0,63.44624519,83.80413985,22.7,1,Barak,20.5,FALSE,20.23,0.987,0,7
Arunachal Pradesh,0.7565933,6.338625491,14.42650814,18.4,2,Subansiri,42,FALSE,12.18,0.29,1,5
Tripura,0,17.55649376,61.50468946,14.8,2,Khowai,10,FALSE,3.05,0.305,0,4
Assam,17.166126,134.0154476,184.7081075,4.8,0,Dikrong,14,FALSE,16.18,1.156,0,8
Arunachal Pradesh,65.92901,81.52655911,87.99441969,18.4,2,Subansiri,42,FALSE,17.22,0.41,1,10
Assam,0,0,3.116268158,4.9,0,Brahmaputra (Guwahati gauge),49.68,TRUE,22.95,0.462,0,9
Sikkim,33.243126,100.4677525,187.1963582,25.5,2,Teesta,15,FALSE,13.95,0.93,1,6
Meghalaya,1.1049619,1.7233392,24.97028315,17.5,0,Brahmaputra (Dhubri gauge),28.62,TRUE,14.77,0.516,1,9
Assam,0,0,0,5.4,0,Dikrong,14,FALSE,6.16,0.44,0,10
Mizoram,0,0,7.124970675,20.2,1,Tlawng,9,FALSE,2.79,0.31,1,4
Arunachal Pradesh,0,16.67829418,45.6442529,31.1,1,Brahmaputra (Dibrugarh gauge),105.7,TRUE,93.02,0.88,0,2
Manipur,0,0,0,14.1,0,Imphal River,8,FALSE,5.34,0.667,1,12
Meghalaya,59.636597,114.7108564,162.5940633,14.5,0,Brahmaputra (Dhubri gauge),28.62,TRUE,19,0.664,0,7
Meghalaya,20.644482,33.90930176,36.66351048,20,3,Barak,20.5,FALSE,8.45,0.412,1,5
Manipur,4.6603,30.42059374,78.0469892,20.7,2,Barak,20.5,FALSE,21.83,1.065,1,7
Manipur,0,0,0,17.1,2,Imphal River,8,FALSE,4.07,0.509,0,1
Tripura,0,0,0,14.5,0,Khowai,10,FALSE,4.01,0.401,1,1
Manipur,0,0,0,10.7,0,Imphal River,8,FALSE,3.58,0.448,1,1
Meghalaya,0,0,0,18.3,0,Brahmaputra (Dhubri gauge),28.62,TRUE,11.62,0.406,0,12
Sikkim,20.374952,101.5755825,216.8338585,29.8,2,Teesta,15,FALSE,13.11,0.874,1,7
Arunachal Pradesh,1.0850948,13.0850952,13.0850952,31.1,1,Brahmaputra (Dibrugarh gauge),105.7,TRUE,40.59,0.384,1,2
Mizoram,0,0.943564866,4.695661251,19.7,0,Barak,20.5,FALSE,6.48,0.316,0,5
Mizoram,0,0,0,23.3,0,Tlawng,9,FALSE,4.8,0.533,0,2
Arunachal Pradesh,134.77502,199.1496887,202.9665125,17.4,1,Dikrong,14,FALSE,10.91,0.779,1,5
Sikkim,0,0,0,34.2,1,Teesta,15,FALSE,3.88,0.259,1,12
Meghalaya,77.80959,114.0339419,203.0332633,16,0,Brahmaputra (Goalpara gauge),36.27,TRUE,27.6,0.761,0,6
Sikkim,76.02328,92.6908865,143.1281769,29.8,2,Teesta,15,FALSE,7.64,0.509,1,10
Assam,54.401108,124.3033028,163.9341097,4.3,0,Brahmaputra (Tezpur gauge),65.23,TRUE,35.22,0.54,1,10
Sikkim,94.704094,168.2988815,195.2143391,34.2,1,Teesta,15,FALSE,12.92,0.861,1,9
Manipur,0.48722932,4.14645201,185.429699,20.6,2,Barak,20.5,FALSE,18.08,0.882,1,8
Tripura,9.078867,94.15421104,97.83705199,12.7,0,Khowai,10,FALSE,6.75,0.675,0,9
Arunachal Pradesh,0,0,3.872894973,19.1,3,Brahmaputra (Dibrugarh gauge),105.7,TRUE,49.68,0.47,1,11
Manipur,0.22672418,3.268606663,62.22277427,8.4,2,Imphal River,8,FALSE,7.54,0.942,1,9
Arunachal Pradesh,4.8659163,5.917972445,8.884197116,16.8,0,Dikrong,14,FALSE,4.56,0.326,1,4
Assam,0,0,0.018999105,8.1,2,Kopili,30,FALSE,11.49,0.383,0,11
Sikkim,26.594494,87.56623077,179.0012712,29.8,2,Teesta,15,FALSE,15.46,1.031,1,8
Arunachal Pradesh,19.19707,19.19706917,19.19706917,15.9,0,Subansiri,42,FALSE,34.82,0.829,0,4
Meghalaya,0,0,0,24.9,0,Brahmaputra (Guwahati gauge),49.68,TRUE,25.04,0.504,0,1
Tripura,127.00109,150.8414078,151.9818882,20.2,1,Gomti,12,FALSE,7.31,0.609,1,5
Mizoram,21.453457,36.24389553,47.98110819,22.9,1,Tlawng,9,FALSE,9.77,1.086,1,7
Arunachal Pradesh,0,0,0.011499176,29.1,2,Brahmaputra (Dibrugarh gauge),105.7,TRUE,42.28,0.4,1,11
Sikkim,16.433296,48.62056828,88.15614367,24.1,0,Teesta,15,FALSE,8.65,0.577,0,8
Meghalaya,0,4.088905811,9.754062891,20.4,1,Barak,20.5,FALSE,7.13,0.348,0,10
Manipur,0,0,0,23.5,0,Barak,20.5,FALSE,8.4,0.41,1,1
Arunachal Pradesh,0,0,0,32.1,1,Brahmaputra (Dibrugarh gauge),105.7,TRUE,87.1,0.824,1,1
Arunachal Pradesh,3.5408967,28.64827466,47.07032816,28.6,1,Brahmaputra (Dibrugarh gauge),105.7,TRUE,43.55,0.412,0,4
Sikkim,63.85249,79.5631597,110.9522427,23.3,0,Teesta,15,FALSE,7.47,0.498,1,10
Arunachal Pradesh,0,0.351964116,0.532426581,26.3,0,Brahmaputra (Dibrugarh gauge),105.7,TRUE,53.8,0.509,0,12
Meghalaya,139.01622,253.0444031,360.3680592,18.8,2,Brahmaputra (Guwahati gauge),49.68,TRUE,58.22,1.172,1,7
Sikkim,0,0,0,31,1,Teesta,15,FALSE,5.82,0.388,0,11
Mizoram,55.27792,243.8414955,367.9595609,20.7,0,Tlawng,9,FALSE,11.23,1.248,0,6
Arunachal Pradesh,0,0,0,16.9,2,Dikrong,14,FALSE,3.79,0.271,0,12
Arunachal Pradesh,39.973877,44.1394062,157.7212627,26.3,0,Brahmaputra (Dibrugarh gauge),105.7,TRUE,88.26,0.835,0,6
Assam,1.5257989,3.89463377,14.57677665,5.8,1,Brahmaputra (Guwahati gauge),49.68,TRUE,27.37,0.551,0,8
Nagaland,0,0,0,21.7,0,Dhansiri,40,FALSE,14.76,0.369,1,1
Sikkim,4.6236053,36.99247074,75.71047458,23.3,0,Teesta,15,FALSE,5.4,0.36,1,2
Arunachal Pradesh,0,0,0,26.3,0,Brahmaputra (Dibrugarh gauge),105.7,TRUE,36.78,0.348,0,1
Arunachal Pradesh,56.62475,107.4599457,107.4599457,27.4,0,Brahmaputra (Dibrugarh gauge),105.7,TRUE,66.91,0.633,0,6
Manipur,0,28.33130646,88.08251524,13.2,1,Doyang,18,FALSE,11.41,0.634,1,9
Mizoram,0,0,0,20.7,0,Tlawng,9,FALSE,3.83,0.426,0,1
Arunachal Pradesh,94.41523,143.9996644,187.3223816,29.7,0,Brahmaputra (Dibrugarh gauge),105.7,TRUE,72.19,0.683,1,5
Mizoram,0,0,31.64270973,23.3,0,Tlawng,9,FALSE,3.46,0.384,0,4
Meghalaya,131.74216,188.8152866,229.518509,19.7,0,Brahmaputra (Goalpara gauge),36.27,TRUE,26.88,0.741,1,5
Arunachal Pradesh,0.56649005,22.6841644,250.7241806,18.6,0,Brahmaputra (Dibrugarh gauge),105.7,TRUE,119.44,1.13,0,6
Arunachal Pradesh,50.001488,60.10642479,96.99311016,31.6,1,Brahmaputra (Dibrugarh gauge),105.7,TRUE,48.41,0.458,1,4
Arunachal Pradesh,0,1.55314374,12.28629068,23.1,1,Brahmaputra (Dibrugarh gauge),105.7,TRUE,45.66,0.432,0,2
Arunachal Pradesh,0.85542125,0.855421245,3.657867879,15.9,0,Subansiri,42,FALSE,20.03,0.477,0,3
Sikkim,0.16055232,0.160552323,14.89904612,31.9,1,Teesta,15,FALSE,4.64,0.309,1,11
Arunachal Pradesh,0,0.540692985,17.51126292,25.5,0,Brahmaputra (Dibrugarh gauge),105.7,TRUE,57.71,0.546,1,6
Assam,64.65288,231.2325211,344.1963763,5.7,1,Manas,33,FALSE,30.46,0.923,0,6
Arunachal Pradesh,104.399994,135.1999943,139.5999944,35.6,1,Brahmaputra (Dibrugarh gauge),105.7,TRUE,66.06,0.625,1,5
Arunachal Pradesh,70.76784,83.90481377,130.124727,22.5,2,Brahmaputra (Dibrugarh gauge),105.7,TRUE,74.62,0.706,0,8
Manipur,51.776688,51.77668762,64.06238961,19.6,1,Barak,20.5,FALSE,12.07,0.589,1,7
Assam,58.037853,126.2448769,212.8581963,3.3,0,Subansiri,42,FALSE,30.87,0.735,0,6
Assam,19.810385,19.81038475,74.67140651,4.5,0,Brahmaputra (Dibrugarh gauge),105.7,TRUE,62.68,0.593,1,8
Mizoram,16.753048,64.90885639,140.1794128,27,2,Tlawng,9,FALSE,7.07,0.786,1,7
Assam,0,0,0,10.2,0,Manas,33,FALSE,12.64,0.383,0,11
Meghalaya,50.15235,150.8230095,190.4137482,20.6,0,Brahmaputra (Dhubri gauge),28.62,TRUE,20.06,0.701,0,5
Assam,51.241676,64.6058917,90.10313594,3.1,0,Dikrong,14,FALSE,10.39,0.742,1,6
Manipur,62.64534,129.6786804,328.6988106,20.6,2,Barak,20.5,FALSE,21.73,1.06,1,8
Meghalaya,0,13.01465559,28.66501042,19.2,1,Kopili,30,FALSE,19.53,0.651,0,7
Meghalaya,0,0,0.13659367,19.2,1,Kopili,30,FALSE,8.34,0.278,1,11
Nagaland,69.6985,79.60521317,107.7263489,21.7,0,Dhansiri,40,FALSE,39.84,0.996,0,4
Tripura,63.865112,85.07534409,93.32025826,12.7,0,Khowai,10,FALSE,6.45,0.645,0,9
Manipur,0,13.358078,48.81914425,20.7,2,Barak,20.5,FALSE,20.29,0.99,1,7
Nagaland,0,0,0,20.5,0,Kopili,30,FALSE,11.85,0.395,0,1
Manipur,3.2709706,4.203522623,24.48098828,9.7,0,Doyang,18,FALSE,5.94,0.33,0,5
Arunachal Pradesh,0.87108207,21.92380023,80.0553205,9.4,0,Dikrong,14,FALSE,11.28,0.806,0,7
Assam,29.098936,63.53622437,63.53622437,9.1,1,Khowai,10,FALSE,4.13,0.413,1,2
Tripura,56.66614,70.37948132,129.7462437,13.3,2,Khowai,10,FALSE,5.48,0.548,0,6
Arunachal Pradesh,0,3.704612613,14.34597552,28.9,1,Brahmaputra (Dibrugarh gauge),105.7,TRUE,58.14,0.55,0,5
Assam,2.2280889,4.022060752,86.27721298,10.2,0,Manas,33,FALSE,16.53,0.501,1,5
Mizoram,6.389385,31.53241348,98.48156643,19.4,0,Tlawng,9,FALSE,5.04,0.56,1,6
Arunachal Pradesh,0,0,0,17.4,1,Dikrong,14,FALSE,6.03,0.431,1,12
Nagaland,120.511444,152.4297845,170.7010603,16.7,2,Brahmaputra (Tezpur gauge),65.23,TRUE,47.36,0.726,0,5
Arunachal Pradesh,0,9.173102736,17.18402791,29.1,2,Brahmaputra (Dibrugarh gauge),105.7,TRUE,57.18,0.541,0,7
Manipur,12.632755,26.43891168,137.1000702,19.8,0,Doyang,18,FALSE,17.53,0.974,1,6
Assam,127.2128,137.5083181,137.5083181,4.6,0,Brahmaputra (Goalpara gauge),36.27,TRUE,24.3,0.67,0,9
Assam,50.722717,60.04403019,106.3203685,5.1,1,Kopili,30,FALSE,15.48,0.516,0,10
Manipur,0,0,0,17.5,1,Barak,20.5,FALSE,7.4,0.361,0,12
Nagaland,0,0,0,14.6,1,Brahmaputra (Neamatighat gauge),85.05,TRUE,43.46,0.511,1,1
Mizoram,6.316908,58.08847809,85.28586066,19.4,0,Tlawng,9,FALSE,8.76,0.973,1,9
Meghalaya,0.6527299,4.357963145,7.784460962,20.4,1,Barak,20.5,FALSE,19,0.927,0,3
Nagaland,0,0,0.082717672,20.1,1,Dhansiri,40,FALSE,21.36,0.534,0,11
Manipur,1.1515945,1.15159452,1.15159452,9.1,1,Doyang,18,FALSE,9.56,0.531,1,12
Arunachal Pradesh,0,0,0,32.5,1,Brahmaputra (Dibrugarh gauge),105.7,TRUE,37.42,0.354,1,12
Mizoram,66.68931,72.40487766,73.96075976,25,2,Tlawng,9,FALSE,5.56,0.618,1,8
Assam,128.92668,208.4736271,214.2392947,1.8,1,Dikrong,14,FALSE,10.84,0.774,1,5
Manipur,36.50663,40.97015697,52.18260938,23.5,0,Barak,20.5,FALSE,7.44,0.363,1,10
Nagaland,0,4.834756792,15.77273959,15.1,2,Brahmaputra (Neamatighat gauge),85.05,TRUE,27.81,0.327,0,2
Tripura,52.592514,82.23527527,109.8490143,13.3,2,Khowai,10,FALSE,6.84,0.684,0,7
Arunachal Pradesh,15.751279,32.90527058,68.94362903,21.4,2,Brahmaputra (Dibrugarh gauge),105.7,TRUE,47.78,0.452,0,8
Arunachal Pradesh,54.003727,97.2154808,219.1911917,32.5,1,Brahmaputra (Dibrugarh gauge),105.7,TRUE,116.27,1.1,1,8
Arunachal Pradesh,56.295383,124.3714409,161.6348779,17.6,1,Subansiri,42,FALSE,21.55,0.513,1,5
Manipur,8.039674,11.70079803,26.04220772,16.8,0,Barak,20.5,FALSE,9.49,0.463,1,4
Meghalaya,123.61893,143.5114622,173.6607904,18.9,0,Brahmaputra (Guwahati gauge),49.68,TRUE,37.61,0.757,0,7
Manipur,0,8.690174103,14.06772709,13.2,1,Doyang,18,FALSE,5.74,0.319,1,4
Manipur,0,0,0,9.7,0,Doyang,18,FALSE,15.37,0.854,1,3
Sikkim,0.14395721,19.59110208,42.9119906,29.8,2,Teesta,15,FALSE,12.74,0.849,1,9
Assam,5.467431,6.14439857,6.830347538,6.2,0,Brahmaputra (Tezpur gauge),65.23,TRUE,21.98,0.337,0,3
Arunachal Pradesh,0.24398075,8.053943023,15.36330198,9.4,0,Dikrong,14,FALSE,5.73,0.409,1,5
Sikkim,63.12547,146.9794941,294.0446053,29.8,2,Teesta,15,FALSE,13.54,0.903,0,7
Manipur,0,0,0,9,0,Doyang,18,FALSE,6.62,0.368,1,12
Sikkim,0,0,0,35.2,1,Teesta,15,FALSE,7.26,0.484,1,11
Arunachal Pradesh,0,0,0,28,1,Brahmaputra (Dibrugarh gauge),105.7,TRUE,47.46,0.449,0,2
Manipur,50.258324,69.09646225,77.9478004,16.8,0,Barak,20.5,FALSE,10.84,0.529,0,5
Assam,0,87.99141884,233.700144,6.7,1,Brahmaputra (Dhubri gauge),28.62,TRUE,23.75,0.83,1,8
Assam,8.943385,32.83405304,70.31546491,7.7,1,Brahmaputra (Dibrugarh gauge),105.7,TRUE,38.69,0.366,0,5
Sikkim,38.111332,73.78583336,90.77058984,24.1,0,Teesta,15,FALSE,10.54,0.703,1,9
Meghalaya,7.182656,7.182655811,20.55620301,17.7,1,Brahmaputra (Goalpara gauge),36.27,TRUE,8.02,0.221,0,10
Nagaland,0.3229762,19.63145694,67.3164936,20.1,1,Dhansiri,40,FALSE,35.08,0.877,0,9
Meghalaya,75.474014,312.2195969,426.3275312,20.2,0,Brahmaputra (Guwahati gauge),49.68,TRUE,48.19,0.97,1,7
Assam,53.40818,213.9946556,364.2528439,5.9,2,Subansiri,42,FALSE,41.92,0.998,1,7
Manipur,10.168792,31.47155571,49.4921279,9.1,1,Doyang,18,FALSE,6.37,0.354,1,10
Arunachal Pradesh,4.958381,9.353077412,36.22788742,32.5,1,Brahmaputra (Dibrugarh gauge),105.7,TRUE,42.6,0.403,0,4
Meghalaya,10.840315,29.74851224,187.6850109,23.5,1,Barak,20.5,FALSE,21.69,1.058,0,6
Mizoram,8.167943,34.2669096,62.12478447,27,2,Tlawng,9,FALSE,8.71,0.968,0,7
Tripura,20.089722,55.36516476,169.2325296,14.8,2,Khowai,10,FALSE,7.52,0.752,0,8
Manipur,0,13.7531805,26.95187879,6.7,0,Doyang,18,FALSE,7.38,0.41,0,11
Tripura,13.377191,38.68828082,61.2649917,20.2,1,Gomti,12,FALSE,11.02,0.918,1,6
Tripura,8.470563,51.20481396,61.44360065,14.5,0,Khowai,10,FALSE,10.14,1.014,0,7
Meghalaya,6.238563,124.0884929,206.2281342,22.4,0,Brahmaputra (Dhubri gauge),28.62,TRUE,29.34,1.025,0,6
Sikkim,57.53888,67.53205633,193.1857696,33.4,1,Teesta,15,FALSE,11.46,0.764,0,7
Sikkim,44.36799,70.11495066,178.2720876,29.7,3,Teesta,15,FALSE,9.76,0.651,1,7
Manipur,0,0,2.702020168,20.7,2,Barak,20.5,FALSE,18.59,0.907,0,11
Meghalaya,104.09349,144.6485062,192.4370508,18.6,2,Brahmaputra (Dhubri gauge),28.62,TRUE,24.38,0.852,0,8
Manipur,39.2667,52.46313095,94.23695138,8.4,2,Imphal River,8,FALSE,6.46,0.808,0,8
Sikkim,95.20234,183.7643185,242.9955738,27.7,0,Teesta,15,FALSE,13.64,0.909,1,9
Tripura,23.672808,39.84148026,114.6708443,12.8,1,Tlawng,9,FALSE,6.17,0.685,1,5
Assam,0,0,0,5,0,Brahmaputra (Tezpur gauge),65.23,TRUE,26.68,0.409,1,12
Arunachal Pradesh,30.119389,56.57430089,90.46985257,16.9,2,Dikrong,14,FALSE,13.41,0.958,1,6
Assam,4.268098,22.81722462,24.78270125,6.5,0,Manas,33,FALSE,10.23,0.31,0,3
Manipur,0,0.213684469,6.2552737,19.6,0,Imphal River,8,FALSE,3.5,0.438,0,4
Sikkim,0,0,0,33.4,1,Teesta,15,FALSE,7.64,0.509,0,2
Meghalaya,91.052055,445.5345993,742.974493,18.9,0,Brahmaputra (Guwahati gauge),49.68,TRUE,44.66,0.899,1,10
Assam,0,0,0.333728671,3.9,1,Subansiri,42,FALSE,20.79,0.495,0,3
Mizoram,0.4774029,0.477402896,4.877613991,23.3,0,Tlawng,9,FALSE,6.88,0.764,1,11
Sikkim,6.556185,58.43628025,195.1989918,34.2,1,Teesta,15,FALSE,12.22,0.815,0,7
Meghalaya,116.51126,271.6128845,433.5726137,15.7,1,Brahmaputra (Dhubri gauge),28.62,TRUE,31.74,1.109,1,6
Sikkim,23.849337,73.71546936,105.730166,29.8,2,Teesta,15,FALSE,12.16,0.811,0,6
Arunachal Pradesh,4.661792,42.01906204,93.50446534,26.3,0,Brahmaputra (Dibrugarh gauge),105.7,TRUE,95.34,0.902,1,7
Assam,0,32.4650383,32.59683643,9.2,1,Manas,33,FALSE,27.22,0.825,1,3
Arunachal Pradesh,0,0,20.79157057,33.2,2,Brahmaputra (Dibrugarh gauge),105.7,TRUE,85.51,0.809,1,2
Tripura,0,0,0,17.3,0,Gomti,12,FALSE,4.25,0.354,0,12
Arunachal Pradesh,0,0,0.458672971,17.4,1,Dikrong,14,FALSE,11.44,0.817,0,1
Mizoram,5.166435,5.166434765,5.549083203,23.3,0,Tlawng,9,FALSE,2.97,0.33,0,11
Tripura,0,0,0,14.5,0,Khowai,10,FALSE,4.62,0.462,1,1
Meghalaya,0,0,0,25.6,0,Brahmaputra (Guwahati gauge),49.68,TRUE,24.99,0.503,1,1
Assam,100.90951,241.3481483,495.0160236,6.3,1,Brahmaputra (Goalpara gauge),36.27,TRUE,43.27,1.193,1,6
Assam,63.017555,160.7739372,214.5400715,5.7,1,Manas,33,FALSE,27.06,0.82,1,7
Assam,0,0,0,4.6,1,Brahmaputra (Tezpur gauge),65.23,TRUE,26.48,0.406,0,3
Manipur,0,0,0,15.8,1,Doyang,18,FALSE,7.94,0.441,0,2
Nagaland,21.696066,24.560534,41.76545334,18,1,Dhansiri,40,FALSE,36.6,0.915,1,6
Manipur,1.2049539,1.204953909,31.02477908,18,0,Imphal River,8,FALSE,3.74,0.468,1,4
Arunachal Pradesh,0.5046807,6.664467394,15.10792595,30.2,1,Brahmaputra (Dibrugarh gauge),105.7,TRUE,39.53,0.374,0,3
Meghalaya,82.28135,149.0414801,174.0787125,17.7,1,Brahmaputra (Goalpara gauge),36.27,TRUE,27.35,0.754,0,7
Tripura,23.07062,83.28578854,149.9300233,17.2,0,Gomti,12,FALSE,12.56,1.047,1,6
Meghalaya,66.22344,105.3117481,150.9801304,21.3,1,Brahmaputra (Goalpara gauge),36.27,TRUE,24.01,0.662,1,8
Mizoram,10.255242,32.11971521,37.75373489,20.2,1,Tlawng,9,FALSE,4.73,0.525,0,8
Assam,57.083138,72.08317614,131.4019485,4.6,1,Brahmaputra (Goalpara gauge),36.27,TRUE,20.31,0.56,0,9
Assam,0.12710038,12.01407376,12.34054726,4.8,0,Dikrong,14,FALSE,6.58,0.47,0,4
Sikkim,79.1394,123.2156982,131.02732,25.7,0,Teesta,15,FALSE,10.08,0.672,1,9
Arunachal Pradesh,117.609726,165.2195904,194.8236238,20.7,2,Subansiri,42,FALSE,27.64,0.658,1,5
Assam,4.708942,68.51341009,141.6260285,6.2,0,Brahmaputra (Tezpur gauge),65.23,TRUE,68.82,1.055,1,6
Tripura,15.929097,23.84031677,34.53085363,20.2,1,Gomti,12,FALSE,4.26,0.355,1,5
Tripura,1.3471237,42.99480879,91.55056274,20.2,1,Gomti,12,FALSE,12.43,1.036,1,6
Nagaland,7.6373177,7.637317657,13.24341202,14.2,1,Doyang,18,FALSE,15.01,0.834,1,3
Arunachal Pradesh,10.412396,41.09411144,46.35084994,34,0,Brahmaputra (Dibrugarh gauge),105.7,TRUE,115.64,1.094,1,6
Nagaland,0,11.63848495,118.9261923,11.6,1,Brahmaputra (Dibrugarh gauge),105.7,TRUE,116.16,1.099,1,8
Sikkim,119.14105,256.2324219,286.8767242,25.5,2,Teesta,15,FALSE,13.46,0.897,1,9
Mizoram,0,0,0,19.7,0,Barak,20.5,FALSE,9.84,0.48,1,1
Tripura,80.692505,83.41408783,163.1763492,14.8,1,Khowai,10,FALSE,9.84,0.984,1,9
Arunachal Pradesh,0,0.690932155,6.544530392,26.1,0,Brahmaputra (Dibrugarh gauge),105.7,TRUE,34.78,0.329,0,4
Tripura,59.681953,59.68195343,166.7359481,17.3,0,Khowai,10,FALSE,8.12,0.812,1,9
Arunachal Pradesh,0,0,0.023899233,29.9,1,Brahmaputra (Dibrugarh gauge),105.7,TRUE,45.03,0.426,0,4
Mizoram,0,50.12807274,113.7362471,20.7,0,Tlawng,9,FALSE,9.83,1.092,1,8
Manipur,8.714497,10.26645295,36.55323391,15.8,1,Doyang,18,FALSE,15.59,0.866,1,5
Meghalaya,0.86031437,3.211093187,69.00872016,22.3,0,Brahmaputra (Guwahati gauge),49.68,TRUE,29.96,0.603,0,7
Mizoram,9.1329155,63.46759659,104.0637705,19.4,0,Tlawng,9,FALSE,5.72,0.635,1,6
Mizoram,100.933624,146.9275379,245.0871964,25,0,Tlawng,9,FALSE,7.7,0.855,1,7
Tripura,2.8928306,21.26888442,93.7004143,12.8,1,Tlawng,9,FALSE,5.3,0.589,0,6
Arunachal Pradesh,0,4.695799768,37.88812441,20.7,1,Subansiri,42,FALSE,22.3,0.531,1,5
Sikkim,58.49471,72.74020958,85.38146958,23.3,0,Teesta,15,FALSE,11.06,0.737,0,9
Sikkim,15.015935,26.63313103,232.0962696,33.6,1,Teesta,15,FALSE,12.63,0.842,1,7
Assam,0,0,0,5.4,1,Brahmaputra (Guwahati gauge),49.68,TRUE,22.11,0.445,0,12
Arunachal Pradesh,9.068958,21.84385115,30.99185135,23.1,1,Subansiri,42,FALSE,13.86,0.33,1,4
Sikkim,50.341698,52.05348217,85.74859595,25.5,2,Teesta,15,FALSE,9.27,0.618,1,8
Assam,119.55475,268.9479675,497.9530568,6.7,0,Manas,33,FALSE,38.18,1.157,1,6
Arunachal Pradesh,187.00584,356.6204681,420.0160154,28,1,Brahmaputra (Dibrugarh gauge),105.7,TRUE,130.54,1.235,1,6
Arunachal Pradesh,68.74854,177.5946732,250.187845,30.2,1,Brahmaputra (Dibrugarh gauge),105.7,TRUE,95.76,0.906,0,7
Arunachal Pradesh,0.098458014,6.788035117,6.788035117,35.3,0,Brahmaputra (Dibrugarh gauge),105.7,TRUE,35.41,0.335,0,10
Sikkim,0,0,2.397733688,25.7,0,Teesta,15,FALSE,5.85,0.39,0,1
Meghalaya,0,0,2.481123686,20,3,Barak,20.5,FALSE,7.87,0.384,1,2
Meghalaya,99.80195,165.666214,193.5593376,20.2,0,Brahmaputra (Guwahati gauge),49.68,TRUE,39.89,0.803,1,9
Meghalaya,67.844215,77.15010333,80.15045354,25,1,Brahmaputra (Guwahati gauge),49.68,TRUE,33.68,0.678,1,6
Tripura,11.069876,81.00675011,87.22718877,20.2,1,Gomti,12,FALSE,4.42,0.368,1,10
Assam,9.050358,21.3182404,57.16720541,7.4,0,Brahmaputra (Dibrugarh gauge),105.7,TRUE,46.4,0.439,0,6
Meghalaya,0,55.02613831,130.2523539,15.7,1,Brahmaputra (Dhubri gauge),28.62,TRUE,15.51,0.542,1,6
Arunachal Pradesh,1.3372211,16.50520611,26.38287687,17.4,1,Dikrong,14,FALSE,4.89,0.349,0,4
Sikkim,0,0,0,35.2,1,Teesta,15,FALSE,5.1,0.34,1,12
Arunachal Pradesh,0,0,0,28.5,1,Brahmaputra (Dibrugarh gauge),105.7,TRUE,40.48,0.383,1,11
Sikkim,55.41287,101.1209183,267.6468258,33.4,1,Teesta,15,FALSE,13.9,0.927,1,7
Arunachal Pradesh,0,92.78260422,101.8232812,29.1,1,Brahmaputra (Dibrugarh gauge),105.7,TRUE,57.4,0.543,0,5
Meghalaya,0,37.4558773,189.3024511,17.5,0,Brahmaputra (Dhubri gauge),28.62,TRUE,24.58,0.859,0,7
Tripura,0,0,0,13.3,2,Khowai,10,FALSE,4.09,0.409,1,11
Nagaland,0,0,0,20.1,1,Dhansiri,40,FALSE,14.64,0.366,1,2
Meghalaya,1.62368,25.03819644,393.5936145,22.7,1,Barak,20.5,FALSE,21.96,1.071,0,6
Manipur,0,0,0.447665393,16,0,Imphal River,8,FALSE,3.02,0.378,0,11
Mizoram,65.742615,227.0418015,325.8242633,22.1,2,Tlawng,9,FALSE,8.36,0.929,1,6
Sikkim,53.82938,110.1395626,386.9552755,29.2,0,Teesta,15,FALSE,14.73,0.982,1,6
Assam,150.88177,207.3255005,210.3949519,4.7,2,Dikrong,14,FALSE,10.56,0.754,1,5
Assam,0.36608627,0.366086274,16.49173847,7.1,1,Brahmaputra (Dibrugarh gauge),105.7,TRUE,38.26,0.362,0,3
Nagaland,0,0,0,19.5,0,Kopili,30,FALSE,11.22,0.374,0,1
Meghalaya,94.44501,333.3094406,646.1053085,24.2,0,Brahmaputra (Goalpara gauge),36.27,TRUE,37.32,1.029,1,6
Assam,15.786204,38.25319338,153.0993848,7.7,1,Brahmaputra (Guwahati gauge),49.68,TRUE,35.62,0.717,0,6
Mizoram,0,1.231439829,31.87110734,25,1,Tlawng,9,FALSE,3.38,0.376,1,5
Manipur,0,0,0,23.5,0,Barak,20.5,FALSE,8.88,0.433,1,1
Tripura,0,0,43.11120018,12.6,1,Gomti,12,FALSE,9.76,0.813,1,2
Manipur,10.039126,137.8451567,151.0571189,17.5,1,Barak,20.5,FALSE,22.94,1.119,1,8
Nagaland,0.1709438,7.294534743,64.30043656,14.6,0,Brahmaputra (Neamatighat gauge),85.05,TRUE,88.37,1.039,0,9
Arunachal Pradesh,0,0,0,19.3,0,Dikrong,14,FALSE,13.55,0.968,1,8
Arunachal Pradesh,61.910957,73.14992285,182.6981044,33.6,0,Brahmaputra (Dibrugarh gauge),105.7,TRUE,75.47,0.714,1,6
Assam,0,7.13743192,89.03622228,9.2,1,Manas,33,FALSE,34.85,1.056,1,6
Sikkim,0,1.913836017,2.6906894,33.4,1,Teesta,15,FALSE,7.32,0.488,1,1
Assam,23.131287,43.39513206,175.3915939,5.7,1,Manas,33,FALSE,27.26,0.826,1,8
Arunachal Pradesh,0,0,13.7025528,17.9,0,Brahmaputra (Dibrugarh gauge),105.7,TRUE,39.11,0.37,0,3
Arunachal Pradesh,0,0,2.016862869,18,0,Dikrong,14,FALSE,12.18,0.87,1,11
Meghalaya,127.94215,193.1595516,529.557127,21.3,1,Brahmaputra (Goalpara gauge),36.27,TRUE,43.05,1.187,1,6
Nagaland,10.012334,12.64206386,52.13636965,18,1,Brahmaputra (Tezpur gauge),65.23,TRUE,67.58,1.036,1,7
Arunachal Pradesh,0,0,0,20.1,1,Subansiri,42,FALSE,18.82,0.448,0,12
Meghalaya,3.2368603,21.45606232,21.45606232,18.8,0,Brahmaputra (Guwahati gauge),49.68,TRUE,26.73,0.538,0,11
Manipur,102.44773,252.4866943,261.8942405,14,0,Imphal River,8,FALSE,6.29,0.786,1,5
Nagaland,0,4.04544723,4.737742066,18,1,Brahmaputra (Tezpur gauge),65.23,TRUE,65.1,0.998,1,6
Assam,0,0,0,3,0,Dikrong,14,FALSE,4.69,0.335,0,11
Manipur,0,0,0,23.5,0,Barak,20.5,FALSE,8.59,0.419,0,12
Manipur,16.199364,78.00287628,122.9010441,13.1,1,Imphal River,8,FALSE,8.14,1.017,0,9
Arunachal Pradesh,0,2.491503239,5.997924224,9.4,0,Dikrong,14,FALSE,6.22,0.444,0,2
Manipur,0,0.430132538,0.430132538,23.5,0,Barak,20.5,FALSE,10.6,0.517,0,11
Manipur,57.086494,103.4061465,173.0313335,20.6,2,Barak,20.5,FALSE,18.47,0.901,1,8
Meghalaya,356.90524,420.4233904,431.2139378,20.2,0,Brahmaputra (Guwahati gauge),49.68,TRUE,49.53,0.997,1,5
Meghalaya,105.52493,125.0564518,148.9636151,21.6,0,Brahmaputra (Goalpara gauge),36.27,TRUE,26.48,0.73,1,7
Arunachal Pradesh,5.2808967,5.280896664,5.280896664,33.2,2,Brahmaputra (Dibrugarh gauge),105.7,TRUE,106.02,1.003,1,6
Assam,0.54680055,0.546800554,2.621998429,5.7,1,Manas,33,FALSE,17.66,0.535,0,7
Sikkim,66.86056,127.8053703,172.2479159,35.2,1,Teesta,15,FALSE,11.26,0.751,1,6
Sikkim,3.9153383,5.587753892,15.91265452,33.4,1,Teesta,15,FALSE,5.6,0.373,1,3
Tripura,0,10.7562952,19.05750918,12.8,1,Gomti,12,FALSE,4.67,0.389,1,2
Mizoram,0,0,21.75589401,20.3,0,Tlawng,9,FALSE,4.51,0.501,0,10
Assam,3.30879,3.308789968,3.531034604,6.3,0,Brahmaputra (Tezpur gauge),65.23,TRUE,39.07,0.599,0,9
Arunachal Pradesh,4.4837375,7.97680527,13.05044949,18.1,0,Subansiri,42,FALSE,36.08,0.859,1,8
Sikkim,24.935318,109.9525452,245.9972229,32.4,0,Teesta,15,FALSE,12.62,0.841,1,6
Tripura,0,1.616120696,168.7361048,12.8,1,Gomti,12,FALSE,9.83,0.819,0,6
Assam,123.00277,389.8152847,644.4282494,6.4,0,Brahmaputra (Dhubri gauge),28.62,TRUE,31.05,1.085,1,6
Meghalaya,59.599857,90.21095085,113.7905917,21.3,1,Brahmaputra (Goalpara gauge),36.27,TRUE,34.75,0.958,0,6
Mizoram,113.789986,154.7463984,194.2483178,23.1,2,Khowai,10,FALSE,5.92,0.592,1,5
Tripura,2.3518653,4.610032618,22.37276441,11.3,1,Tlawng,9,FALSE,5.48,0.609,0,8
Meghalaya,50.249897,122.4627495,129.5471957,17.5,0,Brahmaputra (Dhubri gauge),28.62,TRUE,13.51,0.472,1,10
Manipur,0,0,0,17.1,2,Imphal River,8,FALSE,3.02,0.377,1,11
Arunachal Pradesh,66.404205,90.8422572,246.6491429,28.1,0,Brahmaputra (Dibrugarh gauge),105.7,TRUE,102,0.965,1,7
Meghalaya,3.8262742,4.5399158,49.36915278,22.7,1,Barak,20.5,FALSE,14.64,0.714,1,7
Nagaland,54.772488,68.66359639,76.35032254,13.7,1,Brahmaputra (Neamatighat gauge),85.05,TRUE,41.59,0.489,1,5
Mizoram,1.0842283,1.084228277,1.084228277,19.7,0,Barak,20.5,FALSE,19.5,0.951,0,9
Arunachal Pradesh,0,0,5.97164958,26.2,0,Brahmaputra (Dibrugarh gauge),105.7,TRUE,63.53,0.601,0,6
Meghalaya,6.2611265,326.8013411,411.5151963,18.6,2,Brahmaputra (Dhubri gauge),28.62,TRUE,21.29,0.744,1,5
Meghalaya,7.244732,21.09497023,56.62397078,21.6,0,Brahmaputra (Goalpara gauge),36.27,TRUE,17.08,0.471,0,8
Mizoram,0,0,0,23.1,0,Tlawng,9,FALSE,4.05,0.45,0,11
Assam,64.71539,172.9240227,241.9492331,7.7,1,Brahmaputra (Dibrugarh gauge),105.7,TRUE,87.84,0.831,0,7
Assam,86.26279,173.67836,207.701027,4.3,0,Manas,33,FALSE,32.44,0.983,1,5
Mizoram,58.066685,76.69838572,227.2627826,19.4,0,Tlawng,9,FALSE,6.22,0.691,1,7
Meghalaya,57.202576,158.2169724,279.1392746,18.3,0,Brahmaputra (Dhubri gauge),28.62,TRUE,22.24,0.777,0,6
Manipur,17.665668,22.7619831,46.95762587,9.7,0,Doyang,18,FALSE,17.86,0.992,0,7
Tripura,192.60847,257.0513797,264.5247915,12.8,1,Gomti,12,FALSE,12.64,1.053,1,7
Meghalaya,58.734447,59.56896877,63.77719832,23.4,0,Barak,20.5,FALSE,12.79,0.624,1,9
Assam,9.418253,33.77406251,135.3795566,6.3,1,Brahmaputra (Goalpara gauge),36.27,TRUE,31.41,0.866,0,8
Meghalaya,0,22.28309822,291.6401024,18.9,0,Brahmaputra (Guwahati gauge),49.68,TRUE,41.18,0.829,0,7
Nagaland,0,13.68802452,13.9723742,14.6,1,Brahmaputra (Neamatighat gauge),85.05,TRUE,54.26,0.638,1,11
Arunachal Pradesh,12.360502,12.40302914,12.40302914,21.4,2,Brahmaputra (Dibrugarh gauge),105.7,TRUE,86.57,0.819,1,9
Mizoram,0,0.03509089,0.03509089,23.3,0,Tlawng,9,FALSE,3.52,0.391,0,12
Meghalaya,61.594135,118.7876987,123.0721211,14.7,0,Brahmaputra (Dhubri gauge),28.62,TRUE,14.65,0.512,1,3
Arunachal Pradesh,0.65405726,8.017350435,29.11105418,16.5,1,Dikrong,14,FALSE,5.46,0.39,1,5
Arunachal Pradesh,0,0.014710405,0.967171469,28.8,1,Brahmaputra (Dibrugarh gauge),105.7,TRUE,51.9,0.491,1,6
Assam,0,1.325686455,1.325686455,6.5,0,Brahmaputra (Tezpur gauge),65.23,TRUE,22.37,0.343,1,2
Arunachal Pradesh,0,0,2.772022486,9.4,0,Dikrong,14,FALSE,3.23,0.231,0,11
Arunachal Pradesh,4.3274937,4.976545691,110.9310306,33.6,0,Brahmaputra (Dibrugarh gauge),105.7,TRUE,71.35,0.675,0,6
Manipur,4.3521366,33.30761528,76.15679169,6.7,0,Doyang,18,FALSE,17.73,0.985,1,8
Tripura,0,4.018566966,7.728013545,20.2,1,Gomti,12,FALSE,5.38,0.448,0,4
Arunachal Pradesh,132.80783,195.3513803,262.4934638,28,1,Brahmaputra (Dibrugarh gauge),105.7,TRUE,97.03,0.918,0,7
Arunachal Pradesh,52.87242,78.88695621,245.2972364,29.1,2,Brahmaputra (Dibrugarh gauge),105.7,TRUE,69.23,0.655,1,4
Nagaland,0,0,0,11.6,1,Brahmaputra (Dibrugarh gauge),105.7,TRUE,29.91,0.283,0,11
Meghalaya,4.9503527,11.73262048,23.8225832,23,2,Brahmaputra (Guwahati gauge),49.68,TRUE,28.62,0.576,0,7
Arunachal Pradesh,0,2.234251976,2.234251976,28.9,1,Brahmaputra (Dibrugarh gauge),105.7,TRUE,93.54,0.885,1,9
Arunachal Pradesh,0,0,0,28,1,Brahmaputra (Dibrugarh gauge),105.7,TRUE,34.25,0.324,0,1
Meghalaya,51.00955,192.1054459,445.7537212,14.5,0,Brahmaputra (Dhubri gauge),28.62,TRUE,37.21,1.3,1,6
Mizoram,51.74821,71.27394176,121.125694,23.1,0,Tlawng,9,FALSE,6.19,0.688,0,8
Sikkim,0,20.08542967,31.35504842,33.4,1,Teesta,15,FALSE,13.06,0.871,1,10
Arunachal Pradesh,0,0.893816173,6.819999158,15.3,1,Dikrong,14,FALSE,6.08,0.434,0,3
Tripura,0,14.65164471,33.15201688,12.8,1,Tlawng,9,FALSE,7.55,0.839,1,5
Manipur,0,0,0,18,0,Imphal River,8,FALSE,4.04,0.505,1,12
Assam,0,1.361154556,1.361154556,9.3,1,Kopili,30,FALSE,10.77,0.359,1,11
Arunachal Pradesh,1.8474418,1.847441792,18.15581161,19.1,3,Brahmaputra (Dibrugarh gauge),105.7,TRUE,103.48,0.979,0,8
Arunachal Pradesh,0.15541792,7.037551641,30.93959379,17.4,0,Manas,33,FALSE,13.56,0.411,0,5
Manipur,1.8573085,9.164421797,72.03117156,10.7,0,Imphal River,8,FALSE,7.03,0.879,1,7
Tripura,60.537315,63.17068732,152.5908208,13.5,0,Khowai,10,FALSE,10.12,1.012,0,5
Nagaland,60.05706,105.9423561,209.7751138,17.4,0,Doyang,18,FALSE,14.58,0.81,1,8
Sikkim,0,0,0.186724365,31.9,1,Teesta,15,FALSE,6.19,0.413,0,1
Arunachal Pradesh,0,4.350573063,14.16203392,24.8,1,Brahmaputra (Dibrugarh gauge),105.7,TRUE,55.6,0.526,0,5
Assam,0,0,0.883068502,4.6,1,Brahmaputra (Goalpara gauge),36.27,TRUE,31.77,0.876,1,2
Arunachal Pradesh,4.373921,9.975086406,37.4968421,18.6,0,Brahmaputra (Dibrugarh gauge),105.7,TRUE,104.96,0.993,1,4
Sikkim,74.081276,223.8862076,303.3505456,33.6,1,Teesta,15,FALSE,14.86,0.991,1,6
Mizoram,1.5201695,36.08676505,50.30672383,25,0,Tlawng,9,FALSE,5.35,0.594,0,6
Meghalaya,120.20156,330.6040039,372.6156416,19.7,1,Brahmaputra (Goalpara gauge),36.27,TRUE,40.66,1.121,1,10
Arunachal Pradesh,2.2424612,37.34332371,91.14619446,13.8,0,Dikrong,14,FALSE,13.23,0.945,1,10
Meghalaya,0,9.673309326,21.03528269,24.7,2,Brahmaputra (Goalpara gauge),36.27,TRUE,29.63,0.817,1,10
Arunachal Pradesh,72.559875,73.15987551,129.3289295,31.1,1,Brahmaputra (Dibrugarh gauge),105.7,TRUE,111.72,1.057,1,7
Sikkim,4.2439785,10.1133039,18.16589212,34.2,1,Teesta,15,FALSE,13.88,0.925,1,5
Meghalaya,0,11.03347015,19.86076427,21.1,1,Kopili,30,FALSE,12.99,0.433,1,10
Tripura,0,10.34942722,18.66390848,20.2,1,Gomti,12,FALSE,4.68,0.39,0,5
Meghalaya,51.261578,52.76335275,282.239831,20.5,1,Brahmaputra (Guwahati gauge),49.68,TRUE,36.56,0.736,1,5
Meghalaya,106.45698,109.0551026,141.3397148,20.5,1,Brahmaputra (Guwahati gauge),49.68,TRUE,25.78,0.519,0,4
Sikkim,0,0,0.92211467,31.9,1,Teesta,15,FALSE,5.12,0.341,1,2
Arunachal Pradesh,46.481647,54.65337276,75.37027597,29.7,1,Brahmaputra (Dibrugarh gauge),105.7,TRUE,58.24,0.551,1,2
Arunachal Pradesh,60.401756,137.3969269,280.4299088,29.3,0,Brahmaputra (Dibrugarh gauge),105.7,TRUE,98.62,0.933,1,7
Tripura,0.96061635,20.73801541,231.1810849,18,1,Gomti,12,FALSE,10.13,0.844,1,6
Tripura,80.09146,169.5767479,207.5577121,14.8,1,Khowai,10,FALSE,7.63,0.763,1,6
Assam,0,0,8.704930305,6.3,1,Brahmaputra (Goalpara gauge),36.27,TRUE,21.83,0.602,0,3
Sikkim,55.81925,157.9240856,254.4873013,29.2,0,Teesta,15,FALSE,12.98,0.865,1,8
Mizoram,15.917517,16.9862878,42.41222521,23.1,0,Tlawng,9,FALSE,5.67,0.63,1,6
Sikkim,0,8.191456556,78.27820754,32.4,0,Teesta,15,FALSE,9.3,0.62,0,6
Sikkim,51.94863,97.36814308,106.4365457,24.1,0,Teesta,15,FALSE,8.5,0.567,0,10
Arunachal Pradesh,0,17.30679321,81.58401203,27.3,1,Brahmaputra (Dibrugarh gauge),105.7,TRUE,63.63,0.602,0,5
Meghalaya,0,1.181228399,5.484784126,20,3,Barak,20.5,FALSE,5.64,0.275,1,3
Arunachal Pradesh,92.636246,145.6915817,195.9401662,21.4,2,Brahmaputra (Dibrugarh gauge),105.7,TRUE,98.09,0.928,1,5
Manipur,0.16375823,11.2389483,16.63688071,18,0,Imphal River,8,FALSE,4.52,0.565,0,9
Assam,0,15.13533723,22.0144982,6,1,Brahmaputra (Dhubri gauge),28.62,TRUE,31.42,1.098,1,7
Assam,104.700775,209.3915167,346.9989436,6.7,0,Manas,33,FALSE,30.46,0.923,1,8
Arunachal Pradesh,59.011227,124.7335091,189.4554858,25.2,1,Brahmaputra (Dibrugarh gauge),105.7,TRUE,116.27,1.1,1,7
Arunachal Pradesh,15.491901,20.92819762,23.10213995,17.5,0,Subansiri,42,FALSE,22.55,0.537,0,8
Arunachal Pradesh,149.88342,286.6502686,326.0181409,33.6,2,Brahmaputra (Dibrugarh gauge),105.7,TRUE,107.07,1.013,1,6
Arunachal Pradesh,0,0,4.163921833,27.7,5,Brahmaputra (Dibrugarh gauge),105.7,TRUE,96.72,0.915,0,6
Meghalaya,61.675213,82.52595186,163.2967964,21.9,1,Brahmaputra (Guwahati gauge),49.68,TRUE,34.78,0.7,1,7
Manipur,0,0,0,18,0,Imphal River,8,FALSE,3.05,0.381,1,1
Assam,2.4012122,9.447204113,69.33073092,11.2,0,Brahmaputra (Dhubri gauge),28.62,TRUE,15.34,0.536,0,7
Arunachal Pradesh,6.442238,6.442237854,36.12456989,24.1,0,Brahmaputra (Dibrugarh gauge),105.7,TRUE,93.97,0.889,1,4
Meghalaya,54.260696,218.8292465,335.7844993,19.7,1,Brahmaputra (Goalpara gauge),36.27,TRUE,38.81,1.07,1,6
Mizoram,81.67185,166.0155735,246.2272053,23.6,0,Tlawng,9,FALSE,6.28,0.698,1,5
Arunachal Pradesh,3.0867035,3.086703539,8.472260475,28.5,0,Brahmaputra (Dibrugarh gauge),105.7,TRUE,41.75,0.395,0,3
Tripura,69.44344,238.839447,369.9587202,14.5,0,Khowai,10,FALSE,9.75,0.975,1,6
Arunachal Pradesh,0,16.51359653,38.76556683,30.3,0,Brahmaputra (Dibrugarh gauge),105.7,TRUE,87.73,0.83,0,3
Arunachal Pradesh,0,0,10.12863058,32.5,1,Brahmaputra (Dibrugarh gauge),105.7,TRUE,66.17,0.626,0,6
Manipur,0,8.13863492,31.70803714,8.4,2,Imphal River,8,FALSE,2.8,0.35,1,5
Arunachal Pradesh,0,17.24161458,101.1678066,29.1,4,Brahmaputra (Dibrugarh gauge),105.7,TRUE,58.03,0.549,1,10
Meghalaya,21.392918,42.08802557,45.31353033,19.7,1,Brahmaputra (Goalpara gauge),36.27,TRUE,35.07,0.967,1,6
Assam,8.699665,50.27385807,107.0471182,4.6,1,Brahmaputra (Tezpur gauge),65.23,TRUE,68.36,1.048,1,7
Mizoram,0,0.531038001,1.261629939,19.7,0,Barak,20.5,FALSE,9.51,0.464,0,4
Arunachal Pradesh,125.003,194.6269918,213.0727153,31.6,1,Brahmaputra (Dibrugarh gauge),105.7,TRUE,78.64,0.744,1,5
Nagaland,54.437565,57.28434873,64.76510119,17.9,0,Dhansiri,40,FALSE,19.28,0.482,1,4
Assam,0,3.569117308,52.25038457,5,0,Subansiri,42,FALSE,41.08,0.978,1,9
Arunachal Pradesh,0.0618459,6.198706448,6.232545961,28.5,1,Brahmaputra (Dibrugarh gauge),105.7,TRUE,45.87,0.434,0,9
Manipur,5.4031463,49.63371611,80.14241159,19.6,1,Barak,20.5,FALSE,9.41,0.459,1,5
Assam,0,0.852238953,7.746835694,7.3,0,Manas,33,FALSE,16.04,0.486,1,4
Sikkim,0,0,1.774278045,23.3,0,Teesta,15,FALSE,7.32,0.488,1,1
Meghalaya,0.005780474,0.005780474,0.005780474,18.7,0,Brahmaputra (Guwahati gauge),49.68,TRUE,40.14,0.808,0,2
Tripura,0,0,0,13.5,0,Khowai,10,FALSE,3.67,0.367,1,2
Mizoram,0.7065817,30.98793757,101.1628224,20.3,0,Tlawng,9,FALSE,10.64,1.182,1,9
Assam,32.282143,32.74753496,36.72004506,6.5,0,Manas,33,FALSE,36.37,1.102,0,6
Assam,8.723347,148.8216209,175.7786796,9.3,1,Kopili,30,FALSE,22.65,0.755,1,6
Mizoram,0,0,39.64218497,19.4,0,Tlawng,9,FALSE,3.57,0.397,0,10
Arunachal Pradesh,15.484551,19.41657393,131.2689094,29.7,1,Brahmaputra (Dibrugarh gauge),105.7,TRUE,86.25,0.816,0,4
Arunachal Pradesh,4.058167,21.29842138,48.58851793,15.9,0,Subansiri,42,FALSE,15.96,0.38,1,10
Tripura,2.7037528,5.266349554,9.653037429,14.9,0,Gomti,12,FALSE,5.44,0.453,0,3
Meghalaya,58.65569,192.7445793,396.2884102,20.5,1,Brahmaputra (Guwahati gauge),49.68,TRUE,48.84,0.983,1,8
Arunachal Pradesh,31.899456,78.73150444,182.3100109,30.5,1,Brahmaputra (Dibrugarh gauge),105.7,TRUE,60.88,0.576,1,10
Arunachal Pradesh,46.754795,70.09401703,135.8021502,27.7,5,Brahmaputra (Dibrugarh gauge),105.7,TRUE,73.88,0.699,1,8
Tripura,0,0,0,14.9,0,Gomti,12,FALSE,3.82,0.318,0,1
Arunachal Pradesh,4.821066,94.3664608,147.4922249,27.9,1,Brahmaputra (Dibrugarh gauge),105.7,TRUE,63.1,0.597,1,6
Nagaland,0,0,0,13.7,1,Brahmaputra (Neamatighat gauge),85.05,TRUE,34.45,0.405,1,12
Arunachal Pradesh,0,0,20.30195045,20.1,1,Subansiri,42,FALSE,11.72,0.279,1,5
Mizoram,6.5253863,33.46762609,127.5254378,22.2,1,Tlawng,9,FALSE,8.57,0.952,1,8
Manipur,9.385424,48.09112835,103.9829719,20.7,2,Barak,20.5,FALSE,18.14,0.885,1,7
Assam,5.0099807,34.56255078,80.4835279,7.3,0,Manas,33,FALSE,28.97,0.878,1,4
Arunachal Pradesh,0,0,1.999999762,33.2,2,Brahmaputra (Dibrugarh gauge),105.7,TRUE,42.07,0.398,0,11
Mizoram,0,0,0,19.7,0,Barak,20.5,FALSE,8.12,0.396,1,12
Sikkim,76.98367,193.7598457,248.3237801,34.2,1,Teesta,15,FALSE,13.6,0.907,1,6
Tripura,0,22.27198982,47.83285022,18,1,Gomti,12,FALSE,5.18,0.432,0,6
Arunachal Pradesh,0,2.842790276,14.75485727,16.5,1,Dikrong,14,FALSE,5.98,0.427,1,2
Tripura,0.5048868,17.63340968,31.08241954,20.2,1,Gomti,12,FALSE,8.22,0.685,0,6
Sikkim,0,0,2.022912502,32.4,0,Teesta,15,FALSE,4.83,0.322,0,11
Meghalaya,0.7818981,11.07298332,11.90286699,23.5,1,Barak,20.5,FALSE,10.02,0.489,1,9
Sikkim,88.30393,205.6825066,262.7418122,31.9,1,Teesta,15,FALSE,12.82,0.855,1,6
Tripura,0,0,0,17.3,0,Gomti,12,FALSE,4.1,0.342,0,12
Assam,56.17424,273.8112564,390.4889792,4.3,0,Manas,33,FALSE,35.38,1.072,1,6
Meghalaya,243.6767,272.2387428,369.4477644,17.7,1,Brahmaputra (Goalpara gauge),36.27,TRUE,36.2,0.998,1,5
Assam,0,12.88562775,66.08241829,6.9,0,Brahmaputra (Guwahati gauge),49.68,TRUE,26.58,0.535,0,6
Mizoram,20.115746,38.75616455,96.84464264,19.4,0,Tlawng,9,FALSE,5.53,0.614,0,9
Mizoram,55.49927,55.96680433,55.96680433,24,1,Tlawng,9,FALSE,3.33,0.37,1,5
Mizoram,104.39228,186.4806194,281.0532222,22.2,1,Tlawng,9,FALSE,8.13,0.903,1,5
Meghalaya,6.558078,26.78821468,88.95306206,20.9,2,Barak,20.5,FALSE,21.12,1.03,1,8
Mizoram,0,0,0,19.4,0,Tlawng,9,FALSE,2.57,0.286,0,12
Meghalaya,0,0,0,20.6,0,Brahmaputra (Dhubri gauge),28.62,TRUE,9.39,0.328,0,10
Tripura,58.234684,103.3437204,111.2029233,17.2,0,Gomti,12,FALSE,6.01,0.501,1,9
Sikkim,1.297432,36.39862633,105.3351389,28,1,Teesta,15,FALSE,7.36,0.491,0,5
Manipur,0,0,0,6.7,0,Doyang,18,FALSE,8.84,0.491,0,12
Arunachal Pradesh,0.82177347,61.42168158,121.473638,30.5,1,Brahmaputra (Dibrugarh gauge),105.7,TRUE,59.83,0.566,1,9
Manipur,0,10.99212456,36.52982128,18.6,1,Imphal River,8,FALSE,7.26,0.908,0,7
Arunachal Pradesh,0,0.976632595,37.30901003,24.7,1,Brahmaputra (Dibrugarh gauge),105.7,TRUE,71.14,0.673,0,7
Nagaland,0.6573253,49.21588665,108.5480948,16.8,2,Brahmaputra (Dibrugarh gauge),105.7,TRUE,69.13,0.654,0,9
Arunachal Pradesh,79.0475,112.995923,145.2941794,13.8,0,Dikrong,14,FALSE,8.88,0.634,1,8
Meghalaya,3.695704,4.895673513,36.90596569,18.2,1,Manas,33,FALSE,35.01,1.061,1,8
Meghalaya,0,0,0,21.9,1,Brahmaputra (Guwahati gauge),49.68,TRUE,44.07,0.887,0,11
Arunachal Pradesh,1.4049152,2.762862921,3.060915053,32.5,1,Brahmaputra (Dibrugarh gauge),105.7,TRUE,54.44,0.515,0,2
Arunachal Pradesh,22.636034,69.97847748,151.2672997,9.4,0,Dikrong,14,FALSE,9.03,0.645,0,7
Meghalaya,0,0.431514889,5.593423039,15.7,1,Brahmaputra (Dhubri gauge),28.62,TRUE,25.16,0.879,1,6
Assam,0,61.4153223,61.4153223,8.3,0,Brahmaputra (Goalpara gauge),36.27,TRUE,20.82,0.574,1,9
Sikkim,26.012442,38.49093223,145.0790203,33.6,1,Teesta,15,FALSE,8.52,0.568,0,5
Sikkim,28.536335,42.81500816,45.40426993,34.9,3,Teesta,15,FALSE,5.31,0.354,1,10
Meghalaya,0,0.299005777,4.707311898,23,0,Kopili,30,FALSE,13.2,0.44,1,9
Assam,6.3014708,17.50756645,39.298069,6.8,0,Brahmaputra (Tezpur gauge),65.23,TRUE,40.83,0.626,0,7
Arunachal Pradesh,17.871412,32.38783932,58.95450175,20.4,0,Brahmaputra (Tezpur gauge),65.23,TRUE,34.64,0.531,0,5
Manipur,60.329746,179.7515221,206.0902912,16.8,0,Barak,20.5,FALSE,22.08,1.077,1,6
Assam,12.2077055,19.86366653,19.86366653,4.9,1,Manas,33,FALSE,11.42,0.346,0,5
Nagaland,54.272045,56.71313334,149.0366416,13.7,1,Brahmaputra (Neamatighat gauge),85.05,TRUE,42.01,0.494,1,4
Meghalaya,0,0,0,15.9,1,Brahmaputra (Dhubri gauge),28.62,TRUE,16.43,0.574,1,3
Arunachal Pradesh,27.2,194.1999893,229.3999898,35.6,1,Brahmaputra (Dibrugarh gauge),105.7,TRUE,119.34,1.129,1,6
Manipur,5.8317757,24.63047242,67.73583215,13.9,1,Imphal River,8,FALSE,5.84,0.73,0,8
Nagaland,0,0,0,17.5,2,Dhansiri,40,FALSE,11.08,0.277,1,12
Tripura,85.81984,196.2270889,265.2878184,12.8,1,Gomti,12,FALSE,10.81,0.901,1,6
Mizoram,29.926899,36.82365823,88.63398004,20.3,0,Tlawng,9,FALSE,3.94,0.438,0,6
Arunachal Pradesh,0.119765356,0.119765356,0.119765356,22.2,1,Brahmaputra (Dibrugarh gauge),105.7,TRUE,32.13,0.304,1,12
Nagaland,4.362304,12.28930497,51.88161534,17.4,0,Doyang,18,FALSE,10.62,0.59,0,5
Tripura,2.0013185,8.764963508,22.20660701,12.8,1,Gomti,12,FALSE,5.18,0.432,1,9
Assam,0,0,9.214539528,4.3,0,Manas,33,FALSE,11.42,0.346,1,5
Manipur,0,0,8.670940161,14.2,0,Imphal River,8,FALSE,8.2,1.025,1,10
Arunachal Pradesh,0,0,0,30.2,1,Brahmaputra (Dibrugarh gauge),105.7,TRUE,34.46,0.326,1,1
Assam,161.55981,169.6524307,249.483663,6.3,0,Brahmaputra (Goalpara gauge),36.27,TRUE,32.72,0.902,1,8
Mizoram,108.60364,192.3994236,292.3364649,23.3,0,Tlawng,9,FALSE,6.88,0.764,1,5
Mizoram,63.559315,68.19963682,84.96506628,22.1,2,Tlawng,9,FALSE,5.74,0.638,1,7
Manipur,3.6375344,7.064635992,52.72323489,9.7,0,Doyang,18,FALSE,9.86,0.548,0,6
Nagaland,0,2.925574362,7.536622584,20.5,0,Kopili,30,FALSE,26.22,0.874,1,4
Arunachal Pradesh,19.952341,45.3669405,134.9211884,27.8,0,Brahmaputra (Dibrugarh gauge),105.7,TRUE,102.85,0.973,0,7
Nagaland,0,0.204634979,24.31206734,15.4,0,Dikrong,14,FALSE,5.04,0.36,0,3
Arunachal Pradesh,2.474347,3.374405801,9.655243635,19.6,3,Subansiri,42,FALSE,14.24,0.339,0,12
Meghalaya,30.987118,65.8383379,89.98169355,17.7,1,Brahmaputra (Goalpara gauge),36.27,TRUE,22.41,0.618,1,6
Nagaland,97.22261,141.20506,145.2701411,13.2,1,Brahmaputra (Neamatighat gauge),85.05,TRUE,80.37,0.945,1,7
Meghalaya,145.45158,296.7721987,395.3873563,24.2,0,Brahmaputra (Goalpara gauge),36.27,TRUE,47.15,1.3,1,6
Nagaland,30.7753,41.96390653,113.3271713,18,1,Brahmaputra (Tezpur gauge),65.23,TRUE,25.96,0.398,1,5
Tripura,50.717617,217.4980216,297.6621882,17.1,0,Gomti,12,FALSE,10.55,0.879,0,8
Tripura,0,0,0,17.3,0,Gomti,12,FALSE,4.03,0.336,1,1
Assam,0.41819504,26.12699249,347.6275695,4.9,1,Manas,33,FALSE,28.97,0.878,0,6
Nagaland,0.83828217,0.838282168,0.838282168,15.4,0,Dikrong,14,FALSE,13.12,0.937,1,12
Manipur,0,0,0,16.8,0,Barak,20.5,FALSE,7.05,0.344,0,1
Arunachal Pradesh,100.568436,119.9782348,260.1639209,31.6,1,Brahmaputra (Dibrugarh gauge),105.7,TRUE,91.64,0.867,1,4
Assam,0,0,0,5.7,1,Manas,33,FALSE,32.21,0.976,1,1
Arunachal Pradesh,0,0.663742423,1.130998515,20.8,0,Brahmaputra (Dibrugarh gauge),105.7,TRUE,33.4,0.316,0,2
Arunachal Pradesh,128.64026,181.8813167,194.1759889,23.4,1,Brahmaputra (Dibrugarh gauge),105.7,TRUE,78.11,0.739,1,5
Assam,34.291622,143.1376705,201.206377,4.3,0,Brahmaputra (Tezpur gauge),65.23,TRUE,84.28,1.292,1,7
Arunachal Pradesh,78.504654,106.148093,161.840992,23.7,1,Brahmaputra (Dibrugarh gauge),105.7,TRUE,76.32,0.722,0,8
Arunachal Pradesh,3.7971008,9.563817739,12.57500249,28.8,1,Brahmaputra (Dibrugarh gauge),105.7,TRUE,55.7,0.527,1,7
Arunachal Pradesh,0,0,0,28.6,0,Brahmaputra (Dibrugarh gauge),105.7,TRUE,71.14,0.673,0,2
Arunachal Pradesh,0,0,2.078777313,31.6,1,Brahmaputra (Dibrugarh gauge),105.7,TRUE,49.04,0.464,1,5
Tripura,0,0,0,13.7,0,Gomti,12,FALSE,3.74,0.312,1,12
Meghalaya,295.38037,472.397089,507.6826648,20.2,0,Brahmaputra (Guwahati gauge),49.68,TRUE,64.58,1.3,1,6
Meghalaya,0,0,0,27.5,3,Brahmaputra (Guwahati gauge),49.68,TRUE,13.76,0.277,1,1
Assam,60.458466,160.4104538,361.6471996,4.8,0,Brahmaputra (Tezpur gauge),65.23,TRUE,62.23,0.954,1,6
Arunachal Pradesh,51.253952,126.4203262,128.4140891,30.3,0,Brahmaputra (Dibrugarh gauge),105.7,TRUE,65.75,0.622,1,4
Arunachal Pradesh,0,0,23.14728853,27.7,5,Brahmaputra (Dibrugarh gauge),105.7,TRUE,46.61,0.441,0,5
Arunachal Pradesh,94.677574,216.6613274,350.0961113,29.1,1,Brahmaputra (Dibrugarh gauge),105.7,TRUE,105.7,1,1,6
Meghalaya,7.182259,11.41324238,35.52319054,22.3,0,Brahmaputra (Guwahati gauge),49.68,TRUE,47.89,0.964,1,8
Nagaland,53.620014,106.6213322,166.6406341,15.4,0,Dikrong,14,FALSE,6.34,0.453,0,5
Manipur,4.1979804,31.62014163,138.1477355,15.8,1,Doyang,18,FALSE,10.64,0.591,0,6
Assam,0,0,0,11.2,0,Brahmaputra (Dhubri gauge),28.62,TRUE,9.42,0.329,0,4
Manipur,18.495584,74.19311261,157.1305521,10.7,0,Imphal River,8,FALSE,9.37,1.171,1,7
Nagaland,16.670902,20.49775988,22.75550932,11.2,0,Doyang,18,FALSE,17.12,0.951,0,6
Meghalaya,43.471985,111.846806,355.802511,16.4,0,Brahmaputra (Dhubri gauge),28.62,TRUE,23.15,0.809,0,5
Arunachal Pradesh,2.558113,2.558113098,12.65614176,22.2,1,Brahmaputra (Dibrugarh gauge),105.7,TRUE,88.47,0.837,1,4
Arunachal Pradesh,82.23419,82.33228793,223.104332,31.1,1,Brahmaputra (Dibrugarh gauge),105.7,TRUE,91.96,0.87,0,8
Assam,0,0,0,5.5,0,Manas,33,FALSE,12.38,0.375,0,10
Arunachal Pradesh,0,4.272199631,38.70649472,34,0,Brahmaputra (Dibrugarh gauge),105.7,TRUE,43.76,0.414,1,11
Manipur,3.1483247,13.53606892,13.53606892,16,2,Imphal River,8,FALSE,3.3,0.412,0,5
Nagaland,0,40.58332407,44.61433327,17.8,0,Dikrong,14,FALSE,13.4,0.957,1,9
Arunachal Pradesh,3.176683,8.898531318,25.79432356,9.4,0,Dikrong,14,FALSE,6.36,0.454,0,8
Mizoram,0,0,8.745596647,19.7,0,Barak,20.5,FALSE,7.34,0.358,1,4
Arunachal Pradesh,50.00643,72.95631254,80.84091699,15.3,1,Dikrong,14,FALSE,6.02,0.43,0,5
Mizoram,54.273014,97.81561089,201.9598026,23.4,0,Tlawng,9,FALSE,11.21,1.246,1,9
Meghalaya,0,86.16879082,654.8641186,17.5,0,Brahmaputra (Dhubri gauge),28.62,TRUE,37.21,1.3,1,6
Arunachal Pradesh,0,0,0,29.4,1,Brahmaputra (Dibrugarh gauge),105.7,TRUE,32.45,0.307,1,12
Mizoram,9.862921,26.86040449,86.0166564,23.3,0,Tlawng,9,FALSE,8.72,0.969,0,8
Assam,57.089214,61.88811174,62.14819956,5,0,Brahmaputra (Dibrugarh gauge),105.7,TRUE,60.78,0.575,1,4
Arunachal Pradesh,11.03013,12.57811266,31.83162075,24.1,0,Brahmaputra (Dibrugarh gauge),105.7,TRUE,48.73,0.461,1,3
Assam,0.57984185,3.692783833,11.5001092,3.2,1,Manas,33,FALSE,18.51,0.561,1,8
Arunachal Pradesh,3.959261,122.0296726,330.2637768,28.1,0,Brahmaputra (Dibrugarh gauge),105.7,TRUE,99.68,0.943,1,7
Meghalaya,99.16441,139.6519113,367.5284181,24.2,0,Brahmaputra (Goalpara gauge),36.27,TRUE,38.41,1.059,1,8
Arunachal Pradesh,1.3331512,106.0875162,355.9325592,28.8,1,Brahmaputra (Dibrugarh gauge),105.7,TRUE,99.89,0.945,0,7
Mizoram,0,0,0,24,1,Tlawng,9,FALSE,4.16,0.462,1,3
Arunachal Pradesh,0,4.037140846,41.11537206,17.4,1,Dikrong,14,FALSE,6.17,0.441,0,5
Assam,9.964845,14.90522021,27.87497634,11.2,0,Brahmaputra (Dhubri gauge),28.62,TRUE,24.9,0.87,1,5
Arunachal Pradesh,15.899498,34.87078667,34.87078667,27.1,0,Brahmaputra (Dibrugarh gauge),105.7,TRUE,42.91,0.406,0,4
Meghalaya,3.8096933,68.79378605,172.5436563,20,3,Barak,20.5,FALSE,17.49,0.853,1,8
Arunachal Pradesh,18.72199,29.2433182,42.00999177,34,0,Brahmaputra (Dibrugarh gauge),105.7,TRUE,52.64,0.498,1,2
Sikkim,3.198314,3.198313951,3.198313951,35.2,1,Teesta,15,FALSE,6.09,0.406,1,2
Tripura,0,0,0,17.1,0,Gomti,12,FALSE,4.1,0.342,1,3
Arunachal Pradesh,183.19998,543.5999756,653.4999657,35.6,1,Brahmaputra (Dibrugarh gauge),105.7,TRUE,131.39,1.243,1,7
Tripura,86.73001,307.0029488,400.9963779,13.5,0,Gomti,12,FALSE,15.6,1.3,1,8
Arunachal Pradesh,0,0.403024346,9.377028495,26.3,0,Brahmaputra (Dibrugarh gauge),105.7,TRUE,56.44,0.534,0,3
Nagaland,5.6562595,147.5611286,165.3588268,12.2,1,Dikrong,14,FALSE,9,0.643,0,6
Tripura,4.1931443,11.81481288,129.6339743,16.3,0,Gomti,12,FALSE,12.66,1.055,1,9
Assam,78.25235,219.0727043,221.7262447,8.3,1,Brahmaputra (Goalpara gauge),36.27,TRUE,42.33,1.167,1,9
Mizoram,16.635,59.85451317,84.81184006,19.4,0,Tlawng,9,FALSE,5.9,0.655,1,9
Assam,0,0,0.270364285,9.3,1,Kopili,30,FALSE,10.08,0.336,1,1
Nagaland,0,0,0,10.6,0,Brahmaputra (Neamatighat gauge),85.05,TRUE,38.19,0.449,1,1
Assam,2.875296,9.04317522,87.58889866,10.2,0,Manas,33,FALSE,26.9,0.815,1,9
Manipur,2.9824843,7.680963367,9.073266953,10.7,0,Imphal River,8,FALSE,4.54,0.567,0,7
Manipur,0,37.04293823,96.27004957,17.5,1,Barak,20.5,FALSE,14.23,0.694,1,9
Meghalaya,104.54645,605.8639069,1654.10193,20.5,1,Brahmaputra (Guwahati gauge),49.68,TRUE,64.24,1.293,1,6
Meghalaya,0.6194437,0.619443715,0.619443715,17.3,0,Brahmaputra (Goalpara gauge),36.27,TRUE,31.08,0.857,0,11
Tripura,68.02896,71.65031052,71.65031052,14.8,1,Khowai,10,FALSE,5.43,0.543,1,2
Mizoram,15.9219265,60.71174526,153.2743349,19.4,0,Tlawng,9,FALSE,8.18,0.909,0,8
Mizoram,61.25667,114.950489,154.2038727,24.2,1,Tlawng,9,FALSE,4.4,0.489,1,5
Sikkim,0,0,0,33.6,1,Teesta,15,FALSE,7.5,0.5,1,2
Tripura,6.6900167,32.83546422,37.76185672,20.2,1,Gomti,12,FALSE,9.92,0.827,0,6
Assam,42.074062,167.446907,371.1369658,6,1,Brahmaputra (Dhubri gauge),28.62,TRUE,29.19,1.02,1,7
Meghalaya,61.43661,144.3403225,198.1670614,21.3,1,Brahmaputra (Goalpara gauge),36.27,TRUE,32.03,0.883,1,8
Manipur,0.12781458,40.857096,40.857096,14.2,1,Imphal River,8,FALSE,6.82,0.853,1,11
Sikkim,42.954346,157.3265076,201.5424671,33.4,1,Teesta,15,FALSE,14.6,0.973,1,6
Meghalaya,0,1.955847859,11.37616551,18.8,0,Brahmaputra (Guwahati gauge),49.68,TRUE,31,0.624,1,9
Arunachal Pradesh,88.95414,113.5859228,194.5875367,21.4,2,Brahmaputra (Dibrugarh gauge),105.7,TRUE,61.2,0.579,1,3
Sikkim,0,0.217888445,0.217888445,29.8,2,Teesta,15,FALSE,5.94,0.396,0,2
Arunachal Pradesh,16.778172,22.87367916,30.45894354,26.1,0,Brahmaputra (Dibrugarh gauge),105.7,TRUE,41.54,0.393,0,12
Arunachal Pradesh,0,0,0,32.5,1,Brahmaputra (Dibrugarh gauge),105.7,TRUE,40.91,0.387,0,12
Assam,0,32.8517704,234.7178364,3.9,0,Brahmaputra (Guwahati gauge),49.68,TRUE,51.12,1.029,1,6
Arunachal Pradesh,0,0.008298825,0.008298825,19.1,3,Brahmaputra (Dibrugarh gauge),105.7,TRUE,48.73,0.461,0,1
Meghalaya,16.260328,35.04493952,65.64687252,16,0,Brahmaputra (Goalpara gauge),36.27,TRUE,23.18,0.639,0,7
Arunachal Pradesh,0.5296248,0.52962482,1.218137026,31.6,1,Brahmaputra (Dibrugarh gauge),105.7,TRUE,69.34,0.656,0,6
Assam,120.247795,162.6273248,169.2217087,8.1,2,Kopili,30,FALSE,20.55,0.685,1,5
Tripura,0.4850941,0.606367625,0.606367625,18,1,Gomti,12,FALSE,5.34,0.445,1,2
Mizoram,32.76031,76.83780813,84.19364023,22.9,1,Tlawng,9,FALSE,7.42,0.825,1,5
Meghalaya,126.13176,231.1696434,315.6437902,27.5,3,Brahmaputra (Guwahati gauge),49.68,TRUE,50.08,1.008,1,6
Assam,16.565853,147.0985374,207.2317132,3,0,Dikrong,14,FALSE,11.55,0.825,0,6
Sikkim,0,14.84848237,54.685817,33.4,1,Teesta,15,FALSE,14.34,0.956,0,9
Manipur,7.464104,7.464104176,10.04514098,14.2,1,Imphal River,8,FALSE,3.2,0.4,0,4
Mizoram,0,0,0.953053564,22.1,2,Tlawng,9,FALSE,3.69,0.41,0,12
Mizoram,0,2.34663868,11.58100224,25,0,Tlawng,9,FALSE,4.17,0.463,1,5
Manipur,6.647268,7.459978476,9.063866392,16,0,Imphal River,8,FALSE,3.2,0.4,0,5
Meghalaya,1.8586174,2.025001369,2.025001369,18.2,1,Manas,33,FALSE,10.86,0.329,1,2
Arunachal Pradesh,86.95193,150.9165592,175.7028565,31.1,1,Brahmaputra (Dibrugarh gauge),105.7,TRUE,86.25,0.816,1,9
Assam,61.303387,66.51174164,99.0919013,7.7,1,Brahmaputra (Dibrugarh gauge),105.7,TRUE,56.66,0.536,0,8
Arunachal Pradesh,11.504828,16.92856595,134.2950439,30.5,1,Brahmaputra (Dibrugarh gauge),105.7,TRUE,60.35,0.571,1,6
Mizoram,0.48825687,49.95375866,354.9061398,24.8,0,Tlawng,9,FALSE,8.95,0.994,1,6
Arunachal Pradesh,0,2.651938915,2.651938915,20.7,1,Subansiri,42,FALSE,10.12,0.241,1,11
Arunachal Pradesh,0,0.000146433,13.36819379,23.1,1,Subansiri,42,FALSE,16.59,0.395,1,1
Arunachal Pradesh,5.5295577,6.794670939,13.3404789,20.7,2,Subansiri,42,FALSE,13.52,0.322,1,3
Mizoram,31.319645,36.16875219,113.7869331,25.9,0,Barak,20.5,FALSE,16.5,0.805,0,7
Arunachal Pradesh,0.8983804,0.898380399,6.946476817,9.4,0,Dikrong,14,FALSE,6.44,0.46,1,3
Tripura,0,0,38.82680061,16.3,0,Gomti,12,FALSE,7.09,0.591,0,12
Nagaland,136.15909,167.9053454,174.3117132,17.8,0,Dikrong,14,FALSE,9.77,0.698,0,5
Arunachal Pradesh,0,0,0,13.8,0,Dikrong,14,FALSE,5.22,0.373,1,12
Meghalaya,128.87247,199.6697979,319.9014683,15.9,1,Brahmaputra (Dhubri gauge),28.62,TRUE,31.08,1.086,1,7
Mizoram,3.8058138,23.43371829,371.2060228,23.1,2,Khowai,10,FALSE,10.71,1.071,1,6
Nagaland,3.3340986,33.66519618,114.3424795,16.6,1,Brahmaputra (Dibrugarh gauge),105.7,TRUE,67.54,0.639,0,6
Assam,59.14033,65.2153883,212.2263575,3.3,0,Subansiri,42,FALSE,46.03,1.096,0,6
Assam,151.89113,178.5241866,226.9444196,1.3,0,Dikrong,14,FALSE,13.48,0.963,1,6
Manipur,0,0,31.16004077,14.2,0,Imphal River,8,FALSE,3.46,0.432,1,4
Manipur,0.57054913,27.60367978,72.43762314,17.3,1,Barak,20.5,FALSE,20.56,1.003,1,8
Meghalaya,56.818844,66.52862191,89.44207484,22,0,Brahmaputra (Guwahati gauge),49.68,TRUE,23.35,0.47,1,10
Nagaland,54.668236,64.66748719,89.11019711,13.7,1,Brahmaputra (Neamatighat gauge),85.05,TRUE,83.86,0.986,1,8
Mizoram,0,0,0,24.2,1,Tlawng,9,FALSE,4.24,0.471,1,3
Sikkim,0,0,0,33.6,1,Teesta,15,FALSE,7.29,0.486,0,2
Meghalaya,89.17694,271.4697876,321.950251,18.6,2,Brahmaputra (Dhubri gauge),28.62,TRUE,29.02,1.014,1,7
Manipur,43.979378,54.33324146,57.98561096,19.2,0,Tlawng,9,FALSE,5.25,0.583,0,9
Nagaland,0,0,0,20.5,0,Kopili,30,FALSE,10.44,0.348,0,12
Nagaland,0,0,0,19.5,0,Kopili,30,FALSE,11.61,0.387,1,2
Meghalaya,0,0,0,19.7,0,Brahmaputra (Goalpara gauge),36.27,TRUE,12.01,0.331,0,1
Arunachal Pradesh,56.6,225.1999893,343.0999889,35.6,1,Brahmaputra (Dibrugarh gauge),105.7,TRUE,101.58,0.961,1,8
Assam,162.5889,460.0554962,790.0112686,10.2,0,Manas,33,FALSE,37.79,1.145,1,6
Meghalaya,1.1353661,67.70279586,212.351302,18.6,2,Brahmaputra (Dhubri gauge),28.62,TRUE,24.41,0.853,1,8
Arunachal Pradesh,0.1147139,2.517539017,16.64741834,9.4,0,Dikrong,14,FALSE,9.74,0.696,1,7
Meghalaya,5.7180567,11.86983383,62.02788927,24.7,2,Brahmaputra (Goalpara gauge),36.27,TRUE,24.34,0.671,1,9
Meghalaya,0,2.071602762,12.60778874,20.2,0,Brahmaputra (Guwahati gauge),49.68,TRUE,18.23,0.367,1,5
Arunachal Pradesh,46.244408,60.58176708,116.3506951,23.9,0,Brahmaputra (Dibrugarh gauge),105.7,TRUE,70.92,0.671,1,6
Sikkim,1.1398077,7.639697075,115.7141733,29.7,3,Teesta,15,FALSE,10.71,0.714,0,8
Mizoram,0,0.33381781,15.04444472,21.9,2,Tlawng,9,FALSE,8.75,0.972,0,10
Nagaland,0.48366323,9.256635517,11.0205304,21.7,0,Dhansiri,40,FALSE,30.12,0.753,0,6
Arunachal Pradesh,0,0,0,30.3,0,Brahmaputra (Dibrugarh gauge),105.7,TRUE,42.81,0.405,1,12
Arunachal Pradesh,24.531212,38.06571662,386.2976979,32.5,1,Brahmaputra (Dibrugarh gauge),105.7,TRUE,114.16,1.08,1,7
Arunachal Pradesh,0,0,0,19.3,0,Dikrong,14,FALSE,6.19,0.442,1,10
Manipur,20.927221,34.83187115,41.04541868,9,0,Doyang,18,FALSE,17.42,0.968,1,6
Arunachal Pradesh,0,0,0,26.3,0,Brahmaputra (Dibrugarh gauge),105.7,TRUE,36.78,0.348,1,12
Mizoram,7.630318,14.02495146,65.19374323,25.8,0,Tlawng,9,FALSE,5.17,0.574,0,6
Arunachal Pradesh,0,128.2876782,129.0459075,23.1,1,Brahmaputra (Dibrugarh gauge),105.7,TRUE,80.75,0.764,0,9
Assam,0,12.9357866,89.41975391,11.2,0,Brahmaputra (Dhubri gauge),28.62,TRUE,17.52,0.612,0,7
Mizoram,99.52449,144.1452312,243.0612698,20.4,0,Tlawng,9,FALSE,8.26,0.918,1,7
Assam,2.2972455,2.297245502,2.297245502,11.2,0,Brahmaputra (Dhubri gauge),28.62,TRUE,8.76,0.306,0,2
Assam,6.8709617,6.870961666,14.19651461,5.9,0,Brahmaputra (Dhubri gauge),28.62,TRUE,10.96,0.383,1,5
Arunachal Pradesh,30.233099,123.954443,157.3348229,15.3,1,Dikrong,14,FALSE,10.74,0.767,0,8
Manipur,0,0,0,15.9,3,Imphal River,8,FALSE,2.06,0.257,0,1
Sikkim,30.111578,46.89446259,77.26553059,31.5,1,Teesta,15,FALSE,8.16,0.544,0,4
Tripura,4.793277,39.22277665,334.7973197,12.8,1,Tlawng,9,FALSE,9.01,1.001,0,6
Meghalaya,21.70113,25.35746428,37.88952917,18.7,0,Brahmaputra (Guwahati gauge),49.68,TRUE,41.33,0.832,0,9
Manipur,3.348613,4.392890692,4.392890692,16,2,Imphal River,8,FALSE,1.79,0.224,0,11
Tripura,2.1865697,42.77645922,142.1032243,13.3,2,Khowai,10,FALSE,9.57,0.957,1,9
Tripura,0,0,0,14.2,0,Khowai,10,FALSE,4.64,0.464,0,3
Sikkim,10.69517,50.43253899,110.7903103,28.8,0,Teesta,15,FALSE,14.4,0.96,1,8
Arunachal Pradesh,0,7.912215233,8.459760725,19.1,3,Brahmaputra (Dibrugarh gauge),105.7,TRUE,101.47,0.96,1,1
Manipur,88.86184,167.9869347,195.1034126,18.6,1,Imphal River,8,FALSE,4.53,0.566,0,5
Assam,142.84758,176.4705,246.4879568,6.4,0,Brahmaputra (Dhubri gauge),28.62,TRUE,28.28,0.988,1,7
Assam,63.469196,95.25620461,100.5880921,11.2,0,Brahmaputra (Dhubri gauge),28.62,TRUE,14.37,0.502,1,8
Arunachal Pradesh,34.971455,41.12864137,168.7231781,31.9,1,Brahmaputra (Dibrugarh gauge),105.7,TRUE,85.72,0.811,1,4
Manipur,51.326843,52.64037549,93.35122144,15.3,0,Imphal River,8,FALSE,4.82,0.603,0,6
Tripura,39.43632,54.43443274,116.532102,14.4,2,Gomti,12,FALSE,7.28,0.607,0,7
Tripura,84.63685,87.51093668,146.9497375,15.2,0,Tlawng,9,FALSE,6.93,0.77,0,7
Arunachal Pradesh,0,3.35950017,6.71900034,16.5,1,Dikrong,14,FALSE,5.67,0.405,0,10
Arunachal Pradesh,3.9882257,11.53860021,15.72115004,18.6,0,Brahmaputra (Dibrugarh gauge),105.7,TRUE,95.87,0.907,1,9
Meghalaya,0,0,0,15.9,1,Brahmaputra (Dhubri gauge),28.62,TRUE,13.85,0.484,0,11
Meghalaya,0.73683995,0.73683995,0.73683995,25.6,0,Brahmaputra (Guwahati gauge),49.68,TRUE,14.01,0.282,0,4
Arunachal Pradesh,1.4757903,121.4400284,431.8372945,27.2,0,Brahmaputra (Dibrugarh gauge),105.7,TRUE,114.16,1.08,1,7
Arunachal Pradesh,67.116455,78.36253929,181.947356,31.1,1,Brahmaputra (Dibrugarh gauge),105.7,TRUE,120.39,1.139,1,7
Arunachal Pradesh,0,12.36401578,27.06541596,28,1,Brahmaputra (Dibrugarh gauge),105.7,TRUE,104.43,0.988,0,7
Sikkim,54.76054,158.6313667,260.3934574,27.7,0,Teesta,15,FALSE,13.1,0.873,1,8
Assam,55.926548,132.1728115,209.1965885,9.2,1,Manas,33,FALSE,32.57,0.987,0,7
Arunachal Pradesh,0,0,0,30.2,1,Brahmaputra (Dibrugarh gauge),105.7,TRUE,42.91,0.406,1,2
Arunachal Pradesh,80.447716,173.8692856,179.8556049,30.2,1,Brahmaputra (Dibrugarh gauge),105.7,TRUE,74.41,0.704,1,6
Meghalaya,0.3670091,36.5166592,50.57709068,22,0,Brahmaputra (Guwahati gauge),49.68,TRUE,31.99,0.644,1,6
Assam,0,0,0,4.6,1,Brahmaputra (Goalpara gauge),36.27,TRUE,16.18,0.446,1,5
Mizoram,2.3096666,10.37318322,75.49744794,20.8,0,Tlawng,9,FALSE,5.9,0.656,1,6
Tripura,0.2549789,34.41746688,88.64481589,18,1,Gomti,12,FALSE,6.6,0.55,1,4
Meghalaya,69.05607,84.75492868,217.2070532,22,0,Brahmaputra (Guwahati gauge),49.68,TRUE,38.6,0.777,1,6
Meghalaya,0,0,2.620714903,27.5,3,Brahmaputra (Guwahati gauge),49.68,TRUE,19.28,0.388,1,12
Meghalaya,0,5.728835583,10.10935593,23,2,Brahmaputra (Guwahati gauge),49.68,TRUE,17.34,0.349,1,10
Assam,18.41785,42.24374199,144.8746958,10.2,0,Manas,33,FALSE,27.56,0.835,0,7
Assam,60.947773,194.742672,216.1501637,6.7,1,Brahmaputra (Dhubri gauge),28.62,TRUE,26.62,0.93,1,9
Meghalaya,0,0,23.72676605,17.3,0,Brahmaputra (Goalpara gauge),36.27,TRUE,31.55,0.87,1,10
Meghalaya,62.97416,231.0108547,390.1986637,14.5,0,Brahmaputra (Dhubri gauge),28.62,TRUE,37.21,1.3,0,7
Arunachal Pradesh,39.056404,97.93808985,134.3873395,23.9,0,Brahmaputra (Dibrugarh gauge),105.7,TRUE,111.41,1.054,1,6
Meghalaya,13.768897,59.14653301,59.85497767,17.5,0,Brahmaputra (Dhubri gauge),28.62,TRUE,21.32,0.745,0,9
Assam,89.69271,112.4911611,210.501843,6.8,1,Brahmaputra (Goalpara gauge),36.27,TRUE,28.33,0.781,1,6
Sikkim,12.609696,38.6188755,76.10984135,31.5,1,Teesta,15,FALSE,10.58,0.705,1,6
Meghalaya,0,0,7.485497072,14.7,0,Brahmaputra (Dhubri gauge),28.62,TRUE,10.82,0.378,1,10
Meghalaya,83.77971,120.4245682,150.2518342,22.7,1,Barak,20.5,FALSE,11.05,0.539,0,10
Manipur,5.141795,13.19041085,290.4993937,15.9,3,Imphal River,8,FALSE,9.69,1.211,1,6
Mizoram,0,0,0,23.4,1,Tlawng,9,FALSE,3.19,0.354,1,1
Sikkim,0,5.496536672,8.483984634,24.1,0,Teesta,15,FALSE,6.33,0.422,1,10
Meghalaya,0,66.82157904,444.8212433,22.4,0,Brahmaputra (Dhubri gauge),28.62,TRUE,32.03,1.119,1,6
Arunachal Pradesh,57.426636,62.49875218,81.37073988,29.1,1,Brahmaputra (Dibrugarh gauge),105.7,TRUE,79.7,0.754,0,5
Mizoram,0,0,1.342475295,25.9,0,Barak,20.5,FALSE,16.99,0.829,0,12
Nagaland,0,0,0,16.4,0,Doyang,18,FALSE,9.47,0.526,1,12
Assam,0.4060293,0.552387908,28.59448649,4.8,0,Brahmaputra (Tezpur gauge),65.23,TRUE,33.72,0.517,0,9
Manipur,3.9878097,14.56725359,19.77998093,20.6,2,Barak,20.5,FALSE,13.67,0.667,0,9
Manipur,12.907797,55.22613239,98.52877361,17.5,1,Barak,20.5,FALSE,11.54,0.563,0,7
Arunachal Pradesh,0,0,2.625312805,18.4,2,Subansiri,42,FALSE,23.1,0.55,1,1
Sikkim,76.32947,125.656702,253.817152,25.5,2,Teesta,15,FALSE,13,0.867,0,6
Arunachal Pradesh,0,0,0,9.4,0,Dikrong,14,FALSE,5.63,0.402,1,12
Meghalaya,9.691993,76.64710331,119.3993137,21.3,1,Brahmaputra (Goalpara gauge),36.27,TRUE,36.63,1.01,0,5
Assam,5.100431,13.52434587,75.7910049,10.2,0,Manas,33,FALSE,24.19,0.733,1,8
Nagaland,9.5183525,34.4409585,103.8647201,20.1,1,Dhansiri,40,FALSE,25.56,0.639,0,5
Sikkim,93.99002,166.0868092,193.1113075,31,1,Teesta,15,FALSE,16.7,1.113,1,9
Mizoram,0,1.260440707,1.403550982,24.8,0,Tlawng,9,FALSE,3.99,0.443,0,4
Manipur,21.868683,52.96177101,93.75759268,13.5,0,Doyang,18,FALSE,15.08,0.838,0,8
Assam,59.292465,134.5266781,232.3596621,4.8,0,Dikrong,14,FALSE,11.3,0.807,1,8
Arunachal Pradesh,0,0,0,18.1,0,Subansiri,42,FALSE,24.61,0.586,0,12
Manipur,0,0,0,8.4,2,Imphal River,8,FALSE,3.26,0.407,1,12
Arunachal Pradesh,0,1.119054586,19.69707206,17.1,2,Brahmaputra (Tezpur gauge),65.23,TRUE,65.69,1.007,0,6
Assam,0,0,22.59171114,6.3,0,Kopili,30,FALSE,12.21,0.407,0,2
Sikkim,0,0,0,24.1,0,Teesta,15,FALSE,6.42,0.428,1,11
Nagaland,2.5476794,2.702979177,32.12570605,18,1,Dhansiri,40,FALSE,14.72,0.368,1,5
Manipur,58.42713,63.44073582,172.5412512,20.6,2,Barak,20.5,FALSE,11.03,0.538,1,5
Meghalaya,53.173683,80.88836479,222.7180772,16.4,0,Brahmaputra (Dhubri gauge),28.62,TRUE,21.06,0.736,1,8
Manipur,8.350685,37.19519329,54.4569931,20.6,2,Barak,20.5,FALSE,10.27,0.501,0,3
Nagaland,0,7.008673191,9.775227189,16.6,0,Brahmaputra (Neamatighat gauge),85.05,TRUE,29.94,0.352,0,2
Assam,8.189747,8.189746857,8.451586127,6.8,1,Brahmaputra (Goalpara gauge),36.27,TRUE,14.62,0.403,1,9
Arunachal Pradesh,89.86722,103.9748398,108.4245359,20.8,0,Brahmaputra (Dibrugarh gauge),105.7,TRUE,60.25,0.57,0,6
Meghalaya,80.08928,135.8114815,140.9288287,22,0,Brahmaputra (Guwahati gauge),49.68,TRUE,31.7,0.638,1,10
Meghalaya,0,46.57494807,66.71919513,16,0,Brahmaputra (Goalpara gauge),36.27,TRUE,27.42,0.756,0,9
Nagaland,0,0,0,15.4,0,Dikrong,14,FALSE,6.08,0.434,1,11
Arunachal Pradesh,112.59995,170.6348271,328.9128404,33.2,2,Brahmaputra (Dibrugarh gauge),105.7,TRUE,85.93,0.813,1,4
Assam,0,0,0.447136909,11.2,0,Brahmaputra (Dhubri gauge),28.62,TRUE,23.41,0.818,1,11
Mizoram,16.638577,59.8735981,84.85937619,25.8,0,Tlawng,9,FALSE,9.23,1.026,1,9
Sikkim,57.28684,157.159523,249.167594,31.9,1,Teesta,15,FALSE,12.03,0.802,0,8
Tripura,73.64743,104.4590988,127.6130971,14.6,0,Gomti,12,FALSE,12.13,1.011,1,7
Manipur,5.0601764,44.00855005,158.5933164,6.7,0,Doyang,18,FALSE,17.24,0.958,1,9
Arunachal Pradesh,0,0,0,32.1,1,Brahmaputra (Dibrugarh gauge),105.7,TRUE,44.18,0.418,1,7
Meghalaya,22.659195,214.7963867,350.9500923,23.5,1,Barak,20.5,FALSE,20.42,0.996,1,6
Meghalaya,1.4929668,2.89300409,125.8763583,22,0,Brahmaputra (Guwahati gauge),49.68,TRUE,23.7,0.477,0,6
Mizoram,0.16190618,10.91964932,19.69583191,25,1,Tlawng,9,FALSE,4.33,0.481,0,3
Meghalaya,128.10458,357.4681549,378.9189695,20.9,2,Barak,20.5,FALSE,20.23,0.987,1,5
Tripura,0,0,0,17.3,0,Gomti,12,FALSE,4.45,0.371,1,11
Meghalaya,15.971681,38.96889871,69.90534408,19.7,1,Brahmaputra (Goalpara gauge),36.27,TRUE,17.37,0.479,1,5
Sikkim,0,0,0,28,1,Teesta,15,FALSE,5.5,0.367,1,1
Sikkim,10.025214,42.8628571,113.0476456,29.7,3,Teesta,15,FALSE,13.23,0.882,1,7
Arunachal Pradesh,54.199997,102.7999954,203.9999874,35.6,1,Brahmaputra (Dibrugarh gauge),105.7,TRUE,66.06,0.625,0,10
Arunachal Pradesh,1.4684081,8.92288886,33.1972035,30.3,1,Brahmaputra (Dibrugarh gauge),105.7,TRUE,43.44,0.411,0,2
Arunachal Pradesh,0,7.118931055,13.55595803,31.9,1,Brahmaputra (Dibrugarh gauge),105.7,TRUE,40.48,0.383,0,3
Sikkim,0,0,41.49614906,33.6,1,Teesta,15,FALSE,7.92,0.528,0,2
Assam,14.14485,20.81249422,54.01948017,7.7,1,Brahmaputra (Dibrugarh gauge),105.7,TRUE,43.76,0.414,1,5
Assam,8.140061,12.80290079,74.38391924,11.2,0,Brahmaputra (Dhubri gauge),28.62,TRUE,31.42,1.098,1,7
Meghalaya,0.61498934,6.700574517,105.6951717,22.3,0,Brahmaputra (Guwahati gauge),49.68,TRUE,29.71,0.598,0,6
Mizoram,3.2595408,41.63596916,78.04857922,23.4,0,Tlawng,9,FALSE,3.62,0.402,0,5
Nagaland,19.241539,21.7149903,25.24459474,20.1,1,Dhansiri,40,FALSE,33.04,0.826,0,3
Arunachal Pradesh,0.4704642,0.4704642,20.29205367,25.2,1,Brahmaputra (Dibrugarh gauge),105.7,TRUE,66.49,0.629,1,7
Manipur,57.71554,140.3693161,209.5035992,20.6,2,Barak,20.5,FALSE,14.25,0.695,0,8
Assam,110.274635,205.3016686,394.1671104,10.2,0,Manas,33,FALSE,33.13,1.004,1,6
Arunachal Pradesh,95.37114,161.3566265,173.9756895,14.7,0,Dikrong,14,FALSE,10.39,0.742,0,5
Sikkim,18.14582,82.00571442,133.3847542,33.4,1,Teesta,15,FALSE,17.74,1.183,1,8
Mizoram,9.198795,70.88461208,78.63880864,22.2,1,Tlawng,9,FALSE,7.41,0.823,0,7
Arunachal Pradesh,0,0,0,19.3,0,Dikrong,14,FALSE,13.76,0.983,1,7
Arunachal Pradesh,0,0.115986288,0.115986288,22.2,1,Brahmaputra (Dibrugarh gauge),105.7,TRUE,35.94,0.34,1,1
Sikkim,24.517084,71.50174046,98.04095769,34.9,3,Teesta,15,FALSE,14.52,0.968,0,8
Meghalaya,0,0,4.124739975,18.3,0,Brahmaputra (Dhubri gauge),28.62,TRUE,15.08,0.527,1,3
Meghalaya,66.41019,141.4484386,190.0681694,14.7,0,Brahmaputra (Dhubri gauge),28.62,TRUE,22.9,0.8,1,8
Sikkim,0,0,26.6484865,27.7,0,Teesta,15,FALSE,4.36,0.291,1,3
Arunachal Pradesh,84.8927,118.5480289,159.6885483,16.5,1,Dikrong,14,FALSE,10.05,0.718,0,8
Assam,77.05336,230.103714,545.2528522,6,1,Brahmaputra (Dhubri gauge),28.62,TRUE,31.31,1.094,1,7
Tripura,34.50784,37.50963092,247.819895,20.2,1,Gomti,12,FALSE,10.66,0.888,1,7
Meghalaya,0.12683523,0.126835227,0.539562076,17.1,1,Manas,33,FALSE,15.02,0.455,1,4
Assam,79.27883,259.9772568,297.789907,1.3,0,Dikrong,14,FALSE,18.2,1.3,1,7
Meghalaya,0,0,33.85425496,22,0,Brahmaputra (Guwahati gauge),49.68,TRUE,20.62,0.415,0,11
Meghalaya,62.754295,198.966259,341.4070816,20.9,2,Barak,20.5,FALSE,19.37,0.945,1,6
Meghalaya,59.24039,135.9040051,341.4219952,21.6,0,Brahmaputra (Goalpara gauge),36.27,TRUE,31.88,0.879,1,7
Arunachal Pradesh,66.152565,119.9888473,139.9856437,19.1,3,Brahmaputra (Dibrugarh gauge),105.7,TRUE,75.58,0.715,1,10
Nagaland,14.688527,54.82869911,112.1047038,13.3,0,Doyang,18,FALSE,11.25,0.625,0,6
Assam,169.24588,285.5724983,476.4675941,6.4,0,Brahmaputra (Dhubri gauge),28.62,TRUE,33.74,1.179,1,6
Meghalaya,4.2148457,22.81998301,32.4240368,16.2,0,Brahmaputra (Guwahati gauge),49.68,TRUE,20.12,0.405,1,5
Mizoram,8.352859,39.61402321,63.58786631,21.9,2,Tlawng,9,FALSE,4.86,0.54,0,10
Mizoram,69.13021,197.5019035,250.5558918,20.3,0,Tlawng,9,FALSE,7.96,0.885,1,8
Arunachal Pradesh,0,0,14.99027705,28.9,1,Brahmaputra (Dibrugarh gauge),105.7,TRUE,38.79,0.367,1,5
Arunachal Pradesh,0.40012315,6.716594189,44.11976275,25.2,1,Brahmaputra (Dibrugarh gauge),105.7,TRUE,48.73,0.461,0,9
Sikkim,73.014915,100.210165,110.4761381,28,1,Teesta,15,FALSE,8.9,0.593,1,5
Manipur,7.2102976,13.87206244,26.20555997,17.7,0,Kopili,30,FALSE,16.62,0.554,1,9
Nagaland,60.803864,66.97469449,72.59786904,16.6,0,Brahmaputra (Neamatighat gauge),85.05,TRUE,51.03,0.6,0,8
Arunachal Pradesh,0,0,0,25.5,0,Brahmaputra (Dibrugarh gauge),105.7,TRUE,45.98,0.435,0,12
Manipur,126.65224,208.7374592,255.5903897,11.2,0,Imphal River,8,FALSE,5.96,0.745,1,5
Nagaland,4.3549,11.43188754,12.31822201,16.4,0,Doyang,18,FALSE,6.64,0.369,0,5
Nagaland,4.945311,18.3107605,70.00083542,21.7,0,Dhansiri,40,FALSE,16.48,0.412,1,5
Tripura,13.163246,41.48138428,75.0123698,20.2,1,Gomti,12,FALSE,5.96,0.497,1,6
Assam,8.748268,15.69795084,50.2632556,11.2,0,Brahmaputra (Dhubri gauge),28.62,TRUE,15.66,0.547,0,8
Manipur,0,0,0,17.5,1,Imphal River,8,FALSE,2.57,0.321,1,10
Arunachal Pradesh,0.113753274,9.855976775,73.57755966,15.9,0,Subansiri,42,FALSE,45.78,1.09,1,7
Meghalaya,76.39333,80.03139067,94.50342735,15.7,1,Brahmaputra (Dhubri gauge),28.62,TRUE,16,0.559,0,6
Arunachal Pradesh,6.365726,63.45762587,120.5281979,27.2,0,Brahmaputra (Dibrugarh gauge),105.7,TRUE,62.79,0.594,1,7
Sikkim,0,0,5.814563036,33.6,1,Teesta,15,FALSE,5.58,0.372,0,4
Sikkim,70.92979,93.33031297,122.9338911,29.7,3,Teesta,15,FALSE,8.07,0.538,1,10
Tripura,54.76916,106.5198917,161.0736048,14.8,2,Khowai,10,FALSE,7.18,0.718,1,6
Arunachal Pradesh,0,10.83634663,10.83634663,25.8,2,Brahmaputra (Dibrugarh gauge),105.7,TRUE,100.63,0.952,1,1
Nagaland,8.200617,14.2521596,23.24244308,13,1,Doyang,18,FALSE,10.87,0.604,0,7
Meghalaya,0,0,0,14.5,0,Brahmaputra (Dhubri gauge),28.62,TRUE,13.77,0.481,1,1
Arunachal Pradesh,0,7.548219681,22.58210945,18.4,2,Subansiri,42,FALSE,40.99,0.976,1,10
Nagaland,0,0,0,21.7,0,Dhansiri,40,FALSE,13.6,0.34,0,1
Arunachal Pradesh,0.21435528,7.723074242,21.96625428,27.2,0,Brahmaputra (Dibrugarh gauge),105.7,TRUE,42.91,0.406,1,3
Mizoram,0,0,0.936179578,20.4,0,Tlawng,9,FALSE,7.73,0.859,1,5
Assam,10.956149,31.51979542,291.96608,5.9,0,Brahmaputra (Dhubri gauge),28.62,TRUE,32.03,1.119,1,6
Sikkim,48.729843,112.1851244,304.7132597,29.2,0,Teesta,15,FALSE,14.55,0.97,1,6
Manipur,74.20128,196.3689156,244.807462,19.2,0,Imphal River,8,FALSE,6.06,0.757,0,6
Arunachal Pradesh,94.60812,124.3175755,129.764106,28.6,0,Brahmaputra (Dibrugarh gauge),105.7,TRUE,57.71,0.546,1,5
Manipur,8.489307,32.6480186,69.78258622,6.7,0,Doyang,18,FALSE,16.25,0.903,1,7
Nagaland,59.17445,59.17444992,59.17444992,17.8,0,Subansiri,42,FALSE,13.19,0.314,0,2
Assam,4.5470285,4.547028542,543.5298471,11.2,0,Brahmaputra (Dhubri gauge),28.62,TRUE,30.88,1.079,1,6
Assam,0,46.59967041,122.046524,3.3,0,Subansiri,42,FALSE,46.58,1.109,1,9
Manipur,0.19284543,0.192845434,0.369028732,15.9,3,Imphal River,8,FALSE,3.99,0.499,0,4
Meghalaya,223.0135,497.0698318,1237.855415,21.6,0,Brahmaputra (Goalpara gauge),36.27,TRUE,47.15,1.3,1,6
Arunachal Pradesh,16.715532,19.66534901,23.74218559,16.8,0,Dikrong,14,FALSE,5.43,0.388,0,10
Assam,0.14473832,0.144738317,0.144738317,3.3,1,Brahmaputra (Dibrugarh gauge),105.7,TRUE,34.04,0.322,1,11
Meghalaya,1.2504295,1.250429511,24.19290578,24.2,0,Brahmaputra (Goalpara gauge),36.27,TRUE,15.09,0.416,1,10
Mizoram,0,0,0,25,2,Tlawng,9,FALSE,2.11,0.235,0,2
Meghalaya,1.0928773,9.569167018,9.569167018,21.7,2,Barak,20.5,FALSE,10.13,0.494,1,10
Sikkim,55.940697,86.76991749,140.1888183,34.9,3,Teesta,15,FALSE,9.98,0.665,1,8
Sikkim,5.7659297,62.02750349,162.4409347,29.2,0,Teesta,15,FALSE,11.19,0.746,0,7
Manipur,58.30187,106.1649562,135.5216166,20.6,2,Barak,20.5,FALSE,12.32,0.601,1,4
Meghalaya,90.526535,356.7273712,610.6728001,19.7,0,Brahmaputra (Goalpara gauge),36.27,TRUE,42.36,1.168,1,6
Mizoram,0,24.81546926,37.194574,19.4,0,Tlawng,9,FALSE,3.53,0.392,0,10
Nagaland,17.797731,76.70071602,219.1398244,18.8,0,Brahmaputra (Dibrugarh gauge),105.7,TRUE,130.54,1.235,1,6
Assam,0,28.29156065,110.4487227,6.3,0,Brahmaputra (Tezpur gauge),65.23,TRUE,61.06,0.936,1,7
Arunachal Pradesh,0,0,0,28,1,Brahmaputra (Dibrugarh gauge),105.7,TRUE,50.74,0.48,1,11
Arunachal Pradesh,65.007515,147.4723549,316.9963865,23.9,0,Brahmaputra (Dibrugarh gauge),105.7,TRUE,98.83,0.935,1,7
Arunachal Pradesh,0,0,12.15123177,28.9,1,Brahmaputra (Dibrugarh gauge),105.7,TRUE,44.08,0.417,1,12
Sikkim,12.914569,15.41497827,15.72577092,27.7,0,Teesta,15,FALSE,8.7,0.58,1,6
Arunachal Pradesh,7.0788255,39.45180082,235.6626182,13.8,0,Dikrong,14,FALSE,10.71,0.765,1,6
Arunachal Pradesh,0,0,18.54821587,30.2,1,Brahmaputra (Dibrugarh gauge),105.7,TRUE,39.21,0.371,0,3
Meghalaya,15.394575,18.89268017,41.90174079,17.5,0,Brahmaputra (Dhubri gauge),28.62,TRUE,26.82,0.937,0,9
Meghalaya,0,4.16189146,19.05831128,21.7,2,Barak,20.5,FALSE,6.64,0.324,1,4
Assam,11.079844,61.50510502,63.03672194,3.8,0,Subansiri,42,FALSE,48.8,1.162,0,7
Sikkim,111.221535,130.0524535,140.5539124,28.8,0,Teesta,15,FALSE,10.23,0.682,1,10
Nagaland,58.24423,149.3235505,349.4603304,16.9,0,Dikrong,14,FALSE,15.48,1.106,0,7
Mizoram,52.633152,84.97668266,200.435781,25.4,3,Tlawng,9,FALSE,7.43,0.826,1,9
Arunachal Pradesh,0.5423121,5.665080965,5.665080965,16.5,1,Dikrong,14,FALSE,4.83,0.345,1,12
Assam,18.898815,50.25221062,52.95691752,6.5,0,Manas,33,FALSE,30.95,0.938,0,6
Sikkim,0,0,0.190851063,35.2,1,Teesta,15,FALSE,3.88,0.259,1,1
Arunachal Pradesh,0,6.777662039,82.43354392,15.9,0,Subansiri,42,FALSE,12.22,0.291,1,10
Nagaland,10.240381,22.62809634,43.62360358,19.3,0,Doyang,18,FALSE,17.12,0.951,1,7
Sikkim,65.188866,168.0477982,302.1204901,33.6,1,Teesta,15,FALSE,14.8,0.987,1,6
Arunachal Pradesh,0,20.29348373,43.31814933,16.9,2,Dikrong,14,FALSE,6.26,0.447,1,10
Arunachal Pradesh,0,1.420599103,17.63481355,28.5,0,Brahmaputra (Dibrugarh gauge),105.7,TRUE,66.91,0.633,1,9
Assam,15.70196,16.1758673,23.23697081,7.9,0,Brahmaputra (Guwahati gauge),49.68,TRUE,21.21,0.427,0,7
Meghalaya,70.64622,263.7016678,427.5519328,18.6,2,Brahmaputra (Dhubri gauge),28.62,TRUE,28.53,0.997,1,6
Assam,9.23449,16.01849586,53.46916324,1.4,1,Brahmaputra (Tezpur gauge),65.23,TRUE,33.14,0.508,0,7
Tripura,118.319756,152.4315615,154.0745887,14.6,0,Gomti,12,FALSE,9.49,0.791,1,5
Manipur,67.39421,193.2962189,231.1941426,17.5,1,Barak,20.5,FALSE,17.24,0.841,1,6
Meghalaya,88.77736,151.8725536,334.0288799,18.7,0,Brahmaputra (Guwahati gauge),49.68,TRUE,62.99,1.268,1,6
Manipur,4.857611,19.07100105,70.76626897,10.7,0,Imphal River,8,FALSE,7.71,0.964,1,8
Meghalaya,0,0,2.504539907,18.7,0,Brahmaputra (Guwahati gauge),49.68,TRUE,32.49,0.654,1,6
Nagaland,0,0,0,17.2,0,Brahmaputra (Neamatighat gauge),85.05,TRUE,37.76,0.444,1,11
Assam,95.55969,117.0134704,188.6830907,6.4,0,Brahmaputra (Dhubri gauge),28.62,TRUE,21.41,0.748,0,6
Assam,0.16477948,22.82439595,27.28553458,7.1,1,Brahmaputra (Dibrugarh gauge),105.7,TRUE,45.13,0.427,0,2
Manipur,78.059746,134.0717134,142.0077477,17.5,1,Barak,20.5,FALSE,14.08,0.687,1,8
Assam,31.49995,127.3516884,131.0225693,5.9,0,Brahmaputra (Dibrugarh gauge),105.7,TRUE,88.26,0.835,0,9
Manipur,0.5462495,0.546249509,27.42541343,16,0,Imphal River,8,FALSE,6.5,0.812,0,9
Arunachal Pradesh,6.063105,54.80106592,65.14892554,19.6,3,Subansiri,42,FALSE,20.66,0.492,1,8
Tripura,3.3051288,10.08659601,10.08659601,20.2,1,Gomti,12,FALSE,2.5,0.208,1,11
Arunachal Pradesh,54.943344,110.0352764,209.3730736,24.8,0,Brahmaputra (Dibrugarh gauge),105.7,TRUE,88.26,0.835,1,7
Manipur,28.380495,68.28415298,124.4280834,9.1,1,Doyang,18,FALSE,18.14,1.008,1,6
Arunachal Pradesh,0.79769355,1.396940465,1.400612593,29.9,1,Brahmaputra (Dibrugarh gauge),105.7,TRUE,44.18,0.418,0,1
Meghalaya,0,0,0,14.5,0,Brahmaputra (Dhubri gauge),28.62,TRUE,4.95,0.173,1,11
Arunachal Pradesh,54.04459,90.46491814,266.7995243,18.4,2,Subansiri,42,FALSE,38.6,0.919,0,6
Sikkim,50.236156,142.1266365,282.6349564,25.7,0,Teesta,15,FALSE,12.7,0.847,1,7
Sikkim,70.51773,94.57563782,142.7100401,25.7,0,Teesta,15,FALSE,10.34,0.689,0,7
Arunachal Pradesh,0.57131577,22.74578142,75.80000627,19.6,3,Subansiri,42,FALSE,18.44,0.439,1,10
Arunachal Pradesh,64.37559,77.08958435,94.09306908,18.4,2,Subansiri,42,FALSE,20.33,0.484,0,10
Meghalaya,186.8151,292.1952147,347.4252286,21.6,0,Brahmaputra (Goalpara gauge),36.27,TRUE,32.82,0.905,1,10
Assam,11.290122,19.3208437,38.20746964,4.7,2,Dikrong,14,FALSE,10.05,0.718,1,5
Nagaland,0.12757288,3.970612243,63.30121751,20.5,0,Kopili,30,FALSE,33.48,1.116,1,7
Tripura,96.043,259.5079002,329.8405008,16,0,Gomti,12,FALSE,12.84,1.07,0,7
Tripura,50.025803,150.0557919,179.0846835,20.2,1,Gomti,12,FALSE,9.26,0.772,1,8
Arunachal Pradesh,2.762656,11.11181545,12.52019596,9.4,0,Dikrong,14,FALSE,5.54,0.396,1,2
Meghalaya,64.23274,90.45534325,101.4540991,20.5,1,Brahmaputra (Guwahati gauge),49.68,TRUE,34.23,0.689,1,7
Tripura,0,3.455303192,5.012385949,17.2,0,Gomti,12,FALSE,5.9,0.492,0,11
Mizoram,0,0.653765082,0.653765082,20.2,1,Tlawng,9,FALSE,6.36,0.707,0,11
Arunachal Pradesh,53.691925,73.33882809,104.2966959,24.7,1,Brahmaputra (Dibrugarh gauge),105.7,TRUE,51.69,0.489,0,5
Arunachal Pradesh,2.428273,10.50849271,220.8480084,25.5,0,Brahmaputra (Dibrugarh gauge),105.7,TRUE,87.41,0.827,0,6
Manipur,49.126675,49.16684559,49.23816423,17.3,1,Barak,20.5,FALSE,22.35,1.09,0,7
Arunachal Pradesh,1.2135361,1.213536143,1.213536143,20.4,0,Brahmaputra (Tezpur gauge),65.23,TRUE,27.33,0.419,0,12
Mizoram,0,0,0,21.4,0,Tlawng,9,FALSE,4,0.444,1,11
Mizoram,0.2821533,2.049930036,2.49907203,24.2,1,Tlawng,9,FALSE,3.92,0.436,0,10
Assam,0,2.310786963,6.834408894,6.2,0,Brahmaputra (Dibrugarh gauge),105.7,TRUE,42.7,0.404,0,3
Arunachal Pradesh,21.111023,26.67905736,28.45510936,23.2,0,Subansiri,42,FALSE,25.2,0.6,1,7
Arunachal Pradesh,14.780252,19.29653798,22.58462439,21.4,2,Brahmaputra (Dibrugarh gauge),105.7,TRUE,57.18,0.541,0,7
Tripura,125.778595,194.1675625,207.9160643,12.6,1,Gomti,12,FALSE,8.3,0.692,1,5
Meghalaya,0,0,0,22,0,Brahmaputra (Guwahati gauge),49.68,TRUE,51.32,1.033,1,2
Meghalaya,0,0,0,14.7,0,Brahmaputra (Dhubri gauge),28.62,TRUE,17.49,0.611,1,1
Meghalaya,130.95918,265.4212036,421.0060166,17.5,0,Brahmaputra (Dhubri gauge),28.62,TRUE,33.49,1.17,1,6
Meghalaya,0,0,0,21.7,2,Barak,20.5,FALSE,5.08,0.248,0,1
Arunachal Pradesh,4.8339176,5.676438242,47.81590366,28.8,1,Brahmaputra (Dibrugarh gauge),105.7,TRUE,35.52,0.336,0,4
Meghalaya,1.2988696,105.2565188,151.6157705,17.3,0,Brahmaputra (Goalpara gauge),36.27,TRUE,22.6,0.623,0,7
Meghalaya,173.66748,440.6727638,619.5124722,17.7,1,Brahmaputra (Goalpara gauge),36.27,TRUE,43.23,1.192,1,7
Arunachal Pradesh,0,9.529362679,28.70303714,25.3,0,Brahmaputra (Dibrugarh gauge),105.7,TRUE,19.66,0.186,1,3
Nagaland,20.476215,38.09412909,43.36354268,18.8,0,Brahmaputra (Dibrugarh gauge),105.7,TRUE,27.16,0.257,1,2
Assam,3.286938,6.327360392,40.54704601,2,0,Dikrong,14,FALSE,12.18,0.87,1,8
Mizoram,3.633991,9.488356829,23.0087105,17.7,1,Tlawng,9,FALSE,3.74,0.415,0,6
Mizoram,0,0,0,20.8,0,Tlawng,9,FALSE,7.26,0.807,1,11
Assam,63.819042,70.58544254,145.8951048,6,1,Brahmaputra (Dhubri gauge),28.62,TRUE,10.82,0.378,0,10
Tripura,113.91823,150.2968369,150.2968369,16,0,Gomti,12,FALSE,8.69,0.724,1,11
Assam,3.9835327,36.64883113,49.82156688,5.5,0,Manas,33,FALSE,26.4,0.8,0,7
Arunachal Pradesh,0,0.155017495,0.155017495,20.4,0,Brahmaputra (Tezpur gauge),65.23,TRUE,23.55,0.361,1,1
Meghalaya,20.811989,26.56340384,478.6760461,20,3,Barak,20.5,FALSE,19.47,0.95,1,6
Assam,68.77848,176.8290443,226.6586148,7.2,0,Subansiri,42,FALSE,39.98,0.952,0,7
Nagaland,115.03006,121.4280348,135.9674079,18,1,Dhansiri,40,FALSE,27.8,0.695,0,8
Manipur,0.30383888,10.02309576,20.03446218,19.8,0,Doyang,18,FALSE,17.17,0.954,0,8
Assam,1.2119453,26.09637237,204.0489175,11.2,0,Brahmaputra (Dhubri gauge),28.62,TRUE,19,0.664,1,7
Assam,87.392746,133.2493029,179.6592136,6.3,1,Brahmaputra (Goalpara gauge),36.27,TRUE,26.01,0.717,1,8
Sikkim,0,0,0,29.2,0,Teesta,15,FALSE,7.5,0.5,0,1
Meghalaya,7.34224,22.63724184,31.81452012,20,3,Barak,20.5,FALSE,10.76,0.525,0,3
Meghalaya,133.14592,201.3419285,226.4025971,20.2,0,Brahmaputra (Guwahati gauge),49.68,TRUE,42.77,0.861,1,6
Assam,0,0,0,11.2,0,Brahmaputra (Dhubri gauge),28.62,TRUE,24.41,0.853,0,11
Arunachal Pradesh,0,3.835909843,18.7758489,29.9,1,Brahmaputra (Dibrugarh gauge),105.7,TRUE,26.85,0.254,0,10
Tripura,90.57115,106.4173727,141.8473158,17.2,1,Khowai,10,FALSE,7.14,0.714,0,9
Meghalaya,0,0,0,19.6,0,Kopili,30,FALSE,29.7,0.99,1,12
Mizoram,0,0,0.314495802,23,0,Tlawng,9,FALSE,3.61,0.401,1,12
Manipur,0,0,0,13.2,1,Doyang,18,FALSE,13.93,0.774,1,3
Arunachal Pradesh,0,0.430814296,11.16241771,23.2,0,Subansiri,42,FALSE,37.72,0.898,0,2
Tripura,82.68938,129.3244514,163.2323999,14.5,0,Khowai,10,FALSE,8.69,0.869,1,9
Sikkim,0.028692696,0.028692696,1.820459673,29.7,3,Teesta,15,FALSE,7.06,0.471,0,1
Nagaland,0.6348839,14.41110325,96.3567853,17.2,0,Brahmaputra (Neamatighat gauge),85.05,TRUE,53.84,0.633,0,9
Arunachal Pradesh,0.07712086,7.670661293,15.88222815,17.4,1,Dikrong,14,FALSE,5.61,0.401,1,3
Manipur,38.80486,193.5315971,283.1838949,15.9,3,Imphal River,8,FALSE,7.9,0.987,1,6
Sikkim,102.18176,212.2994232,236.2785261,34.9,3,Teesta,15,FALSE,13.05,0.87,1,9
Meghalaya,20.863287,26.28658688,57.7818619,21.9,1,Brahmaputra (Guwahati gauge),49.68,TRUE,46.1,0.928,0,6
Mizoram,55.270252,55.27025223,58.80210495,19.4,0,Tlawng,9,FALSE,5.44,0.604,1,11
Manipur,0.5315836,3.834601462,3.834601462,16,0,Imphal River,8,FALSE,5.51,0.689,1,4
Assam,8.612818,8.749697581,41.97763228,8.7,1,Manas,33,FALSE,17.82,0.54,1,9
Sikkim,182.65811,209.1887064,341.9869404,25.7,0,Teesta,15,FALSE,17.5,1.167,1,8
Nagaland,0,0,0,19.3,0,Doyang,18,FALSE,14.94,0.83,0,12
Assam,64.76142,84.11697441,283.1391819,5.8,1,Brahmaputra (Guwahati gauge),49.68,TRUE,42.63,0.858,1,6
Nagaland,0,0,0,21.7,0,Dhansiri,40,FALSE,17.76,0.444,1,12
Meghalaya,92.00174,235.2143059,293.8513259,16.4,0,Brahmaputra (Dhubri gauge),28.62,TRUE,21.64,0.756,0,10
Arunachal Pradesh,0,11.37745667,217.1842737,29.4,1,Brahmaputra (Dibrugarh gauge),105.7,TRUE,111.3,1.053,1,6
Meghalaya,122.218864,128.4277763,175.3318104,20.9,2,Barak,20.5,FALSE,10.29,0.502,1,5
Mizoram,11.539714,17.72820163,72.92364621,22.9,0,Barak,20.5,FALSE,18.66,0.91,1,8
Meghalaya,67.94774,148.1794548,192.3079243,24.2,0,Brahmaputra (Goalpara gauge),36.27,TRUE,28,0.772,0,8
Arunachal Pradesh,0.8975489,23.51015258,63.51764345,23.4,1,Brahmaputra (Dibrugarh gauge),105.7,TRUE,78.96,0.747,0,5
Sikkim,0,0,0,31.9,1,Teesta,15,FALSE,13.5,0.9,0,1
Arunachal Pradesh,27.641493,42.5711894,132.8754151,28.8,1,Brahmaputra (Dibrugarh gauge),105.7,TRUE,75.05,0.71,0,8
Meghalaya,0,3.285179824,17.35487875,14.5,0,Brahmaputra (Dhubri gauge),28.62,TRUE,19.72,0.689,1,9
Meghalaya,0,0,0,18.6,2,Brahmaputra (Dhubri gauge),28.62,TRUE,11.82,0.413,1,12
Arunachal Pradesh,121.57821,152.8856642,220.7592582,27.4,0,Brahmaputra (Dibrugarh gauge),105.7,TRUE,96.29,0.911,0,8
Arunachal Pradesh,0.66196793,0.661967933,5.626727164,20.2,0,Brahmaputra (Tezpur gauge),65.23,TRUE,29.68,0.455,0,10
Sikkim,0,0,0,33.6,1,Teesta,15,FALSE,4.98,0.332,1,11
Sikkim,20.787695,31.88342571,126.934536,23.3,0,Teesta,15,FALSE,6.96,0.464,0,10
Tripura,107.308426,117.1004992,228.8191652,16.3,0,Gomti,12,FALSE,9.71,0.809,0,7
Sikkim,9.350108,28.02554277,33.71765092,23.3,0,Teesta,15,FALSE,5.07,0.338,0,3
Mizoram,80.32554,80.80678636,80.80678636,17.7,1,Tlawng,9,FALSE,4.28,0.476,0,5
Sikkim,23.975874,247.6506557,341.6118089,29.2,0,Teesta,15,FALSE,15.06,1.004,1,6
Meghalaya,105.10398,412.6960983,555.8429958,24.9,0,Brahmaputra (Guwahati gauge),49.68,TRUE,56.73,1.142,1,7
Assam,132.12311,183.0893269,188.7989669,1.3,0,Dikrong,14,FALSE,7.77,0.555,1,5
Tripura,0,0,0,17.3,0,Gomti,12,FALSE,5.12,0.427,0,1
Meghalaya,19.408625,159.9899921,475.0805874,17.7,1,Brahmaputra (Goalpara gauge),36.27,TRUE,34.78,0.959,1,8
Sikkim,0.55891347,10.64705271,25.15207404,29.8,2,Teesta,15,FALSE,9.66,0.644,1,6
Mizoram,0,0,0,19.7,0,Barak,20.5,FALSE,8.4,0.41,0,2
Arunachal Pradesh,0,0,0,25.9,0,Brahmaputra (Dibrugarh gauge),105.7,TRUE,40.17,0.38,1,11
Nagaland,0,0.228809446,49.11462554,12.2,1,Dikrong,14,FALSE,6.9,0.493,0,6
Mizoram,2.3198864,31.76643944,353.3422947,27,2,Tlawng,9,FALSE,9.26,1.029,1,6
Arunachal Pradesh,1.3177078,9.127770424,28.84661388,30.5,1,Brahmaputra (Dibrugarh gauge),105.7,TRUE,60.35,0.571,1,8
Arunachal Pradesh,0.88130605,21.47914732,103.829963,26.2,0,Brahmaputra (Dibrugarh gauge),105.7,TRUE,56.97,0.539,1,8
Manipur,15.047541,24.69647703,29.76700357,14.6,2,Imphal River,8,FALSE,8.16,1.02,0,7
Sikkim,62.53955,97.19573402,210.4661741,25.7,0,Teesta,15,FALSE,17.12,1.141,1,8
Tripura,0,0,8.732338905,12.8,1,Gomti,12,FALSE,5.68,0.473,1,4
Meghalaya,2.6312659,9.019039154,24.26531041,23,0,Kopili,30,FALSE,29.67,0.989,0,8
Meghalaya,100.15196,139.9823557,179.745878,15.7,1,Brahmaputra (Dhubri gauge),28.62,TRUE,24.36,0.851,1,8
Manipur,0,0,0,10.7,0,Imphal River,8,FALSE,2.99,0.374,0,1
Manipur,0,0.085119925,35.92257818,9,0,Doyang,18,FALSE,6.75,0.375,1,11
Assam,1.0092703,7.620556995,17.86208628,6.8,0,Brahmaputra (Tezpur gauge),65.23,TRUE,39.14,0.6,1,7
Tripura,69.936874,70.46995968,79.15451497,20.2,1,Gomti,12,FALSE,6.06,0.505,1,10
Meghalaya,142.90582,258.0316219,271.3171889,21.3,1,Brahmaputra (Goalpara gauge),36.27,TRUE,31.19,0.86,1,10
Sikkim,58.69428,96.4966526,103.0204899,31,1,Teesta,15,FALSE,7.72,0.515,0,5
Meghalaya,50.327133,149.4324036,244.6998527,17.5,0,Brahmaputra (Dhubri gauge),28.62,TRUE,27.33,0.955,0,8
Arunachal Pradesh,46.21768,134.1080589,137.4902787,30.3,0,Brahmaputra (Dibrugarh gauge),105.7,TRUE,56.87,0.538,0,6
Mizoram,0.36664316,6.044871062,44.19135615,20.8,0,Tlawng,9,FALSE,5.72,0.635,0,9
Nagaland,9.834817,10.34094429,25.98854536,20.5,0,Kopili,30,FALSE,15.51,0.517,0,9
Arunachal Pradesh,55.624557,55.82546458,98.18704113,17.6,1,Subansiri,42,FALSE,22.34,0.532,0,6
Mizoram,56.507263,107.1416397,143.1433864,25.4,3,Tlawng,9,FALSE,8.33,0.925,1,8
Tripura,0,0,0.7970227,17.3,0,Khowai,10,FALSE,4.16,0.416,0,2
Tripura,78.64966,88.9918623,104.3143137,15.2,0,Tlawng,9,FALSE,4.65,0.517,1,7
Assam,1.1416492,10.5843308,35.65652895,1.8,1,Dikrong,14,FALSE,6.31,0.451,1,8
Nagaland,0,38.98685884,55.22701329,20.1,1,Dhansiri,40,FALSE,21.2,0.53,1,7
Meghalaya,0,12.72142601,48.35655898,19.7,1,Brahmaputra (Goalpara gauge),36.27,TRUE,15.56,0.429,1,8
Nagaland,11.802716,28.6527501,67.89141628,10.6,0,Brahmaputra (Neamatighat gauge),85.05,TRUE,85.48,1.005,0,8
Arunachal Pradesh,0,34.59336233,84.15399092,33.2,2,Brahmaputra (Dibrugarh gauge),105.7,TRUE,91.01,0.861,1,8
Mizoram,81.45287,141.59231,181.2073525,19.4,0,Tlawng,9,FALSE,6.11,0.679,1,8
Arunachal Pradesh,8.6366205,49.76110172,56.96520795,15.3,1,Dikrong,14,FALSE,11.23,0.802,0,8
Assam,1.2591285,7.741836309,135.9624221,5.5,0,Kopili,30,FALSE,24.09,0.803,1,6
Meghalaya,70.846794,194.7068253,335.6715708,20.2,0,Brahmaputra (Guwahati gauge),49.68,TRUE,45.85,0.923,1,8
Meghalaya,56.050064,92.63822174,118.9865114,20.9,2,Barak,20.5,FALSE,13.71,0.669,0,6
Nagaland,12.322466,20.44022584,102.976001,15.7,1,Doyang,18,FALSE,18.58,1.032,1,8
Meghalaya,0,6.269021749,41.1469264,22,0,Brahmaputra (Guwahati gauge),49.68,TRUE,22.36,0.45,1,5
Mizoram,9.09023,25.94223642,39.00814664,19.4,0,Tlawng,9,FALSE,4.33,0.481,1,8
Nagaland,0,5.416756868,8.733845711,16.8,2,Brahmaputra (Dibrugarh gauge),105.7,TRUE,62.89,0.595,1,2
Assam,126.24237,174.4031544,175.5412596,10.2,0,Manas,33,FALSE,25.87,0.784,1,8
Sikkim,70.290276,99.94246578,105.3648882,25.7,0,Teesta,15,FALSE,9.2,0.613,0,10
Manipur,52.32061,105.1726513,168.2081269,14,0,Imphal River,8,FALSE,4.14,0.517,0,6
Assam,81.18034,235.8593922,316.6597652,11.2,0,Brahmaputra (Dhubri gauge),28.62,TRUE,21.09,0.737,1,6
Arunachal Pradesh,20.00147,33.21012282,72.49808905,17.5,0,Subansiri,42,FALSE,20.03,0.477,1,4
Arunachal Pradesh,11.4,11.39999962,26.39999914,35.6,1,Brahmaputra (Dibrugarh gauge),105.7,TRUE,44.29,0.419,0,4
Sikkim,1.0917438,16.22986782,33.71997476,25.5,2,Teesta,15,FALSE,6.46,0.431,0,4
Arunachal Pradesh,18.754179,36.76812577,65.37204248,17.9,0,Brahmaputra (Dibrugarh gauge),105.7,TRUE,50.84,0.481,0,8
Nagaland,3.0552635,5.448304877,11.43133061,20.5,0,Kopili,30,FALSE,13.23,0.441,1,11
Meghalaya,0,1.898476429,24.15682686,24.2,0,Brahmaputra (Goalpara gauge),36.27,TRUE,31.77,0.876,1,9
Nagaland,20.724709,73.79841423,97.80312228,12.5,0,Doyang,18,FALSE,15.79,0.877,1,6
Sikkim,0,12.05444479,175.6548295,29.8,2,Teesta,15,FALSE,11.06,0.737,0,9
Tripura,86.96034,87.47558826,88.44866267,16.1,0,Gomti,12,FALSE,6.06,0.505,0,11
Arunachal Pradesh,7.0964193,7.337191474,42.75986941,23,0,Brahmaputra (Dibrugarh gauge),105.7,TRUE,69.66,0.659,1,8
Arunachal Pradesh,0.01429972,3.695088728,15.69413213,22.7,0,Brahmaputra (Dibrugarh gauge),105.7,TRUE,109.29,1.034,1,7
Mizoram,28.787176,77.72242355,119.3495336,19.4,0,Tlawng,9,FALSE,5.19,0.577,1,9
Nagaland,0,4.87477684,66.06651497,16.8,2,Brahmaputra (Dibrugarh gauge),105.7,TRUE,74.31,0.703,0,9
Meghalaya,92.435844,190.9512839,341.8252305,17.5,0,Brahmaputra (Dhubri gauge),28.62,TRUE,27.5,0.961,1,6
Nagaland,133.53166,148.4315308,176.1576859,16.9,0,Dikrong,14,FALSE,12.56,0.897,1,5
Assam,76.81458,90.61160374,102.9976133,4.9,1,Manas,33,FALSE,20.62,0.625,0,8
Meghalaya,302.74173,620.8696365,692.2721503,17.7,1,Brahmaputra (Goalpara gauge),36.27,TRUE,42.44,1.17,1,5
Meghalaya,179.08748,267.4261379,304.8106691,18.9,0,Brahmaputra (Guwahati gauge),49.68,TRUE,41.14,0.828,1,10
Tripura,32.160313,48.91776848,100.6860108,17.1,0,Gomti,12,FALSE,12.79,1.066,1,9
Meghalaya,52.8066,71.66896724,71.66896724,18.6,2,Brahmaputra (Dhubri gauge),28.62,TRUE,19.66,0.687,1,9
Assam,0,0,0,7,1,Brahmaputra (Dhubri gauge),28.62,TRUE,10.85,0.379,0,1
Assam,0,0,28.82922617,11.2,0,Brahmaputra (Dhubri gauge),28.62,TRUE,14.48,0.506,0,9
Sikkim,0,10.04007244,69.06669253,27.7,0,Teesta,15,FALSE,9.28,0.619,0,9
Mizoram,0,0,0,24.7,1,Tlawng,9,FALSE,3.65,0.406,1,1
Meghalaya,67.91557,90.47143936,132.39678,14.5,0,Brahmaputra (Dhubri gauge),28.62,TRUE,15.31,0.535,0,5
Arunachal Pradesh,108.880875,158.5075068,195.2267143,17.6,1,Subansiri,42,FALSE,21.13,0.503,0,5
Meghalaya,146.6492,222.8300047,227.2687896,15.7,1,Brahmaputra (Dhubri gauge),28.62,TRUE,19.66,0.687,1,5
Nagaland,0,1.371230006,1.371230006,19.3,0,Doyang,18,FALSE,9.02,0.501,0,11
Arunachal Pradesh,0,0,0.101399742,23.7,1,Brahmaputra (Dibrugarh gauge),105.7,TRUE,38.05,0.36,1,1
Nagaland,57.54155,71.17767525,72.81444979,17.2,0,Brahmaputra (Neamatighat gauge),85.05,TRUE,69.4,0.816,1,9
Arunachal Pradesh,1.2719454,3.204898775,15.44969405,15.9,0,Subansiri,42,FALSE,37.34,0.889,0,7
Arunachal Pradesh,0,0,0,20.8,0,Brahmaputra (Dibrugarh gauge),105.7,TRUE,44.08,0.417,1,12
Assam,0,3.844447613,5.01458241,3.6,1,Brahmaputra (Tezpur gauge),65.23,TRUE,20.48,0.314,1,2
Manipur,10.052232,10.23914933,10.24501711,16,2,Imphal River,8,FALSE,3.92,0.49,0,4
Tripura,3.807638,95.80959964,337.3384359,16.3,0,Gomti,12,FALSE,11.96,0.997,0,8
Sikkim,1.5933635,17.94334793,65.73433685,24.1,0,Teesta,15,FALSE,9.74,0.649,1,7
Tripura,0,0,12.88539386,13.3,2,Khowai,10,FALSE,4.82,0.482,1,4
Nagaland,0,0.919547498,42.0477857,17.2,0,Brahmaputra (Neamatighat gauge),85.05,TRUE,42.95,0.505,1,6
Nagaland,94.9658,104.4440954,126.19783,13.3,0,Doyang,18,FALSE,6.89,0.383,0,4
Sikkim,50.62454,67.75543785,100.6550121,31.9,1,Teesta,15,FALSE,8.52,0.568,0,7
Arunachal Pradesh,51.265984,54.70334265,86.86552641,27.4,0,Brahmaputra (Dibrugarh gauge),105.7,TRUE,55.92,0.529,0,4
Assam,16.659082,34.43134117,60.05316043,1.8,1,Dikrong,14,FALSE,13.76,0.983,0,8
Assam,0,0,0,6.8,1,Brahmaputra (Goalpara gauge),36.27,TRUE,12.69,0.35,0,1
Tripura,19.67797,90.65351677,204.0949984,13.5,0,Khowai,10,FALSE,12.08,1.208,0,8
Manipur,0,0.322664499,19.4040072,8.4,2,Imphal River,8,FALSE,4.11,0.514,0,11
Assam,0,0,11.3766163,6.5,0,Manas,33,FALSE,11.98,0.363,1,7
Tripura,33.60677,157.3960075,375.0042448,14.5,0,Khowai,10,FALSE,9.62,0.962,1,6
Meghalaya,99.97128,193.660202,242.4386209,14.5,0,Brahmaputra (Dhubri gauge),28.62,TRUE,19.23,0.672,0,6
Sikkim,70.165764,198.7913742,285.1071758,27.7,0,Teesta,15,FALSE,13.18,0.879,1,6
Assam,74.66632,77.04348326,77.83411509,6.3,0,Brahmaputra (Goalpara gauge),36.27,TRUE,22.45,0.619,1,7
Manipur,0,0,0,10.7,0,Imphal River,8,FALSE,3.36,0.42,0,12
Manipur,57.878258,80.34731984,151.4138539,20.6,2,Barak,20.5,FALSE,11.5,0.561,1,4
Manipur,0,0,0,16,0,Imphal River,8,FALSE,7.02,0.877,1,11
Nagaland,62.059086,111.7587357,181.5717137,17.8,0,Dikrong,14,FALSE,9.42,0.673,1,6
Arunachal Pradesh,0,0,0,15.3,1,Dikrong,14,FALSE,9.16,0.654,0,12
Sikkim,0,0,0,29.7,3,Teesta,15,FALSE,6.45,0.43,1,11
Arunachal Pradesh,0,11.35913515,15.8791008,18.4,2,Subansiri,42,FALSE,16.97,0.404,1,11
Manipur,4.07352,4.073520184,4.073520184,9.1,1,Doyang,18,FALSE,6.34,0.352,1,4
Manipur,2.2009542,81.63228202,185.0771291,16.8,0,Barak,20.5,FALSE,21.03,1.026,0,8
Arunachal Pradesh,74.096085,154.0443611,310.1503716,26.2,0,Brahmaputra (Dibrugarh gauge),105.7,TRUE,100.42,0.95,0,7
Manipur,0,0,0,14.2,0,Imphal River,8,FALSE,6.96,0.87,0,1
Sikkim,65.78179,90.9558804,107.79414,29.8,2,Teesta,15,FALSE,12.68,0.845,1,9
Mizoram,34.55709,185.7500458,346.6232441,22.1,2,Tlawng,9,FALSE,9.7,1.078,0,6
Meghalaya,2.2712328,10.49347043,47.80756062,19.7,1,Brahmaputra (Goalpara gauge),36.27,TRUE,22.6,0.623,0,8
Manipur,0,0,0,20.6,2,Barak,20.5,FALSE,6.74,0.329,0,1
Arunachal Pradesh,51.243458,121.6769776,238.7058287,31.1,1,Brahmaputra (Dibrugarh gauge),105.7,TRUE,88.89,0.841,1,8
Sikkim,11.3361845,11.72093943,49.02298418,29.8,2,Teesta,15,FALSE,8.31,0.554,1,9
Meghalaya,0,13.69183207,34.46041918,21.3,1,Brahmaputra (Goalpara gauge),36.27,TRUE,16.18,0.446,0,3
Meghalaya,206.31105,289.1484451,509.5883465,17.7,1,Brahmaputra (Goalpara gauge),36.27,TRUE,45.19,1.246,1,7
Mizoram,0,0,0,23.4,0,Tlawng,9,FALSE,2.36,0.262,0,2
Arunachal Pradesh,5.407116,6.740551189,11.17542972,30.3,0,Brahmaputra (Dibrugarh gauge),105.7,TRUE,64.69,0.612,0,8
Nagaland,0,0,0,15.4,0,Brahmaputra (Dibrugarh gauge),105.7,TRUE,45.87,0.434,1,12
Sikkim,28.364363,51.40775394,115.5144194,34.9,3,Teesta,15,FALSE,9.98,0.665,1,6
Meghalaya,5.793657,145.4518151,211.8157527,17.5,0,Brahmaputra (Dhubri gauge),28.62,TRUE,16.66,0.582,0,10
Meghalaya,1.0163225,8.868690848,88.77440774,17.3,0,Brahmaputra (Goalpara gauge),36.27,TRUE,40.99,1.13,1,8
Assam,66.13581,72.6021421,235.0979955,5.9,0,Brahmaputra (Dhubri gauge),28.62,TRUE,35.52,1.241,0,7
Arunachal Pradesh,0,0,0,22.5,2,Brahmaputra (Dibrugarh gauge),105.7,TRUE,37.42,0.354,1,12
Arunachal Pradesh,0,6.893467188,20.2718153,22.2,1,Brahmaputra (Dibrugarh gauge),105.7,TRUE,39.53,0.374,0,2
Arunachal Pradesh,0,2.875303149,13.93972342,15.3,1,Dikrong,14,FALSE,4.86,0.347,0,4
Meghalaya,4.5218616,26.96842432,262.5356288,16.2,0,Brahmaputra (Guwahati gauge),49.68,TRUE,48.79,0.982,1,6
Arunachal Pradesh,0,0,5.660336494,30.2,1,Brahmaputra (Dibrugarh gauge),105.7,TRUE,38.79,0.367,0,11
Meghalaya,0,29.17974091,42.81504917,17.5,0,Brahmaputra (Dhubri gauge),28.62,TRUE,8.39,0.293,1,12
Manipur,0.7431624,10.89294934,10.89294934,17.3,1,Barak,20.5,FALSE,8.71,0.425,0,3
Arunachal Pradesh,66.370964,131.0740156,187.6071539,22.5,2,Brahmaputra (Dibrugarh gauge),105.7,TRUE,94.6,0.895,1,7
Sikkim,0.12186015,5.533685803,5.533685803,23.3,0,Teesta,15,FALSE,9.78,0.652,0,6
Manipur,2.3258693,10.57005334,108.8273156,23.5,0,Barak,20.5,FALSE,18.22,0.889,0,9
Mizoram,0,0,0.232571468,19.4,0,Tlawng,9,FALSE,3.58,0.398,1,2
Nagaland,7.4651246,20.66621375,90.9235394,16.4,0,Doyang,18,FALSE,17.15,0.953,1,6
Meghalaya,108.3662,142.0313917,238.9141596,22.4,0,Brahmaputra (Dhubri gauge),28.62,TRUE,26.76,0.935,1,7
Meghalaya,32.68676,176.4557743,428.2850723,14.7,0,Brahmaputra (Dhubri gauge),28.62,TRUE,23.38,0.817,0,6
Assam,143.96405,150.4155469,151.4870013,5.9,2,Subansiri,42,FALSE,31.25,0.744,1,7
Assam,0,0,1.126437545,6.8,0,Brahmaputra (Tezpur gauge),65.23,TRUE,30.66,0.47,1,11
Mizoram,0,0,0,19.4,0,Tlawng,9,FALSE,4.07,0.452,0,2
Mizoram,0,0,0,17.7,1,Tlawng,9,FALSE,4.77,0.53,0,3
Manipur,0,7.011017561,15.70143627,20.6,2,Barak,20.5,FALSE,8.71,0.425,1,4
Manipur,1.1751773,21.78390336,50.90606141,14,0,Imphal River,8,FALSE,2.92,0.365,1,4
Meghalaya,108.25535,559.4134979,983.3760767,20.2,0,Brahmaputra (Guwahati gauge),49.68,TRUE,49.03,0.987,1,5
Sikkim,28.3909,73.94133377,132.0422645,33.4,1,Teesta,15,FALSE,9.51,0.634,0,7
Nagaland,1.4385558,12.1182444,52.74141072,17.4,0,Doyang,18,FALSE,16.33,0.907,0,9
Arunachal Pradesh,1.7929602,4.108232021,53.71730092,32.5,1,Brahmaputra (Dibrugarh gauge),105.7,TRUE,51.48,0.487,1,4
Nagaland,62.19136,75.44954109,95.79136419,11.6,1,Brahmaputra (Dibrugarh gauge),105.7,TRUE,66.38,0.628,1,9
Arunachal Pradesh,0,18.71400642,65.81663918,26.3,0,Brahmaputra (Dibrugarh gauge),105.7,TRUE,85.83,0.812,0,5
Tripura,22.695452,22.69545174,22.69545174,20.2,1,Gomti,12,FALSE,5.62,0.468,1,11
Meghalaya,84.38801,106.6619865,129.239777,24.7,2,Brahmaputra (Goalpara gauge),36.27,TRUE,19.01,0.524,0,10
Tripura,0.04401247,45.23782198,49.95699064,16.1,0,Gomti,12,FALSE,4.7,0.392,1,5
Sikkim,0,0,1.866185844,24.1,0,Teesta,15,FALSE,8.5,0.567,1,12
Manipur,20.651814,28.4757247,28.4757247,20.6,2,Barak,20.5,FALSE,9.12,0.445,0,2
Arunachal Pradesh,0,0,0,30.3,0,Brahmaputra (Dibrugarh gauge),105.7,TRUE,41.54,0.393,0,9
Meghalaya,54.09782,697.1404228,808.0742378,24.2,0,Brahmaputra (Goalpara gauge),36.27,TRUE,42.76,1.179,1,6
Meghalaya,66.92614,229.819603,243.7143343,18.9,0,Brahmaputra (Guwahati gauge),49.68,TRUE,43.22,0.87,1,9
Sikkim,65.37248,98.33885479,188.7594303,28.8,0,Teesta,15,FALSE,12.68,0.845,1,8
Arunachal Pradesh,1.9923238,4.639406085,11.51585624,9.4,0,Dikrong,14,FALSE,13.17,0.941,1,9
Nagaland,0,0,24.04852581,16.9,0,Dikrong,14,FALSE,5.05,0.361,0,3
Assam,79.88557,102.4395814,131.9257682,10.2,0,Manas,33,FALSE,24.52,0.743,1,6
Mizoram,8.785943,20.95920706,73.20750403,20.2,1,Tlawng,9,FALSE,8.57,0.952,1,9
Nagaland,23.800762,74.26970482,128.9159988,18.8,0,Brahmaputra (Dibrugarh gauge),105.7,TRUE,63.74,0.603,1,8
Assam,89.29234,333.4835281,365.2391009,7.1,2,Barak,20.5,FALSE,17.63,0.86,1,5
Assam,0,0.515199557,30.72303845,11.2,0,Brahmaputra (Dhubri gauge),28.62,TRUE,23.04,0.805,0,5
Tripura,12.757547,16.01035166,72.89657527,14.8,1,Khowai,10,FALSE,11.13,1.113,0,8
Sikkim,2.5686967,27.92843452,86.35113826,29.7,3,Teesta,15,FALSE,11.88,0.792,1,9
Meghalaya,0.15735252,0.787816539,0.787816539,23.5,1,Barak,20.5,FALSE,8.61,0.42,1,2
Meghalaya,94.80424,183.0345345,260.867208,20.2,0,Brahmaputra (Guwahati gauge),49.68,TRUE,41.98,0.845,0,8
Assam,0,0,0,11.2,0,Brahmaputra (Dhubri gauge),28.62,TRUE,9.93,0.347,0,12
Arunachal Pradesh,218.59999,406.4999886,473.4999838,35.6,1,Brahmaputra (Dibrugarh gauge),105.7,TRUE,127.16,1.203,1,6
Meghalaya,82.30842,125.9290562,230.7673631,27.5,3,Brahmaputra (Guwahati gauge),49.68,TRUE,36.22,0.729,1,5
Manipur,7.2330666,10.77813217,15.78839749,20.7,2,Barak,20.5,FALSE,7.09,0.346,0,4
Assam,0,29.48404634,33.34171015,5.4,0,Manas,33,FALSE,12.24,0.371,0,4
Meghalaya,660.5492,1198.470398,2152.43261,18.9,0,Brahmaputra (Guwahati gauge),49.68,TRUE,56.59,1.139,1,6
Sikkim,0,0,5.620860741,24.1,0,Teesta,15,FALSE,5.9,0.393,1,10
Arunachal Pradesh,0.93847644,10.43509429,19.41716009,28.8,1,Brahmaputra (Dibrugarh gauge),105.7,TRUE,106.76,1.01,1,8
Arunachal Pradesh,0,0,7.237176478,26.4,0,Brahmaputra (Dibrugarh gauge),105.7,TRUE,95.13,0.9,1,9
Mizoram,0,0,0,24.2,1,Tlawng,9,FALSE,6.52,0.725,0,3
Arunachal Pradesh,20.03548,56.37193012,128.0622129,27.3,1,Brahmaputra (Dibrugarh gauge),105.7,TRUE,91.54,0.866,1,5
Assam,2.4682634,15.60478139,24.21725982,1.3,1,Brahmaputra (Tezpur gauge),65.23,TRUE,47.42,0.727,1,8
Arunachal Pradesh,218.51965,406.3553925,472.5702996,31.1,1,Brahmaputra (Dibrugarh gauge),105.7,TRUE,124.73,1.18,1,6
Arunachal Pradesh,0,0,0,13.8,0,Dikrong,14,FALSE,6.13,0.438,0,12
Assam,0,0,5.052438706,5.5,1,Brahmaputra (Guwahati gauge),49.68,TRUE,18.98,0.382,1,2
Arunachal Pradesh,0.037517834,10.59166198,13.09459318,9.4,0,Dikrong,14,FALSE,6.41,0.458,1,3
Assam,62.397873,73.7207346,136.865921,10.2,0,Manas,33,FALSE,18.48,0.56,1,10
Nagaland,0,40.01828766,42.60851259,17.9,0,Dhansiri,40,FALSE,34.52,0.863,1,8
Assam,11.566269,14.1640406,76.38137728,6.3,1,Brahmaputra (Goalpara gauge),36.27,TRUE,30.07,0.829,1,7
Sikkim,4.19294,4.429152727,4.429152727,32.4,0,Teesta,15,FALSE,5.03,0.335,1,2
Meghalaya,68.72062,141.0120049,335.6910267,17.7,1,Brahmaputra (Goalpara gauge),36.27,TRUE,34.78,0.959,0,8
Sikkim,0.6875477,14.73848343,92.19053364,35.2,1,Teesta,15,FALSE,8.2,0.547,1,8
Assam,16.540577,44.80164719,252.9852324,2,0,Dikrong,14,FALSE,13.76,0.983,0,6
Arunachal Pradesh,62.56031,109.8040962,271.5710421,26.3,0,Brahmaputra (Dibrugarh gauge),105.7,TRUE,106.23,1.005,0,8
Tripura,3.2597904,89.3031106,389.1418757,14.4,2,Gomti,12,FALSE,10.15,0.846,1,8
Manipur,5.4462085,40.34090281,93.2136364,8.4,2,Imphal River,8,FALSE,7.32,0.915,1,7
Meghalaya,63.404747,74.63016166,80.0267662,16,0,Brahmaputra (Goalpara gauge),36.27,TRUE,21.04,0.58,0,9
Sikkim,15.047109,49.77445555,114.646976,29.2,0,Teesta,15,FALSE,12.04,0.803,1,7
Mizoram,3.9922988,4.215252474,4.215252474,19.7,0,Barak,20.5,FALSE,11.44,0.558,0,3
Sikkim,0,0,0,33.4,1,Teesta,15,FALSE,5.34,0.356,1,11
Arunachal Pradesh,54.725006,80.58824015,249.6271424,33.2,2,Brahmaputra (Dibrugarh gauge),105.7,TRUE,73.36,0.694,1,4
Meghalaya,74.53235,121.1907051,221.0134084,24.7,2,Brahmaputra (Goalpara gauge),36.27,TRUE,30.18,0.832,0,7
Nagaland,79.0854,124.9709759,171.6458398,13,0,Doyang,18,FALSE,13.1,0.728,0,7
Sikkim,0,4.211921692,103.7171097,33.6,1,Teesta,15,FALSE,17.49,1.166,1,9
Sikkim,0,5.472807407,51.47580725,31,1,Teesta,15,FALSE,7.64,0.509,1,5
Meghalaya,15.641042,135.2854853,489.8755846,19.6,1,Brahmaputra (Goalpara gauge),36.27,TRUE,35.22,0.971,0,6
Arunachal Pradesh,2.3263583,40.94537878,73.45228624,31.6,1,Brahmaputra (Dibrugarh gauge),105.7,TRUE,66.91,0.633,1,9
Manipur,0,0,0,19.2,0,Imphal River,8,FALSE,4.99,0.624,1,1
Mizoram,14.510283,14.51028347,14.51028347,25.9,0,Barak,20.5,FALSE,8.63,0.421,1,5
Meghalaya,100.32731,146.5834789,278.2212715,27.5,3,Brahmaputra (Guwahati gauge),49.68,TRUE,49.58,0.998,1,6
Tripura,0,0,0,17.1,0,Gomti,12,FALSE,4.68,0.39,0,12
Assam,88.426956,188.3613815,235.3061823,8.7,2,Manas,33,FALSE,27.82,0.843,1,7
Meghalaya,69.46696,152.1245041,170.0101292,20.4,1,Barak,20.5,FALSE,13.12,0.64,1,5
Manipur,0,0,1.797363162,23.5,0,Barak,20.5,FALSE,8.61,0.42,1,10
Nagaland,79.864334,130.6155618,165.0626758,17.5,2,Dhansiri,40,FALSE,27.56,0.689,1,5
Assam,3.4843626,3.607628264,36.2936708,5.4,1,Brahmaputra (Guwahati gauge),49.68,TRUE,28.86,0.581,0,4
Manipur,0,0,0,15.9,3,Imphal River,8,FALSE,3.32,0.415,1,2
Arunachal Pradesh,0,37.95897448,63.46973193,17.4,1,Dikrong,14,FALSE,10.29,0.735,1,6
Meghalaya,105.6774,248.9725647,291.4998934,20.5,1,Brahmaputra (Guwahati gauge),49.68,TRUE,46.1,0.928,1,8
Arunachal Pradesh,0,0.359294802,2.837955743,18.1,0,Subansiri,42,FALSE,10.92,0.26,0,10
Arunachal Pradesh,0,0.23548764,6.705378234,26.1,0,Brahmaputra (Dibrugarh gauge),105.7,TRUE,70.29,0.665,1,9
Mizoram,15.811171,104.9107227,393.9841938,20.4,0,Tlawng,9,FALSE,9.03,1.003,1,6
Meghalaya,50.147247,74.55872583,84.90678596,16.2,0,Brahmaputra (Guwahati gauge),49.68,TRUE,25.78,0.519,1,10
Arunachal Pradesh,0.9935203,91.84091336,201.5858261,29.3,2,Brahmaputra (Dibrugarh gauge),105.7,TRUE,75.15,0.711,0,8
Meghalaya,0,0,0,18.7,0,Brahmaputra (Guwahati gauge),49.68,TRUE,19.18,0.386,0,1
Sikkim,76.86675,129.0751705,177.1715517,34.2,1,Teesta,15,FALSE,13.26,0.884,1,6
Assam,81.90037,420.3978882,606.9732115,4.6,0,Brahmaputra (Goalpara gauge),36.27,TRUE,47.15,1.3,0,6
Assam,0,0.42582953,1.088231027,8.3,1,Brahmaputra (Goalpara gauge),36.27,TRUE,18.79,0.518,1,8
Arunachal Pradesh,2.3121223,9.358141899,9.358141899,9.4,0,Dikrong,14,FALSE,5.17,0.369,0,5
Nagaland,0,0,7.889131367,16.7,2,Brahmaputra (Tezpur gauge),65.23,TRUE,30.85,0.473,1,6
Nagaland,69.10288,107.2004585,151.7597303,13,1,Doyang,18,FALSE,13,0.722,1,9
Sikkim,21.53937,40.1916132,113.4663959,29.8,2,Teesta,15,FALSE,8.68,0.579,1,8
Mizoram,14.2,43,114.4046359,24.8,0,Tlawng,9,FALSE,8.89,0.988,1,8
Manipur,1.251266,76.41181612,134.5488415,9.7,0,Doyang,18,FALSE,11.45,0.636,0,9
Arunachal Pradesh,2.9484258,12.99079747,34.50046344,20.6,2,Dikrong,14,FALSE,12.4,0.886,1,7
Tripura,63.084694,216.916996,415.8107395,16.1,0,Gomti,12,FALSE,13.03,1.086,1,6
Manipur,13.110665,15.35413551,31.49995564,10.7,0,Imphal River,8,FALSE,7.25,0.906,1,9
Assam,77.529015,119.8189197,136.2259654,11.2,0,Brahmaputra (Dhubri gauge),28.62,TRUE,22.87,0.799,1,8
Assam,9.291545,13.23271465,23.93854561,10.2,0,Manas,33,FALSE,22.67,0.687,0,7
Nagaland,5.4068813,39.72087479,133.2431087,11.2,0,Doyang,18,FALSE,10.94,0.608,1,8
Assam,87.81957,387.1500473,632.2485962,7,1,Brahmaputra (Dhubri gauge),28.62,TRUE,34.12,1.192,1,6
Meghalaya,0,0,5.625417709,17.1,1,Manas,33,FALSE,16.9,0.512,0,1
Arunachal Pradesh,0,0,0,29.4,1,Brahmaputra (Dibrugarh gauge),105.7,TRUE,31.82,0.301,0,11
Nagaland,0,0,0.10226132,13.2,1,Brahmaputra (Neamatighat gauge),85.05,TRUE,69.66,0.819,0,9
Manipur,3.78856,14.67214119,20.83013487,19.2,0,Imphal River,8,FALSE,3.82,0.477,1,9
Sikkim,82.38857,265.9866638,328.3539344,29.2,0,Teesta,15,FALSE,14.66,0.977,0,6
Tripura,107.65843,223.4135818,273.0565881,14.5,0,Khowai,10,FALSE,9.67,0.967,1,9
Arunachal Pradesh,0,0.227605164,0.528274447,28.8,1,Brahmaputra (Dibrugarh gauge),105.7,TRUE,41.33,0.391,1,2
Meghalaya,28.331236,36.57938385,73.26629138,16.4,0,Brahmaputra (Dhubri gauge),28.62,TRUE,16.89,0.59,0,7
Sikkim,0,0,2.001088381,28,1,Teesta,15,FALSE,6.15,0.41,0,1
Meghalaya,70.6835,80.2168541,138.2033806,14.7,0,Brahmaputra (Dhubri gauge),28.62,TRUE,22.5,0.786,1,3
Manipur,7.0313854,21.30575466,31.88891597,12.6,1,Imphal River,8,FALSE,8.14,1.018,1,6
Manipur,0,42.37401009,106.8821115,20.6,2,Barak,20.5,FALSE,10.64,0.519,0,3
Arunachal Pradesh,0,0,28.04373217,27.9,1,Brahmaputra (Dibrugarh gauge),105.7,TRUE,50.21,0.475,1,9
Tripura,97.47365,107.4331431,184.3499007,13.7,0,Gomti,12,FALSE,8.29,0.691,1,7
Arunachal Pradesh,0,0,67.35131162,17.6,1,Subansiri,42,FALSE,33.85,0.806,0,9
Nagaland,11.988523,46.22529125,121.7100239,17.5,2,Dhansiri,40,FALSE,38.44,0.961,1,6
Tripura,50.38583,51.91278243,130.9432946,16,0,Gomti,12,FALSE,6.89,0.574,0,8
Manipur,0,19.53388123,30.46221678,18,0,Imphal River,8,FALSE,2.6,0.325,1,4
Assam,2.2067251,52.99851131,86.99384689,6.7,1,Brahmaputra (Dibrugarh gauge),105.7,TRUE,74.73,0.707,0,6
Meghalaya,74.62716,156.343502,272.3286657,19.6,1,Brahmaputra (Goalpara gauge),36.27,TRUE,35.83,0.988,1,7
Meghalaya,0,0,0,17.1,1,Manas,33,FALSE,28.58,0.866,1,1
Sikkim,3.0087123,5.22805953,46.34502912,27.7,0,Teesta,15,FALSE,5.42,0.361,1,4
Arunachal Pradesh,35.65991,47.21648121,53.10130834,16.5,1,Dikrong,14,FALSE,9.13,0.652,0,8
Arunachal Pradesh,0,5.156950295,13.61776501,33.2,2,Brahmaputra (Dibrugarh gauge),105.7,TRUE,86.36,0.817,1,7
Nagaland,1.8013959,22.91829777,142.2185068,16.4,0,Doyang,18,FALSE,12.44,0.691,0,7
Assam,64.21182,67.81181675,122.5498682,11.2,0,Brahmaputra (Dhubri gauge),28.62,TRUE,29.99,1.048,1,8
Meghalaya,84.664246,272.6023083,308.3426096,19.6,1,Brahmaputra (Goalpara gauge),36.27,TRUE,34.38,0.948,1,7
Arunachal Pradesh,61.045654,68.6273483,94.99224281,21.4,2,Brahmaputra (Dibrugarh gauge),105.7,TRUE,60.04,0.568,0,2
Meghalaya,45.505306,101.0942211,399.9869251,14.5,0,Brahmaputra (Dhubri gauge),28.62,TRUE,37.21,1.3,1,6
Meghalaya,9.332125,40.6240263,54.64943123,20.7,1,Barak,20.5,FALSE,8.12,0.396,1,3
Meghalaya,60.55147,110.513351,386.3978837,21.6,0,Brahmaputra (Goalpara gauge),36.27,TRUE,38.63,1.065,1,6
Meghalaya,60.596546,177.7989502,193.2706068,17.1,1,Manas,33,FALSE,15.87,0.481,1,10
Mizoram,5.455215,59.02428675,87.13840151,23.3,0,Tlawng,9,FALSE,7.71,0.857,0,8
Manipur,1.4674991,11.30798566,21.1704914,14,0,Imphal River,8,FALSE,3.57,0.446,0,11
Meghalaya,0,9.06593883,50.86860931,22.1,0,Brahmaputra (Guwahati gauge),49.68,TRUE,25.78,0.519,0,8
Meghalaya,0,6.168206885,28.22678347,24.9,0,Brahmaputra (Guwahati gauge),49.68,TRUE,17.74,0.357,0,4
Arunachal Pradesh,86.0653,95.02577537,98.68961158,21,2,Brahmaputra (Dibrugarh gauge),105.7,TRUE,113.42,1.073,1,6
Nagaland,72.70025,149.6079268,164.3757088,10.6,0,Brahmaputra (Neamatighat gauge),85.05,TRUE,78.76,0.926,1,4
Meghalaya,0,0,0,17.3,0,Brahmaputra (Goalpara gauge),36.27,TRUE,12.04,0.332,0,2
Sikkim,10.0653105,36.45266533,116.800828,33.6,1,Teesta,15,FALSE,14.76,0.984,1,8
Assam,84.0566,128.9198418,160.3650446,7.1,2,Barak,20.5,FALSE,13.1,0.639,0,5
Assam,0,0,0.659482121,7.1,1,Brahmaputra (Dibrugarh gauge),105.7,TRUE,40.17,0.38,0,2
Arunachal Pradesh,66.48804,199.3076897,211.4696293,27.1,0,Brahmaputra (Dibrugarh gauge),105.7,TRUE,94.39,0.893,1,7
Sikkim,55.403175,91.00979662,227.8732285,27.7,0,Teesta,15,FALSE,12.15,0.81,0,7
Mizoram,56.55571,75.36730385,82.83199206,23,0,Tlawng,9,FALSE,4.48,0.498,0,7
Manipur,5.014911,5.014911175,5.014911175,9.1,1,Doyang,18,FALSE,11.66,0.648,0,11
Meghalaya,54.762768,103.3124609,103.3124609,22.4,0,Brahmaputra (Dhubri gauge),28.62,TRUE,26.73,0.934,1,9
Mizoram,5.718646,125.1469545,248.7799158,20.4,0,Tlawng,9,FALSE,7.14,0.793,1,7
Assam,0,0,4.510433197,4.9,1,Manas,33,FALSE,14.02,0.425,0,9
Arunachal Pradesh,25.631727,110.3658886,274.6177825,25.2,1,Brahmaputra (Dibrugarh gauge),105.7,TRUE,120.29,1.138,1,6
Nagaland,0,0,0,21.7,0,Dhansiri,40,FALSE,11.04,0.276,1,2
Arunachal Pradesh,0,55.63926363,91.97961283,25.2,1,Brahmaputra (Dibrugarh gauge),105.7,TRUE,41.12,0.389,1,10
Tripura,0,0,0,17.3,0,Gomti,12,FALSE,5.72,0.477,0,1
Arunachal Pradesh,55.320763,63.74981993,164.0160887,27.2,0,Brahmaputra (Dibrugarh gauge),105.7,TRUE,73.57,0.696,0,6
Tripura,0,0.567088187,0.567088187,20.2,1,Gomti,12,FALSE,10.61,0.884,0,1
Arunachal Pradesh,50.015694,57.37113065,83.25266045,29.4,1,Brahmaputra (Dibrugarh gauge),105.7,TRUE,101.79,0.963,1,8
Nagaland,0.7227721,6.056669295,8.114402592,15.4,0,Brahmaputra (Dibrugarh gauge),105.7,TRUE,58.45,0.553,1,4
Assam,7.5586753,20.98091078,25.40836048,5,0,Brahmaputra (Dibrugarh gauge),105.7,TRUE,45.45,0.43,0,2
Meghalaya,78.96244,102.3222499,221.2975883,15.9,1,Brahmaputra (Dhubri gauge),28.62,TRUE,23.9,0.835,1,6
Mizoram,0,0,60.0747211,19.7,0,Barak,20.5,FALSE,13.78,0.672,0,9
Mizoram,1.458702,8.789905906,12.18090308,22.9,1,Tlawng,9,FALSE,2.83,0.314,1,10
Meghalaya,0,0,0,20.4,1,Barak,20.5,FALSE,7.34,0.358,1,1
Manipur,24.417486,41.65384245,66.10800231,18.6,1,Imphal River,8,FALSE,8.31,1.039,1,6
Arunachal Pradesh,5.3952813,76.69230509,287.8569903,31.1,1,Brahmaputra (Dibrugarh gauge),105.7,TRUE,104.85,0.992,0,6
Manipur,0,0,4.866102695,15.8,1,Doyang,18,FALSE,6.89,0.383,1,3
Assam,58.588852,217.334259,305.1256783,6.5,0,Manas,33,FALSE,32.04,0.971,0,6
Mizoram,57.298664,81.08736229,90.55085593,17.7,1,Tlawng,9,FALSE,5.36,0.596,1,8
Assam,8.806163,14.16647458,26.41689801,3.3,0,Brahmaputra (Tezpur gauge),65.23,TRUE,37.7,0.578,1,8
Sikkim,4.7287745,18.0637486,55.98061275,35.2,1,Teesta,15,FALSE,14,0.933,1,9
Meghalaya,70.12416,241.0097504,322.1874144,17.7,1,Brahmaputra (Goalpara gauge),36.27,TRUE,27.57,0.76,1,4
Meghalaya,89.07595,112.5334291,170.6589918,27.5,3,Brahmaputra (Guwahati gauge),49.68,TRUE,29.26,0.589,0,10
Arunachal Pradesh,107.48828,161.5734293,317.2719634,21,2,Brahmaputra (Dibrugarh gauge),105.7,TRUE,84.77,0.802,1,4
Meghalaya,123.96371,267.8581238,287.3202574,20.4,1,Barak,20.5,FALSE,20.68,1.009,1,6
Meghalaya,50.06183,50.06182861,55.25037956,14.7,0,Brahmaputra (Dhubri gauge),28.62,TRUE,17.06,0.596,1,9
Meghalaya,0,143.272191,357.0537825,20.5,1,Brahmaputra (Guwahati gauge),49.68,TRUE,48.24,0.971,1,6
Mizoram,0,44.84337807,89.56622052,24,1,Tlawng,9,FALSE,5.04,0.56,0,5
Arunachal Pradesh,0,4.823667049,71.67495298,25.8,2,Brahmaputra (Dibrugarh gauge),105.7,TRUE,45.56,0.431,1,2
Arunachal Pradesh,0,0,16.69819707,25.4,0,Brahmaputra (Dibrugarh gauge),105.7,TRUE,45.45,0.43,0,11
Manipur,0,0,0,20.7,2,Barak,20.5,FALSE,6.85,0.334,1,1
Manipur,0,0,7.826187313,17.3,1,Barak,20.5,FALSE,10.58,0.516,1,9
Meghalaya,51.62223,138.7485199,319.3077469,21.6,0,Brahmaputra (Goalpara gauge),36.27,TRUE,34.96,0.964,0,7
Tripura,0,0,0,17.2,0,Gomti,12,FALSE,9.91,0.826,0,12
Arunachal Pradesh,0,0,0,19.3,0,Dikrong,14,FALSE,5.29,0.378,1,12
Sikkim,1.5092756,6.470013261,17.55964816,29.7,3,Teesta,15,FALSE,5.5,0.367,1,4
Arunachal Pradesh,82.524536,103.183188,152.1556321,28.1,0,Brahmaputra (Dibrugarh gauge),105.7,TRUE,93.65,0.886,1,9
Mizoram,0,11.59320545,17.59325671,19.7,0,Barak,20.5,FALSE,9.22,0.45,0,10
Tripura,0,27.38441479,37.27863727,15.2,0,Tlawng,9,FALSE,5.19,0.577,1,7
Meghalaya,92.28794,174.702158,276.0189719,17.5,0,Brahmaputra (Dhubri gauge),28.62,TRUE,25.44,0.889,1,8
Arunachal Pradesh,112.59999,173.9789391,333.3930626,26.4,0,Brahmaputra (Dibrugarh gauge),105.7,TRUE,79.06,0.748,1,4
Mizoram,23.372702,98.36462212,186.6702709,19.4,0,Tlawng,9,FALSE,7.26,0.807,0,7
Sikkim,53.129387,127.7719269,287.675518,33.4,1,Teesta,15,FALSE,14.67,0.978,1,7
Mizoram,9.836479,9.836479187,72.50541973,19.4,0,Tlawng,9,FALSE,3.83,0.426,0,10
Meghalaya,0,0,0,19.2,1,Kopili,30,FALSE,12,0.4,1,1
Sikkim,105.09213,107.8990766,135.1041284,34.9,3,Teesta,15,FALSE,8.86,0.591,1,10
Sikkim,209.45586,230.1070795,289.4141182,33.6,1,Teesta,15,FALSE,10.12,0.675,1,10
Assam,10.881139,52.53964424,65.32143188,11.2,0,Brahmaputra (Dhubri gauge),28.62,TRUE,14.4,0.503,0,4
Mizoram,0,0.127138525,0.658176526,19.7,0,Barak,20.5,FALSE,8.92,0.435,0,4
Arunachal Pradesh,0,0,72.78852749,29.4,1,Brahmaputra (Dibrugarh gauge),105.7,TRUE,74.1,0.701,1,9
Mizoram,72.88452,94.44221592,224.2539768,17.7,1,Tlawng,9,FALSE,6.34,0.705,1,7
Tripura,0,0,0,20.2,1,Gomti,12,FALSE,5.06,0.422,1,11
Manipur,0,3.124245644,3.124245644,9.7,0,Doyang,18,FALSE,7.29,0.405,0,2
Arunachal Pradesh,0,0,0,15.9,0,Subansiri,42,FALSE,33.6,0.8,0,12
Arunachal Pradesh,0,0,1.461336613,30.2,1,Brahmaputra (Dibrugarh gauge),105.7,TRUE,54.86,0.519,0,9
Tripura,0,0,0,14.2,0,Khowai,10,FALSE,5.01,0.501,1,12
Nagaland,53.515804,74.29727918,124.2947071,13.6,0,Doyang,18,FALSE,12.01,0.667,0,8
Tripura,152.63268,193.4547577,201.7099962,16.3,0,Gomti,12,FALSE,10.16,0.847,1,5
Meghalaya,4.258355,24.11895418,94.05883169,18.7,0,Brahmaputra (Guwahati gauge),49.68,TRUE,34.43,0.693,0,7
Sikkim,0,8.570216656,61.16338396,29.8,2,Teesta,15,FALSE,5.68,0.379,1,3
Nagaland,58.169777,95.88765621,156.1104131,18,1,Dhansiri,40,FALSE,34.08,0.852,1,6
Assam,74.679,174.9164505,245.0693856,5.1,1,Kopili,30,FALSE,26.61,0.887,0,7
Mizoram,0,14.17303038,23.06966782,22.2,1,Tlawng,9,FALSE,8.28,0.92,1,6
Arunachal Pradesh,0,0,0,35.3,0,Brahmaputra (Dibrugarh gauge),105.7,TRUE,63.1,0.597,1,8
Arunachal Pradesh,1.1938931,1.193893075,1.352246768,28.6,0,Brahmaputra (Dibrugarh gauge),105.7,TRUE,27.9,0.264,1,2
Nagaland,0.3297704,12.52258307,38.28201544,21.7,0,Dhansiri,40,FALSE,33.32,0.833,1,9
Arunachal Pradesh,13.264869,103.6641684,184.3239851,24.7,1,Brahmaputra (Dibrugarh gauge),105.7,TRUE,71.88,0.68,1,7
Arunachal Pradesh,0,0,29.77233124,15.9,0,Subansiri,42,FALSE,40.99,0.976,1,6
Assam,43.919353,97.09741211,388.4016533,3.9,0,Brahmaputra (Guwahati gauge),49.68,TRUE,43.67,0.879,1,6
Arunachal Pradesh,23.013634,32.10889721,51.29113102,26.3,0,Brahmaputra (Dibrugarh gauge),105.7,TRUE,60.99,0.577,0,9
Arunachal Pradesh,0,0,0,32.1,1,Brahmaputra (Dibrugarh gauge),105.7,TRUE,74.1,0.701,1,8
Arunachal Pradesh,54.029476,64.32947612,64.32947612,28.8,1,Brahmaputra (Dibrugarh gauge),105.7,TRUE,49.04,0.464,0,2
Manipur,0,0,81.5521301,14,0,Imphal River,8,FALSE,6.41,0.801,0,9
Manipur,5.4081593,18.83546925,33.68439007,13.5,0,Doyang,18,FALSE,10.15,0.564,0,7
Mizoram,0.26471433,27.0354434,61.08762297,20.3,0,Tlawng,9,FALSE,9.13,1.014,1,6
Nagaland,114.14655,154.8632126,154.9217371,16.7,2,Brahmaputra (Tezpur gauge),65.23,TRUE,58.45,0.896,1,6
Tripura,0.15331075,0.153310746,0.153310746,15.2,0,Tlawng,9,FALSE,4.42,0.491,1,2
Manipur,9.35134,12.78228807,97.21534395,14.6,2,Imphal River,8,FALSE,3.79,0.474,1,10
Nagaland,0,7.654950619,20.02972937,19,6,Brahmaputra (Neamatighat gauge),85.05,TRUE,71.53,0.841,1,3
Nagaland,89.94544,133.7436943,165.9334083,17.2,0,Brahmaputra (Neamatighat gauge),85.05,TRUE,70.51,0.829,0,7
Arunachal Pradesh,0,0,0,28.8,1,Brahmaputra (Dibrugarh gauge),105.7,TRUE,30.34,0.287,1,2
Assam,6.649937,18.33023918,46.97144949,1.3,0,Brahmaputra (Tezpur gauge),65.23,TRUE,55.9,0.857,1,8
Arunachal Pradesh,0.49805468,3.942933023,4.440345943,17.9,0,Brahmaputra (Dibrugarh gauge),105.7,TRUE,47.99,0.454,0,9
Nagaland,122.31223,193.9849186,221.0937929,17.8,0,Subansiri,42,FALSE,37.76,0.899,1,7
Sikkim,0,0,0,28,1,Teesta,15,FALSE,5.94,0.396,0,1
Assam,46.768005,131.4174461,288.9919987,5,0,Brahmaputra (Tezpur gauge),65.23,TRUE,59.95,0.919,0,6
Tripura,142.78677,176.9460073,182.216615,20.2,1,Gomti,12,FALSE,8.76,0.73,1,7
Assam,59.537407,59.53740692,88.36663309,11.2,0,Brahmaputra (Dhubri gauge),28.62,TRUE,15.97,0.558,1,9
Arunachal Pradesh,0.15132973,6.158316225,17.09842312,28.8,1,Brahmaputra (Dibrugarh gauge),105.7,TRUE,51.9,0.491,0,8
Meghalaya,2.7362309,21.6576252,134.4381933,21.9,1,Brahmaputra (Guwahati gauge),49.68,TRUE,45.41,0.914,1,7
Arunachal Pradesh,81.300606,113.5262585,156.4788451,17.4,1,Dikrong,14,FALSE,10.26,0.733,1,8
Meghalaya,200.38795,234.0577636,261.996201,27.5,3,Brahmaputra (Guwahati gauge),49.68,TRUE,42.28,0.851,1,5
Tripura,52.982582,118.742979,173.1474125,12.8,1,Tlawng,9,FALSE,7.99,0.888,1,8
Nagaland,0,0,0,20.1,1,Dhansiri,40,FALSE,15.36,0.384,1,1
Nagaland,7.9305153,7.930515289,7.930515289,20.5,0,Kopili,30,FALSE,18.18,0.606,0,9
Nagaland,69.46425,142.0370064,311.3460102,16.9,0,Dikrong,14,FALSE,12.8,0.914,1,6
Arunachal Pradesh,4.4850574,23.63869476,38.80120492,9.4,0,Dikrong,14,FALSE,5.95,0.425,0,8
Assam,0.25573802,21.97226287,53.34909107,8.3,0,Brahmaputra (Goalpara gauge),36.27,TRUE,34.53,0.952,1,7
Mizoram,105.99984,191.6098289,289.69625,20.4,0,Tlawng,9,FALSE,7.81,0.868,0,5
Manipur,0.82109547,5.696546793,26.39553125,9.7,0,Doyang,18,FALSE,16.06,0.892,1,5
Sikkim,0.7410343,186.0158046,274.253342,33.4,1,Teesta,15,FALSE,15.48,1.032,1,10
Assam,77.58656,193.5498238,433.1787257,4.3,0,Manas,33,FALSE,33.26,1.008,1,6
Arunachal Pradesh,56.046535,56.424218,75.59430391,17.9,0,Brahmaputra (Dibrugarh gauge),105.7,TRUE,53.59,0.507,1,4
Arunachal Pradesh,14.11378,22.72270143,69.19124123,30.2,1,Brahmaputra (Dibrugarh gauge),105.7,TRUE,65.64,0.621,0,6
Meghalaya,104.5716,303.6918144,426.4433565,24.2,0,Brahmaputra (Goalpara gauge),36.27,TRUE,39.97,1.102,1,7
Meghalaya,0.19326188,0.193261877,6.094687,18.7,0,Brahmaputra (Guwahati gauge),49.68,TRUE,31.5,0.634,0,7
Assam,2.5376194,6.009783387,7.115868926,3.1,0,Dikrong,14,FALSE,4.8,0.343,1,4
Nagaland,0.057004947,7.956040639,96.2296107,13,1,Doyang,18,FALSE,17.55,0.975,1,9
Assam,51.085373,182.3090005,220.4974756,1.3,0,Dikrong,14,FALSE,10.81,0.772,0,7
Arunachal Pradesh,6.113357,19.38153267,139.1881719,18.4,2,Subansiri,42,FALSE,41.83,0.996,0,7
Nagaland,85.42887,88.3742063,110.1938524,19.5,0,Kopili,30,FALSE,19.74,0.658,1,8
Meghalaya,160.27985,275.8676605,349.7370565,20.5,1,Brahmaputra (Guwahati gauge),49.68,TRUE,52.56,1.058,1,6
Mizoram,66.65528,89.96109289,121.3672893,23.1,2,Khowai,10,FALSE,8.14,0.814,1,8
Assam,85.70424,118.6387835,269.3511095,3.2,1,Manas,33,FALSE,31.91,0.967,0,6
Meghalaya,56.789036,173.8640575,353.437253,18.7,0,Brahmaputra (Guwahati gauge),49.68,TRUE,49.83,1.003,1,6
Mizoram,0,0,0,19.4,0,Tlawng,9,FALSE,7.33,0.815,0,11
Sikkim,70.67354,121.1002631,121.1002631,29.8,2,Teesta,15,FALSE,13.86,0.924,1,11
Meghalaya,6.4452953,219.0091534,378.6719818,16.4,0,Brahmaputra (Dhubri gauge),28.62,TRUE,28.42,0.993,1,10
Tripura,92.2508,93.01888937,108.777077,18,1,Gomti,12,FALSE,9.47,0.789,0,9
Meghalaya,60.540897,88.03254509,130.782334,20.5,1,Brahmaputra (Guwahati gauge),49.68,TRUE,48.84,0.983,1,9
Tripura,0,0,0,14.9,0,Gomti,12,FALSE,6.22,0.518,1,11
Sikkim,0.33373868,21.29242456,255.0324758,32.4,0,Teesta,15,FALSE,14,0.933,1,6
Tripura,5.150834,141.0710955,347.5875387,16.3,0,Gomti,12,FALSE,10.66,0.888,1,8
Arunachal Pradesh,123.394104,154.1464751,217.6571962,28.1,0,Brahmaputra (Dibrugarh gauge),105.7,TRUE,103.8,0.982,1,8
Manipur,60.79671,135.2952099,181.8174295,9.1,1,Doyang,18,FALSE,9.92,0.551,1,5
Nagaland,0,16.33785629,177.9119749,15.1,2,Brahmaputra (Neamatighat gauge),85.05,TRUE,92.53,1.088,1,7
Assam,3.8346205,25.71197033,87.49985027,6.7,1,Brahmaputra (Dibrugarh gauge),105.7,TRUE,55.92,0.529,1,7
Sikkim,11.890334,49.11397076,122.9729939,25.7,0,Teesta,15,FALSE,17.12,1.141,1,7
Mizoram,0.7842505,53.9678576,61.2447495,25,2,Tlawng,9,FALSE,8.81,0.979,1,9
Meghalaya,5.4271336,6.16041708,6.16041708,20.2,0,Brahmaputra (Guwahati gauge),49.68,TRUE,22.8,0.459,1,2
Arunachal Pradesh,36.58876,38.58845854,38.58845854,24.8,1,Brahmaputra (Dibrugarh gauge),105.7,TRUE,90.9,0.86,1,4
Assam,1.0081601,174.139504,697.9647985,11.2,0,Brahmaputra (Dhubri gauge),28.62,TRUE,33.6,1.174,0,6
Sikkim,51.858223,80.82675123,164.6032875,29.7,3,Teesta,15,FALSE,12.06,0.804,0,8
Meghalaya,147.67195,224.6054287,266.8534018,17.7,1,Brahmaputra (Goalpara gauge),36.27,TRUE,31.08,0.857,1,6
Arunachal Pradesh,69.56984,258.3289337,304.3555118,22.5,2,Brahmaputra (Dibrugarh gauge),105.7,TRUE,109.82,1.039,1,6
Mizoram,14.299092,23.41531003,37.33088732,20.7,0,Tlawng,9,FALSE,5.56,0.618,0,8
Manipur,55.917595,57.02909303,57.18079771,19.8,0,Doyang,18,FALSE,14.2,0.789,0,6
Arunachal Pradesh,0,0.139498994,8.702208802,9.4,0,Dikrong,14,FALSE,5.75,0.411,0,9
Mizoram,1.7125002,14.44277442,16.74969327,19.7,0,Barak,20.5,FALSE,19.23,0.938,0,10
Sikkim,0.22565801,30.30211218,39.70896395,35.2,1,Teesta,15,FALSE,8.91,0.594,1,5
Meghalaya,49.834328,328.4820938,1327.179848,21.6,0,Brahmaputra (Goalpara gauge),36.27,TRUE,36.16,0.997,1,6
Arunachal Pradesh,19.4,93.19999504,180.199996,35.6,1,Brahmaputra (Dibrugarh gauge),105.7,TRUE,86.04,0.814,1,8
Meghalaya,61.368454,194.4912586,243.2520239,19.6,1,Brahmaputra (Goalpara gauge),36.27,TRUE,26.8,0.739,1,5
Arunachal Pradesh,1.4083805,1.408380508,2.354517207,9.4,0,Dikrong,14,FALSE,5.49,0.392,1,2
Mizoram,98.92945,140.819334,241.3807163,17.7,1,Tlawng,9,FALSE,7.82,0.869,1,7
Tripura,266.46237,360.6508331,421.7793226,14.5,0,Khowai,10,FALSE,11.34,1.134,1,6
Tripura,10.751337,16.54082876,44.48183066,20.2,1,Gomti,12,FALSE,5.05,0.421,1,4
Tripura,0,0,0,17.1,0,Gomti,12,FALSE,6.22,0.518,0,3
Nagaland,0,8.196992874,45.21037233,19,6,Brahmaputra (Neamatighat gauge),85.05,TRUE,37.93,0.446,0,5
Sikkim,59.384094,89.77807522,98.37168495,33.6,1,Teesta,15,FALSE,9.51,0.634,0,8
Arunachal Pradesh,91.87244,106.6500248,111.3560386,31.9,1,Brahmaputra (Dibrugarh gauge),105.7,TRUE,81.92,0.775,1,6
Tripura,0,0,5.272932172,18,1,Gomti,12,FALSE,4.45,0.371,0,10
Arunachal Pradesh,0,0,0,35.3,0,Brahmaputra (Dibrugarh gauge),105.7,TRUE,37.63,0.356,0,11
Tripura,83.1599,103.1233163,147.7750652,16.1,0,Gomti,12,FALSE,14.54,1.212,1,9
Mizoram,92.92141,141.2530231,237.9578457,22.2,1,Tlawng,9,FALSE,9.46,1.051,1,7
Sikkim,108.44872,159.1498718,237.6514585,23.3,0,Teesta,15,FALSE,12.98,0.865,1,6
Assam,0,0,0,10.2,0,Manas,33,FALSE,14.59,0.442,0,1
Assam,0,0,0,7.7,1,Brahmaputra (Dibrugarh gauge),105.7,TRUE,42.6,0.403,0,12
Tripura,0,0,0,13.7,0,Gomti,12,FALSE,4.21,0.351,1,12
Sikkim,55.24088,90.82735026,248.7460619,33.4,1,Teesta,15,FALSE,13.05,0.87,1,8
Arunachal Pradesh,0,0,32.20264912,16.8,0,Dikrong,14,FALSE,5.99,0.428,1,11
Meghalaya,0,10.62362218,227.487035,17.7,1,Brahmaputra (Goalpara gauge),36.27,TRUE,34.75,0.958,0,9
Tripura,2.0297718,3.568807393,82.29026085,14.9,0,Gomti,12,FALSE,10.02,0.835,0,9
Arunachal Pradesh,92.63536,119.0546618,126.5620714,32.5,1,Brahmaputra (Dibrugarh gauge),105.7,TRUE,66.49,0.629,1,5
Meghalaya,90.22733,504.8540459,521.4412708,20.2,0,Brahmaputra (Guwahati gauge),49.68,TRUE,49.08,0.988,0,5
Arunachal Pradesh,31.324524,52.55357677,258.3232883,18.4,2,Subansiri,42,FALSE,34.06,0.811,0,7
Arunachal Pradesh,3.6046624,8.275819421,8.275819421,33.6,2,Brahmaputra (Dibrugarh gauge),105.7,TRUE,42.17,0.399,1,12
Tripura,126.1204,230.5491219,271.5281143,12.8,1,Gomti,12,FALSE,11.68,0.973,1,7
Sikkim,0,0,0,33.6,1,Teesta,15,FALSE,7.03,0.469,0,11
Arunachal Pradesh,0,3.821892262,18.19935459,26.4,0,Brahmaputra (Dibrugarh gauge),105.7,TRUE,87.52,0.828,0,10
Sikkim,8.764859,63.76859093,243.0303974,24.1,0,Teesta,15,FALSE,12.84,0.856,1,6
Meghalaya,65.12743,204.2991638,491.4350691,17.7,1,Brahmaputra (Goalpara gauge),36.27,TRUE,40.99,1.13,1,7
Sikkim,6.7943807,37.55859995,59.21230984,35.2,1,Teesta,15,FALSE,12.06,0.804,1,8
Meghalaya,50.87144,60.67454338,81.25824249,18.3,0,Brahmaputra (Dhubri gauge),28.62,TRUE,14.74,0.515,0,8
Assam,0,13.11416435,17.58034945,8.3,0,Brahmaputra (Dibrugarh gauge),105.7,TRUE,61.62,0.583,1,11
Sikkim,0,0,0,29.8,2,Teesta,15,FALSE,6.81,0.454,1,12
Meghalaya,115.52915,327.2431488,1067.105972,20.5,1,Brahmaputra (Guwahati gauge),49.68,TRUE,55.99,1.127,1,6
Meghalaya,1.7033855,36.42990124,161.0915605,24.7,2,Brahmaputra (Goalpara gauge),36.27,TRUE,39.57,1.091,1,8
Meghalaya,56.650715,82.64364338,227.8444195,24.2,0,Brahmaputra (Goalpara gauge),36.27,TRUE,27.49,0.758,0,7
Arunachal Pradesh,0,4.763679147,50.19543087,17.4,0,Manas,33,FALSE,32.41,0.982,0,6
Assam,27.40975,170.3120365,221.427774,4.3,0,Brahmaputra (Tezpur gauge),65.23,TRUE,52.38,0.803,0,6
Arunachal Pradesh,0,0,4.588145256,29.1,2,Brahmaputra (Dibrugarh gauge),105.7,TRUE,36.04,0.341,1,11
Manipur,11.590432,11.98133078,51.45076576,9.7,0,Doyang,18,FALSE,17.37,0.965,0,8
Arunachal Pradesh,0,4.73257494,11.7185955,28.8,1,Brahmaputra (Dibrugarh gauge),105.7,TRUE,33.61,0.318,0,11
Meghalaya,116.561264,161.8742886,222.4831047,15.7,1,Brahmaputra (Dhubri gauge),28.62,TRUE,19,0.664,0,10
Meghalaya,0,0,0,21.3,1,Brahmaputra (Goalpara gauge),36.27,TRUE,13.71,0.378,0,2
Mizoram,0,0,1.813493848,19.7,0,Barak,20.5,FALSE,4.18,0.204,0,12
Arunachal Pradesh,124.77251,320.4566269,642.6129951,31.1,1,Brahmaputra (Dibrugarh gauge),105.7,TRUE,125.89,1.191,1,7
Mizoram,0,0,7.873951912,19.4,0,Tlawng,9,FALSE,4.13,0.459,1,1
Mizoram,60.303547,75.95705605,75.95705605,21.9,2,Tlawng,9,FALSE,5.99,0.666,1,11
Arunachal Pradesh,0,2.750514507,4.606598854,29.6,0,Brahmaputra (Dibrugarh gauge),105.7,TRUE,44.61,0.422,1,11
Tripura,32.642265,182.2422676,316.5145416,13.3,2,Khowai,10,FALSE,8.96,0.896,1,6
Arunachal Pradesh,0,0,67.04458618,28.5,0,Brahmaputra (Dibrugarh gauge),105.7,TRUE,44.29,0.419,0,5
Arunachal Pradesh,0,0,0,26.4,0,Brahmaputra (Dibrugarh gauge),105.7,TRUE,55.49,0.525,0,12
Nagaland,0.3794915,3.780765712,13.03409594,16.9,0,Dikrong,14,FALSE,5.59,0.399,0,3
Tripura,55.40083,76.77601242,138.6250811,14.8,2,Khowai,10,FALSE,4.73,0.473,0,5
Arunachal Pradesh,0.19005983,2.243467256,2.243467256,25.8,2,Brahmaputra (Dibrugarh gauge),105.7,TRUE,44.18,0.418,1,10
Arunachal Pradesh,79.576866,108.5951204,142.7193348,15.3,1,Dikrong,14,FALSE,9.79,0.699,1,8
Nagaland,58.79165,106.6587791,212.1331303,14.2,1,Doyang,18,FALSE,12.51,0.695,0,8
Arunachal Pradesh,65.60219,96.1533947,162.7839746,33.6,0,Brahmaputra (Dibrugarh gauge),105.7,TRUE,118.81,1.124,1,7
Arunachal Pradesh,125.77272,167.8600001,224.2716494,29.4,1,Brahmaputra (Dibrugarh gauge),105.7,TRUE,83.82,0.793,1,6
Sikkim,0,0,2.356122732,31.9,1,Teesta,15,FALSE,5.66,0.377,1,11
Manipur,0,0,0,17.7,0,Kopili,30,FALSE,14.61,0.487,0,1
Assam,0,0,3.183652587,6.7,0,Kopili,30,FALSE,14.25,0.475,0,10
Mizoram,50.68592,66.29362345,77.02577281,24.8,0,Tlawng,9,FALSE,6.56,0.729,1,9
Nagaland,7.255145,9.52644366,88.88004476,13.8,0,Dhansiri,40,FALSE,15.48,0.387,0,10
Assam,0,1.246711969,50.51486264,8.4,0,Brahmaputra (Dibrugarh gauge),105.7,TRUE,84.67,0.801,0,7
Manipur,3.320298,6.033389688,26.95095742,14.2,0,Imphal River,8,FALSE,6.98,0.872,1,8
Arunachal Pradesh,0,0,0,28.4,0,Brahmaputra (Dibrugarh gauge),105.7,TRUE,51.58,0.488,0,11
Nagaland,56.25115,76.14985704,97.49988699,11.6,1,Brahmaputra (Dibrugarh gauge),105.7,TRUE,66.06,0.625,1,7
Mizoram,0.6129764,0.842894904,23.90595905,25,1,Tlawng,9,FALSE,6.28,0.698,0,7
Meghalaya,0,0,0,20.7,1,Barak,20.5,FALSE,7.83,0.382,0,11
Manipur,0.11962994,175.453538,176.951935,15,1,Barak,20.5,FALSE,25.69,1.253,1,8
Nagaland,16.589338,60.500947,60.500947,17.8,0,Subansiri,42,FALSE,36.41,0.867,1,9
Assam,50.281136,104.0163212,137.2360249,6.7,1,Brahmaputra (Dhubri gauge),28.62,TRUE,19.98,0.698,0,7
Arunachal Pradesh,0.043823276,8.33015326,11.26010993,23.2,0,Subansiri,42,FALSE,24.07,0.573,1,4
Manipur,0.507579,1.869248256,31.7209314,8.4,2,Imphal River,8,FALSE,6.44,0.805,1,9
Assam,57.800407,133.2827282,224.3030725,6,1,Brahmaputra (Dhubri gauge),28.62,TRUE,29.59,1.034,1,6
Arunachal Pradesh,0,0,46.7181356,28,1,Brahmaputra (Dibrugarh gauge),105.7,TRUE,72.4,0.685,1,4
Sikkim,2.7170792,26.77537048,52.45841485,29.2,0,Teesta,15,FALSE,6.99,0.466,0,10
Tripura,0.8237764,22.78555411,40.19189054,17.2,1,Khowai,10,FALSE,6.79,0.679,0,6
Mizoram,13.583374,21.07359171,45.19421071,23.6,0,Tlawng,9,FALSE,4.36,0.484,0,6
Arunachal Pradesh,0,0,0,23.9,0,Brahmaputra (Dibrugarh gauge),105.7,TRUE,28.22,0.267,0,1
Assam,0,0.531552553,0.531552553,7.6,1,Brahmaputra (Dibrugarh gauge),105.7,TRUE,45.03,0.426,1,11
Meghalaya,57.215435,312.6257267,350.5719496,25,1,Brahmaputra (Guwahati gauge),49.68,TRUE,48.84,0.983,1,5
Assam,11.133542,14.54395039,105.3411988,6.5,0,Brahmaputra (Tezpur gauge),65.23,TRUE,38.29,0.587,1,10
Arunachal Pradesh,1.2935951,70.48560655,206.3173822,22.5,2,Brahmaputra (Dibrugarh gauge),105.7,TRUE,93.65,0.886,1,6
Sikkim,12.0490465,100.7153692,326.6610479,27.7,0,Teesta,15,FALSE,14.55,0.97,1,6
Meghalaya,0,7.713369846,33.10912633,19.6,1,Brahmaputra (Goalpara gauge),36.27,TRUE,22.34,0.616,0,7
Tripura,24.123293,61.92805576,202.7626219,14.8,2,Khowai,10,FALSE,8.64,0.864,0,6
Arunachal Pradesh,0,0,0.50675597,30.5,1,Brahmaputra (Dibrugarh gauge),105.7,TRUE,90.48,0.856,1,1
Nagaland,0,0,0,18,1,Brahmaputra (Tezpur gauge),65.23,TRUE,30.2,0.463,0,1
Nagaland,0,0,0,20.1,1,Dhansiri,40,FALSE,18.36,0.459,1,3
Assam,90.793785,236.8671341,318.4522054,4.6,0,Brahmaputra (Goalpara gauge),36.27,TRUE,37.94,1.046,1,6
Meghalaya,157.70575,276.1860237,332.0070076,17.3,0,Brahmaputra (Goalpara gauge),36.27,TRUE,34.46,0.95,1,6
Arunachal Pradesh,75.10519,100.7532501,128.1520367,18,0,Dikrong,14,FALSE,9.14,0.653,1,8
Manipur,24.270739,33.08569288,157.2599597,13.5,0,Doyang,18,FALSE,15.55,0.864,0,9
Meghalaya,0.7639087,14.96650904,92.05456644,18.2,1,Manas,33,FALSE,18.58,0.563,1,8
Manipur,26.63636,36.39246655,36.39246655,19.6,0,Imphal River,8,FALSE,3.08,0.385,0,11
Arunachal Pradesh,2.7116106,9.615259111,9.615259111,18.6,0,Brahmaputra (Dibrugarh gauge),105.7,TRUE,57.92,0.548,0,6
Assam,96.25432,154.9675457,157.6573265,7.7,3,Barak,20.5,FALSE,16.36,0.798,1,9
Meghalaya,54.58602,107.5349121,228.7649345,24.7,2,Brahmaputra (Goalpara gauge),36.27,TRUE,18.53,0.511,0,5
Sikkim,4.459682,92.64581156,199.1034136,33.6,1,Teesta,15,FALSE,14.68,0.979,1,7
Manipur,0,0,0,9.7,0,Doyang,18,FALSE,6.37,0.354,0,1
Manipur,70.77538,185.8676834,217.1641498,20.6,2,Barak,20.5,FALSE,17.69,0.863,0,6
Nagaland,14.492528,51.58185208,92.1001941,21.7,0,Dhansiri,40,FALSE,20.88,0.522,0,6
Arunachal Pradesh,0,4.640188217,11.35713792,20.8,0,Brahmaputra (Dibrugarh gauge),105.7,TRUE,67.23,0.636,0,8
Mizoram,34.00339,148.1869354,296.8154659,25.4,3,Tlawng,9,FALSE,8.96,0.996,1,8
Nagaland,0.5871356,113.6293681,174.9954134,16.6,0,Brahmaputra (Neamatighat gauge),85.05,TRUE,58.09,0.683,1,8
Manipur,5.645772,59.84986591,96.67006946,8.4,2,Imphal River,8,FALSE,4.74,0.593,1,8
Sikkim,92.68277,110.4863667,149.4074904,34.9,3,Teesta,15,FALSE,11.12,0.741,1,7
Manipur,0.12244377,8.328389741,9.360891663,17.5,0,Kopili,30,FALSE,25.83,0.861,0,5
Mizoram,0,0,0.512474895,24.2,1,Tlawng,9,FALSE,7.33,0.815,1,2
Arunachal Pradesh,35.002857,143.7614422,236.6267843,23.1,1,Brahmaputra (Dibrugarh gauge),105.7,TRUE,81.81,0.774,1,7
Assam,6.9509706,67.47413635,126.7462832,7.6,1,Brahmaputra (Dibrugarh gauge),105.7,TRUE,61.31,0.58,1,7
Mizoram,0.5487529,27.89917386,45.25742602,25.4,3,Tlawng,9,FALSE,4.93,0.548,0,6
Meghalaya,0,0,0,20.6,0,Brahmaputra (Dhubri gauge),28.62,TRUE,10.22,0.357,1,3
Arunachal Pradesh,33.537823,109.3971062,197.5154352,33.6,2,Brahmaputra (Dibrugarh gauge),105.7,TRUE,98.41,0.931,1,7
Assam,173.53705,446.0455246,774.8237839,6.3,1,Brahmaputra (Goalpara gauge),36.27,TRUE,45.63,1.258,1,6
Sikkim,123.3622,172.7637243,252.587503,27.7,0,Teesta,15,FALSE,12.46,0.831,1,6
Mizoram,0,0,0,20.2,0,Tlawng,9,FALSE,4.45,0.494,0,11
Sikkim,3.703756,28.10006201,194.1145664,29.2,0,Teesta,15,FALSE,11.24,0.749,1,6
Meghalaya,90.335266,154.4834013,207.8081079,21.6,0,Brahmaputra (Goalpara gauge),36.27,TRUE,36.23,0.999,1,9
Meghalaya,125.03185,250.0971718,321.2676153,17.7,1,Brahmaputra (Goalpara gauge),36.27,TRUE,34.96,0.964,1,8
Arunachal Pradesh,0.062124953,1.553071842,74.49662553,35.3,0,Brahmaputra (Dibrugarh gauge),105.7,TRUE,51.69,0.489,0,10
Nagaland,0,27.12860203,53.55381799,17.2,0,Brahmaputra (Neamatighat gauge),85.05,TRUE,79.69,0.937,1,6
Nagaland,0.217956,2.021521509,26.29263169,17.5,2,Dhansiri,40,FALSE,34.4,0.86,0,10
Arunachal Pradesh,0,0,0,25.2,1,Brahmaputra (Dibrugarh gauge),105.7,TRUE,29.28,0.277,1,12
Arunachal Pradesh,72.29173,169.6809502,248.4386508,29.4,1,Brahmaputra (Dibrugarh gauge),105.7,TRUE,94.28,0.892,1,7
Manipur,3.3977804,6.504586697,15.69029778,9.1,1,Doyang,18,FALSE,6.77,0.376,0,5
Mizoram,73.01516,272.7463341,401.686852,25,2,Tlawng,9,FALSE,11.7,1.3,1,6
Meghalaya,5.690301,30.22506523,109.5892901,18.8,2,Brahmaputra (Guwahati gauge),49.68,TRUE,46.1,0.928,1,10
Mizoram,0,0,0,25,0,Tlawng,9,FALSE,4.89,0.543,0,2
Meghalaya,7.340555,7.340555191,19.31394231,21.3,1,Brahmaputra (Goalpara gauge),36.27,TRUE,19.3,0.532,1,10
Mizoram,10.917821,54.18102407,86.18971181,24,1,Tlawng,9,FALSE,6.38,0.709,0,10
Assam,58.47589,112.0261898,127.2529693,8.7,2,Manas,33,FALSE,26.43,0.801,0,8
Arunachal Pradesh,0.6320774,3.641380519,13.43545654,9.4,0,Dikrong,14,FALSE,9.95,0.711,0,9
Arunachal Pradesh,4.494016,5.528439641,15.78256476,20.6,2,Dikrong,14,FALSE,6.83,0.488,0,9
Mizoram,0,0,0,19.4,0,Tlawng,9,FALSE,4,0.445,0,12
Assam,105.18437,123.3108439,148.8640676,6.3,1,Brahmaputra (Goalpara gauge),36.27,TRUE,26.19,0.722,1,7
Nagaland,3.5789835,14.72099662,116.5372369,16.7,2,Brahmaputra (Tezpur gauge),65.23,TRUE,42.92,0.658,1,8
Meghalaya,0,0,1.267130544,18.3,0,Brahmaputra (Dhubri gauge),28.62,TRUE,11.42,0.399,0,5
Meghalaya,106.777664,190.6507511,197.5127952,20.5,1,Brahmaputra (Guwahati gauge),49.68,TRUE,32.34,0.651,1,6
Arunachal Pradesh,21.351273,24.77092624,26.52653456,23.2,0,Subansiri,42,FALSE,46.49,1.107,1,8
Mizoram,0,10.58528376,26.56626296,20.2,0,Tlawng,9,FALSE,6.42,0.713,1,10
Meghalaya,96.06571,311.2172241,1185.427917,21.6,0,Brahmaputra (Goalpara gauge),36.27,TRUE,45.66,1.259,1,7
Meghalaya,112.3824,181.7068481,843.3303528,21.6,0,Brahmaputra (Goalpara gauge),36.27,TRUE,41.67,1.149,1,8
Manipur,87.790115,213.184433,245.125591,20.7,2,Barak,20.5,FALSE,18.14,0.885,1,6
Manipur,0,0,0,9.7,0,Doyang,18,FALSE,14.8,0.822,1,2
Meghalaya,28.562046,75.25350952,126.0756351,17.7,1,Brahmaputra (Goalpara gauge),36.27,TRUE,13.71,0.378,0,5
Arunachal Pradesh,53.68798,75.13060164,76.59420133,26.2,0,Brahmaputra (Dibrugarh gauge),105.7,TRUE,67.97,0.643,1,8
Assam,0,0,32.38780347,6.7,1,Brahmaputra (Dhubri gauge),28.62,TRUE,13.51,0.472,0,5
Mizoram,0,0,0,19.4,0,Tlawng,9,FALSE,3.81,0.423,0,3
Assam,121.19074,212.5084,255.3015397,6.5,0,Manas,33,FALSE,30.36,0.92,1,7
Arunachal Pradesh,0,0,8.199999809,35.6,1,Brahmaputra (Dibrugarh gauge),105.7,TRUE,63.31,0.599,1,6
Arunachal Pradesh,0,0,0,29.4,1,Brahmaputra (Dibrugarh gauge),105.7,TRUE,37.31,0.353,1,12
Nagaland,1.3918717,1.391871691,1.391871691,17.8,0,Dikrong,14,FALSE,10.37,0.741,0,3
Arunachal Pradesh,0,0,11.8037405,24.1,0,Brahmaputra (Dibrugarh gauge),105.7,TRUE,47.46,0.449,0,11
Sikkim,86.29834,201.9115219,371.916935,25.5,2,Teesta,15,FALSE,19.5,1.3,1,6
Meghalaya,142.35092,153.8762236,213.9408312,24.9,0,Brahmaputra (Guwahati gauge),49.68,TRUE,43.72,0.88,1,5
Arunachal Pradesh,0,0,0,35.3,0,Brahmaputra (Dibrugarh gauge),105.7,TRUE,40.69,0.385,0,1
Assam,0,0,0,8.7,2,Manas,33,FALSE,11.91,0.361,0,3
Nagaland,0,0,0,15.4,0,Dikrong,14,FALSE,5.89,0.421,0,3
Assam,54.993164,78.78846169,148.9757612,2.2,0,Subansiri,42,FALSE,33.39,0.795,1,8
Sikkim,12.32517,46.22819847,104.0464891,32.4,0,Teesta,15,FALSE,15.96,1.064,0,7
Assam,0.11007918,49.73763312,131.9155811,2.2,0,Subansiri,42,FALSE,31.58,0.752,0,6
Sikkim,16.171984,235.6485043,332.8491807,35.2,1,Teesta,15,FALSE,14.64,0.976,1,7
Assam,0,11.91446543,14.89239502,6,1,Brahmaputra (Dhubri gauge),28.62,TRUE,13.59,0.475,1,5
Tripura,24.146845,33.85580897,64.89156222,13.5,0,Gomti,12,FALSE,14.89,1.241,1,6
Meghalaya,0,0,0,22.7,1,Barak,20.5,FALSE,8.34,0.407,1,11
Meghalaya,0,39.72951555,54.77630424,21.1,1,Kopili,30,FALSE,15.63,0.521,1,6
Manipur,80.36294,144.8297977,202.7539389,14,0,Imphal River,8,FALSE,5.74,0.718,1,5
Meghalaya,123.392876,204.5162716,214.215607,27.5,3,Brahmaputra (Guwahati gauge),49.68,TRUE,35.22,0.709,1,6
Manipur,8.386147,18.22649407,45.6135695,20.7,2,Barak,20.5,FALSE,19.07,0.93,1,8
Sikkim,0.9029096,0.902909577,2.931247592,24.1,0,Teesta,15,FALSE,7.59,0.506,1,1
Tripura,5.4103465,40.73653364,43.3068976,11.3,1,Tlawng,9,FALSE,3.22,0.358,0,5
Manipur,0,0,0,13.9,1,Imphal River,8,FALSE,3.15,0.394,1,11
Nagaland,1.3955654,47.21484315,68.06295741,21.7,0,Dhansiri,40,FALSE,22,0.55,0,9
Sikkim,27.464087,76.72496986,160.5711827,31.5,1,Teesta,15,FALSE,15.63,1.042,1,8
Tripura,0,0,0,12.6,1,Gomti,12,FALSE,3.98,0.332,0,2
Arunachal Pradesh,57.620888,68.26599503,68.26599503,18.4,2,Subansiri,42,FALSE,27.55,0.656,1,6
Meghalaya,89.07714,179.7403564,212.2415193,15.7,1,Brahmaputra (Dhubri gauge),28.62,TRUE,25.76,0.9,1,6
Assam,35.859085,538.9828186,969.031044,11.2,0,Brahmaputra (Dhubri gauge),28.62,TRUE,37.21,1.3,1,6
Tripura,4.858464,49.20208025,118.151561,18,1,Gomti,12,FALSE,11.46,0.955,1,8
Arunachal Pradesh,44.18457,44.18457031,46.31203365,26.1,0,Brahmaputra (Dibrugarh gauge),105.7,TRUE,46.72,0.442,1,6
Mizoram,5.03006,5.030059814,7.845888413,22.9,1,Tlawng,9,FALSE,3.74,0.415,1,3
Manipur,76.25632,182.0931931,204.5937619,10.7,0,Imphal River,8,FALSE,5.52,0.69,0,5
Mizoram,0.51992315,1.286128908,93.78006688,24.2,1,Tlawng,9,FALSE,7.86,0.873,1,8
Assam,85.611626,110.336966,289.2526374,8.7,2,Manas,33,FALSE,36.89,1.118,0,6
Manipur,0,0,0,20.6,2,Barak,20.5,FALSE,9.08,0.443,1,12
Mizoram,0,2.617857933,9.371192217,23.3,0,Tlawng,9,FALSE,9.5,1.056,1,6
Manipur,10.440511,10.83324733,28.93634224,23.5,0,Barak,20.5,FALSE,18.57,0.906,1,5
Manipur,72.22331,144.026371,166.4990842,20.7,2,Barak,20.5,FALSE,13.41,0.654,1,5
Arunachal Pradesh,9.4,28.5,36.19999975,35.6,1,Brahmaputra (Dibrugarh gauge),105.7,TRUE,63.31,0.599,1,4
Assam,107.638794,267.9392395,374.6332936,11.2,0,Brahmaputra (Dhubri gauge),28.62,TRUE,29.82,1.042,0,6
Assam,0,0,0.925609171,3.9,0,Brahmaputra (Guwahati gauge),49.68,TRUE,14.71,0.296,0,12
Arunachal Pradesh,20.45115,62.42586565,62.42586565,32.5,1,Brahmaputra (Dibrugarh gauge),105.7,TRUE,55.6,0.526,1,6
Tripura,54.378044,67.2186991,155.6740183,14.5,0,Khowai,10,FALSE,6.81,0.681,0,7
Assam,0,0,0,7.6,2,Brahmaputra (Tezpur gauge),65.23,TRUE,30.33,0.465,1,3
Arunachal Pradesh,0,0.130785719,9.498828456,31.6,1,Brahmaputra (Dibrugarh gauge),105.7,TRUE,61.62,0.583,0,9
Tripura,11.812724,12.71861434,25.17499857,14.6,0,Gomti,12,FALSE,5.69,0.474,1,5
Nagaland,0,34.1135788,70.24837589,18,1,Brahmaputra (Tezpur gauge),65.23,TRUE,79.06,1.212,1,7
Arunachal Pradesh,0,0,0,31.1,1,Brahmaputra (Dibrugarh gauge),105.7,TRUE,37.52,0.355,0,12
Arunachal Pradesh,57.453453,196.2042465,217.7932702,27.8,0,Brahmaputra (Dibrugarh gauge),105.7,TRUE,81.07,0.767,0,9
Arunachal Pradesh,135.86261,191.3417524,255.5670155,29.3,2,Brahmaputra (Dibrugarh gauge),105.7,TRUE,82.23,0.778,1,6
Assam,29.278744,97.8914566,192.7949891,7.1,1,Brahmaputra (Dibrugarh gauge),105.7,TRUE,84.35,0.798,0,6
Tripura,68.9992,208.7631035,258.6986723,17.2,1,Khowai,10,FALSE,11.5,1.15,0,6
Arunachal Pradesh,184.60532,401.6787872,465.0601454,23.1,1,Brahmaputra (Dibrugarh gauge),105.7,TRUE,127.05,1.202,1,6
Meghalaya,6.5968995,12.4764452,12.4764452,22.7,1,Barak,20.5,FALSE,8.38,0.409,1,4
Arunachal Pradesh,0.93514013,18.43327379,62.74006627,9.4,0,Dikrong,14,FALSE,15.04,1.074,1,3
Arunachal Pradesh,180.0263,330.5913124,389.728259,28.1,0,Brahmaputra (Dibrugarh gauge),105.7,TRUE,126.1,1.193,1,6
Meghalaya,0,0,0,17.5,0,Brahmaputra (Dhubri gauge),28.62,TRUE,10.13,0.354,0,11
Nagaland,79.64675,101.458858,142.0753189,13.2,1,Brahmaputra (Neamatighat gauge),85.05,TRUE,38.1,0.448,0,10
Assam,86.647224,378.760643,578.956609,4.6,1,Brahmaputra (Goalpara gauge),36.27,TRUE,42.51,1.172,1,6
Nagaland,3.8681016,23.40197301,31.61786544,18,1,Brahmaputra (Tezpur gauge),65.23,TRUE,36.99,0.567,0,7
Tripura,1.1531298,7.814985991,15.508237,18,1,Gomti,12,FALSE,5.64,0.47,1,6
Arunachal Pradesh,0,0,2.006697893,18,0,Dikrong,14,FALSE,12.26,0.876,1,11
Assam,50.287693,50.76255058,69.53264831,7.2,0,Subansiri,42,FALSE,19.15,0.456,1,4
Manipur,55.112354,87.24486113,165.2211325,13.9,1,Imphal River,8,FALSE,7.16,0.895,1,7
Tripura,0,0,0,16.3,0,Gomti,12,FALSE,11.81,0.984,1,2
Sikkim,67.81423,218.4885521,292.6918154,29.8,2,Teesta,15,FALSE,19.5,1.3,1,6
Arunachal Pradesh,0,0.606137007,24.64531188,24.7,1,Brahmaputra (Dibrugarh gauge),105.7,TRUE,99.99,0.946,1,8
Arunachal Pradesh,18.400455,71.47564268,109.6468447,29.6,0,Brahmaputra (Dibrugarh gauge),105.7,TRUE,75.05,0.71,1,8
Arunachal Pradesh,4.331948,89.22125864,176.8145833,27.8,0,Brahmaputra (Dibrugarh gauge),105.7,TRUE,87.31,0.826,1,6
Arunachal Pradesh,72.294495,160.0128136,256.3121538,34,0,Brahmaputra (Dibrugarh gauge),105.7,TRUE,90.9,0.86,1,6
Nagaland,0,1.247978449,44.78685343,13.8,0,Dhansiri,40,FALSE,21.16,0.529,0,7
Tripura,11.881783,70.44717789,95.57041788,14.8,2,Khowai,10,FALSE,9.26,0.926,1,8
Arunachal Pradesh,7.2669153,21.12583184,62.96906352,16.8,0,Dikrong,14,FALSE,11.63,0.831,1,9
Arunachal Pradesh,41.2,41.20000103,115.9999939,33.2,2,Brahmaputra (Dibrugarh gauge),105.7,TRUE,90.06,0.852,1,4
Tripura,36.969414,111.7820833,185.9810626,17.2,1,Khowai,10,FALSE,8.86,0.886,1,9
Manipur,64.6752,70.11854613,95.98325932,15.8,1,Doyang,18,FALSE,13.54,0.752,0,8
Manipur,18.035336,52.01807785,96.21201038,9,0,Doyang,18,FALSE,17.1,0.95,1,7
Nagaland,3.52058,3.520580053,15.80854464,19,6,Brahmaputra (Neamatighat gauge),85.05,TRUE,70.08,0.824,0,7
Assam,55.29319,102.204113,181.5653107,5.4,0,Dikrong,14,FALSE,7.92,0.566,1,10
Mizoram,3.3241205,3.324120522,16.66310188,22.9,0,Barak,20.5,FALSE,10.95,0.534,1,10
Nagaland,0.2879484,4.191640884,5.927161962,13,1,Doyang,18,FALSE,15.19,0.844,1,11
Arunachal Pradesh,7.8817697,31.83053923,39.30500706,31.6,1,Brahmaputra (Dibrugarh gauge),105.7,TRUE,44.08,0.417,1,10
Meghalaya,0,0,29.50393157,24.2,0,Brahmaputra (Goalpara gauge),36.27,TRUE,10.77,0.297,0,5
Arunachal Pradesh,0.33700544,43.17520314,92.54327673,17.6,1,Subansiri,42,FALSE,47,1.119,1,7
Sikkim,50.20525,88.37829638,102.5506033,33.4,1,Teesta,15,FALSE,8.55,0.57,1,9
Mizoram,4.6446786,12.73442537,83.81467801,21.9,2,Tlawng,9,FALSE,4.83,0.537,0,9
Tripura,28.925152,66.9832468,164.0870152,14.4,2,Gomti,12,FALSE,8.17,0.681,1,6
Assam,29.67482,31.19213453,41.2775332,7.8,1,Brahmaputra (Dibrugarh gauge),105.7,TRUE,62.15,0.588,0,7
Tripura,90.319016,159.7348385,236.3986959,17.3,0,Khowai,10,FALSE,9.15,0.915,1,6
Meghalaya,93.23903,257.8099747,431.9726473,16,0,Brahmaputra (Goalpara gauge),36.27,TRUE,38.12,1.051,1,6
Manipur,0,0,0,16,0,Imphal River,8,FALSE,2.95,0.369,0,11
Assam,14.003399,55.75303364,99.82753289,5.2,0,Dikrong,14,FALSE,4.42,0.316,1,5
Mizoram,15.583786,36.74585247,48.94719797,22.9,0,Barak,20.5,FALSE,15.13,0.738,0,7
Nagaland,0,0,0,13.6,0,Doyang,18,FALSE,6.5,0.361,0,12
Assam,0.13533187,1.138610005,4.425631046,6.7,0,Kopili,30,FALSE,16.32,0.544,0,7
Nagaland,0.18582182,8.755929515,28.81206314,13,1,Doyang,18,FALSE,10.8,0.6,1,9
Assam,0,0,0,6.9,0,Brahmaputra (Guwahati gauge),49.68,TRUE,19.47,0.392,0,12
Meghalaya,10.094994,103.1099129,139.2208352,24.7,2,Brahmaputra (Goalpara gauge),36.27,TRUE,29.85,0.823,0,6
Manipur,87.4993,158.5655012,159.4465095,14,0,Imphal River,8,FALSE,5.01,0.626,0,5
Assam,0,0,0,10.2,0,Manas,33,FALSE,8.78,0.266,1,12
Meghalaya,86.992294,101.699687,168.5028887,15.7,1,Brahmaputra (Dhubri gauge),28.62,TRUE,20.43,0.714,1,3
Tripura,0,0,0,17.3,0,Khowai,10,FALSE,7.61,0.761,0,1
Assam,34.691223,188.1004295,517.0556717,6.3,1,Brahmaputra (Goalpara gauge),36.27,TRUE,36.6,1.009,1,6
Assam,45.359283,148.9527512,354.7534208,7.2,0,Subansiri,42,FALSE,41.16,0.98,0,8
Arunachal Pradesh,0,0,0,27.8,0,Brahmaputra (Dibrugarh gauge),105.7,TRUE,53.38,0.505,1,12
Meghalaya,136.63475,219.7825718,225.2787259,14.7,0,Brahmaputra (Dhubri gauge),28.62,TRUE,21.12,0.738,1,5
Arunachal Pradesh,0,17.18587089,90.51447237,25.2,1,Brahmaputra (Dibrugarh gauge),105.7,TRUE,51.9,0.491,0,6
Meghalaya,0,3.381317139,402.7986298,20.2,0,Brahmaputra (Guwahati gauge),49.68,TRUE,64.58,1.3,1,8
Assam,53.80892,109.5322762,183.660198,7.3,0,Manas,33,FALSE,17.46,0.529,1,5
Meghalaya,180.50105,294.2520943,339.8442512,21.6,0,Brahmaputra (Goalpara gauge),36.27,TRUE,36.12,0.996,1,6
Arunachal Pradesh,0,0.959011614,44.07806903,20.7,1,Subansiri,42,FALSE,28.14,0.67,0,7
Sikkim,0,0,0,27.7,0,Teesta,15,FALSE,4.66,0.311,0,12
Assam,85.713295,202.9037971,289.8204789,6,1,Brahmaputra (Dhubri gauge),28.62,TRUE,31.34,1.095,1,7
Sikkim,0.29729965,0.297299653,62.90179756,34.9,3,Teesta,15,FALSE,7.72,0.515,1,11
Meghalaya,0,0,0,19.6,1,Brahmaputra (Goalpara gauge),36.27,TRUE,11.06,0.305,0,1
Meghalaya,86.35737,218.4013596,340.7546661,17.3,0,Brahmaputra (Goalpara gauge),36.27,TRUE,39.97,1.102,1,6
Tripura,64.28666,74.35707074,157.8399279,16,0,Gomti,12,FALSE,5.44,0.453,1,5
Manipur,0,0,21.63830885,20.7,2,Barak,20.5,FALSE,9.64,0.47,1,10
Mizoram,2.311217,11.37058949,80.55310369,22.2,1,Tlawng,9,FALSE,4.03,0.448,0,6
Manipur,0.4020811,0.402081102,2.780452631,13.7,0,Imphal River,8,FALSE,7.42,0.928,1,6
Mizoram,0,0.726101995,11.64479852,25,1,Tlawng,9,FALSE,3.71,0.412,1,5
Meghalaya,0,0,30.67442369,18.8,0,Brahmaputra (Guwahati gauge),49.68,TRUE,32.14,0.647,0,9
Arunachal Pradesh,6.3240604,6.32406044,6.32406044,16.5,1,Dikrong,14,FALSE,2.62,0.187,0,1
Sikkim,0,0,0,33.6,1,Teesta,15,FALSE,4.83,0.322,1,11
Mizoram,0,3.778789103,10.58497769,19.7,0,Barak,20.5,FALSE,9.37,0.457,0,5
Manipur,30.929838,30.92983818,136.8775048,9,0,Doyang,18,FALSE,17.66,0.981,0,7
Assam,29.345201,44.22031069,122.1800978,11.2,0,Brahmaputra (Dhubri gauge),28.62,TRUE,21.52,0.752,0,7
Meghalaya,15.005643,220.3050814,464.4749994,17.3,0,Brahmaputra (Goalpara gauge),36.27,TRUE,36.42,1.004,1,6
Sikkim,48.15399,147.9385033,280.2777276,28,1,Teesta,15,FALSE,14.78,0.985,1,6
Assam,0,16.95374489,21.10589041,6.2,0,Brahmaputra (Dibrugarh gauge),105.7,TRUE,40.48,0.383,1,5
Arunachal Pradesh,93.36629,218.8453979,312.2493849,29.3,2,Brahmaputra (Dibrugarh gauge),105.7,TRUE,104.33,0.987,1,8
Meghalaya,63.749004,216.241293,271.9929839,15.9,1,Brahmaputra (Dhubri gauge),28.62,TRUE,23.67,0.827,0,5
Manipur,0,0.475457579,18.35112192,17.3,1,Barak,20.5,FALSE,19.74,0.963,0,9
Assam,23.31292,150.4505272,232.4635525,5,0,Brahmaputra (Tezpur gauge),65.23,TRUE,56.36,0.864,1,7
Arunachal Pradesh,0,0,0.626651347,31.9,1,Brahmaputra (Dibrugarh gauge),105.7,TRUE,84.88,0.803,1,1
Assam,0,0,0,10.2,0,Manas,33,FALSE,26.8,0.812,0,12
Meghalaya,96.928116,228.056282,292.0502586,14.5,0,Brahmaputra (Dhubri gauge),28.62,TRUE,23.87,0.834,0,10
Assam,87.99721,237.6875153,277.657297,7.8,1,Brahmaputra (Dibrugarh gauge),105.7,TRUE,97.98,0.927,0,7
Meghalaya,71.78989,258.4963646,814.422184,17.7,1,Brahmaputra (Goalpara gauge),36.27,TRUE,41.46,1.143,1,6
Sikkim,10.605915,31.80980086,87.24857455,24.1,0,Teesta,15,FALSE,9.62,0.641,0,7
Arunachal Pradesh,54.293743,142.7037239,269.7223327,31.1,1,Brahmaputra (Dibrugarh gauge),105.7,TRUE,103.8,0.982,1,6
Nagaland,85.50048,145.6397276,201.7945578,21.7,0,Dhansiri,40,FALSE,36.72,0.918,0,5
Nagaland,5.221797,19.87151432,84.6556263,21.7,0,Dhansiri,40,FALSE,45.04,1.126,0,6
Assam,135.24774,156.5342407,234.1659279,6,1,Brahmaputra (Dhubri gauge),28.62,TRUE,27.62,0.965,1,6
Arunachal Pradesh,40.81671,62.24264717,149.3468267,24.7,1,Brahmaputra (Dibrugarh gauge),105.7,TRUE,55.92,0.529,1,4
Sikkim,11.1179495,11.87945282,23.30200303,35.2,1,Teesta,15,FALSE,5.52,0.368,0,1
Meghalaya,0,0,0,25.6,0,Brahmaputra (Guwahati gauge),49.68,TRUE,10.28,0.207,0,2
Nagaland,0,28.30528197,64.85046226,13.7,0,Dhansiri,40,FALSE,20.68,0.517,0,10
Arunachal Pradesh,56.467495,107.1060143,128.5396357,23.7,1,Brahmaputra (Dibrugarh gauge),105.7,TRUE,74.41,0.704,0,8
Meghalaya,10.940331,14.22135508,33.10804062,25.6,0,Brahmaputra (Guwahati gauge),49.68,TRUE,41.14,0.828,1,5
Arunachal Pradesh,0.13454312,2.069491386,35.92052603,28.4,0,Brahmaputra (Dibrugarh gauge),105.7,TRUE,89.21,0.844,0,3
Arunachal Pradesh,4.5832434,4.831314452,14.75543249,19.1,3,Brahmaputra (Dibrugarh gauge),105.7,TRUE,43.97,0.416,0,5
Arunachal Pradesh,1.5148777,6.757330745,9.726066321,18.1,0,Subansiri,42,FALSE,42.21,1.005,0,6
Meghalaya,14.073458,285.880724,419.6447449,18.7,0,Brahmaputra (Guwahati gauge),49.68,TRUE,50.23,1.011,0,7
Sikkim,66.06887,76.7561574,128.7332106,25.5,2,Teesta,15,FALSE,9.16,0.611,1,8
Manipur,47.16744,77.03273726,122.242139,9.1,1,Doyang,18,FALSE,12.33,0.685,0,5
Meghalaya,0,0,0,24.7,2,Brahmaputra (Goalpara gauge),36.27,TRUE,18.03,0.497,1,2
Assam,9.542679,44.53478146,211.8755498,11.2,0,Brahmaputra (Dhubri gauge),28.62,TRUE,24.56,0.858,1,6
Manipur,5.4825735,54.86839581,66.69974518,20.6,2,Barak,20.5,FALSE,12.79,0.624,0,9
Arunachal Pradesh,40.984783,130.213871,244.796237,20.7,1,Subansiri,42,FALSE,26.96,0.642,1,5
Meghalaya,106.93455,161.6730251,182.459635,20.2,0,Brahmaputra (Guwahati gauge),49.68,TRUE,31.89,0.642,1,5
Tripura,0,0,21.43418308,14.6,0,Gomti,12,FALSE,7.74,0.645,0,12
Meghalaya,102.66242,726.4254074,846.628046,21.6,0,Brahmaputra (Goalpara gauge),36.27,TRUE,36.02,0.993,0,6
Meghalaya,175.27954,220.8940792,457.2439208,14.5,0,Brahmaputra (Dhubri gauge),28.62,TRUE,26.7,0.933,1,5
Arunachal Pradesh,0.1758639,2.462094471,29.47849475,28.1,0,Brahmaputra (Dibrugarh gauge),105.7,TRUE,58.45,0.553,1,7
Nagaland,3.1531522,13.66057467,18.61584187,20.5,0,Kopili,30,FALSE,12.09,0.403,0,4
Assam,0.63586944,34.27456039,75.00917381,6,1,Manas,33,FALSE,29.07,0.881,0,7
Manipur,0,1.40342772,6.683497518,17.1,2,Imphal River,8,FALSE,3.7,0.463,1,7
Arunachal Pradesh,0.90604943,4.349984586,20.6560702,17.5,0,Subansiri,42,FALSE,18.56,0.442,0,8
Arunachal Pradesh,2.109119,2.126887716,20.27186874,30.2,1,Brahmaputra (Dibrugarh gauge),105.7,TRUE,33.4,0.316,1,4
Assam,2.9499993,48.6633817,78.00858319,11.2,0,Brahmaputra (Dhubri gauge),28.62,TRUE,15.4,0.538,0,7
Arunachal Pradesh,21.510374,116.0108356,176.8846755,27.8,0,Brahmaputra (Dibrugarh gauge),105.7,TRUE,59.61,0.564,1,5
Arunachal Pradesh,10.375653,22.02467871,106.5282321,16.9,2,Dikrong,14,FALSE,13.71,0.979,1,8
Nagaland,0,28.46736145,49.71186191,17.8,0,Subansiri,42,FALSE,16.55,0.394,0,2
Arunachal Pradesh,5.9483557,19.36414266,87.41492677,34,0,Brahmaputra (Dibrugarh gauge),105.7,TRUE,85.62,0.81,0,7
Mizoram,50.67301,74.69257355,81.46028578,22.2,1,Tlawng,9,FALSE,5.22,0.58,1,8
Meghalaya,79.91832,100.4321784,147.7846711,24.2,0,Brahmaputra (Goalpara gauge),36.27,TRUE,23.54,0.649,1,8
Tripura,0,0,0,14.9,0,Gomti,12,FALSE,4.9,0.408,0,1
Arunachal Pradesh,0,0,0,9.4,0,Dikrong,14,FALSE,5.78,0.413,0,12
Mizoram,13.688196,18.90155363,37.86997163,19.7,0,Barak,20.5,FALSE,8.02,0.391,1,10
Meghalaya,82.010254,316.9850082,437.7986248,16,0,Brahmaputra (Goalpara gauge),36.27,TRUE,38.01,1.048,0,6
Mizoram,68.24188,104.0779419,141.5727916,22.1,2,Tlawng,9,FALSE,8.1,0.9,1,6
Manipur,0,0.610730469,0.99433136,19.2,0,Imphal River,8,FALSE,3.4,0.425,0,9
Assam,1.7883763,3.472242117,3.472242117,2.8,1,Brahmaputra (Tezpur gauge),65.23,TRUE,20.48,0.314,0,2
Mizoram,16.703833,43.49103713,128.1213238,20.3,0,Tlawng,9,FALSE,4.53,0.503,0,6
Arunachal Pradesh,13.250711,83.02612877,140.3168299,29.3,2,Brahmaputra (Dibrugarh gauge),105.7,TRUE,60.57,0.573,1,7
Meghalaya,75.09151,132.7622776,172.7800971,22,0,Brahmaputra (Guwahati gauge),49.68,TRUE,33.78,0.68,1,6
Assam,52.979862,268.1212654,399.5954257,9.2,1,Manas,33,FALSE,29.24,0.886,1,6
Meghalaya,39.015717,136.2277794,153.4688944,14.5,0,Brahmaputra (Dhubri gauge),28.62,TRUE,25.87,0.904,0,9
Arunachal Pradesh,64.0227,296.755928,386.1242983,29.7,1,Brahmaputra (Dibrugarh gauge),105.7,TRUE,104.01,0.984,0,7
Arunachal Pradesh,0.12443553,0.297584593,8.792153269,14.7,0,Dikrong,14,FALSE,8.23,0.588,0,8
Nagaland,23.938526,56.64278126,124.3810806,10.6,0,Brahmaputra (Neamatighat gauge),85.05,TRUE,88.2,1.037,1,6
Mizoram,16.154312,104.4878273,404.0181313,25.8,0,Tlawng,9,FALSE,8.89,0.988,1,6
Assam,0,0,19.83935165,5,0,Subansiri,42,FALSE,15.2,0.362,1,11
Arunachal Pradesh,0,2.500225067,2.947131634,28.6,0,Brahmaputra (Dibrugarh gauge),105.7,TRUE,50.84,0.481,0,4
Meghalaya,0,49.6929515,302.385958,16.4,0,Brahmaputra (Dhubri gauge),28.62,TRUE,29.28,1.023,1,8
Assam,0,0,0,8.7,2,Manas,33,FALSE,25.77,0.781,0,12
Manipur,4.5003576,6.608968019,64.09668033,9.1,1,Doyang,18,FALSE,10.98,0.61,1,8
Meghalaya,3.3050873,10.92049623,13.92061883,27.5,3,Brahmaputra (Guwahati gauge),49.68,TRUE,19.47,0.392,1,4
Manipur,2.3589723,5.977433443,21.1411494,8.4,2,Imphal River,8,FALSE,4.14,0.518,0,7
Nagaland,0.37255627,3.139516294,28.31173772,19.5,0,Kopili,30,FALSE,17.04,0.568,1,8
Arunachal Pradesh,11.9270315,14.95733553,42.09196353,25.3,0,Brahmaputra (Dibrugarh gauge),105.7,TRUE,57.92,0.548,1,7
Tripura,0,1.604623914,37.80477959,17.2,0,Gomti,12,FALSE,4.61,0.384,0,7
Arunachal Pradesh,1.6733574,8.961931109,38.78040826,20.2,0,Brahmaputra (Tezpur gauge),65.23,TRUE,42.2,0.647,1,9
Assam,0.250312,30.34055868,79.06858155,7.1,1,Brahmaputra (Dibrugarh gauge),105.7,TRUE,98.3,0.93,1,6
Meghalaya,193.98375,237.1148014,262.2590513,21.3,1,Brahmaputra (Goalpara gauge),36.27,TRUE,32.97,0.909,1,7
Arunachal Pradesh,105.8703,164.848986,190.3513282,24.5,0,Brahmaputra (Dibrugarh gauge),105.7,TRUE,75.47,0.714,0,5
Meghalaya,0.075176656,8.980307996,57.65523571,23,0,Kopili,30,FALSE,17.61,0.587,0,6
Manipur,46.3412,53.28984642,53.28984642,14.6,2,Imphal River,8,FALSE,9.18,1.147,1,6
Tripura,0,0,0,12.8,1,Gomti,12,FALSE,4.84,0.403,0,1
Assam,32.716087,66.26834393,269.5353727,11.2,0,Brahmaputra (Dhubri gauge),28.62,TRUE,24.38,0.852,0,6
Meghalaya,0,40.74518156,140.8686792,17.3,0,Brahmaputra (Goalpara gauge),36.27,TRUE,39.5,1.089,0,7
Manipur,30.289782,57.28762484,203.981895,20.7,2,Barak,20.5,FALSE,19.07,0.93,1,8
Meghalaya,0,0,0,22.4,0,Brahmaputra (Dhubri gauge),28.62,TRUE,13.28,0.464,0,12
Arunachal Pradesh,57.21744,65.64270914,87.27344203,34,0,Brahmaputra (Dibrugarh gauge),105.7,TRUE,49.68,0.47,0,2
Manipur,5.8630896,13.6284678,55.46148056,9.1,1,Doyang,18,FALSE,16.92,0.94,1,7
Meghalaya,5.2093134,56.06171274,77.7507441,20.5,1,Brahmaputra (Guwahati gauge),49.68,TRUE,19.42,0.391,1,4
Mizoram,0,0,0,23.4,1,Tlawng,9,FALSE,3.34,0.371,0,3
Nagaland,0,0,0,21.7,0,Dhansiri,40,FALSE,13.76,0.344,0,1
Manipur,0.43888244,0.43888244,36.15662578,14.6,2,Imphal River,8,FALSE,3.39,0.424,1,7
Assam,0,0,25.93694711,2.1,0,Brahmaputra (Tezpur gauge),65.23,TRUE,26.61,0.408,0,2
Tripura,0,8.727705002,13.19104648,12.6,1,Gomti,12,FALSE,7,0.583,1,7
Assam,6.585812,6.71291247,18.92635936,4.8,0,Dikrong,14,FALSE,5.08,0.363,1,4
Meghalaya,50.817352,67.43229866,69.60465932,15.7,1,Brahmaputra (Dhubri gauge),28.62,TRUE,9.04,0.316,1,5
Arunachal Pradesh,5.661742,31.53254986,45.81456453,17.6,1,Subansiri,42,FALSE,13.52,0.322,1,3
Tripura,7.1274543,14.9734664,561.7564559,16,0,Gomti,12,FALSE,12.46,1.038,0,8
Tripura,0,0,16.39596617,14.6,0,Gomti,12,FALSE,4.28,0.357,1,2
Tripura,7.664963,136.8316708,208.7440038,13.5,0,Gomti,12,FALSE,11.68,0.973,0,7
Assam,0,0,0,5.4,1,Brahmaputra (Guwahati gauge),49.68,TRUE,47.2,0.95,1,11
Assam,0,1.459805489,1.459805489,5.1,1,Kopili,30,FALSE,11.19,0.373,0,12
Sikkim,50.66704,60.34160614,141.3897772,28.8,0,Teesta,15,FALSE,10.08,0.672,0,8
Sikkim,0.24333152,0.243331522,0.243331522,29.2,0,Teesta,15,FALSE,5.04,0.336,1,2
Nagaland,0,0,0,21.7,0,Dhansiri,40,FALSE,18.84,0.471,1,2
Mizoram,7.949006,23.68401027,43.8311656,22.2,1,Tlawng,9,FALSE,6.15,0.683,1,8
Mizoram,0,0,35.47495747,20.4,0,Tlawng,9,FALSE,7.23,0.803,0,5
Tripura,52.68211,190.4404411,363.328929,13.5,0,Khowai,10,FALSE,9.6,0.96,1,6
Tripura,52.504833,125.8445225,168.5203419,16.3,0,Gomti,12,FALSE,10.01,0.834,1,6
Arunachal Pradesh,1.884909,4.112958372,51.29479975,21,2,Brahmaputra (Dibrugarh gauge),105.7,TRUE,65.01,0.615,0,7
Mizoram,9.403784,33.98840618,128.8944626,23.1,0,Tlawng,9,FALSE,9.22,1.025,0,6
Arunachal Pradesh,50.401257,87.38401508,154.4507909,28.1,0,Brahmaputra (Dibrugarh gauge),105.7,TRUE,71.14,0.673,0,7
Meghalaya,1.1246774,5.23854363,16.04190129,20,3,Barak,20.5,FALSE,19.02,0.928,1,7
Manipur,56.63086,142.2357292,239.9701815,20.6,2,Barak,20.5,FALSE,18.76,0.915,0,6
Manipur,0,0,1.617166698,19.6,0,Imphal River,8,FALSE,3.99,0.499,0,10
Sikkim,0,0,0,31.9,1,Teesta,15,FALSE,6.39,0.426,0,12
Meghalaya,53.758686,60.67508399,62.99191284,18.7,0,Brahmaputra (Guwahati gauge),49.68,TRUE,34.23,0.689,0,6
Nagaland,17.540228,41.77993023,44.07627815,18,1,Brahmaputra (Tezpur gauge),65.23,TRUE,30.98,0.475,0,4
Mizoram,54.11712,56.19525284,127.6949961,19.4,0,Tlawng,9,FALSE,6.12,0.68,1,6
Mizoram,0,0,0,17.7,1,Tlawng,9,FALSE,3.1,0.345,1,2
Manipur,1.4643224,24.07895124,28.13975623,15.8,1,Doyang,18,FALSE,4.84,0.269,0,5
Meghalaya,426.53207,918.1607513,1072.350826,18.9,0,Brahmaputra (Guwahati gauge),49.68,TRUE,62,1.248,1,7
Manipur,7.39798,10.49903917,23.15824103,14.2,1,Imphal River,8,FALSE,1.56,0.195,1,5
Assam,0,0,114.1462193,5.9,2,Subansiri,42,FALSE,23.9,0.569,1,5
Arunachal Pradesh,55.270473,70.75055313,152.3984785,20.7,2,Subansiri,42,FALSE,34.94,0.832,0,6
Arunachal Pradesh,0,0,0,31.1,1,Brahmaputra (Dibrugarh gauge),105.7,TRUE,33.4,0.316,1,1
Manipur,0,0,0,17.5,1,Barak,20.5,FALSE,8.65,0.422,0,12
Assam,15.444631,29.37535954,107.8363848,5.9,0,Brahmaputra (Dhubri gauge),28.62,TRUE,30.51,1.066,1,8
Assam,0,0.767725825,9.970072627,1.3,1,Brahmaputra (Tezpur gauge),65.23,TRUE,59.42,0.911,1,3
Manipur,0,0,0,20.7,2,Barak,20.5,FALSE,8.53,0.416,0,12
Arunachal Pradesh,35.47886,40.44215953,164.7797154,26.2,0,Brahmaputra (Dibrugarh gauge),105.7,TRUE,84.56,0.8,0,8
Tripura,76.41523,186.1573162,282.694005,18,1,Gomti,12,FALSE,11.29,0.941,1,7
Meghalaya,103.04587,153.7882099,210.126524,18.6,2,Brahmaputra (Dhubri gauge),28.62,TRUE,20.64,0.721,1,6
Arunachal Pradesh,57.8,189.3999977,269.1000004,35.6,1,Brahmaputra (Dibrugarh gauge),105.7,TRUE,77.69,0.735,1,7
Sikkim,47.98491,89.26507092,263.8429632,33.4,1,Teesta,15,FALSE,12.26,0.817,1,7
Manipur,4.462911,18.62124717,32.60911149,9.7,0,Doyang,18,FALSE,14.62,0.812,0,7
Arunachal Pradesh,0.3742333,40.51785284,53.18841416,30.3,1,Brahmaputra (Dibrugarh gauge),105.7,TRUE,48.09,0.455,0,4
Meghalaya,6.142551,283.6594272,446.6694492,27.5,3,Brahmaputra (Guwahati gauge),49.68,TRUE,51.72,1.041,1,6
Arunachal Pradesh,14.051283,21.79020965,24.58979845,9.4,0,Dikrong,14,FALSE,12.07,0.862,1,6
Manipur,0,26.56143379,29.42969519,15,1,Barak,20.5,FALSE,11.05,0.539,0,7
Assam,55.73521,75.2620998,164.1923766,10.2,0,Manas,33,FALSE,37.09,1.124,1,8
Arunachal Pradesh,0,32.21963024,115.880237,31.3,0,Brahmaputra (Dibrugarh gauge),105.7,TRUE,101.05,0.956,1,7
Manipur,0,0,0,8.4,2,Imphal River,8,FALSE,3.22,0.403,1,1
Assam,127.86301,260.946991,278.690691,3.2,1,Manas,33,FALSE,35.21,1.067,1,6
Meghalaya,177.2124,195.8774471,229.7193456,15.7,1,Brahmaputra (Dhubri gauge),28.62,TRUE,28.25,0.987,1,8
Sikkim,0,1.040186793,1.73343429,29.8,2,Teesta,15,FALSE,4.11,0.274,0,1
Arunachal Pradesh,18.13114,67.34061241,84.70328467,33.6,0,Brahmaputra (Dibrugarh gauge),105.7,TRUE,74.31,0.703,0,9
Assam,0,0,0,6.7,0,Manas,33,FALSE,10.92,0.331,1,4
Assam,50.495148,203.9207001,211.3095109,6,0,Brahmaputra (Dibrugarh gauge),105.7,TRUE,89.63,0.848,0,6
Arunachal Pradesh,1.3544873,5.457238674,5.514101967,17.4,1,Dikrong,14,FALSE,11.7,0.836,0,12
Arunachal Pradesh,13.731258,14.61085844,18.3805728,17.6,1,Subansiri,42,FALSE,21.59,0.514,0,5
Meghalaya,0,0,0,18.8,2,Brahmaputra (Guwahati gauge),49.68,TRUE,10.68,0.215,1,12
Tripura,5.506173,15.56081581,27.78365177,20.2,1,Gomti,12,FALSE,6.31,0.526,1,3
Sikkim,62.080723,123.4656191,171.7274837,27.7,0,Teesta,15,FALSE,9.56,0.637,0,5
Arunachal Pradesh,5.8655457,13.93265057,21.33331829,24.8,0,Brahmaputra (Dibrugarh gauge),105.7,TRUE,53.06,0.502,0,6
Arunachal Pradesh,0,0.672731519,3.014067292,33.6,0,Brahmaputra (Dibrugarh gauge),105.7,TRUE,22.09,0.209,0,11
Arunachal Pradesh,9.430556,33.91621685,90.41246033,15.9,0,Subansiri,42,FALSE,43.34,1.032,0,8
Meghalaya,80.321106,307.6087952,353.6086295,19.7,1,Brahmaputra (Goalpara gauge),36.27,TRUE,35.62,0.982,1,7
Sikkim,28.286837,106.7690868,160.5723639,23.3,0,Teesta,15,FALSE,16.14,1.076,1,8
Meghalaya,0.893116,50.69914246,271.7122707,24.7,2,Brahmaputra (Goalpara gauge),36.27,TRUE,32.61,0.899,1,7
Nagaland,1.8954281,1.895428061,94.21480405,15.4,0,Brahmaputra (Dibrugarh gauge),105.7,TRUE,61.2,0.579,1,9
Arunachal Pradesh,0,0,0,19.6,3,Subansiri,42,FALSE,18.23,0.434,1,2
Mizoram,3.013543,3.013542891,11.27768326,23.1,2,Khowai,10,FALSE,9.96,0.996,1,10
Mizoram,0,1.296814054,2.772743791,23.3,0,Tlawng,9,FALSE,3.05,0.339,0,3
Meghalaya,16.859398,62.54597712,347.0643744,19.6,1,Brahmaputra (Goalpara gauge),36.27,TRUE,34.53,0.952,1,7
Manipur,54.95764,65.27217102,72.52373594,16,0,Imphal River,8,FALSE,3.67,0.459,0,5
Arunachal Pradesh,0.706149,18.25814641,25.14216149,15.3,1,Dikrong,14,FALSE,13.54,0.967,0,6
Mizoram,56.003597,56.83435804,112.4424246,17.7,1,Tlawng,9,FALSE,6.26,0.695,0,6
Assam,99.76818,170.0948801,331.6850309,11.2,0,Brahmaputra (Dhubri gauge),28.62,TRUE,30.31,1.059,1,8
Mizoram,2.4008276,27.25944448,194.4404156,19.7,0,Barak,20.5,FALSE,17.12,0.835,0,6
Assam,131.30583,291.7658997,489.6206103,6.3,0,Brahmaputra (Goalpara gauge),36.27,TRUE,46.53,1.283,1,6
Meghalaya,1.8670671,3.328023672,13.44626725,23.5,1,Barak,20.5,FALSE,11.64,0.568,1,7
Tripura,0,0,0.603315726,16.3,0,Gomti,12,FALSE,9.78,0.815,1,9
Assam,57.498295,171.2869263,217.7650061,5.9,2,Subansiri,42,FALSE,30.87,0.735,1,7
Assam,57.135944,112.1344099,192.5767515,6.7,1,Brahmaputra (Dhubri gauge),28.62,TRUE,24.61,0.86,0,6
Assam,11.054514,11.05451393,284.8513365,4.9,1,Manas,33,FALSE,29.73,0.901,1,6
Manipur,8.007277,15.19360636,21.51749395,20.6,2,Barak,20.5,FALSE,21.75,1.061,1,9
Assam,0,0,0,6.5,0,Manas,33,FALSE,13.79,0.418,1,11
Meghalaya,124.81718,214.7766914,222.3964713,21.3,1,Brahmaputra (Goalpara gauge),36.27,TRUE,31.55,0.87,1,7
Manipur,4.925017,33.51467657,52.16385937,17.1,2,Imphal River,8,FALSE,4.05,0.506,0,8
Manipur,58.40803,66.66040349,122.5751525,14,0,Imphal River,8,FALSE,3.24,0.405,1,5
Tripura,133.9634,250.8409462,361.6442356,14.8,1,Khowai,10,FALSE,10.55,1.055,1,6
Arunachal Pradesh,2.9336333,3.542891622,33.24523401,28.4,0,Brahmaputra (Dibrugarh gauge),105.7,TRUE,114.9,1.087,1,8
Assam,107.02651,174.5858727,292.2129016,5.9,2,Subansiri,42,FALSE,35.03,0.834,1,8
Arunachal Pradesh,4.8431034,20.76526785,48.42957687,22.5,2,Brahmaputra (Dibrugarh gauge),105.7,TRUE,82.23,0.778,0,5
Mizoram,0,0,0,23.3,0,Tlawng,9,FALSE,3.28,0.364,0,2
Arunachal Pradesh,0.27967837,6.252468437,120.2225904,9.4,0,Dikrong,14,FALSE,7.62,0.544,0,8
Assam,0.66185886,20.53136235,115.0255046,7,1,Brahmaputra (Dhubri gauge),28.62,TRUE,20.66,0.722,0,7
Nagaland,2.773109,18.324862,53.06432474,21.7,0,Dhansiri,40,FALSE,21.76,0.544,1,7
Arunachal Pradesh,76.65574,187.9928818,340.567091,27.7,5,Brahmaputra (Dibrugarh gauge),105.7,TRUE,137.41,1.3,1,7
Mizoram,2.2128136,2.350770175,36.52977103,24.2,1,Tlawng,9,FALSE,9.41,1.046,0,8
Sikkim,19.378693,67.90730667,251.5212135,28,1,Teesta,15,FALSE,13.29,0.886,0,6
Meghalaya,145.75664,201.2804832,217.6707697,24.2,0,Brahmaputra (Goalpara gauge),36.27,TRUE,27.6,0.761,1,5
Tripura,0,0,0.270416528,16,0,Gomti,12,FALSE,4.44,0.37,0,2
Nagaland,14.81536,14.81536007,48.341708,20.1,1,Dhansiri,40,FALSE,15.04,0.376,1,5
Sikkim,19.889297,39.58784294,46.34024858,31,1,Teesta,15,FALSE,8.16,0.544,1,6
Arunachal Pradesh,1.1930552,3.684882283,108.4427472,30.3,1,Brahmaputra (Dibrugarh gauge),105.7,TRUE,51.79,0.49,1,4
Nagaland,0.20589037,2.260822967,23.70518132,17.4,0,Doyang,18,FALSE,6.57,0.365,0,10
Meghalaya,10.501865,21.18285251,32.01242995,18.8,0,Brahmaputra (Guwahati gauge),49.68,TRUE,28.57,0.575,0,6
Sikkim,13.307893,57.74638271,83.17900048,35.2,1,Teesta,15,FALSE,7.98,0.532,1,8
Nagaland,85.46328,89.10803723,118.4848149,17.7,1,Dhansiri,40,FALSE,34.92,0.873,0,8
Assam,68.08822,94.35749292,197.385833,11.2,0,Brahmaputra (Dhubri gauge),28.62,TRUE,24.73,0.864,0,6
Nagaland,16.217339,51.9628334,92.77619952,16.6,1,Brahmaputra (Dibrugarh gauge),105.7,TRUE,102,0.965,1,9
Nagaland,0,0,0.275891334,11.2,0,Doyang,18,FALSE,9.76,0.542,0,10
Tripura,0,0,0,14.9,0,Gomti,12,FALSE,5.14,0.428,1,12
Sikkim,0,1.992159724,81.18953037,24.1,0,Teesta,15,FALSE,15.28,1.019,1,9
Arunachal Pradesh,0,11.79157215,15.80050808,17.4,0,Manas,33,FALSE,34.09,1.033,1,2
Tripura,0,0,0,12.8,1,Gomti,12,FALSE,3.23,0.269,1,1
Sikkim,61.642456,235.3408737,349.3295383,29.7,3,Teesta,15,FALSE,16.88,1.125,0,6
Tripura,0,0,0,14.5,0,Khowai,10,FALSE,3.48,0.348,0,1
Mizoram,6.740042,22.38513613,40.07285464,23.1,0,Tlawng,9,FALSE,7.96,0.884,0,6
Nagaland,0,0,0.296410918,12.7,1,Brahmaputra (Neamatighat gauge),85.05,TRUE,30.79,0.362,0,3
Arunachal Pradesh,2.5438619,3.432878017,3.432878017,29.4,1,Brahmaputra (Dibrugarh gauge),105.7,TRUE,94.71,0.896,0,9
Arunachal Pradesh,77.849106,216.926712,235.2985545,25.5,0,Brahmaputra (Dibrugarh gauge),105.7,TRUE,86.78,0.821,1,7
Mizoram,0,25.53219461,48.68601537,20.8,0,Tlawng,9,FALSE,9.23,1.026,1,8
Arunachal Pradesh,0.40627277,24.06409061,28.39810902,28.9,1,Brahmaputra (Dibrugarh gauge),105.7,TRUE,68.39,0.647,1,7
Sikkim,0.19302922,20.3467688,141.4470319,29.8,2,Teesta,15,FALSE,13.65,0.91,1,11
Assam,51.641987,60.90958881,120.6246843,9.2,1,Manas,33,FALSE,20.43,0.619,0,7
Manipur,0,18.72538567,32.89494932,14.6,2,Imphal River,8,FALSE,6.69,0.836,1,10
Tripura,2.8664217,2.8664217,27.49435985,20.2,1,Gomti,12,FALSE,12,1,0,9
Meghalaya,0,0,0,15.9,1,Brahmaputra (Dhubri gauge),28.62,TRUE,25.5,0.891,0,4
Mizoram,9.51835,19.83348465,114.0385265,25,2,Tlawng,9,FALSE,6.41,0.712,0,9
Assam,0,0,0,6.1,0,Brahmaputra (Tezpur gauge),65.23,TRUE,29.42,0.451,0,1
Tripura,70.11909,86.54241753,86.54241753,11.3,1,Tlawng,9,FALSE,7.95,0.883,0,11
Meghalaya,46.441463,117.5550146,160.4297338,19.6,1,Brahmaputra (Goalpara gauge),36.27,TRUE,29.71,0.819,1,8
Arunachal Pradesh,0,5.415331364,27.41511559,29.7,0,Brahmaputra (Dibrugarh gauge),105.7,TRUE,44.61,0.422,0,10
Assam,0,0,1.195031047,7.3,0,Manas,33,FALSE,15.51,0.47,0,2
Assam,95.29288,163.3304443,218.6014886,5,0,Subansiri,42,FALSE,34.78,0.828,1,7
Meghalaya,0,0,0.568588614,21.7,2,Barak,20.5,FALSE,7.69,0.375,1,11
Assam,101.13425,263.0733261,526.1170526,10.2,0,Manas,33,FALSE,41.35,1.253,1,6
Arunachal Pradesh,0,0.750217617,20.94243753,33.6,2,Brahmaputra (Dibrugarh gauge),105.7,TRUE,44.61,0.422,0,5
Manipur,3.9572048,6.567806542,8.003553331,10.7,0,Imphal River,8,FALSE,3.1,0.388,1,5
Arunachal Pradesh,109.42715,257.6895943,409.0320969,26.3,0,Brahmaputra (Dibrugarh gauge),105.7,TRUE,123.14,1.165,1,6
Sikkim,43.459644,64.73773956,64.92137925,29.2,0,Teesta,15,FALSE,8.82,0.588,1,6
Manipur,0,0.063438818,0.063438818,17.5,1,Imphal River,8,FALSE,2.78,0.348,0,2
Manipur,0,0,0,10.7,0,Imphal River,8,FALSE,4.54,0.568,1,3
Manipur,13.243118,13.68622927,43.77160207,13.9,1,Imphal River,8,FALSE,7.68,0.96,1,7
Arunachal Pradesh,0,7.464396775,13.94332908,33.2,2,Brahmaputra (Dibrugarh gauge),105.7,TRUE,108.24,1.024,1,9
Meghalaya,57.269897,125.0851846,147.5317963,21.3,1,Brahmaputra (Goalpara gauge),36.27,TRUE,25.21,0.695,1,9
Sikkim,0.5596935,22.37100154,38.10000688,34.2,1,Teesta,15,FALSE,12.8,0.853,0,5
Sikkim,0,0,187.1135939,33.4,1,Teesta,15,FALSE,12.39,0.826,0,10
Meghalaya,103.68737,333.5033207,468.0386577,18.6,2,Brahmaputra (Dhubri gauge),28.62,TRUE,31.11,1.087,1,5
Assam,0,0,9.847078264,4.3,0,Manas,33,FALSE,11.22,0.34,1,2
Manipur,0,0.265069216,0.564614505,19.6,1,Barak,20.5,FALSE,17.1,0.834,0,2
Sikkim,5.6664433,19.27906966,63.12712836,29.7,3,Teesta,15,FALSE,9.69,0.646,0,8
Arunachal Pradesh,52.775665,54.34520185,199.2070385,31.1,1,Brahmaputra (Dibrugarh gauge),105.7,TRUE,77.58,0.734,1,6
Meghalaya,50.828987,64.81329042,65.78762835,20.6,0,Brahmaputra (Dhubri gauge),28.62,TRUE,17.74,0.62,1,9
Assam,0,0,0,7.7,1,Brahmaputra (Dibrugarh gauge),105.7,TRUE,35.41,0.335,0,12
Arunachal Pradesh,64.36442,154.9143467,189.2957798,31.1,1,Brahmaputra (Dibrugarh gauge),105.7,TRUE,86.36,0.817,1,7
Assam,0,60.36303258,198.2534745,5.9,2,Subansiri,42,FALSE,43.3,1.031,1,7
Nagaland,0,0,0,13.8,0,Dhansiri,40,FALSE,15.68,0.392,1,3
Arunachal Pradesh,0,0,0,20.2,0,Brahmaputra (Tezpur gauge),65.23,TRUE,19.83,0.304,1,10
Meghalaya,101.497,212.9543886,238.7358922,16.2,0,Brahmaputra (Guwahati gauge),49.68,TRUE,28.62,0.576,1,5
Tripura,69.972404,77.06232405,102.7767424,12.6,1,Gomti,12,FALSE,7.82,0.652,0,7
Assam,70.24962,131.7438583,140.8056116,11.2,0,Brahmaputra (Dhubri gauge),28.62,TRUE,14.14,0.494,1,5
Assam,0,7.152460933,31.51682818,6.7,0,Manas,33,FALSE,20.49,0.621,1,3
Nagaland,1.5939332,1.593933225,6.564430177,14.6,1,Brahmaputra (Neamatighat gauge),85.05,TRUE,51.46,0.605,1,9
Meghalaya,57.69855,61.28508785,90.56410792,27.5,3,Brahmaputra (Guwahati gauge),49.68,TRUE,22.55,0.454,1,7
Arunachal Pradesh,40.649864,160.0911283,286.814008,21,2,Brahmaputra (Dibrugarh gauge),105.7,TRUE,111.62,1.056,1,5
Assam,0,0,0,6.5,0,Manas,33,FALSE,10.92,0.331,1,12
Manipur,30.027374,39.59247756,54.83166134,15.9,3,Imphal River,8,FALSE,4.42,0.552,1,8
Assam,1.101085,1.40140602,1.40140602,7.2,0,Subansiri,42,FALSE,15.41,0.367,0,5
Assam,19.222279,26.45800361,296.9891773,7.8,1,Brahmaputra (Dibrugarh gauge),105.7,TRUE,102.11,0.966,1,7
Arunachal Pradesh,0,0,15.20034814,31.9,1,Brahmaputra (Dibrugarh gauge),105.7,TRUE,37.42,0.354,0,10
Arunachal Pradesh,58.86161,67.96080208,95.04626656,33.2,2,Brahmaputra (Dibrugarh gauge),105.7,TRUE,47.46,0.449,1,5
Assam,15.742666,44.52696514,110.9785269,6,1,Brahmaputra (Dhubri gauge),28.62,TRUE,24.58,0.859,0,8
Arunachal Pradesh,0,3.186528325,9.94475472,17.4,0,Manas,33,FALSE,11.48,0.348,1,5
Tripura,39.621338,86.01875305,146.1278211,14.2,0,Khowai,10,FALSE,7.41,0.741,0,5
Meghalaya,14.657751,14.65775108,14.65775108,19.7,1,Brahmaputra (Goalpara gauge),36.27,TRUE,10.26,0.283,1,10
Tripura,5.1358857,56.65557909,72.96600986,12.8,1,Gomti,12,FALSE,7.78,0.648,1,9
Sikkim,82.36599,126.2485695,202.1778069,29.2,0,Teesta,15,FALSE,16.06,1.071,1,8
Assam,0,0,0,6.2,0,Brahmaputra (Tezpur gauge),65.23,TRUE,31.51,0.483,0,12
Tripura,0.65086263,26.33515829,72.74087983,14.8,1,Khowai,10,FALSE,8.96,0.896,1,5
Arunachal Pradesh,0,0,8.928411126,30.3,0,Brahmaputra (Dibrugarh gauge),105.7,TRUE,36.57,0.346,0,10
Nagaland,2.285407,9.739790767,92.21470341,16.7,3,Dhansiri,40,FALSE,47.76,1.194,1,8
Arunachal Pradesh,0,0,19.05570316,31.6,1,Brahmaputra (Dibrugarh gauge),105.7,TRUE,42.81,0.405,0,3
Manipur,0,0,0,20.6,2,Barak,20.5,FALSE,9.49,0.463,0,1
Manipur,9.599204,69.82751703,120.6730618,20.6,2,Barak,20.5,FALSE,13.61,0.664,0,6
Manipur,19.140688,58.08484268,102.9389462,17.3,1,Barak,20.5,FALSE,16.63,0.811,0,6
Meghalaya,56.755028,70.69746447,201.4577804,21.3,1,Brahmaputra (Goalpara gauge),36.27,TRUE,29.6,0.816,0,6
Assam,0,0,4.567342401,7.7,1,Brahmaputra (Guwahati gauge),49.68,TRUE,18.48,0.372,1,2
Meghalaya,8.503598,24.13072205,251.3130951,27.5,3,Brahmaputra (Guwahati gauge),49.68,TRUE,44.81,0.902,1,8
Meghalaya,159.93875,237.518404,484.6645412,17.7,1,Brahmaputra (Goalpara gauge),36.27,TRUE,47.15,1.3,1,5
Meghalaya,0,9.147901416,30.70986998,15.9,1,Brahmaputra (Dhubri gauge),28.62,TRUE,27.3,0.954,1,9
Mizoram,6.0068007,15.67034173,26.05236176,19.7,0,Barak,20.5,FALSE,14.88,0.726,1,7
Manipur,58.24924,79.60823907,104.1237024,20.6,2,Barak,20.5,FALSE,11.73,0.572,0,10
Arunachal Pradesh,95.24306,152.0590763,187.9489203,31.3,0,Brahmaputra (Dibrugarh gauge),105.7,TRUE,78.01,0.738,1,5
Manipur,0,0,0,13.9,1,Imphal River,8,FALSE,3.4,0.425,1,1
Tripura,5.418724,26.74166107,43.08809674,20.2,1,Gomti,12,FALSE,4.61,0.384,1,3
Manipur,0.1828509,0.208972454,5.637675047,19.6,0,Imphal River,8,FALSE,7.62,0.952,1,9
Arunachal Pradesh,0,0,12.34783345,32.5,1,Brahmaputra (Dibrugarh gauge),105.7,TRUE,35.83,0.339,1,3
Meghalaya,13.253675,43.30690289,102.4416485,18.8,2,Brahmaputra (Guwahati gauge),49.68,TRUE,47.74,0.961,1,7
Tripura,57.315865,57.61756755,62.32294872,14.8,1,Khowai,10,FALSE,6.68,0.668,1,8
Meghalaya,0,0.523298115,26.38509998,18.3,0,Brahmaputra (Dhubri gauge),28.62,TRUE,11.68,0.408,1,9
Arunachal Pradesh,26.889116,115.8756084,156.457408,18.1,0,Subansiri,42,FALSE,25.03,0.596,1,7
Arunachal Pradesh,0,0.173522681,0.754891306,29.1,4,Brahmaputra (Dibrugarh gauge),105.7,TRUE,113.31,1.072,0,6
Meghalaya,0,0,0,27.5,3,Brahmaputra (Guwahati gauge),49.68,TRUE,13.02,0.262,1,12
Sikkim,1.490647,1.490646958,1.490646958,33.4,1,Teesta,15,FALSE,15.21,1.014,1,2
Arunachal Pradesh,82.99867,126.637826,149.3505888,30.3,1,Brahmaputra (Dibrugarh gauge),105.7,TRUE,80.65,0.763,1,4
Meghalaya,24.078691,32.1620779,33.36765957,20,3,Barak,20.5,FALSE,3.75,0.183,0,5
Sikkim,40.96011,246.27005,528.6580009,33.6,1,Teesta,15,FALSE,16.27,1.085,1,6
Mizoram,0,0,0,20.2,1,Tlawng,9,FALSE,3.81,0.423,1,2
Arunachal Pradesh,0,0,0,19.3,0,Dikrong,14,FALSE,7.11,0.508,1,9
Arunachal Pradesh,0,0,0.268414199,17.4,0,Manas,33,FALSE,13.3,0.403,1,2
Manipur,0,0,0,9.1,1,Doyang,18,FALSE,4.86,0.27,1,11
Arunachal Pradesh,14.099741,14.31666008,29.8675383,30.3,1,Brahmaputra (Dibrugarh gauge),105.7,TRUE,40.91,0.387,0,5
Manipur,0,13.65681553,47.69473934,19.2,0,Imphal River,8,FALSE,2.52,0.315,0,10
Sikkim,20.91844,104.1068516,344.372057,31.5,1,Teesta,15,FALSE,14.78,0.985,1,6
Mizoram,73.84221,246.4910049,390.1377697,17.7,1,Tlawng,9,FALSE,11.7,1.3,1,6
Manipur,0,28.54444276,65.02489708,12.6,1,Imphal River,8,FALSE,6.18,0.772,0,8
Assam,86.413376,213.5063782,284.8587759,8.3,0,Brahmaputra (Dibrugarh gauge),105.7,TRUE,102,0.965,1,7
Meghalaya,0.23852232,10.50683805,37.48952088,22.3,0,Brahmaputra (Guwahati gauge),49.68,TRUE,31,0.624,0,8
Meghalaya,48.12916,93.16266918,297.8143339,17.1,1,Manas,33,FALSE,32.57,0.987,1,6
Arunachal Pradesh,56.334953,62.51930919,75.6101084,31.5,1,Brahmaputra (Dibrugarh gauge),105.7,TRUE,55.18,0.522,1,3
Arunachal Pradesh,0,0,0,34,0,Brahmaputra (Dibrugarh gauge),105.7,TRUE,47.04,0.445,1,11
Meghalaya,81.62496,81.62496185,81.62496185,20.5,1,Brahmaputra (Guwahati gauge),49.68,TRUE,20.72,0.417,0,4
Manipur,0.3273414,0.327341408,1.46276661,20.6,2,Barak,20.5,FALSE,10.13,0.494,0,5
Meghalaya,209.68184,359.498558,398.6945887,24.7,2,Brahmaputra (Goalpara gauge),36.27,TRUE,36.34,1.002,1,5
Mizoram,5.8542986,22.71171045,147.4377313,27,2,Tlawng,9,FALSE,4.63,0.514,1,6
Manipur,17.249266,19.34578064,24.03333464,13.5,0,Doyang,18,FALSE,14.4,0.8,1,9
Arunachal Pradesh,0,0,0.921240702,34,0,Brahmaputra (Dibrugarh gauge),105.7,TRUE,48.83,0.462,1,10
Tripura,53.652332,97.79912758,297.3667414,14.8,1,Khowai,10,FALSE,6.33,0.633,0,5
Assam,58.247314,122.3748627,191.6983137,6,1,Brahmaputra (Dhubri gauge),28.62,TRUE,26.42,0.923,0,9
Assam,0,0,0,4.7,2,Dikrong,14,FALSE,2.39,0.171,1,1
Mizoram,59.71128,59.71128082,112.5397657,25.9,0,Barak,20.5,FALSE,16.79,0.819,0,9
Nagaland,22.823313,48.21245527,52.6456562,20.1,1,Dhansiri,40,FALSE,16.44,0.411,1,4
Assam,96.11148,231.8987732,509.635561,9.2,1,Manas,33,FALSE,36.37,1.102,1,6
Assam,7.8412538,57.3197484,89.39843321,2,0,Dikrong,14,FALSE,13.26,0.947,0,10
Manipur,9.051421,33.65488338,53.45591474,9.7,0,Doyang,18,FALSE,14.71,0.817,1,7
Assam,0,2.434432745,9.938816786,5.9,0,Brahmaputra (Dibrugarh gauge),105.7,TRUE,25.69,0.243,0,2
Assam,73.30081,164.3513489,265.3298371,11.2,0,Brahmaputra (Dhubri gauge),28.62,TRUE,24.67,0.862,0,6
Arunachal Pradesh,133.37956,205.8217068,210.6956419,15.3,1,Dikrong,14,FALSE,13.99,0.999,1,5
Arunachal Pradesh,80.367165,146.4301071,354.3829105,20.4,3,Brahmaputra (Dibrugarh gauge),105.7,TRUE,95.55,0.904,1,8
Manipur,0,1.577643037,1.577643037,14.6,2,Imphal River,8,FALSE,2.85,0.356,1,2
Sikkim,91.08164,124.1455297,162.8045783,33.6,1,Teesta,15,FALSE,8.4,0.56,0,5
Arunachal Pradesh,0,6.366222382,13.92178607,17.6,1,Subansiri,42,FALSE,37.38,0.89,1,5
Arunachal Pradesh,0.18519934,0.591713935,1.058202237,30.3,0,Brahmaputra (Dibrugarh gauge),105.7,TRUE,72.4,0.685,0,6
Meghalaya,69.503555,247.579504,373.9053297,19.7,1,Brahmaputra (Goalpara gauge),36.27,TRUE,29.49,0.813,1,5
Arunachal Pradesh,0.6668719,33.31869304,47.62434427,25.2,1,Brahmaputra (Dibrugarh gauge),105.7,TRUE,52,0.492,1,8
Mizoram,0,0,0,22.2,1,Tlawng,9,FALSE,3.08,0.342,0,12
Mizoram,11.593342,44.91989708,53.27057374,17.7,1,Tlawng,9,FALSE,7.74,0.86,1,8
Arunachal Pradesh,2.5140302,23.69094825,42.20429349,15.9,0,Subansiri,42,FALSE,22.05,0.525,1,8
Tripura,9.704301,48.63901472,232.8724856,14.5,0,Khowai,10,FALSE,9.63,0.963,1,9
Sikkim,80.092735,113.5561743,169.1203914,35.2,1,Teesta,15,FALSE,17.82,1.188,1,6
Arunachal Pradesh,14.487578,15.99871108,18.27966353,29.7,1,Brahmaputra (Dibrugarh gauge),105.7,TRUE,90.69,0.858,1,6
Arunachal Pradesh,0,5.706518024,83.79460284,34,0,Brahmaputra (Dibrugarh gauge),105.7,TRUE,112.25,1.062,1,8
Assam,71.41857,96.12212181,322.0344753,6.7,1,Brahmaputra (Dhubri gauge),28.62,TRUE,27.76,0.97,1,6
Arunachal Pradesh,0,6.175971508,56.67602873,29.7,1,Brahmaputra (Dibrugarh gauge),105.7,TRUE,55.07,0.521,0,10
Arunachal Pradesh,80.231285,113.0329475,119.5684148,29.3,2,Brahmaputra (Dibrugarh gauge),105.7,TRUE,56.66,0.536,1,4
Meghalaya,0,0.061804831,0.309024155,14.7,0,Brahmaputra (Dhubri gauge),28.62,TRUE,14.6,0.51,1,1
Nagaland,2.310065,2.310065031,75.95247909,15.4,0,Dikrong,14,FALSE,13.44,0.96,0,6
Tripura,84.922295,107.6177464,107.6177464,20.2,1,Gomti,12,FALSE,5.96,0.497,1,11
Meghalaya,22.396114,40.96293831,64.94861017,17.1,1,Manas,33,FALSE,14.29,0.433,0,5
Arunachal Pradesh,78.56718,93.7217319,213.3650424,23.9,0,Brahmaputra (Dibrugarh gauge),105.7,TRUE,67.54,0.639,1,6
Meghalaya,52.859802,141.8883133,165.7429345,15.9,1,Brahmaputra (Dhubri gauge),28.62,TRUE,19.2,0.671,0,8
Meghalaya,88.35596,356.862854,520.4617887,20.2,0,Brahmaputra (Guwahati gauge),49.68,TRUE,55.29,1.113,0,8
Nagaland,54.928772,55.15318085,60.87366579,15.1,2,Brahmaputra (Neamatighat gauge),85.05,TRUE,69.91,0.822,0,9
Meghalaya,0,0,0,22.3,0,Brahmaputra (Guwahati gauge),49.68,TRUE,17.09,0.344,0,12
Mizoram,1.3924924,14.97778666,62.83685958,21.9,2,Tlawng,9,FALSE,8.86,0.984,0,7
Meghalaya,107.36644,209.3843384,260.5099968,24.9,0,Brahmaputra (Guwahati gauge),49.68,TRUE,45.01,0.906,1,6
Mizoram,0,0.109900735,4.658975385,25,2,Tlawng,9,FALSE,3.42,0.38,0,4
Mizoram,0,1.824394584,18.60638124,20.8,0,Tlawng,9,FALSE,8.85,0.983,0,5
Assam,0,7.336343765,92.3634522,10.2,0,Manas,33,FALSE,16.57,0.502,1,7
Tripura,134.96458,216.2978096,273.1461328,12.7,0,Khowai,10,FALSE,8.89,0.889,1,6
Mizoram,54.640415,86.52258778,103.7146549,25.9,0,Barak,20.5,FALSE,16.44,0.802,1,4
Arunachal Pradesh,2.3222623,5.001853108,82.31930852,29.3,2,Brahmaputra (Dibrugarh gauge),105.7,TRUE,59.93,0.567,1,7
Assam,0,0.371140659,10.10414797,10.2,0,Manas,33,FALSE,14.92,0.452,0,4
Meghalaya,102.614174,163.3187408,930.7939148,21.6,0,Brahmaputra (Goalpara gauge),36.27,TRUE,44.72,1.233,1,7
Manipur,0,25.98845351,34.50503886,18,0,Imphal River,8,FALSE,2.88,0.36,0,11
Manipur,0,0,0,19.2,0,Tlawng,9,FALSE,7.34,0.816,1,12
Arunachal Pradesh,85.702896,120.8604879,126.0962917,25.2,1,Brahmaputra (Dibrugarh gauge),105.7,TRUE,45.98,0.435,1,5
Manipur,0,0,0,9,0,Doyang,18,FALSE,3.64,0.202,1,12
Manipur,23.077312,74.98703861,171.4648805,15.8,1,Doyang,18,FALSE,14.89,0.827,0,9
Tripura,0,0,0,17.2,0,Gomti,12,FALSE,4.79,0.399,1,1
Meghalaya,11.815396,41.41127372,76.49875355,27.5,3,Brahmaputra (Guwahati gauge),49.68,TRUE,32.79,0.66,1,7
Manipur,10.522557,43.00655603,64.37670377,17.5,1,Barak,20.5,FALSE,8.55,0.417,1,5
Sikkim,0,7.713785172,16.70009929,29.2,0,Teesta,15,FALSE,5.54,0.369,0,2
Assam,73.434006,349.9999237,516.5823073,8.3,0,Brahmaputra (Goalpara gauge),36.27,TRUE,37.36,1.03,0,6
Manipur,0,0,0,15.8,1,Doyang,18,FALSE,8.39,0.466,1,12
Sikkim,0,1.929152846,1.929152846,34.9,3,Teesta,15,FALSE,6.36,0.424,1,1
Sikkim,0.13073307,11.34882754,78.90600508,29.8,2,Teesta,15,FALSE,14.32,0.955,0,7
Arunachal Pradesh,0,0,0,29.3,0,Brahmaputra (Dibrugarh gauge),105.7,TRUE,41.22,0.39,1,1
Manipur,0.5856127,15.44503254,15.44503254,14.6,2,Imphal River,8,FALSE,3.3,0.412,0,3
Mizoram,0,6.006800652,24.77944851,19.7,0,Barak,20.5,FALSE,20.01,0.976,0,7
Sikkim,0,135.5201874,278.5535815,27.7,0,Teesta,15,FALSE,14.73,0.982,1,9
Sikkim,0,0,1.523006678,35.2,1,Teesta,15,FALSE,8.74,0.583,1,2
Mizoram,13.757119,103.9656153,265.4899225,22.2,1,Tlawng,9,FALSE,7.97,0.886,0,8
Manipur,1.2214204,10.7107923,22.03977197,9.1,1,Doyang,18,FALSE,14.45,0.803,0,5
Arunachal Pradesh,27.811806,57.3531599,68.10346133,24.8,0,Brahmaputra (Dibrugarh gauge),105.7,TRUE,58.45,0.553,0,7
Mizoram,16.324547,86.2377634,104.6080182,17.7,1,Tlawng,9,FALSE,5.8,0.644,0,9
Arunachal Pradesh,145.65994,201.6809559,204.2280964,18.1,0,Subansiri,42,FALSE,32.89,0.783,1,5
Sikkim,7.281424,39.24959898,69.20800161,29.7,3,Teesta,15,FALSE,7.15,0.477,1,5
Mizoram,3.6351907,14.97150898,81.7890408,19.4,0,Tlawng,9,FALSE,5.19,0.577,0,7
Arunachal Pradesh,61.14659,78.10033846,116.10421,24.7,1,Brahmaputra (Dibrugarh gauge),105.7,TRUE,54.96,0.52,1,9
Assam,0,0,0,7.7,1,Brahmaputra (Dibrugarh gauge),105.7,TRUE,40.69,0.385,1,12
Sikkim,0,0.115600824,0.115600824,33.6,1,Teesta,15,FALSE,5.16,0.344,1,2
Arunachal Pradesh,8.955342,15.44753599,107.8577274,28,1,Brahmaputra (Dibrugarh gauge),105.7,TRUE,62.79,0.594,0,8
Meghalaya,89.52768,134.3808355,168.7898254,21.3,1,Brahmaputra (Goalpara gauge),36.27,TRUE,17.3,0.477,0,10
Mizoram,5.628515,25.22233188,89.7919091,23.3,0,Tlawng,9,FALSE,7.33,0.815,0,7
Sikkim,0,1.572919011,47.42758954,33.6,1,Teesta,15,FALSE,4.16,0.277,1,3
Sikkim,0,18.77875423,72.36981565,29.8,2,Teesta,15,FALSE,14.49,0.966,1,4
Nagaland,54.290237,59.96540135,76.22189093,14.6,0,Brahmaputra (Neamatighat gauge),85.05,TRUE,34.28,0.403,1,10
Arunachal Pradesh,0,0,0,17.4,1,Dikrong,14,FALSE,4.23,0.302,0,12
Sikkim,11.284562,46.37580013,156.7499685,33.4,1,Teesta,15,FALSE,15.52,1.035,1,6
Mizoram,0,0,0,17.7,1,Tlawng,9,FALSE,2.74,0.304,1,12
Meghalaya,125.085175,243.3644524,254.1016161,15.9,1,Brahmaputra (Dhubri gauge),28.62,TRUE,23.44,0.819,1,9
Manipur,0.29044738,5.893842965,31.81597164,16,0,Imphal River,8,FALSE,5.12,0.64,0,7
Meghalaya,149.83788,153.1893425,223.5615962,15.7,1,Brahmaputra (Dhubri gauge),28.62,TRUE,20.86,0.729,1,5
Arunachal Pradesh,0.59966844,60.96628946,245.2643909,31.1,1,Brahmaputra (Dibrugarh gauge),105.7,TRUE,87.52,0.828,0,9
Sikkim,94.47698,124.9392374,331.8329389,33.6,1,Teesta,15,FALSE,14.26,0.951,1,9
Sikkim,0,0,0,24.1,0,Teesta,15,FALSE,7.14,0.476,0,12
Sikkim,0,0,0,28.8,0,Teesta,15,FALSE,4.83,0.322,1,11
Manipur,19.8792,48.39282322,158.0755153,23.5,0,Barak,20.5,FALSE,14.21,0.693,1,8
Arunachal Pradesh,0,0,0,31.5,1,Brahmaputra (Dibrugarh gauge),105.7,TRUE,51.48,0.487,0,10
Arunachal Pradesh,0,0,0.701172709,31.3,0,Brahmaputra (Dibrugarh gauge),105.7,TRUE,40.69,0.385,0,11
Sikkim,126.93064,155.2717447,247.4975896,29.8,2,Teesta,15,FALSE,14.76,0.984,1,8
Arunachal Pradesh,0,0,33.70600891,21.4,2,Brahmaputra (Dibrugarh gauge),105.7,TRUE,98.51,0.932,1,9
Nagaland,13.298322,26.94318485,32.62086725,16.4,0,Doyang,18,FALSE,7.43,0.413,1,5
Meghalaya,0,16.45050049,27.95419419,23,2,Brahmaputra (Guwahati gauge),49.68,TRUE,17.69,0.356,0,4
Meghalaya,0,0,0,24.9,0,Brahmaputra (Guwahati gauge),49.68,TRUE,23.45,0.472,0,1
Sikkim,65.22222,101.4433823,140.9732814,25.7,0,Teesta,15,FALSE,11.68,0.779,1,8
Arunachal Pradesh,28.529785,103.3504677,167.9636344,27.8,0,Brahmaputra (Dibrugarh gauge),105.7,TRUE,78.43,0.742,1,10
Arunachal Pradesh,0,0.513469994,11.01458287,18.4,2,Subansiri,42,FALSE,13.06,0.311,1,5
Arunachal Pradesh,0,0,0,31.1,1,Brahmaputra (Dibrugarh gauge),105.7,TRUE,60.25,0.57,0,9
Meghalaya,33.693027,78.4940033,210.9196205,20.5,1,Brahmaputra (Guwahati gauge),49.68,TRUE,43.42,0.874,1,6
Meghalaya,77.559425,92.27847135,115.1397128,17.5,0,Brahmaputra (Dhubri gauge),28.62,TRUE,27.73,0.969,1,10
Manipur,0.9389036,1.901279807,23.32524627,15.9,3,Imphal River,8,FALSE,3.46,0.433,1,5
Nagaland,58.965893,86.99429321,90.97149462,15.4,0,Brahmaputra (Dibrugarh gauge),105.7,TRUE,54.12,0.512,1,4
Sikkim,10.823516,33.0233326,73.17720199,32.4,0,Teesta,15,FALSE,9.38,0.625,0,7
Assam,15.037473,27.3631267,27.65797842,8.3,0,Brahmaputra (Dibrugarh gauge),105.7,TRUE,110.77,1.048,1,6
Tripura,0,1.798570678,63.30310731,14.8,1,Khowai,10,FALSE,8.32,0.832,0,5
Tripura,182.75356,227.7789011,271.4395366,14.6,0,Gomti,12,FALSE,11.66,0.972,1,8
Tripura,0,0,0,14.4,2,Gomti,12,FALSE,3.89,0.324,1,2
Sikkim,10.007785,81.82014179,153.894866,27.7,0,Teesta,15,FALSE,12.26,0.817,1,9
Sikkim,2.1052418,2.225541294,2.225541294,34.9,3,Teesta,15,FALSE,4.77,0.318,0,2
Assam,1.1167198,1.116719842,1.116719842,3.3,0,Brahmaputra (Tezpur gauge),65.23,TRUE,21.92,0.336,0,3
Nagaland,5.969989,6.189835727,25.18400043,21.7,0,Dhansiri,40,FALSE,34.28,0.857,0,8
Tripura,48.951126,105.7354527,207.7444705,20.2,1,Gomti,12,FALSE,9.6,0.8,1,6
Meghalaya,3.4611375,48.26370788,238.2159522,22.1,0,Brahmaputra (Guwahati gauge),49.68,TRUE,43.87,0.883,0,6
Arunachal Pradesh,0,1.748954177,8.818693995,17.9,0,Brahmaputra (Dibrugarh gauge),105.7,TRUE,63.84,0.604,0,9
Nagaland,0.3960036,18.03270423,19.28680053,20.1,1,Dhansiri,40,FALSE,17.36,0.434,1,4
Assam,42.7893,61.39754796,262.3059628,1.3,0,Dikrong,14,FALSE,12.67,0.905,0,7
Mizoram,8.172894,110.3465843,170.9850526,20.4,0,Tlawng,9,FALSE,9.73,1.081,1,5
Tripura,71.57955,236.3835144,335.4160233,12.8,1,Tlawng,9,FALSE,9.89,1.099,1,6
Meghalaya,81.51909,134.8559246,192.9177318,17.7,1,Brahmaputra (Goalpara gauge),36.27,TRUE,47.15,1.3,1,8
Sikkim,80.07851,134.9719563,176.0937986,29.7,3,Teesta,15,FALSE,8.44,0.563,1,5
Meghalaya,62.801624,196.7180367,761.5563793,24.9,0,Brahmaputra (Guwahati gauge),49.68,TRUE,54.15,1.09,1,6
Meghalaya,224.71306,262.4492665,263.0227686,25,1,Brahmaputra (Guwahati gauge),49.68,TRUE,47.84,0.963,1,5
Manipur,0,30.58874941,75.26829028,14,0,Imphal River,8,FALSE,5.18,0.648,0,8
Tripura,26.84955,135.6446724,264.083952,17.2,1,Khowai,10,FALSE,11.15,1.115,0,6
Manipur,66.641396,108.3643436,148.3225836,9,0,Doyang,18,FALSE,14.17,0.787,1,7
Assam,66.153145,138.5032673,307.2999725,5.9,2,Subansiri,42,FALSE,38.18,0.909,1,8
Manipur,83.809364,154.7442646,205.9065609,13.2,1,Doyang,18,FALSE,11.29,0.627,1,5
Assam,3.3921285,20.54958153,38.03565741,10.2,0,Manas,33,FALSE,18.08,0.548,0,8
Arunachal Pradesh,0,9.131711423,39.98869914,28.8,1,Brahmaputra (Dibrugarh gauge),105.7,TRUE,107.71,1.019,0,8
Tripura,0.8937036,46.02413476,76.0852052,14.9,0,Gomti,12,FALSE,6.74,0.562,0,6
Tripura,0,0,0,12.7,0,Khowai,10,FALSE,4.08,0.408,1,5
Manipur,0,0.337806106,17.40637517,9.1,1,Doyang,18,FALSE,6.53,0.363,0,4
Arunachal Pradesh,58.499996,301.9999809,604.0999641,35.6,1,Brahmaputra (Dibrugarh gauge),105.7,TRUE,104.96,0.993,0,7
Arunachal Pradesh,0,0,0,17.4,0,Manas,33,FALSE,11.52,0.349,0,2
Meghalaya,0,1.303472042,17.19127852,25,1,Brahmaputra (Guwahati gauge),49.68,TRUE,28.32,0.57,1,9
Arunachal Pradesh,1.1094651,1.109465122,25.11260295,20.6,2,Dikrong,14,FALSE,3.86,0.276,0,2
Meghalaya,70.58666,257.900259,399.9896832,17.7,1,Brahmaputra (Goalpara gauge),36.27,TRUE,35.36,0.975,1,5
Manipur,0,0,0,19.2,0,Tlawng,9,FALSE,4.04,0.449,0,2
Assam,0,28.1629785,122.2564746,10.2,0,Manas,33,FALSE,14.49,0.439,1,5
Arunachal Pradesh,17.799997,107.5999928,242.7999871,35.6,1,Brahmaputra (Dibrugarh gauge),105.7,TRUE,92.17,0.872,1,6
Arunachal Pradesh,9.4118805,9.411880493,70.64079905,13.8,0,Dikrong,14,FALSE,11.4,0.814,0,6
Manipur,5.2869,6.217328414,66.68514614,19.8,0,Doyang,18,FALSE,11.57,0.643,1,7
Meghalaya,63.97882,152.1165047,207.1775128,20,3,Barak,20.5,FALSE,12.46,0.608,1,6
Meghalaya,140.24332,210.0982571,591.886301,19.7,0,Brahmaputra (Goalpara gauge),36.27,TRUE,41.57,1.146,1,6
Assam,3.696889,12.882514,16.12480905,4.9,0,Brahmaputra (Tezpur gauge),65.23,TRUE,30.66,0.47,1,2
Mizoram,58.0528,76.63555527,227.2284589,25.8,0,Tlawng,9,FALSE,10.66,1.185,1,7
Arunachal Pradesh,16.076908,21.91889057,62.9743267,9.4,0,Dikrong,14,FALSE,8.93,0.638,1,8
Arunachal Pradesh,8.427974,8.568889976,44.34128582,17.4,0,Manas,33,FALSE,23.79,0.721,0,7
Meghalaya,159.4225,283.2005577,295.2657512,19.7,0,Brahmaputra (Goalpara gauge),36.27,TRUE,33.59,0.926,1,10
Meghalaya,89.37057,124.8490989,173.0063453,17.7,1,Brahmaputra (Goalpara gauge),36.27,TRUE,26.11,0.72,1,8
Manipur,0.6330844,8.654709458,22.98538172,9.7,0,Doyang,18,FALSE,9.86,0.548,0,4
Arunachal Pradesh,0.12092568,4.24243696,29.39519076,27.9,1,Brahmaputra (Dibrugarh gauge),105.7,TRUE,57.5,0.544,1,3
Sikkim,66.069115,100.4699087,248.2583199,28.8,0,Teesta,15,FALSE,12.42,0.828,1,6
Mizoram,54.31845,63.57741928,63.57741928,25.4,3,Tlawng,9,FALSE,3.38,0.375,1,11
Meghalaya,18.68229,174.493866,362.0201015,21.6,0,Brahmaputra (Goalpara gauge),36.27,TRUE,34.71,0.957,0,7
Assam,0,0.126665145,0.126665145,6.3,0,Brahmaputra (Tezpur gauge),65.23,TRUE,32.68,0.501,1,1
Mizoram,0,0,0,20.2,0,Tlawng,9,FALSE,4.04,0.449,0,10
Arunachal Pradesh,6.5949836,7.045164675,8.63881509,31.6,1,Brahmaputra (Dibrugarh gauge),105.7,TRUE,55.49,0.525,1,9
Manipur,0,0,0,20.6,2,Barak,20.5,FALSE,7.4,0.361,1,1
Manipur,28.698296,105.2207127,107.1207126,18.6,1,Imphal River,8,FALSE,8.18,1.023,1,8
Sikkim,93.35824,101.4285851,107.1518383,33.6,1,Teesta,15,FALSE,11.36,0.757,1,6
Manipur,0.24984278,4.796981469,20.85823716,18,0,Imphal River,8,FALSE,8.36,1.045,1,9
Arunachal Pradesh,60.66655,164.3616829,192.5750938,27.3,1,Brahmaputra (Dibrugarh gauge),105.7,TRUE,68.07,0.644,0,6
Sikkim,8.631555,38.48416996,60.14847052,29.8,2,Teesta,15,FALSE,7.34,0.489,0,5
Assam,20.50425,143.865612,194.6624594,5.4,0,Dikrong,14,FALSE,13.97,0.998,0,6
Mizoram,0,0,0,17.7,1,Tlawng,9,FALSE,3.2,0.356,0,12
Meghalaya,0,0,0,25.6,0,Brahmaputra (Guwahati gauge),49.68,TRUE,12.62,0.254,0,2
Assam,139.96042,348.8597794,353.2827984,4.2,0,Brahmaputra (Dibrugarh gauge),105.7,TRUE,97.03,0.918,1,4
Manipur,13.356715,48.81435847,102.5607173,20.7,2,Barak,20.5,FALSE,12.07,0.589,0,7
Arunachal Pradesh,0.68158096,5.13907963,7.9755041,16.9,2,Dikrong,14,FALSE,8.11,0.579,0,9
Meghalaya,94.32046,161.0410373,204.4272937,19.7,0,Brahmaputra (Goalpara gauge),36.27,TRUE,29.92,0.825,0,8
Assam,1.188513,4.922998726,20.83284479,5,0,Brahmaputra (Tezpur gauge),65.23,TRUE,35.68,0.547,1,4
Arunachal Pradesh,37.44081,214.3050156,236.0367302,17.9,0,Brahmaputra (Dibrugarh gauge),105.7,TRUE,117.75,1.114,1,6
Manipur,1.7707945,11.5664736,34.37846076,9.7,0,Doyang,18,FALSE,7.11,0.395,0,10
Manipur,0.28919697,2.419776678,25.95094633,15.8,1,Doyang,18,FALSE,12.65,0.703,1,7
Meghalaya,140.61113,823.5558319,1070.331041,21.6,0,Brahmaputra (Goalpara gauge),36.27,TRUE,44.43,1.225,1,7
Arunachal Pradesh,4.096823,4.64612025,31.13654637,17.6,1,Subansiri,42,FALSE,14.78,0.352,1,3
Sikkim,0,0,0,33.6,1,Teesta,15,FALSE,13.06,0.871,0,1
Meghalaya,0.85176563,104.9626131,143.4245186,17.5,0,Brahmaputra (Dhubri gauge),28.62,TRUE,15.8,0.552,0,7
Nagaland,0,0.733237565,38.88998038,16.7,3,Dhansiri,40,FALSE,39.84,0.996,1,8
Sikkim,0,22.61014032,22.61014032,34.9,3,Teesta,15,FALSE,5.8,0.387,1,3
Sikkim,71.84022,217.8378029,283.8383157,23.3,0,Teesta,15,FALSE,15.24,1.016,1,6
Arunachal Pradesh,78.4746,79.1655339,82.46877003,26.1,0,Brahmaputra (Dibrugarh gauge),105.7,TRUE,67.44,0.638,1,4
Arunachal Pradesh,0,0,0,23.2,0,Subansiri,42,FALSE,15.79,0.376,0,10
Nagaland,11.894204,81.4335413,142.4855161,11.6,1,Brahmaputra (Dibrugarh gauge),105.7,TRUE,70.61,0.668,0,7
Arunachal Pradesh,1.5215915,1.521591544,2.161864996,25.3,0,Brahmaputra (Dibrugarh gauge),105.7,TRUE,42.91,0.406,0,11
Assam,0,0,0,7.7,3,Barak,20.5,FALSE,11.03,0.538,0,2
Sikkim,1.7987745,1.798774481,3.946614265,31,1,Teesta,15,FALSE,6.8,0.453,1,2
Mizoram,148.13834,301.1123505,350.3435578,27,2,Tlawng,9,FALSE,10.86,1.207,1,6
Nagaland,0,3.52482605,23.15145636,21.7,0,Dhansiri,40,FALSE,20.32,0.508,0,10
Arunachal Pradesh,0.926107,31.17182118,68.7894628,31.9,1,Brahmaputra (Dibrugarh gauge),105.7,TRUE,39,0.369,0,5
Arunachal Pradesh,141.8,189.4999976,254.8999929,35.6,1,Brahmaputra (Dibrugarh gauge),105.7,TRUE,137.41,1.3,1,6
Assam,0.59431684,0.860516071,350.4213681,4.6,0,Brahmaputra (Goalpara gauge),36.27,TRUE,37.97,1.047,1,6
Arunachal Pradesh,5.3699803,6.45004493,14.50791684,9.4,0,Dikrong,14,FALSE,8.54,0.61,1,9
Arunachal Pradesh,55.585083,65.88508296,65.88508296,28.5,0,Brahmaputra (Dibrugarh gauge),105.7,TRUE,49.47,0.468,1,2
Manipur,0,0,0,20.6,2,Barak,20.5,FALSE,8.9,0.434,0,11
Assam,0,0,0,10.2,0,Manas,33,FALSE,14.16,0.429,0,1
Arunachal Pradesh,4.2670083,23.54309869,239.2227252,30.2,1,Brahmaputra (Dibrugarh gauge),105.7,TRUE,84.56,0.8,0,7
Manipur,65.88848,87.93526697,112.6040299,9.1,1,Doyang,18,FALSE,10.73,0.596,0,9
Nagaland,0,0,0.169121757,17.9,0,Dhansiri,40,FALSE,15.04,0.376,1,12
Manipur,0,0,0,9.1,1,Doyang,18,FALSE,6.39,0.355,1,11
Meghalaya,29.704615,84.25619411,328.764781,20.2,0,Brahmaputra (Guwahati gauge),49.68,TRUE,45.56,0.917,1,7
Nagaland,0,0,0,18.8,0,Brahmaputra (Dibrugarh gauge),105.7,TRUE,51.26,0.485,1,10
Arunachal Pradesh,69.79616,93.19743967,108.2446823,31.3,0,Brahmaputra (Dibrugarh gauge),105.7,TRUE,44.18,0.418,1,4
Arunachal Pradesh,0,0,0,33.6,0,Brahmaputra (Dibrugarh gauge),105.7,TRUE,32.77,0.31,0,12
Arunachal Pradesh,0,12.95958662,34.78940368,19.6,3,Subansiri,42,FALSE,15.83,0.377,1,11
Arunachal Pradesh,74.85048,151.7376289,186.5683284,29.4,1,Brahmaputra (Dibrugarh gauge),105.7,TRUE,114.68,1.085,1,9
Assam,0.17179082,3.654149279,11.41428266,1.3,1,Brahmaputra (Tezpur gauge),65.23,TRUE,69.99,1.073,1,9
Arunachal Pradesh,5.1364846,59.71453714,106.1011317,34,0,Brahmaputra (Dibrugarh gauge),105.7,TRUE,67.65,0.64,0,7
Meghalaya,2.4365351,29.51892853,167.6573367,20.9,2,Barak,20.5,FALSE,17.73,0.865,0,6
Mizoram,0,0,0,23,2,Khowai,10,FALSE,4.58,0.458,1,12
Tripura,1.4036803,10.77245039,40.74983758,17.2,1,Khowai,10,FALSE,9.82,0.982,1,7
Arunachal Pradesh,0,2.032344192,9.389870256,21,2,Brahmaputra (Dibrugarh gauge),105.7,TRUE,59.83,0.566,0,6
Meghalaya,8.022408,18.21579456,30.74094836,18.8,2,Brahmaputra (Guwahati gauge),49.68,TRUE,38.05,0.766,1,9
Assam,0,0,0,2.4,0,Subansiri,42,FALSE,17.6,0.419,0,11
Manipur,41.572796,76.09261131,123.4150646,9,0,Doyang,18,FALSE,9.85,0.547,0,5
Nagaland,0,0,0,15.4,0,Brahmaputra (Dibrugarh gauge),105.7,TRUE,37.95,0.359,0,1
Meghalaya,0,15.46094644,17.45195632,23.4,0,Barak,20.5,FALSE,19.52,0.952,1,8
Sikkim,16.01255,37.90823841,52.23987561,31.5,1,Teesta,15,FALSE,6.12,0.408,1,4
Arunachal Pradesh,56.04006,80.68156648,93.01823497,20.6,2,Dikrong,14,FALSE,8.09,0.578,0,5
Arunachal Pradesh,0,0,0,25.9,0,Brahmaputra (Dibrugarh gauge),105.7,TRUE,44.61,0.422,0,11
Meghalaya,0,0,0,21.1,1,Kopili,30,FALSE,13.92,0.464,0,1
Arunachal Pradesh,53.18886,97.98281032,148.3771289,28,1,Brahmaputra (Dibrugarh gauge),105.7,TRUE,103.59,0.98,1,10
Meghalaya,0.1237411,0.123741098,0.123741098,19.7,1,Brahmaputra (Goalpara gauge),36.27,TRUE,19.33,0.533,1,2
Tripura,25.754906,41.32615042,234.7809081,16.3,0,Gomti,12,FALSE,7.43,0.619,0,5
Tripura,3.2270224,22.07341784,200.0945625,13.5,0,Khowai,10,FALSE,7.57,0.757,1,9
Sikkim,0,0,0.606240153,28.8,0,Teesta,15,FALSE,6.99,0.466,0,10
Tripura,142.56155,159.1695857,215.4509859,17.2,0,Gomti,12,FALSE,12.11,1.009,1,8
Assam,0,0.767106235,30.65948343,6.2,0,Brahmaputra (Tezpur gauge),65.23,TRUE,36.2,0.555,0,7
Sikkim,0,3.541795969,12.22377589,23.3,0,Teesta,15,FALSE,6.22,0.415,1,1
Meghalaya,58.907352,225.382206,483.2276397,17.5,0,Brahmaputra (Dhubri gauge),28.62,TRUE,37.21,1.3,1,6
Tripura,5.19382,11.64122105,185.8801745,15.2,0,Tlawng,9,FALSE,7.55,0.839,0,6
Sikkim,30.39203,121.6296902,176.2438622,33.4,1,Teesta,15,FALSE,12.1,0.807,1,7
Manipur,2.3479846,25.52593064,39.03888118,10.7,0,Imphal River,8,FALSE,4.38,0.547,1,6
Tripura,85.52606,245.795742,274.7997463,14.9,0,Gomti,12,FALSE,10.87,0.906,1,8
Manipur,0,50.20832634,94.26205635,20.6,2,Barak,20.5,FALSE,20.77,1.013,1,8
Arunachal Pradesh,0,66.14004517,205.4888308,24.8,1,Brahmaputra (Dibrugarh gauge),105.7,TRUE,86.15,0.815,1,7
Arunachal Pradesh,0,0,11.78059685,31.6,1,Brahmaputra (Dibrugarh gauge),105.7,TRUE,101.26,0.958,1,6
Sikkim,66.173355,141.4276314,181.3539344,35.2,1,Teesta,15,FALSE,10.5,0.7,0,5
Arunachal Pradesh,98.353676,177.213047,271.1950574,19.1,3,Brahmaputra (Dibrugarh gauge),105.7,TRUE,112.46,1.064,1,6
Arunachal Pradesh,56.22252,101.874073,114.6644135,23.9,0,Brahmaputra (Dibrugarh gauge),105.7,TRUE,88.47,0.837,1,9
Sikkim,0,0,0.20041056,33.6,1,Teesta,15,FALSE,7.12,0.475,0,11
Mizoram,0,7.309547603,71.8618595,19.7,0,Barak,20.5,FALSE,23,1.122,1,8
Sikkim,3.8869088,27.69249797,92.86400676,27.7,0,Teesta,15,FALSE,9.33,0.622,0,8
Meghalaya,115.86242,367.1189957,384.0979693,20,3,Barak,20.5,FALSE,19.37,0.945,1,5
Manipur,72.2276,125.390408,133.410763,8.4,2,Imphal River,8,FALSE,5.05,0.631,0,5
Assam,0,0,0.159508765,6.1,0,Brahmaputra (Tezpur gauge),65.23,TRUE,24.92,0.382,1,12
Manipur,0,9.125785589,25.39397246,16,0,Imphal River,8,FALSE,7.8,0.975,1,11
Arunachal Pradesh,13.138931,15.17520523,22.08512783,28.8,1,Brahmaputra (Dibrugarh gauge),105.7,TRUE,104.85,0.992,1,7
Arunachal Pradesh,0,0,37.23199964,17.5,0,Subansiri,42,FALSE,29.19,0.695,1,9
Meghalaya,116.24556,340.1678848,549.6016712,19.7,0,Brahmaputra (Goalpara gauge),36.27,TRUE,42.98,1.185,1,6
Sikkim,10.241026,62.01134777,152.8964396,33.6,1,Teesta,15,FALSE,14.6,0.973,1,8
Assam,86.73981,151.713203,273.8887944,5.7,1,Manas,33,FALSE,32.01,0.97,1,6
Arunachal Pradesh,91.09862,237.5627022,435.6703625,28.6,0,Brahmaputra (Dibrugarh gauge),105.7,TRUE,118.28,1.119,1,7
Assam,0,0,0.240149841,10.2,0,Manas,33,FALSE,11.81,0.358,1,3
Nagaland,12.2425165,12.34038421,12.34038421,15.4,0,Dikrong,14,FALSE,6.2,0.443,0,11
Meghalaya,79.105576,128.8105469,174.1998528,19.6,1,Brahmaputra (Goalpara gauge),36.27,TRUE,24.45,0.674,1,10
Meghalaya,106.9976,118.7096314,359.8922553,20.2,0,Brahmaputra (Guwahati gauge),49.68,TRUE,49.78,1.002,1,7
Sikkim,55.027687,202.5838394,410.9072056,33.6,1,Teesta,15,FALSE,14.52,0.968,1,6
Mizoram,85.48086,96.49727535,96.49727535,23,2,Khowai,10,FALSE,5.85,0.585,1,11
Assam,0,0,0,8.3,1,Brahmaputra (Goalpara gauge),36.27,TRUE,16.54,0.456,0,1
Meghalaya,0,0,0,14.5,0,Brahmaputra (Dhubri gauge),28.62,TRUE,24.18,0.845,0,1
Manipur,0.48161623,0.481616229,5.321486682,19.2,0,Tlawng,9,FALSE,8.07,0.897,0,3
Sikkim,54.952404,86.69341183,190.6183901,23.3,0,Teesta,15,FALSE,18.4,1.227,1,5
Arunachal Pradesh,38.00932,172.3061752,256.9951677,26.3,0,Brahmaputra (Dibrugarh gauge),105.7,TRUE,107.29,1.015,1,8
Assam,15.10951,46.58460951,95.59653425,3.3,1,Brahmaputra (Dibrugarh gauge),105.7,TRUE,70.5,0.667,0,7
Mizoram,0,0,0,21.4,0,Tlawng,9,FALSE,3.43,0.381,0,12
Meghalaya,88.68985,636.4577484,705.928215,21.6,0,Brahmaputra (Goalpara gauge),36.27,TRUE,39.43,1.087,1,8
Arunachal Pradesh,36.17422,66.83875656,112.8749666,32.5,1,Brahmaputra (Dibrugarh gauge),105.7,TRUE,104.11,0.985,1,8
Meghalaya,18.094658,38.9933672,140.8085108,21.9,1,Brahmaputra (Guwahati gauge),49.68,TRUE,47.89,0.964,1,8
Arunachal Pradesh,32.150875,114.1961479,204.2742839,28.1,0,Brahmaputra (Dibrugarh gauge),105.7,TRUE,71.24,0.674,1,7
Nagaland,89.53387,98.58290601,99.80045617,16.7,3,Dhansiri,40,FALSE,31.32,0.783,1,8
Meghalaya,34.078922,218.7250404,336.5804622,17.7,1,Brahmaputra (Goalpara gauge),36.27,TRUE,29.12,0.803,0,6
Assam,0,0,8.036266208,4.7,2,Dikrong,14,FALSE,4.09,0.292,1,3
Arunachal Pradesh,8.795857,11.89442539,11.89442539,17.4,1,Dikrong,14,FALSE,3.86,0.276,0,11
Arunachal Pradesh,131.50636,288.4360123,326.156409,29.7,1,Brahmaputra (Dibrugarh gauge),105.7,TRUE,105.17,0.995,1,6
Manipur,20.096638,118.6609726,265.4784603,20.6,2,Barak,20.5,FALSE,19.74,0.963,1,6
Nagaland,51.399235,98.53481102,161.8908253,15.4,0,Brahmaputra (Dibrugarh gauge),105.7,TRUE,105.38,0.997,1,8
Manipur,1.3268833,9.797390461,16.51244557,17.1,2,Imphal River,8,FALSE,4.81,0.601,1,6
Arunachal Pradesh,0,0,0,18.4,2,Subansiri,42,FALSE,18.65,0.444,0,11
Mizoram,0.42207572,5.5749726,24.89881417,19.7,0,Barak,20.5,FALSE,7.75,0.378,0,3
Assam,71.65362,163.6998148,379.0175714,6,1,Manas,33,FALSE,34.15,1.035,1,6
Mizoram,10.386255,17.40283531,17.71733111,23,0,Tlawng,9,FALSE,3.56,0.395,0,4
Manipur,9.4993925,26.9703474,122.3568811,9.7,0,Doyang,18,FALSE,14.45,0.803,0,7
Meghalaya,109.86819,231.3485546,549.2872601,16,0,Brahmaputra (Goalpara gauge),36.27,TRUE,40.48,1.116,1,6
Manipur,2.006547,6.409142017,6.807098329,18.6,1,Imphal River,8,FALSE,4.52,0.565,1,9
Assam,0,0,0.150029734,3.9,1,Dikrong,14,FALSE,5.52,0.394,1,11
Nagaland,58.091797,83.84452051,115.8211536,17.5,2,Dhansiri,40,FALSE,32.96,0.824,1,9
Meghalaya,68.256996,132.6424789,149.052407,20.2,0,Brahmaputra (Guwahati gauge),49.68,TRUE,29.56,0.595,0,3
Arunachal Pradesh,80.8124,147.1215668,355.1265585,27.4,0,Brahmaputra (Dibrugarh gauge),105.7,TRUE,97.24,0.92,1,8
Arunachal Pradesh,1.5457319,1.545731902,9.987952113,28.6,1,Brahmaputra (Dibrugarh gauge),105.7,TRUE,31.08,0.294,0,1
Arunachal Pradesh,1.0501535,1.050153494,1.050153494,9.4,0,Dikrong,14,FALSE,11.73,0.838,1,11
Nagaland,58.121513,122.8747139,215.4151259,10.6,0,Brahmaputra (Neamatighat gauge),85.05,TRUE,66.68,0.784,1,6
Assam,0.5079422,6.587823868,252.6227303,1.3,0,Dikrong,14,FALSE,13.89,0.992,1,6
Assam,9.601732,9.730611578,24.34731092,8.3,0,Brahmaputra (Dibrugarh gauge),105.7,TRUE,40.91,0.387,0,5
Meghalaya,0,0,0,18.8,2,Brahmaputra (Guwahati gauge),49.68,TRUE,28.22,0.568,1,3
Tripura,0,0,18.43500328,17.2,1,Khowai,10,FALSE,3.06,0.306,0,4
Nagaland,8.048936,20.9717505,131.956507,10.6,0,Brahmaputra (Neamatighat gauge),85.05,TRUE,96.19,1.131,0,7
Meghalaya,0,0,0,18.8,0,Brahmaputra (Guwahati gauge),49.68,TRUE,21.81,0.439,1,3
Tripura,55.15335,66.18691283,120.1798263,15.2,0,Tlawng,9,FALSE,5.87,0.652,1,8
Arunachal Pradesh,56.00074,62.11907792,83.22772551,30.5,1,Brahmaputra (Dibrugarh gauge),105.7,TRUE,63.42,0.6,1,5
Arunachal Pradesh,0,0,0,30.3,1,Brahmaputra (Dibrugarh gauge),105.7,TRUE,45.45,0.43,0,12
Assam,168.17615,231.7942333,243.8624177,5.9,0,Brahmaputra (Dibrugarh gauge),105.7,TRUE,86.36,0.817,1,4
Arunachal Pradesh,42.2,100.2999964,157.6999941,35.6,1,Brahmaputra (Dibrugarh gauge),105.7,TRUE,108.24,1.024,1,9
Tripura,0.10981974,1.164879888,25.80538473,17.2,1,Khowai,10,FALSE,9.04,0.904,1,9
Mizoram,0,1.438171983,1.438171983,19.7,0,Barak,20.5,FALSE,10.7,0.522,1,2
Sikkim,70.39688,106.7065601,191.0076933,33.6,1,Teesta,15,FALSE,11.68,0.779,1,9
Manipur,0,0,0.448960513,17.5,0,Kopili,30,FALSE,12.63,0.421,0,10
Manipur,0,0.109034583,3.130221352,18,0,Imphal River,8,FALSE,3.01,0.376,0,5
Sikkim,1.8010576,2.589020252,5.211584866,31,1,Teesta,15,FALSE,6.3,0.42,1,3
Manipur,0,0,4.363563061,8.4,2,Imphal River,8,FALSE,2.94,0.367,0,12
Arunachal Pradesh,68.57734,89.27968025,161.411808,28.6,1,Brahmaputra (Dibrugarh gauge),105.7,TRUE,64.69,0.612,1,7
Assam,0.15248513,11.83339572,23.97942519,5.1,1,Kopili,30,FALSE,31.71,1.057,1,8
Manipur,58.171135,90.92007637,170.6745428,14,0,Imphal River,8,FALSE,5.43,0.679,1,7
Meghalaya,0.020670576,10.18683873,161.240512,22,0,Brahmaputra (Guwahati gauge),49.68,TRUE,30.26,0.609,1,10
Assam,38.697422,67.72718823,110.0825522,3.3,1,Brahmaputra (Dibrugarh gauge),105.7,TRUE,72.3,0.684,1,6
Assam,90.14527,169.6287708,324.9839535,6.7,1,Brahmaputra (Dhubri gauge),28.62,TRUE,27.42,0.958,0,8
Manipur,51.946056,102.6219673,128.5304881,16,0,Imphal River,8,FALSE,5.04,0.63,1,5
Nagaland,2.8140092,19.66516542,51.28390652,20.1,1,Dhansiri,40,FALSE,26,0.65,0,8
Arunachal Pradesh,95.58301,219.7139435,355.9869461,25.2,1,Brahmaputra (Dibrugarh gauge),105.7,TRUE,109.72,1.038,1,6
Arunachal Pradesh,0,0.130467266,46.57896909,18.4,2,Subansiri,42,FALSE,36.75,0.875,1,6
Meghalaya,0,0,0,18.3,0,Brahmaputra (Dhubri gauge),28.62,TRUE,12.91,0.451,0,10
Manipur,0,0,26.73239638,20.6,2,Barak,20.5,FALSE,11.38,0.555,1,5
Meghalaya,61.784454,402.5536423,1299.63987,21.6,0,Brahmaputra (Goalpara gauge),36.27,TRUE,36.78,1.014,0,6
Assam,0,0,1.000936985,6.2,0,Brahmaputra (Tezpur gauge),65.23,TRUE,24.98,0.383,1,9
Arunachal Pradesh,55.76564,66.64134383,100.9229639,17.6,1,Subansiri,42,FALSE,24.49,0.583,0,6
Mizoram,9.524262,22.10891891,39.40379222,19.4,0,Tlawng,9,FALSE,4.83,0.537,0,8
Meghalaya,40.858173,260.0494881,564.7327309,16.4,0,Brahmaputra (Dhubri gauge),28.62,TRUE,30.22,1.056,0,6
Meghalaya,83.20278,398.8636398,1195.232765,20.5,1,Brahmaputra (Guwahati gauge),49.68,TRUE,55.05,1.108,1,6
Nagaland,9.521926,9.660527185,9.660527185,20.1,1,Dhansiri,40,FALSE,19.88,0.497,0,3
Sikkim,73.19586,117.4028091,295.2316914,25.7,0,Teesta,15,FALSE,13.38,0.892,0,7
Mizoram,0,0,58.20410538,24.8,0,Tlawng,9,FALSE,4.09,0.454,1,11
Meghalaya,0,0,0,18.7,0,Brahmaputra (Guwahati gauge),49.68,TRUE,22.55,0.454,0,2
Mizoram,1.96403,59.07409453,59.57927525,19.4,0,Tlawng,9,FALSE,4.47,0.497,1,12
Assam,13.980301,13.9803009,20.16215134,7.7,1,Brahmaputra (Dibrugarh gauge),105.7,TRUE,47.04,0.445,0,5
Arunachal Pradesh,0,0,10.74469268,13.8,0,Dikrong,14,FALSE,6.06,0.433,1,4
Meghalaya,57.95407,152.3008881,179.0346031,15.7,1,Brahmaputra (Dhubri gauge),28.62,TRUE,22.52,0.787,0,8
Arunachal Pradesh,64.84514,336.4676895,423.3685311,29.4,1,Brahmaputra (Dibrugarh gauge),105.7,TRUE,105.91,1.002,1,7
Assam,43.25768,80.9942832,316.0869517,10.2,0,Manas,33,FALSE,28.12,0.852,1,7
Manipur,0,17.80781269,47.25526142,14.2,1,Imphal River,8,FALSE,7.46,0.933,1,10
Arunachal Pradesh,8.935728,45.21428204,74.75063372,18,0,Dikrong,14,FALSE,5.47,0.391,1,10
Arunachal Pradesh,111.26215,139.7019193,193.9667177,24.7,1,Brahmaputra (Dibrugarh gauge),105.7,TRUE,104.33,0.987,1,8
Meghalaya,0,0,0.487762526,24.7,2,Brahmaputra (Goalpara gauge),36.27,TRUE,16.25,0.448,0,4
Mizoram,3.933542,47.31015563,117.3465614,24.2,1,Tlawng,9,FALSE,5.73,0.637,1,7
Meghalaya,46.509785,54.22692877,68.77646995,25.6,0,Brahmaputra (Guwahati gauge),49.68,TRUE,46.85,0.943,0,9
Arunachal Pradesh,85.02008,93.88006046,98.24846295,27.1,0,Brahmaputra (Dibrugarh gauge),105.7,TRUE,66.49,0.629,1,6
Assam,0,0,0,6.7,1,Brahmaputra (Dhubri gauge),28.62,TRUE,13.22,0.462,1,11
Nagaland,0,0,0,13.7,0,Dhansiri,40,FALSE,39.36,0.984,1,2
Manipur,0.29218218,1.8941558,51.59933645,20.7,2,Barak,20.5,FALSE,11.15,0.544,1,8
Sikkim,72.815636,122.1052113,230.7274017,33.6,1,Teesta,15,FALSE,12.99,0.866,1,7
Sikkim,118.96,124.3958691,133.0464166,25.7,0,Teesta,15,FALSE,9.81,0.654,0,10
Arunachal Pradesh,0,0,117.5782903,21,2,Brahmaputra (Dibrugarh gauge),105.7,TRUE,52.53,0.497,1,2
Arunachal Pradesh,39.37998,43.66237038,56.41483742,19.3,0,Dikrong,14,FALSE,6.93,0.495,1,5
Manipur,0,0.035778165,10.80104033,17.7,0,Kopili,30,FALSE,17.73,0.591,1,9
Meghalaya,2.2995741,21.94027019,58.08560514,22,0,Brahmaputra (Guwahati gauge),49.68,TRUE,48.64,0.979,1,8
Nagaland,15.675832,54.20345849,97.01315278,21.7,0,Dhansiri,40,FALSE,22.2,0.555,1,9
Arunachal Pradesh,0,0,0,32.1,1,Brahmaputra (Dibrugarh gauge),105.7,TRUE,43.65,0.413,1,11
Meghalaya,0,0,0.457793236,23,0,Kopili,30,FALSE,12,0.4,1,3
Meghalaya,123.912285,227.479887,306.093442,20.6,0,Brahmaputra (Dhubri gauge),28.62,TRUE,20.46,0.715,1,5
Mizoram,59.720764,81.27077579,230.9349737,17.7,1,Tlawng,9,FALSE,6.99,0.777,1,7
Nagaland,0,2.260315657,37.62723827,16.6,1,Brahmaputra (Dibrugarh gauge),105.7,TRUE,34.46,0.326,1,5
Mizoram,111.036224,171.8180485,189.3459274,22.1,2,Tlawng,9,FALSE,4.21,0.468,1,5
Tripura,0,0,0.525689244,12.8,1,Gomti,12,FALSE,5.3,0.442,0,12
Assam,0,0,0,3.9,0,Brahmaputra (Guwahati gauge),49.68,TRUE,36.27,0.73,0,12
Manipur,57.611713,94.29537392,108.6579536,16.8,0,Barak,20.5,FALSE,13.45,0.656,0,8
Meghalaya,0,0.789945662,5.745844096,18.7,0,Brahmaputra (Guwahati gauge),49.68,TRUE,23.75,0.478,0,4
Assam,0,0,12.56757149,10.2,0,Manas,33,FALSE,13.4,0.406,0,3
Manipur,29.507103,80.08403397,186.7887111,20.7,2,Barak,20.5,FALSE,13.9,0.678,0,8
Manipur,11.197662,35.64023685,55.0352211,19.2,0,Tlawng,9,FALSE,8.98,0.998,0,7
Meghalaya,3.5703359,6.324582338,40.45129514,21.7,2,Barak,20.5,FALSE,22.22,1.084,1,9
Arunachal Pradesh,0,10.37303698,58.2510277,15.3,1,Dikrong,14,FALSE,7.84,0.56,0,9
Arunachal Pradesh,0,1.948676825,30.09989834,26.3,0,Brahmaputra (Dibrugarh gauge),105.7,TRUE,27.69,0.262,1,4
Meghalaya,70.74569,146.9946976,197.3299413,15.9,1,Brahmaputra (Dhubri gauge),28.62,TRUE,26.3,0.919,1,8
Tripura,4.875575,17.49222875,175.0279076,14.8,2,Khowai,10,FALSE,6.05,0.605,1,6
Arunachal Pradesh,0,1.865252435,1.942069314,19.6,3,Subansiri,42,FALSE,16.55,0.394,0,10
Manipur,0,9.834157348,31.32957113,23.5,0,Barak,20.5,FALSE,7.61,0.371,1,3
Manipur,0,6.762123108,8.036802113,20.7,2,Barak,20.5,FALSE,17.42,0.85,1,5
Mizoram,52.802258,82.30934238,191.5231657,17.7,1,Tlawng,9,FALSE,7.36,0.818,1,8
Meghalaya,105.85323,138.2516422,191.6146436,14.7,0,Brahmaputra (Dhubri gauge),28.62,TRUE,20.06,0.701,0,7
Tripura,4.369729,7.893449157,95.21726406,17.3,0,Khowai,10,FALSE,11.04,1.104,1,9
Sikkim,20.56533,59.0434311,93.23947328,28.8,0,Teesta,15,FALSE,9.46,0.631,0,9
Manipur,0,0,0,17.7,0,Kopili,30,FALSE,13.41,0.447,1,11
Mizoram,0,0,0,20.4,0,Tlawng,9,FALSE,3.3,0.367,0,2
Assam,0,0,0,6,0,Brahmaputra (Dibrugarh gauge),105.7,TRUE,46.61,0.441,0,12
Arunachal Pradesh,0.7659371,6.244750738,15.38876414,15.9,0,Subansiri,42,FALSE,13.86,0.33,0,5
Arunachal Pradesh,0,3.419532835,9.854590476,31.9,1,Brahmaputra (Dibrugarh gauge),105.7,TRUE,101.05,0.956,1,8
Arunachal Pradesh,27.812317,43.92906845,507.6467007,26.3,0,Brahmaputra (Dibrugarh gauge),105.7,TRUE,111.94,1.059,1,7
Manipur,9.637644,68.97976112,91.92327887,6.7,0,Doyang,18,FALSE,11.66,0.648,1,9
Arunachal Pradesh,0.7125011,21.95724231,144.4609693,18.1,0,Subansiri,42,FALSE,47.71,1.136,1,6
Manipur,0,0,0,20.6,2,Barak,20.5,FALSE,6.6,0.322,1,11
Sikkim,19.572166,37.14952874,86.35280329,23.3,0,Teesta,15,FALSE,15.85,1.057,1,8
Arunachal Pradesh,59.06156,113.444581,296.7112927,30.3,1,Brahmaputra (Dibrugarh gauge),105.7,TRUE,100.63,0.952,1,8
Mizoram,13.455488,16.48050654,52.58007407,22.2,1,Tlawng,9,FALSE,4.41,0.49,1,9
Tripura,0,0,0,14.9,0,Gomti,12,FALSE,4.57,0.381,0,2
Assam,97.54066,105.3148571,148.0275283,4.3,0,Brahmaputra (Tezpur gauge),65.23,TRUE,32.62,0.5,0,7
Manipur,0,0.52108711,44.91012996,9.7,0,Doyang,18,FALSE,13.28,0.738,0,10
Arunachal Pradesh,1.3280162,28.86681831,64.20042707,29.4,1,Brahmaputra (Dibrugarh gauge),105.7,TRUE,44.18,0.418,1,2
Tripura,43.35326,61.88584709,144.0255293,15.2,0,Tlawng,9,FALSE,7.27,0.808,0,9
Nagaland,0,0.673040986,57.47268713,15.4,0,Dikrong,14,FALSE,13.82,0.987,0,8
Tripura,0,54.82164097,92.99783981,16.1,0,Gomti,12,FALSE,11.58,0.965,1,9
Manipur,0,13.68522406,28.02334666,14.6,2,Imphal River,8,FALSE,3.42,0.427,0,4
Arunachal Pradesh,0,0,58.30266857,24.7,1,Brahmaputra (Dibrugarh gauge),105.7,TRUE,49.68,0.47,0,10
Assam,0.52977043,3.850064456,3.850064456,10.2,0,Manas,33,FALSE,16.17,0.49,1,2
Meghalaya,157.13943,365.0228729,541.5863938,18.9,0,Brahmaputra (Guwahati gauge),49.68,TRUE,48.39,0.974,1,10
Meghalaya,0.16109146,0.161091462,0.161091462,18.2,1,Manas,33,FALSE,10.3,0.312,0,11
Mizoram,16.672882,24.54752469,25.22516483,25,1,Tlawng,9,FALSE,4.1,0.456,0,12
Assam,0.6014591,0.601459086,55.21489388,6.7,0,Kopili,30,FALSE,18.96,0.632,1,6
Manipur,3.8508556,15.67795998,55.27199847,6.7,0,Doyang,18,FALSE,18.58,1.032,1,9
Meghalaya,6.8399315,111.812376,287.5134106,17.7,1,Brahmaputra (Goalpara gauge),36.27,TRUE,41.2,1.136,0,8
Arunachal Pradesh,0,0,0,19.3,0,Dikrong,14,FALSE,12.19,0.871,1,9
Mizoram,0,0,34.81167984,19.4,0,Tlawng,9,FALSE,3.59,0.399,0,5
Assam,2.8841345,127.6911414,188.6372166,4.7,2,Dikrong,14,FALSE,11.93,0.852,0,8
Nagaland,0,0,32.66853344,13.7,1,Brahmaputra (Neamatighat gauge),85.05,TRUE,47.63,0.56,1,7
Nagaland,4.391836,5.272090137,50.78623408,14.6,0,Brahmaputra (Neamatighat gauge),85.05,TRUE,38.7,0.455,1,5
Meghalaya,15.232956,108.8669758,183.8347306,22,0,Brahmaputra (Guwahati gauge),49.68,TRUE,64.58,1.3,1,6
Arunachal Pradesh,0,0.432536364,0.432536364,32.5,1,Brahmaputra (Dibrugarh gauge),105.7,TRUE,29.07,0.275,1,12
Tripura,0,0,19.22294835,14.6,0,Gomti,12,FALSE,5.71,0.476,0,10
Mizoram,71.894936,287.2871017,411.5557284,25.8,0,Tlawng,9,FALSE,9.35,1.039,1,6
Sikkim,0.21576881,6.881434917,15.36633599,31.5,1,Teesta,15,FALSE,7.71,0.514,1,2
Manipur,1.184621,4.214515626,22.99665016,10.7,0,Imphal River,8,FALSE,4.02,0.502,0,9
Assam,0,0,0,3.9,1,Subansiri,42,FALSE,11.97,0.285,1,12
Assam,55.76298,69.9805088,69.9805088,6,1,Brahmaputra (Dhubri gauge),28.62,TRUE,21.12,0.738,0,9
Arunachal Pradesh,110.79964,187.1825027,197.7477244,9.4,0,Dikrong,14,FALSE,9.93,0.709,0,5
Meghalaya,0,9.752299309,337.314147,20.6,0,Brahmaputra (Dhubri gauge),28.62,TRUE,26.22,0.916,1,6
Assam,126.09085,207.0178452,213.4242577,2,0,Dikrong,14,FALSE,14.38,1.027,0,5
Arunachal Pradesh,0,0,0,28.8,1,Brahmaputra (Dibrugarh gauge),105.7,TRUE,34.35,0.325,0,4
Arunachal Pradesh,0,0,0,19.6,3,Subansiri,42,FALSE,15.29,0.364,0,10
Mizoram,51.41574,102.2864132,122.6098473,20.7,0,Tlawng,9,FALSE,6.08,0.676,1,7
Meghalaya,11.909244,23.15005016,47.81273341,17.5,0,Brahmaputra (Dhubri gauge),28.62,TRUE,30.05,1.05,1,7
Arunachal Pradesh,0,0,5.876854554,27.7,5,Brahmaputra (Dibrugarh gauge),105.7,TRUE,57.4,0.543,1,6
Assam,0,0,0,8.3,0,Brahmaputra (Goalpara gauge),36.27,TRUE,13.67,0.377,1,4
Sikkim,21.186682,38.82591766,57.04409021,34.9,3,Teesta,15,FALSE,7.82,0.521,1,9
Manipur,9.104275,22.46832442,67.31144595,20.6,2,Barak,20.5,FALSE,14.64,0.714,1,7
Nagaland,0,0,25.84222078,12.7,1,Brahmaputra (Neamatighat gauge),85.05,TRUE,68.89,0.81,1,9
Assam,0,0,80.21430779,6.7,0,Brahmaputra (Dhubri gauge),28.62,TRUE,24.36,0.851,1,9
Nagaland,65.59013,99.11104918,146.7381835,12.5,0,Doyang,18,FALSE,17.82,0.99,1,9
Mizoram,3.051636,6.27718854,67.06032968,22.9,1,Tlawng,9,FALSE,6.11,0.679,1,7
Assam,0,0,0,7.9,0,Brahmaputra (Guwahati gauge),49.68,TRUE,23.1,0.465,0,11
Assam,0,2.297245502,2.297245502,11.2,0,Brahmaputra (Dhubri gauge),28.62,TRUE,10.47,0.366,0,2
Meghalaya,0.14726087,0.171804354,26.36783021,14.5,0,Brahmaputra (Dhubri gauge),28.62,TRUE,11.45,0.4,0,12
Nagaland,55.705696,79.40913129,94.76054227,15.4,0,Dikrong,14,FALSE,8.51,0.608,0,7
Arunachal Pradesh,12.216527,20.83489656,75.37609529,14.7,0,Dikrong,14,FALSE,8.51,0.608,1,6
Nagaland,0,0,0,19.5,0,Kopili,30,FALSE,16.02,0.534,1,1
Assam,13.183061,109.5028133,362.8175731,7.1,2,Barak,20.5,FALSE,20.32,0.991,0,6
Mizoram,19.919518,51.58526707,356.908967,17.7,1,Tlawng,9,FALSE,9.24,1.027,1,6
Assam,0,0,0,4.2,0,Brahmaputra (Dibrugarh gauge),105.7,TRUE,25.58,0.242,0,1
Assam,0,0.653138638,2.914003074,5,0,Brahmaputra (Tezpur gauge),65.23,TRUE,24.72,0.379,0,3
Tripura,21.54051,139.8514156,358.7447734,20.2,1,Gomti,12,FALSE,11.34,0.945,1,8
Mizoram,68.68991,71.08985639,181.7337091,20.3,0,Tlawng,9,FALSE,5.98,0.665,1,5
Assam,16.557026,39.52744341,63.00763464,2.8,1,Brahmaputra (Tezpur gauge),65.23,TRUE,41.16,0.631,1,7
Meghalaya,50.40121,53.05335569,124.9943113,22,0,Brahmaputra (Guwahati gauge),49.68,TRUE,33.83,0.681,1,9
Nagaland,1.3491013,12.39159465,88.63173938,13.6,0,Doyang,18,FALSE,14.67,0.815,0,8
Meghalaya,7.224729,72.02716589,203.0909989,15.7,1,Brahmaputra (Dhubri gauge),28.62,TRUE,29.42,1.028,1,6
Tripura,81.6322,83.62903683,136.2065922,12.6,1,Gomti,12,FALSE,7.4,0.617,1,7
Arunachal Pradesh,1.6365668,7.386848658,14.93016502,28,1,Brahmaputra (Dibrugarh gauge),105.7,TRUE,38.05,0.36,1,10
Mizoram,0,58.23805809,95.32246947,23.3,0,Tlawng,9,FALSE,6.27,0.697,0,7
Arunachal Pradesh,0,0,7.080616951,31.5,1,Brahmaputra (Dibrugarh gauge),105.7,TRUE,48.94,0.463,1,10
Meghalaya,60.64876,113.7520494,488.3151827,17.7,1,Brahmaputra (Goalpara gauge),36.27,TRUE,38.26,1.055,1,8
Manipur,8.328476,13.06437826,32.87458992,17.5,0,Kopili,30,FALSE,18.63,0.621,1,8
Arunachal Pradesh,9.971591,11.12556243,12.69687033,17.9,0,Brahmaputra (Dibrugarh gauge),105.7,TRUE,56.13,0.531,0,9
Tripura,0,0,0,14.4,2,Gomti,12,FALSE,5.74,0.478,1,2
Arunachal Pradesh,54.406864,70.66651535,182.8747225,26.3,0,Brahmaputra (Dibrugarh gauge),105.7,TRUE,85.93,0.813,1,8
Meghalaya,43.272236,115.4466953,156.6576206,20.9,2,Barak,20.5,FALSE,13.9,0.678,1,6
Nagaland,0,0.463015556,6.011822432,20.5,0,Kopili,30,FALSE,28.83,0.961,1,6
Meghalaya,75.428375,143.4441004,498.5069914,17.7,1,Brahmaputra (Goalpara gauge),36.27,TRUE,40.62,1.12,1,7
Mizoram,68.61966,195.3728294,248.0589533,25.8,0,Tlawng,9,FALSE,6.21,0.69,1,8
Nagaland,8.292236,16.3592329,16.3592329,20.5,0,Kopili,30,FALSE,13.62,0.454,1,6
Arunachal Pradesh,0.10181313,3.85290914,54.20243769,16.5,1,Dikrong,14,FALSE,6.97,0.498,0,6
Assam,158.3367,310.5665512,328.8063323,7.7,3,Barak,20.5,FALSE,20.03,0.977,1,6
Meghalaya,63.743355,96.05065441,535.331584,17.7,1,Brahmaputra (Goalpara gauge),36.27,TRUE,31.88,0.879,0,7
Manipur,1.9791275,8.202770591,11.26719539,23.5,0,Barak,20.5,FALSE,10.54,0.514,1,9
Nagaland,63.595005,131.4207172,222.5475338,13.8,0,Dhansiri,40,FALSE,32.2,0.805,0,8
Manipur,10.296596,12.5589264,39.67904064,17.7,0,Kopili,30,FALSE,8.1,0.27,1,10
Sikkim,0,0,0,28.8,0,Teesta,15,FALSE,6.28,0.419,0,12
Arunachal Pradesh,104.62602,134.5055585,193.2530708,34,0,Brahmaputra (Dibrugarh gauge),105.7,TRUE,84.03,0.795,1,8
Mizoram,118.53239,209.6085167,321.0935777,17.7,1,Tlawng,9,FALSE,7.3,0.811,1,5
Mizoram,0,0,0.589211583,20.7,0,Tlawng,9,FALSE,4.54,0.504,0,2
Arunachal Pradesh,0,0,0,16.9,2,Dikrong,14,FALSE,11.69,0.835,1,1
Arunachal Pradesh,56.156303,81.58367985,153.0088205,26.1,0,Brahmaputra (Dibrugarh gauge),105.7,TRUE,61.41,0.581,0,3
Meghalaya,75.95901,251.6222305,416.0858326,22.7,1,Barak,20.5,FALSE,22.45,1.095,1,6
Assam,102.073364,114.0592318,123.8272527,8.3,1,Brahmaputra (Goalpara gauge),36.27,TRUE,24.55,0.677,1,6
Nagaland,0,4.664765835,52.50622416,15.4,0,Brahmaputra (Dibrugarh gauge),105.7,TRUE,43.44,0.411,1,10
Assam,76.46971,77.15362936,351.4451981,2.2,0,Subansiri,42,FALSE,41.71,0.993,1,7
Sikkim,12.698056,117.7024889,373.1762247,29.7,3,Teesta,15,FALSE,14.64,0.976,1,6
Assam,0,0,0,9.6,1,Kopili,30,FALSE,17.82,0.594,0,1
Meghalaya,168.00783,243.8240013,371.0882218,17.7,1,Brahmaputra (Goalpara gauge),36.27,TRUE,35.58,0.981,1,8
Assam,2.8636625,2.903695382,73.01874999,5,0,Brahmaputra (Tezpur gauge),65.23,TRUE,44.36,0.68,1,6
Sikkim,155.93419,158.096539,238.5451045,25.7,0,Teesta,15,FALSE,12.48,0.832,1,8
Meghalaya,0,0,0,19.6,0,Kopili,30,FALSE,10.92,0.364,0,12
Nagaland,0,0,0,16.7,3,Dhansiri,40,FALSE,14.8,0.37,0,1
Assam,102.53524,109.5219586,112.8551069,5.4,0,Dikrong,14,FALSE,11.51,0.822,1,7
Assam,0,0,0,9.1,1,Khowai,10,FALSE,3.32,0.332,0,1
Mizoram,0,0.164998621,0.164998621,17.7,1,Tlawng,9,FALSE,3.27,0.363,1,11
Assam,0,0.918453157,89.86021465,2.8,0,Brahmaputra (Tezpur gauge),65.23,TRUE,38.81,0.595,1,6
Tripura,113.35133,160.5893307,333.5027678,12.8,1,Gomti,12,FALSE,11.84,0.987,1,8
Nagaland,13.780689,21.99434805,48.91041851,20.1,1,Dhansiri,40,FALSE,36.88,0.922,0,7
Assam,0,0,1.89373374,7.7,1,Brahmaputra (Dibrugarh gauge),105.7,TRUE,38.9,0.368,1,10
Manipur,8.852034,8.852033615,8.852033615,20.6,2,Barak,20.5,FALSE,8.63,0.421,0,11
Nagaland,0,0,10.46243,17.5,2,Dhansiri,40,FALSE,20.16,0.504,0,1
Arunachal Pradesh,0.14085796,4.290528089,28.92913321,30.3,1,Brahmaputra (Dibrugarh gauge),105.7,TRUE,42.17,0.399,0,10
Meghalaya,57.089165,217.6727734,243.8923582,22.3,0,Brahmaputra (Guwahati gauge),49.68,TRUE,49.53,0.997,0,8
Arunachal Pradesh,80.89368,107.5888636,136.3759162,28,1,Brahmaputra (Dibrugarh gauge),105.7,TRUE,72.72,0.688,1,6
Sikkim,0,6.888818741,26.6297155,31.5,1,Teesta,15,FALSE,14.14,0.943,1,4
Tripura,40.907234,156.7445869,267.7010432,14.9,0,Gomti,12,FALSE,11.27,0.939,0,6
Meghalaya,150.67857,225.4155426,365.1996651,15.7,1,Brahmaputra (Dhubri gauge),28.62,TRUE,26.62,0.93,1,7
Assam,0,0,3.266784072,4.9,1,Manas,33,FALSE,29.73,0.901,0,9
Sikkim,0,0,15.56322575,24.1,0,Teesta,15,FALSE,6.32,0.421,1,11
Nagaland,2.0986023,32.9550209,77.51898718,16.6,1,Brahmaputra (Dibrugarh gauge),105.7,TRUE,87.73,0.83,1,6
Nagaland,0.88731897,2.169001937,12.81318152,16.4,0,Doyang,18,FALSE,18.38,1.021,1,9
Mizoram,4.6264753,34.71959972,41.22283465,17.7,1,Tlawng,9,FALSE,3.99,0.443,1,10
Sikkim,4.1092772,7.307985783,7.307985783,32.4,0,Teesta,15,FALSE,3.22,0.215,1,11
Mizoram,10.138572,19.35883999,38.16073033,22.2,1,Tlawng,9,FALSE,7.88,0.876,0,9
Mizoram,70.89936,93.99601269,99.02214468,21.4,0,Tlawng,9,FALSE,6.52,0.724,1,8
Assam,24.78107,143.6163406,375.7889519,6.7,1,Brahmaputra (Dhubri gauge),28.62,TRUE,28.36,0.991,0,7
Meghalaya,52.522793,81.61519146,96.53018951,19.6,1,Brahmaputra (Goalpara gauge),36.27,TRUE,17.59,0.485,1,6
Meghalaya,109.749596,156.6441581,226.4275423,22.4,0,Brahmaputra (Dhubri gauge),28.62,TRUE,23.47,0.82,0,7
Mizoram,0,12.10568994,41.60038799,22.2,1,Tlawng,9,FALSE,7.65,0.85,0,10
Meghalaya,60.80813,122.1012716,184.9733863,17.7,1,Brahmaputra (Goalpara gauge),36.27,TRUE,29.09,0.802,0,9
Assam,0,0,0,4.3,1,Brahmaputra (Tezpur gauge),65.23,TRUE,25.64,0.393,1,12
Arunachal Pradesh,70.44517,256.8489075,300.6792919,24.8,0,Brahmaputra (Dibrugarh gauge),105.7,TRUE,102.85,0.973,0,7
Nagaland,0.11668076,52.58300462,127.5031353,17.7,1,Dhansiri,40,FALSE,37.44,0.936,1,7
Meghalaya,93.57142,390.1276779,469.7245038,16.4,0,Brahmaputra (Dhubri gauge),28.62,TRUE,37.21,1.3,1,7
Manipur,18.262625,29.41105938,31.8846232,14.1,0,Imphal River,8,FALSE,4.9,0.612,0,6
Mizoram,3.1559606,41.55590868,127.6112094,22.2,1,Tlawng,9,FALSE,6.6,0.733,0,6
Meghalaya,2.2100477,3.773848176,312.8373972,17.7,1,Brahmaputra (Goalpara gauge),36.27,TRUE,32.72,0.902,1,8
Meghalaya,2.3429227,24.14795375,52.27622962,24.7,2,Brahmaputra (Goalpara gauge),36.27,TRUE,26.51,0.731,1,7
Arunachal Pradesh,83.31277,184.7097054,293.3646841,30.3,1,Brahmaputra (Dibrugarh gauge),105.7,TRUE,103.27,0.977,1,6
Arunachal Pradesh,14.112563,39.48613262,57.52608633,22.5,2,Brahmaputra (Dibrugarh gauge),105.7,TRUE,119.02,1.126,1,7
Nagaland,5.9842267,32.76374102,91.74304056,13.8,0,Dhansiri,40,FALSE,40.32,1.008,1,8
Mizoram,65.07616,119.2924738,156.354773,22.1,2,Tlawng,9,FALSE,6.48,0.72,1,8
Assam,12.355299,17.24810696,52.80395854,8.3,1,Brahmaputra (Goalpara gauge),36.27,TRUE,18.06,0.498,1,7
Sikkim,51.46138,68.37737593,115.9594664,33.6,1,Teesta,15,FALSE,8.62,0.575,1,6
Nagaland,53.28318,188.7942533,228.0722587,16.9,0,Dikrong,14,FALSE,11.79,0.842,1,7
Mizoram,1.0798306,20.28634262,100.1401272,25,0,Tlawng,9,FALSE,8.39,0.932,0,8
Meghalaya,11.552217,85.04688358,355.4986753,18.8,2,Brahmaputra (Guwahati gauge),49.68,TRUE,47.74,0.961,1,7
Assam,122.07268,155.8245516,194.3464789,5.9,1,Brahmaputra (Dibrugarh gauge),105.7,TRUE,119.12,1.127,1,6
Assam,1.1987556,256.1198066,400.36523,7,1,Brahmaputra (Dhubri gauge),28.62,TRUE,27.88,0.974,0,7
Meghalaya,55.656265,134.5637779,137.4654169,20.2,0,Brahmaputra (Guwahati gauge),49.68,TRUE,51.72,1.041,0,6
Manipur,86.35431,212.0439224,221.6429339,10.7,0,Imphal River,8,FALSE,5.48,0.685,1,5
Arunachal Pradesh,36.813824,39.50496197,51.21141273,9.4,0,Dikrong,14,FALSE,7.95,0.568,0,7
Meghalaya,0,5.470223308,9.754062891,20.4,1,Barak,20.5,FALSE,4.82,0.235,0,10
Mizoram,14.856945,28.47079146,109.7414643,25.4,3,Tlawng,9,FALSE,9.06,1.007,0,6
Arunachal Pradesh,3.688021,4.78761059,26.52999645,18.6,0,Brahmaputra (Dibrugarh gauge),105.7,TRUE,61.31,0.58,0,6
Assam,0,0,13.61103344,4.3,1,Brahmaputra (Tezpur gauge),65.23,TRUE,55.9,0.857,0,9
Nagaland,77.299034,154.0052547,191.4096245,13.7,0,Dhansiri,40,FALSE,28.72,0.718,1,5
Nagaland,3.403034,17.47408271,48.38201511,16.7,2,Brahmaputra (Tezpur gauge),65.23,TRUE,64.45,0.988,0,6
Nagaland,0,0.357717603,1.74936986,17.8,0,Subansiri,42,FALSE,12.14,0.289,0,10
Manipur,0,1.42255187,1.42255187,17.5,0,Kopili,30,FALSE,10.59,0.353,1,2
Meghalaya,0,0,0,23.4,0,Barak,20.5,FALSE,7.26,0.354,1,2
Mizoram,16.004866,104.6105938,401.5424156,21.4,0,Tlawng,9,FALSE,7.7,0.856,1,6
Mizoram,0,0,0,25.9,0,Barak,20.5,FALSE,8.75,0.427,1,12
Tripura,0,0,0,12.6,1,Gomti,12,FALSE,4.52,0.377,1,2
Tripura,157.6122,204.6408732,211.9138865,12.8,1,Gomti,12,FALSE,8.5,0.708,0,5
Meghalaya,124.92828,130.1667819,168.6753742,23.5,1,Barak,20.5,FALSE,11.97,0.584,1,5
Nagaland,1.9603728,15.24846661,153.1165916,13.3,0,Doyang,18,FALSE,21.94,1.219,1,9
Meghalaya,66.89415,251.5776138,407.0270133,17.5,0,Brahmaputra (Dhubri gauge),28.62,TRUE,29.62,1.035,1,6
Meghalaya,5.9074054,21.29130459,55.71120632,25.6,0,Brahmaputra (Guwahati gauge),49.68,TRUE,26.08,0.525,0,8
Sikkim,5.385088,66.36715698,177.7392769,28.8,0,Teesta,15,FALSE,12.5,0.833,1,6
Mizoram,0,0,0,17.7,1,Tlawng,9,FALSE,4.25,0.472,1,1
Manipur,0,0,0,23.5,0,Barak,20.5,FALSE,11.36,0.554,1,2
Arunachal Pradesh,0,0,0,29.4,1,Brahmaputra (Dibrugarh gauge),105.7,TRUE,46.51,0.44,0,1
Arunachal Pradesh,115.26568,169.9051981,211.8241563,29.6,0,Brahmaputra (Dibrugarh gauge),105.7,TRUE,99.78,0.944,1,6
Arunachal Pradesh,9.458407,15.35997653,32.82885122,15.3,1,Dikrong,14,FALSE,15.54,1.11,1,9
Sikkim,34.921917,76.78626251,118.4678974,28,1,Teesta,15,FALSE,11.7,0.78,0,8
Manipur,0.61826986,23.46196491,156.7370217,17.5,1,Imphal River,8,FALSE,6.31,0.789,0,6
Meghalaya,121.03132,253.0095978,316.9476331,15.7,1,Brahmaputra (Dhubri gauge),28.62,TRUE,27.27,0.953,1,6
Tripura,16.09509,45.40489864,49.60159099,12.6,1,Gomti,12,FALSE,8.56,0.713,1,9
Assam,3.20123,6.849389911,22.38146029,8.7,1,Manas,33,FALSE,12.34,0.374,1,4
Arunachal Pradesh,5.719609,27.00350142,43.69363952,33.6,0,Brahmaputra (Dibrugarh gauge),105.7,TRUE,34.14,0.323,1,4
Arunachal Pradesh,0,0.178941533,119.4932631,24.5,0,Brahmaputra (Dibrugarh gauge),105.7,TRUE,53.06,0.502,0,4
Mizoram,3.7979953,11.85743707,79.8932752,17.7,1,Tlawng,9,FALSE,6.25,0.694,0,7
Mizoram,77.851204,114.8169842,148.543119,23.4,0,Tlawng,9,FALSE,5.89,0.654,0,6
Manipur,21.188148,32.80553958,72.92930576,9,0,Doyang,18,FALSE,17.44,0.969,1,7
Nagaland,0,0,0,15.1,2,Brahmaputra (Neamatighat gauge),85.05,TRUE,43.29,0.509,0,10
Meghalaya,59.143623,94.91240978,482.5291128,16.4,0,Brahmaputra (Dhubri gauge),28.62,TRUE,29.79,1.041,1,6
Arunachal Pradesh,0,0,2.34128963,25.3,0,Brahmaputra (Dibrugarh gauge),105.7,TRUE,37.52,0.355,0,3
Tripura,0,21.13860857,65.40346086,17.3,0,Khowai,10,FALSE,4.47,0.447,1,5
Nagaland,0,2.967008308,84.84572192,21.7,0,Dhansiri,40,FALSE,51,1.275,0,7
Arunachal Pradesh,0,13.11007261,29.38467449,29.6,0,Brahmaputra (Dibrugarh gauge),105.7,TRUE,98.2,0.929,0,3
Arunachal Pradesh,0,19.06631362,54.19098175,27.8,0,Brahmaputra (Dibrugarh gauge),105.7,TRUE,97.77,0.925,1,6
Sikkim,64.76687,74.45191193,99.30786037,25.7,0,Teesta,15,FALSE,10.48,0.699,1,9
Mizoram,4.081958,30.0056746,260.4755194,20.2,1,Tlawng,9,FALSE,8.94,0.993,1,6
Meghalaya,0,0,0,16.4,0,Brahmaputra (Dhubri gauge),28.62,TRUE,11.88,0.415,1,12
Meghalaya,111.088875,205.9133186,227.6602225,21.9,1,Brahmaputra (Guwahati gauge),49.68,TRUE,39.64,0.798,1,5
Nagaland,59.61069,107.7642593,212.8996856,11.2,0,Doyang,18,FALSE,15.62,0.868,1,8
Tripura,20.738539,65.09727526,200.6803994,17.3,0,Khowai,10,FALSE,11.2,1.12,0,7
Meghalaya,116.135506,212.3962193,638.5072346,21.6,0,Brahmaputra (Goalpara gauge),36.27,TRUE,37.07,1.022,1,8
Meghalaya,52.372066,75.07224321,191.3089404,15.7,1,Brahmaputra (Dhubri gauge),28.62,TRUE,20.18,0.705,1,8
Meghalaya,44.952515,65.95122433,85.53147885,20.6,0,Brahmaputra (Dhubri gauge),28.62,TRUE,16.06,0.561,0,7
Sikkim,50.31623,81.91529131,156.2715287,28.8,0,Teesta,15,FALSE,8.26,0.551,0,8
Arunachal Pradesh,82.48245,172.8339539,351.4597893,29.3,0,Brahmaputra (Dibrugarh gauge),105.7,TRUE,116.8,1.105,1,7
Arunachal Pradesh,0,0,10.81111145,31.3,0,Brahmaputra (Dibrugarh gauge),105.7,TRUE,27.27,0.258,0,12
Sikkim,5.7577605,43.59459066,147.4858556,33.4,1,Teesta,15,FALSE,12.5,0.833,0,6
Manipur,0.29532436,9.03268984,20.53487805,8.4,2,Imphal River,8,FALSE,3.13,0.391,0,4
Arunachal Pradesh,0,6.469890594,162.5442104,26.1,0,Brahmaputra (Dibrugarh gauge),105.7,TRUE,85.93,0.813,1,9
Tripura,0,0,0,13.7,0,Gomti,12,FALSE,3.94,0.328,1,4
Assam,0,0,0,5.4,1,Brahmaputra (Guwahati gauge),49.68,TRUE,16.15,0.325,1,4
Sikkim,18.8943,53.22417698,56.08358417,34.9,3,Teesta,15,FALSE,10.66,0.711,0,6
Tripura,77.19408,112.7033238,178.7245138,15.2,0,Tlawng,9,FALSE,7.52,0.835,1,8
Tripura,80.89564,241.2366199,253.5251703,18,1,Gomti,12,FALSE,10.19,0.849,0,8
Manipur,0,0.994890749,0.994890749,18.6,1,Imphal River,8,FALSE,3.5,0.438,0,1
Nagaland,3.4477396,31.68473721,40.36811586,11.2,0,Doyang,18,FALSE,18.95,1.053,1,7
Nagaland,4.061256,97.76313925,118.4836801,11.6,1,Brahmaputra (Dibrugarh gauge),105.7,TRUE,53.7,0.508,0,6
Nagaland,2.1353567,37.66345149,164.3638656,20.1,1,Dhansiri,40,FALSE,32.92,0.823,0,7
Meghalaya,0,0.118438926,26.40193888,20.7,1,Barak,20.5,FALSE,8.84,0.431,1,12
Assam,127.77964,154.8184638,189.4081745,5.4,0,Dikrong,14,FALSE,11.59,0.828,1,7
Mizoram,9.063034,24.90238523,135.3381886,17.7,1,Tlawng,9,FALSE,8.01,0.89,1,8
Arunachal Pradesh,1.1798463,63.09455538,118.8224874,27.4,0,Brahmaputra (Dibrugarh gauge),105.7,TRUE,110.14,1.042,1,9
Tripura,23.898407,118.0125408,227.7456716,14.9,0,Gomti,12,FALSE,12.54,1.045,1,8
Arunachal Pradesh,161.53268,181.1316619,232.3892541,23,0,Brahmaputra (Dibrugarh gauge),105.7,TRUE,95.24,0.901,1,6
Meghalaya,0,0,0,22,0,Brahmaputra (Guwahati gauge),49.68,TRUE,21.01,0.423,0,1
Assam,2.1798956,13.5674938,13.5674938,10.2,0,Manas,33,FALSE,12.11,0.367,0,3
Tripura,0,12.84305191,43.84998226,20.2,1,Gomti,12,FALSE,4.46,0.372,1,10
Manipur,0.12704076,24.05621131,30.23032685,6.7,0,Doyang,18,FALSE,8.32,0.462,1,2
Manipur,4.3509603,12.66735244,29.84419441,17.1,2,Imphal River,8,FALSE,3.38,0.422,1,10
Meghalaya,13.06381,41.58750439,60.80158615,24.9,0,Brahmaputra (Guwahati gauge),49.68,TRUE,32.64,0.657,1,7
Tripura,23.382004,210.2812881,412.9588299,12.8,1,Gomti,12,FALSE,11.21,0.934,0,8
Mizoram,0,0,0,23.1,0,Tlawng,9,FALSE,7.25,0.806,0,2
Manipur,0,0,7.720905066,20.7,2,Barak,20.5,FALSE,10.21,0.498,1,11
Arunachal Pradesh,1.8836513,13.67869088,80.93663272,9.4,0,Dikrong,14,FALSE,15.36,1.097,1,8
Arunachal Pradesh,0.107657045,34.81219444,206.891543,33.6,2,Brahmaputra (Dibrugarh gauge),105.7,TRUE,94.92,0.898,0,8
Tripura,22.711302,35.19884229,61.04697764,17.3,0,Khowai,10,FALSE,3.55,0.355,1,10
Arunachal Pradesh,0,0,0,18.6,0,Brahmaputra (Dibrugarh gauge),105.7,TRUE,43.02,0.407,0,1
Arunachal Pradesh,0,9.329727888,41.07919645,28.8,1,Brahmaputra (Dibrugarh gauge),105.7,TRUE,32.45,0.307,1,5
Mizoram,2.5661926,14.23380756,49.60000062,24.8,0,Tlawng,9,FALSE,6.22,0.691,1,6
Meghalaya,0,0,0,18.8,0,Brahmaputra (Guwahati gauge),49.68,TRUE,26.03,0.524,1,4
Nagaland,0,10.90645552,22.44279638,13,1,Doyang,18,FALSE,7.24,0.402,0,4
Arunachal Pradesh,4.9898252,11.20605183,11.20605183,21.4,2,Brahmaputra (Dibrugarh gauge),105.7,TRUE,45.45,0.43,1,3
Meghalaya,171.24,447.059906,1112.029984,20.5,1,Brahmaputra (Guwahati gauge),49.68,TRUE,59.12,1.19,1,6
Meghalaya,204.66284,681.5192337,686.4408381,18.9,0,Brahmaputra (Guwahati gauge),49.68,TRUE,50.08,1.008,1,5
Arunachal Pradesh,84.887535,108.7594356,186.89206,27.8,0,Brahmaputra (Dibrugarh gauge),105.7,TRUE,63.84,0.604,1,3
Assam,1.0256491,6.052733183,17.4487336,4.3,0,Brahmaputra (Tezpur gauge),65.23,TRUE,23.09,0.354,0,4
Sikkim,4.316926,33.48276043,58.18739351,31,1,Teesta,15,FALSE,11.96,0.797,1,8
Manipur,57.874557,76.55145597,120.0730968,19.2,0,Imphal River,8,FALSE,5.85,0.731,1,7
Meghalaya,90.107025,118.9300961,166.1823192,14.7,0,Brahmaputra (Dhubri gauge),28.62,TRUE,22.01,0.769,0,9
Tripura,0,0,0,20.2,1,Gomti,12,FALSE,4.44,0.37,1,12
Sikkim,60.452873,88.91150904,156.3669953,31.9,1,Teesta,15,FALSE,12.38,0.825,1,7
Arunachal Pradesh,5.7402606,5.740260601,50.33571577,25.2,1,Brahmaputra (Dibrugarh gauge),105.7,TRUE,61.2,0.579,0,7
Arunachal Pradesh,105.87777,162.0351546,192.5127705,23.7,1,Brahmaputra (Dibrugarh gauge),105.7,TRUE,62.36,0.59,1,5
Mizoram,6.8710833,15.66624951,39.71426511,23.3,0,Tlawng,9,FALSE,7.06,0.785,1,6
Assam,105.70596,135.3753777,135.3753777,7.1,1,Brahmaputra (Dibrugarh gauge),105.7,TRUE,58.77,0.556,1,5
Assam,0,0,0,4.9,0,Brahmaputra (Guwahati gauge),49.68,TRUE,22.06,0.444,0,3
Arunachal Pradesh,5.285541,15.08284998,68.08509183,16.5,1,Dikrong,14,FALSE,7.84,0.56,1,9
Mizoram,52.798786,52.79878616,53.77355888,24.2,1,Tlawng,9,FALSE,3.39,0.377,0,5
Sikkim,214.84843,303.2035656,316.8579082,33.6,1,Teesta,15,FALSE,14.74,0.983,1,9
Mizoram,4.5454106,4.545410633,58.6357255,17.7,1,Tlawng,9,FALSE,7,0.778,1,10
Assam,32.971775,43.29926217,63.4501276,6.9,0,Brahmaputra (Guwahati gauge),49.68,TRUE,52.36,1.054,1,6
Nagaland,0,13.22022146,25.87794107,11.2,0,Doyang,18,FALSE,4.72,0.262,0,4
Meghalaya,0.5352168,25.80797082,456.5023907,19.7,0,Brahmaputra (Goalpara gauge),36.27,TRUE,37.54,1.035,0,6
Meghalaya,0,0.126835227,0.126835227,17.1,1,Manas,33,FALSE,16.6,0.503,0,11
Nagaland,114.47425,179.4570465,239.0709857,16.9,0,Dikrong,14,FALSE,12.78,0.913,1,7
Sikkim,0,1.831989706,14.58155161,33.6,1,Teesta,15,FALSE,9.52,0.635,0,9
Arunachal Pradesh,0,0,2.592158318,9.4,0,Dikrong,14,FALSE,5.36,0.383,1,12
Sikkim,0,0,0,24.1,0,Teesta,15,FALSE,5.04,0.336,0,10
Arunachal Pradesh,0,1.413425803,48.93123043,24.8,0,Brahmaputra (Dibrugarh gauge),105.7,TRUE,106.97,1.012,1,8
Arunachal Pradesh,97.31252,199.2168465,430.7805042,18.4,2,Subansiri,42,FALSE,45.02,1.072,1,7
Nagaland,0,0,0,19.3,0,Doyang,18,FALSE,5.49,0.305,0,1
Meghalaya,101.47739,126.1140013,195.8828616,17.5,0,Brahmaputra (Dhubri gauge),28.62,TRUE,21.15,0.739,0,7
Meghalaya,0,0,6.947283953,19.2,1,Kopili,30,FALSE,11.76,0.392,1,4
Assam,9.102112,62.8983078,220.8018026,11.2,0,Brahmaputra (Dhubri gauge),28.62,TRUE,18.37,0.642,0,7
Assam,2.181892,15.78449059,19.39751077,3.3,1,Brahmaputra (Dibrugarh gauge),105.7,TRUE,89.32,0.845,0,7
Arunachal Pradesh,0,0,0,17.1,2,Brahmaputra (Tezpur gauge),65.23,TRUE,24.92,0.382,1,2
Arunachal Pradesh,0,0,0,30.2,1,Brahmaputra (Dibrugarh gauge),105.7,TRUE,41.75,0.395,0,11
Tripura,0,15.62565646,24.05899861,20.2,1,Gomti,12,FALSE,10.07,0.839,1,8
Meghalaya,50.953297,137.2362556,170.1603589,14.5,0,Brahmaputra (Dhubri gauge),28.62,TRUE,16.94,0.592,1,8
Tripura,183.49516,200.0929585,231.5995083,17.3,0,Khowai,10,FALSE,7.51,0.751,1,5
Arunachal Pradesh,56.769196,57.0737327,57.0737327,29.7,0,Brahmaputra (Dibrugarh gauge),105.7,TRUE,59.93,0.567,1,6
Assam,177.65637,451.5178223,758.3026886,6.7,0,Manas,33,FALSE,38.97,1.181,1,6
Nagaland,64.66713,72.22578931,72.22578931,16.9,0,Dikrong,14,FALSE,8.89,0.635,1,3
Meghalaya,145.62949,271.4301834,291.4431183,15.7,1,Brahmaputra (Dhubri gauge),28.62,TRUE,26.79,0.936,0,9
Meghalaya,60.118164,69.34948921,109.8393161,20.5,1,Brahmaputra (Guwahati gauge),49.68,TRUE,36.22,0.729,1,7
Tripura,33.441853,143.6773109,213.288168,12.8,1,Gomti,12,FALSE,9.88,0.823,1,6
Sikkim,0,1.012730598,33.14936823,34.9,3,Teesta,15,FALSE,8.42,0.561,0,6
Tripura,10.483817,33.82394123,186.3626022,20.2,1,Gomti,12,FALSE,10.92,0.91,1,7
Manipur,54.04653,87.17110491,165.9088073,8.4,2,Imphal River,8,FALSE,5.41,0.676,0,7
Manipur,5.6206036,13.13453889,125.6774313,13.2,1,Doyang,18,FALSE,10.35,0.575,1,9
Assam,7.023202,26.69348001,231.6015115,3.9,1,Dikrong,14,FALSE,13.8,0.986,1,6
Assam,62.515156,88.30488586,95.93109772,5.7,1,Manas,33,FALSE,20,0.606,1,7
Arunachal Pradesh,0,0,0,31.5,1,Brahmaputra (Dibrugarh gauge),105.7,TRUE,51.79,0.49,1,2
Sikkim,31.986061,189.5973282,373.913599,25.5,2,Teesta,15,FALSE,12.96,0.864,1,6
Assam,0.13394526,0.133945256,0.133945256,6.8,0,Brahmaputra (Tezpur gauge),65.23,TRUE,55.84,0.856,1,12
Manipur,0,0,6.455465794,15,1,Barak,20.5,FALSE,19.62,0.957,1,6
Meghalaya,8.48607,10.79561228,12.85448116,18.3,0,Brahmaputra (Dhubri gauge),28.62,TRUE,14.77,0.516,1,4
Meghalaya,369.49716,675.127533,755.9859891,24.2,0,Brahmaputra (Goalpara gauge),36.27,TRUE,37.25,1.027,1,5
Meghalaya,61.022697,91.05321252,138.4033749,21.7,2,Barak,20.5,FALSE,12.81,0.625,1,7
Mizoram,1.6581371,1.658137083,1.658137083,21.6,1,Tlawng,9,FALSE,6.84,0.76,0,5
Sikkim,52.056778,55.64816213,91.82919979,24.1,0,Teesta,15,FALSE,5.67,0.378,1,10
Arunachal Pradesh,0,0,0.022185845,20.2,0,Brahmaputra (Tezpur gauge),65.23,TRUE,52.97,0.812,0,1
Mizoram,77.215805,254.8046036,357.7030373,25.4,3,Tlawng,9,FALSE,8.9,0.989,1,6
Sikkim,109.10046,117.2192538,123.4105918,25.7,0,Teesta,15,FALSE,11.64,0.776,1,8
Meghalaya,5.0123343,15.57678914,63.5836165,16.2,0,Brahmaputra (Guwahati gauge),49.68,TRUE,21.46,0.432,1,5
Sikkim,2.893158,30.25562859,73.95155859,31,1,Teesta,15,FALSE,4.1,0.273,0,5
Nagaland,13.253648,58.44024658,92.86535013,13,0,Doyang,18,FALSE,14.89,0.827,0,8
Manipur,0,0,0,20.7,2,Barak,20.5,FALSE,13.24,0.646,1,10
Manipur,12.926903,15.44952118,55.16285777,15.3,0,Imphal River,8,FALSE,4.49,0.561,1,7
Manipur,1.1094289,10.54140091,10.54140091,19.2,0,Tlawng,9,FALSE,9.13,1.014,1,9
Manipur,57.389317,119.4194298,283.8288479,20.6,2,Barak,20.5,FALSE,18.31,0.893,0,6
Manipur,0.5301212,0.55934165,0.588562094,20.7,2,Barak,20.5,FALSE,6.85,0.334,1,5
Manipur,7.4846697,34.75188637,69.69991493,9.7,0,Doyang,18,FALSE,8.6,0.478,1,6
Meghalaya,110.38683,402.4917908,698.5534096,15.9,1,Brahmaputra (Dhubri gauge),28.62,TRUE,31,1.083,1,6
Assam,0,0,0,6.3,0,Kopili,30,FALSE,12.24,0.408,0,10
Nagaland,0,0,0,13.7,1,Brahmaputra (Neamatighat gauge),85.05,TRUE,40.14,0.472,0,1
Arunachal Pradesh,1.0488007,3.434523284,7.516274899,29.4,1,Brahmaputra (Dibrugarh gauge),105.7,TRUE,42.39,0.401,1,2
Assam,50.527203,106.600769,143.5308738,4.2,0,Brahmaputra (Dibrugarh gauge),105.7,TRUE,59.51,0.563,1,8
Assam,0,0,0,10.2,0,Manas,33,FALSE,13.3,0.403,0,3
Meghalaya,220.8221,611.3924103,1030.194153,21.6,0,Brahmaputra (Goalpara gauge),36.27,TRUE,41.89,1.155,1,7
Mizoram,0,0,0,22.9,1,Tlawng,9,FALSE,7.42,0.824,0,2
Assam,1.195354,18.04065484,44.92727274,1.3,0,Brahmaputra (Tezpur gauge),65.23,TRUE,21.59,0.331,0,3
Tripura,2.883411,20.59705257,37.81667233,13.3,2,Khowai,10,FALSE,5.82,0.582,1,7
Assam,3.7272444,38.85024261,88.81075907,6.3,1,Brahmaputra (Goalpara gauge),36.27,TRUE,21.36,0.589,1,8
Assam,0,0,0,5.9,0,Brahmaputra (Dibrugarh gauge),105.7,TRUE,47.04,0.445,1,10
Mizoram,59.15326,69.10005093,159.2874384,20.7,0,Tlawng,9,FALSE,5.07,0.563,0,5
Meghalaya,4.3615923,14.88493443,14.99912617,20.5,1,Brahmaputra (Guwahati gauge),49.68,TRUE,23.2,0.467,1,9
Mizoram,0.038675446,0.038675446,0.038675446,19.7,0,Barak,20.5,FALSE,17.32,0.845,1,4
Meghalaya,0,1.177391171,1.394051358,19.1,1,Barak,20.5,FALSE,9.18,0.448,1,3
Assam,87.85756,124.2394657,169.9344605,1.8,1,Dikrong,14,FALSE,11.23,0.802,1,8
Arunachal Pradesh,0,0,0.542297721,30.3,1,Brahmaputra (Dibrugarh gauge),105.7,TRUE,40.91,0.387,1,1
Assam,64.13596,75.30039096,95.6251893,10.2,0,Manas,33,FALSE,24.16,0.732,1,7
Assam,0,7.935581505,46.10462707,10.2,0,Manas,33,FALSE,15.71,0.476,0,10
Nagaland,0,0,0,17.7,1,Dhansiri,40,FALSE,13.68,0.342,0,1
Sikkim,35.58606,37.24714708,57.04688215,29.8,2,Teesta,15,FALSE,9.75,0.65,0,9
Meghalaya,72.199356,300.561821,375.2085377,17.7,1,Brahmaputra (Goalpara gauge),36.27,TRUE,32.24,0.889,0,7
Sikkim,28.791485,74.59403992,144.9950464,29.2,0,Teesta,15,FALSE,14.86,0.991,0,8
Assam,11.992653,28.77284199,52.96809012,6.7,0,Kopili,30,FALSE,13.92,0.464,1,6
Nagaland,3.106226,33.17526817,162.1085501,13.7,0,Dhansiri,40,FALSE,33.36,0.834,1,6
Arunachal Pradesh,29.656374,92.77624702,149.9184561,26.3,0,Brahmaputra (Dibrugarh gauge),105.7,TRUE,111.41,1.054,1,8
Assam,8.773471,51.89210272,72.98837352,6.7,1,Brahmaputra (Dhubri gauge),28.62,TRUE,16.37,0.572,1,7
Arunachal Pradesh,0.6273899,104.7132788,202.7083695,23.9,0,Brahmaputra (Dibrugarh gauge),105.7,TRUE,88.37,0.836,1,7
Meghalaya,0.57272667,0.572726667,0.572726667,23.5,1,Barak,20.5,FALSE,5.76,0.281,0,1
Arunachal Pradesh,115.15215,253.7673378,555.4131241,31.1,1,Brahmaputra (Dibrugarh gauge),105.7,TRUE,123.03,1.164,1,7
Arunachal Pradesh,0,0,11.07951236,34,0,Brahmaputra (Dibrugarh gauge),105.7,TRUE,70.61,0.668,1,10
Manipur,0.5877859,5.91315335,16.58837718,8.4,2,Imphal River,8,FALSE,7.55,0.944,0,4
Mizoram,0,0,0,25,1,Tlawng,9,FALSE,4.38,0.487,1,1
Assam,56.079014,163.3463974,199.9677993,5.4,1,Brahmaputra (Guwahati gauge),49.68,TRUE,39.84,0.802,1,6
Assam,0,0,0,6.3,0,Kopili,30,FALSE,11.01,0.367,0,11
Arunachal Pradesh,0,0,0.022169694,25.1,1,Brahmaputra (Dibrugarh gauge),105.7,TRUE,29.7,0.281,0,10
Mizoram,30.6264,34.2510798,141.4901662,22.2,1,Tlawng,9,FALSE,9.4,1.045,1,6
Arunachal Pradesh,53.989513,80.55325413,156.9960171,33.6,0,Brahmaputra (Dibrugarh gauge),105.7,TRUE,85.09,0.805,1,8
Arunachal Pradesh,0,0,0.193354651,17.5,0,Subansiri,42,FALSE,21.55,0.513,0,12
Assam,92.83027,141.7800827,152.8964922,4.4,1,Brahmaputra (Tezpur gauge),65.23,TRUE,54.34,0.833,1,8
Sikkim,63.40357,129.9128675,249.4958115,29.8,2,Teesta,15,FALSE,13.3,0.887,1,7
Arunachal Pradesh,1.1963823,5.814680815,83.74299312,21.4,2,Brahmaputra (Dibrugarh gauge),105.7,TRUE,55.6,0.526,0,5
Assam,0,4.153940678,6.344306469,5.9,1,Brahmaputra (Dibrugarh gauge),105.7,TRUE,43.13,0.408,1,3
Assam,13.12935,14.06030995,14.06030995,4.7,0,Subansiri,42,FALSE,14.78,0.352,0,3
Meghalaya,33.036564,76.48986244,108.7903312,18.8,2,Brahmaputra (Guwahati gauge),49.68,TRUE,32.14,0.647,1,6
Nagaland,1.2049836,42.94389045,45.15858567,20.1,1,Dhansiri,40,FALSE,17.8,0.445,1,3
Nagaland,59.877327,112.0825729,180.15681,18.8,0,Brahmaputra (Dibrugarh gauge),105.7,TRUE,48.41,0.458,1,3
Arunachal Pradesh,4.7614474,12.79534268,16.56798387,17.1,2,Brahmaputra (Tezpur gauge),65.23,TRUE,31.44,0.482,0,6
Nagaland,51.323883,51.32388306,59.72346783,18,1,Dhansiri,40,FALSE,16.48,0.412,0,4
Assam,90.35475,161.7657681,242.7197151,5.4,0,Manas,33,FALSE,31.78,0.963,1,8
Sikkim,4.992987,208.6652312,333.8140688,33.6,1,Teesta,15,FALSE,14.6,0.973,1,8
Assam,0,1.15140748,1.15140748,11.2,0,Brahmaputra (Dhubri gauge),28.62,TRUE,23.81,0.832,1,2
Manipur,0,0,1.297525138,12.6,1,Imphal River,8,FALSE,6.84,0.855,0,3
Arunachal Pradesh,0.45355868,13.74012303,13.90077667,23.1,1,Subansiri,42,FALSE,34.31,0.817,1,2
Assam,52.96597,93.91772413,126.0909534,7.7,3,Barak,20.5,FALSE,23.04,1.124,1,7
Sikkim,0,0,0,33.4,1,Teesta,15,FALSE,5.64,0.376,1,12
Meghalaya,12.180855,110.1615295,311.5379391,24.7,2,Brahmaputra (Goalpara gauge),36.27,TRUE,29.2,0.805,0,7
Arunachal Pradesh,109.77733,397.1014633,479.0194179,25.2,1,Brahmaputra (Dibrugarh gauge),105.7,TRUE,123.35,1.167,1,7
Tripura,73.12425,260.0015464,309.3686585,20.2,1,Gomti,12,FALSE,11.63,0.969,1,8
Arunachal Pradesh,0,0,9.733358264,9.4,0,Dikrong,14,FALSE,4.05,0.289,0,3
Arunachal Pradesh,0.83235466,1.581253648,23.65332282,16.9,2,Dikrong,14,FALSE,11.54,0.824,0,7
Tripura,0,0,0,20.2,1,Gomti,12,FALSE,10.24,0.853,0,11
Mizoram,0.27076215,3.921849191,4.358560354,25,2,Tlawng,9,FALSE,3.19,0.354,0,10
Arunachal Pradesh,0,0,3.98537147,9.4,0,Dikrong,14,FALSE,8.44,0.603,0,3
Sikkim,4.586834,68.93446541,213.2302685,33.4,1,Teesta,15,FALSE,14.02,0.935,1,8
Mizoram,51.039555,63.89214277,63.89214277,19.7,0,Barak,20.5,FALSE,5,0.244,1,5
Meghalaya,0,53.47950744,60.90637874,23,0,Kopili,30,FALSE,26.67,0.889,1,9
Sikkim,2.0539174,29.42869711,55.89016145,29.2,0,Teesta,15,FALSE,7.94,0.529,1,9
Arunachal Pradesh,0.4065781,2.139353007,21.61579809,15.3,1,Dikrong,14,FALSE,7.77,0.555,0,8
Arunachal Pradesh,54.4,54.40000153,127.4999981,35.6,1,Brahmaputra (Dibrugarh gauge),105.7,TRUE,74.62,0.706,0,8
Sikkim,113.74497,179.5206146,257.9948609,32.4,0,Teesta,15,FALSE,13.8,0.92,1,6
Meghalaya,0,0,0,23.4,0,Barak,20.5,FALSE,7.11,0.347,1,1
Sikkim,20.960478,45.67233944,62.36987782,34.9,3,Teesta,15,FALSE,7.17,0.478,1,4
Arunachal Pradesh,1.1109109,5.867406368,5.867406368,28.9,1,Brahmaputra (Dibrugarh gauge),105.7,TRUE,37.1,0.351,0,10
Arunachal Pradesh,34.89517,82.60881996,319.9786061,32.5,1,Brahmaputra (Dibrugarh gauge),105.7,TRUE,100.63,0.952,1,7
Arunachal Pradesh,4.3988833,51.33681107,249.2073307,29.4,1,Brahmaputra (Dibrugarh gauge),105.7,TRUE,85.93,0.813,1,4
Meghalaya,130.48276,165.7264004,276.8253326,20.5,1,Brahmaputra (Guwahati gauge),49.68,TRUE,44.46,0.895,1,10
Meghalaya,93.36653,170.2713661,216.9775567,21.6,0,Brahmaputra (Goalpara gauge),36.27,TRUE,31.95,0.881,1,8
Arunachal Pradesh,83.799995,83.89999542,227.29999,35.6,1,Brahmaputra (Dibrugarh gauge),105.7,TRUE,77.48,0.733,1,8
Sikkim,0.8116091,0.811609089,0.811609089,33.4,1,Teesta,15,FALSE,6.84,0.456,0,10
Arunachal Pradesh,0,0,4.889596239,16.5,1,Dikrong,14,FALSE,11.97,0.855,1,3
Assam,0.091338076,9.666931309,16.54722182,3,0,Dikrong,14,FALSE,5.92,0.423,1,2
Nagaland,5.3153963,5.930117339,15.11877185,20.5,0,Kopili,30,FALSE,15.27,0.509,1,5
Meghalaya,37.232254,40.45325601,367.5187229,20.2,0,Brahmaputra (Guwahati gauge),49.68,TRUE,49.28,0.992,0,6
Arunachal Pradesh,95.93998,209.0042229,316.4641685,27.4,0,Brahmaputra (Dibrugarh gauge),105.7,TRUE,87.31,0.826,1,6
Assam,30.096783,130.9826944,136.4041755,4.7,2,Dikrong,14,FALSE,13.68,0.977,1,9
Arunachal Pradesh,0.21544474,0.215444744,0.215444744,9.4,0,Dikrong,14,FALSE,5.56,0.397,0,11
Manipur,0.71973133,0.758607011,2.914939601,13.1,1,Imphal River,8,FALSE,3.36,0.42,1,10
Meghalaya,273.54544,305.6303711,387.6018094,24.2,0,Brahmaputra (Goalpara gauge),36.27,TRUE,40.37,1.113,1,5
Assam,132.45041,245.4169803,280.924067,7,1,Brahmaputra (Dhubri gauge),28.62,TRUE,25.5,0.891,1,8
Manipur,1.0139853,11.43923676,37.90739381,9.1,1,Doyang,18,FALSE,9.72,0.54,0,7
Mizoram,81.66992,107.1373248,166.4140129,25.4,3,Tlawng,9,FALSE,6.74,0.749,1,8
Mizoram,21.557743,51.22238731,91.79701829,25,0,Tlawng,9,FALSE,9.39,1.043,0,6
Assam,2.043004,14.37507159,66.76449782,7.4,0,Brahmaputra (Dibrugarh gauge),105.7,TRUE,51.69,0.489,0,4
Assam,4.423372,40.10667181,71.5339334,9.6,1,Kopili,30,FALSE,13.11,0.437,0,10
Arunachal Pradesh,58.799995,61.99999523,222.2999926,35.6,1,Brahmaputra (Dibrugarh gauge),105.7,TRUE,84.03,0.795,0,6
Arunachal Pradesh,117.12442,145.0979813,193.7518193,25.4,0,Brahmaputra (Dibrugarh gauge),105.7,TRUE,91.54,0.866,1,8
Arunachal Pradesh,0.006796705,14.88007949,325.7652953,20.4,3,Brahmaputra (Dibrugarh gauge),105.7,TRUE,102.42,0.969,0,6
Sikkim,5.352637,47.27380705,102.325716,34.2,1,Teesta,15,FALSE,9.46,0.631,1,9
Arunachal Pradesh,41.435955,66.54461908,92.33438265,31.6,1,Brahmaputra (Dibrugarh gauge),105.7,TRUE,68.28,0.646,0,8
Meghalaya,117.4277,174.8487082,237.9041114,16.4,0,Brahmaputra (Dhubri gauge),28.62,TRUE,22.21,0.776,1,8
Mizoram,0,0,0,23.1,2,Khowai,10,FALSE,5.31,0.531,0,3
Meghalaya,0,0,0.877690941,18.8,2,Brahmaputra (Guwahati gauge),49.68,TRUE,21.86,0.44,0,1
Manipur,0,5.535182595,6.307821326,9.7,0,Doyang,18,FALSE,5.67,0.315,1,2
Manipur,21.303288,22.23927802,83.1429373,9,0,Doyang,18,FALSE,17.44,0.969,1,10
Sikkim,0,0,0,34.2,1,Teesta,15,FALSE,6.93,0.462,1,12
Assam,14.187454,71.26929569,242.9449911,7.7,3,Barak,20.5,FALSE,19.13,0.933,1,6
Manipur,0,0,0,13.9,1,Imphal River,8,FALSE,2.18,0.272,0,3
Assam,0,0.688797891,0.688797891,6.9,0,Brahmaputra (Guwahati gauge),49.68,TRUE,26.03,0.524,1,1
Manipur,0,0,0,13.5,0,Doyang,18,FALSE,5.24,0.291,0,12
Assam,2.56923,55.9566412,55.9566412,6.2,0,Brahmaputra (Tezpur gauge),65.23,TRUE,32.22,0.494,0,3
Tripura,0,0,3.549860209,11.3,1,Tlawng,9,FALSE,4,0.445,1,4
Assam,13.436725,16.64056039,50.54297185,9.2,1,Manas,33,FALSE,17.92,0.543,0,4
Manipur,7.0984025,55.49698019,94.8284421,9,0,Doyang,18,FALSE,18.23,1.013,1,7
Assam,59.78902,238.358036,356.5111616,4.3,0,Manas,33,FALSE,34.32,1.04,1,6
Manipur,23.734095,73.38723183,190.3152905,20.7,2,Barak,20.5,FALSE,16.75,0.817,1,8
Arunachal Pradesh,67.66997,150.1219292,322.9387207,33.6,2,Brahmaputra (Dibrugarh gauge),105.7,TRUE,98.41,0.931,1,7
Arunachal Pradesh,0,0,5.484502316,21,2,Brahmaputra (Dibrugarh gauge),105.7,TRUE,47.57,0.45,1,1
Manipur,0,0,8.426042318,18.6,1,Imphal River,8,FALSE,4.92,0.615,0,9
Tripura,0,24.70361471,106.9078994,17.2,0,Gomti,12,FALSE,5.74,0.478,1,5
Assam,0,51.82129526,70.74469995,5.4,1,Brahmaputra (Guwahati gauge),49.68,TRUE,49.48,0.996,1,8
Arunachal Pradesh,86.83596,107.5007648,114.1168879,17.9,0,Brahmaputra (Dibrugarh gauge),105.7,TRUE,71.35,0.675,1,6
Arunachal Pradesh,22.4981,46.55160558,372.8882536,28.8,1,Brahmaputra (Dibrugarh gauge),105.7,TRUE,103.27,0.977,1,7
Assam,0,0,27.42166524,9.8,2,Brahmaputra (Guwahati gauge),49.68,TRUE,42.68,0.859,1,6
Tripura,3.6538098,21.03626323,38.74441361,20.2,1,Gomti,12,FALSE,6.25,0.521,0,8
Arunachal Pradesh,11.199999,31.59999609,254.3999858,35.6,1,Brahmaputra (Dibrugarh gauge),105.7,TRUE,93.86,0.888,1,6
Assam,0.6670034,22.86837649,134.4248774,11.2,0,Brahmaputra (Dhubri gauge),28.62,TRUE,19.83,0.693,0,6
Mizoram,105.77744,183.3074551,193.4917632,25.9,0,Barak,20.5,FALSE,12.03,0.587,1,5
Meghalaya,1.1423153,25.707057,312.7930021,19.7,0,Brahmaputra (Goalpara gauge),36.27,TRUE,31.19,0.86,1,5
Tripura,71.85514,259.4032497,511.2032376,16.1,0,Gomti,12,FALSE,13.09,1.091,1,8
Arunachal Pradesh,0,0,0,33.6,0,Brahmaputra (Dibrugarh gauge),105.7,TRUE,37.31,0.353,1,12
Meghalaya,87.25481,204.7376137,256.6231232,14.7,0,Brahmaputra (Dhubri gauge),28.62,TRUE,20.09,0.702,1,10
Assam,21.87482,222.5395546,257.7440699,2.2,0,Subansiri,42,FALSE,35.2,0.838,1,6
Arunachal Pradesh,0,10.9877975,15.07163894,31.9,1,Brahmaputra (Dibrugarh gauge),105.7,TRUE,65.01,0.615,1,7
Sikkim,94.84675,99.33035779,196.5336165,25.7,0,Teesta,15,FALSE,11.16,0.744,0,10
Mizoram,0,0,29.81316853,23.4,1,Tlawng,9,FALSE,8.01,0.89,1,4
Manipur,8.355346,20.1699934,92.05953401,6.7,0,Doyang,18,FALSE,11.43,0.635,0,7
Sikkim,0,58.76520348,110.8610044,28.8,0,Teesta,15,FALSE,8.91,0.594,0,8
Assam,93.44915,176.561882,276.718751,6.3,1,Brahmaputra (Goalpara gauge),36.27,TRUE,37.25,1.027,0,6
Tripura,2.30352,77.0902431,105.1643402,18,1,Gomti,12,FALSE,13.42,1.118,1,8
Mizoram,3.040339,18.80693579,78.62038374,25,0,Tlawng,9,FALSE,8.07,0.897,1,9
Arunachal Pradesh,53.90026,82.12988424,213.1058919,29.4,1,Brahmaputra (Dibrugarh gauge),105.7,TRUE,50.42,0.477,0,8
Manipur,10.958742,24.00863075,24.00863075,20.7,2,Barak,20.5,FALSE,8.61,0.42,1,10
Sikkim,49.197094,102.0304012,288.8982162,32.4,0,Teesta,15,FALSE,12.76,0.851,1,6
Mizoram,18.775503,51.38092232,381.7727871,21.6,1,Tlawng,9,FALSE,9.44,1.049,1,6
Manipur,0,0,4.927286744,14.1,0,Imphal River,8,FALSE,4.19,0.524,1,6
Nagaland,0,0,0.156414017,14.6,1,Brahmaputra (Neamatighat gauge),85.05,TRUE,34.02,0.4,1,11
Mizoram,34.879997,46.81986284,57.03762186,19.7,0,Barak,20.5,FALSE,14.25,0.695,1,7
Mizoram,93.98304,238.120533,325.0614777,25.4,3,Tlawng,9,FALSE,9.6,1.067,1,6
Arunachal Pradesh,50.355133,82.96046543,234.9953337,29.1,1,Brahmaputra (Dibrugarh gauge),105.7,TRUE,104.43,0.988,1,5
Tripura,124.74964,150.6749115,150.6749115,13.5,0,Gomti,12,FALSE,8.93,0.744,1,11
Arunachal Pradesh,0,9.628897667,18.20246601,19.6,3,Subansiri,42,FALSE,35.7,0.85,1,9
Arunachal Pradesh,75.10379,177.2643051,250.2960709,29.3,2,Brahmaputra (Dibrugarh gauge),105.7,TRUE,104.01,0.984,1,7
Assam,0,0,0,3.3,0,Subansiri,42,FALSE,15.12,0.36,1,11
Assam,4.5127897,29.1241169,66.43046013,6.7,0,Kopili,30,FALSE,25.47,0.849,0,10
Nagaland,0,2.097087473,56.32450637,19,6,Brahmaputra (Neamatighat gauge),85.05,TRUE,26.96,0.317,1,2
Nagaland,27.923878,62.6536634,156.3273313,14.6,0,Brahmaputra (Neamatighat gauge),85.05,TRUE,67.19,0.79,1,6
Sikkim,0,0,0.162382007,25.7,0,Teesta,15,FALSE,6.15,0.41,0,2
Arunachal Pradesh,69.48921,81.90108109,191.5432892,25.2,1,Brahmaputra (Dibrugarh gauge),105.7,TRUE,79.8,0.755,1,6
Tripura,1.3372928,6.594628572,88.74723113,20.2,1,Gomti,12,FALSE,10.46,0.872,1,8
Nagaland,88.39058,96.19579738,121.9882149,19.2,1,Dhansiri,40,FALSE,20.56,0.514,1,4
Sikkim,0,0,9.5151124,34.2,1,Teesta,15,FALSE,7.12,0.475,1,4
Nagaland,89.08578,132.9484596,182.806678,12.7,1,Brahmaputra (Neamatighat gauge),85.05,TRUE,71.36,0.839,1,7
Tripura,78.46049,118.100296,132.9506544,14.9,0,Gomti,12,FALSE,13.63,1.136,1,8
Mizoram,0.6080025,75.85886842,198.0501797,23.6,0,Tlawng,9,FALSE,7.63,0.848,1,8
Tripura,6.14219,97.90112782,241.6843853,14.8,2,Khowai,10,FALSE,8.08,0.808,1,8
Nagaland,9.311216,45.51655674,100.4106786,16.7,3,Dhansiri,40,FALSE,24.44,0.611,1,5
Assam,58.63518,82.09916854,82.09916854,8.5,0,Brahmaputra (Dibrugarh gauge),105.7,TRUE,92.8,0.878,1,11
Assam,0,0,0,5,0,Brahmaputra (Tezpur gauge),65.23,TRUE,32.35,0.496,0,1
Arunachal Pradesh,0,0,0,28.8,1,Brahmaputra (Dibrugarh gauge),105.7,TRUE,54.44,0.515,0,7
Sikkim,1.3700325,19.47488952,95.79855895,32.4,0,Teesta,15,FALSE,9.25,0.617,0,6
Nagaland,85.396965,87.31164992,87.46806394,14.6,1,Brahmaputra (Neamatighat gauge),85.05,TRUE,54.35,0.639,0,9
Mizoram,0,3.404841185,23.68045963,22.9,1,Tlawng,9,FALSE,8.43,0.937,1,8
Assam,0,0,0,6.7,1,Brahmaputra (Dhubri gauge),28.62,TRUE,11.36,0.397,1,2
Nagaland,0.22381392,4.896699458,10.4683927,13.3,0,Doyang,18,FALSE,10.28,0.571,1,6
Meghalaya,146.3378,223.4680538,507.1700439,18.6,2,Brahmaputra (Dhubri gauge),28.62,TRUE,27.85,0.973,1,5
Manipur,0,0,0,20.6,2,Barak,20.5,FALSE,7.93,0.387,0,1
Manipur,81.49006,204.8847427,266.4852178,15.9,3,Imphal River,8,FALSE,5.55,0.694,1,5
Meghalaya,0.91023886,5.14874053,203.4250715,18.7,0,Brahmaputra (Guwahati gauge),49.68,TRUE,41.28,0.831,1,6
Sikkim,0,0,0.759138107,28.8,0,Teesta,15,FALSE,5.7,0.38,0,3
Mizoram,32.0634,51.83649445,133.7046652,25.9,0,Barak,20.5,FALSE,12.48,0.609,1,8
Arunachal Pradesh,56.04334,77.48113227,100.2046043,16.9,2,Dikrong,14,FALSE,8.08,0.577,0,10
Tripura,0,0,107.6177464,20.2,1,Gomti,12,FALSE,7,0.583,1,11
Manipur,2.2255414,3.761559486,12.38960063,6.7,0,Doyang,18,FALSE,4.52,0.251,0,5
Mizoram,6.8653765,35.73316097,105.6167743,24,1,Tlawng,9,FALSE,6.17,0.686,1,8
Nagaland,0,0,0,17.9,0,Dhansiri,40,FALSE,18.04,0.451,0,2
Manipur,55.19644,98.2752676,119.2269423,20.6,2,Barak,20.5,FALSE,14.31,0.698,0,6
Arunachal Pradesh,67.557,94.04367924,146.9709044,20.7,2,Subansiri,42,FALSE,33.14,0.789,1,8
Nagaland,0,0,0,20.5,0,Kopili,30,FALSE,26.52,0.884,0,1
Manipur,58.514366,70.699049,80.60620785,9,0,Doyang,18,FALSE,11.45,0.636,1,7
Assam,5.2939134,48.66401148,166.4799328,4.6,0,Brahmaputra (Goalpara gauge),36.27,TRUE,25.06,0.691,1,7
Nagaland,2.9353557,3.207821131,9.774710417,15.1,2,Brahmaputra (Neamatighat gauge),85.05,TRUE,49.24,0.579,1,9
Manipur,0,0,8.980218172,18,0,Imphal River,8,FALSE,3.02,0.378,0,5
Arunachal Pradesh,0,0,0,19.3,0,Dikrong,14,FALSE,3.77,0.269,0,12
Sikkim,1.127639,12.07083452,59.23030031,29.7,3,Teesta,15,FALSE,12.16,0.811,1,5
Manipur,0.4622885,33.99583399,33.99583399,13.5,0,Doyang,18,FALSE,4.03,0.224,1,11
Arunachal Pradesh,0,0.733729959,4.295323417,23.1,1,Subansiri,42,FALSE,13.99,0.333,1,12
Mizoram,50.476658,107.5792236,126.5375392,19.4,0,Tlawng,9,FALSE,7.09,0.788,1,9
Meghalaya,99.50693,312.7958679,433.3324881,24.2,0,Brahmaputra (Goalpara gauge),36.27,TRUE,45.12,1.244,1,6
Tripura,97.09759,145.3098211,251.7575445,14.5,0,Khowai,10,FALSE,13,1.3,0,6
Sikkim,3.4341578,3.434157848,31.09642696,24.1,0,Teesta,15,FALSE,5.36,0.357,1,2
Arunachal Pradesh,76.56523,76.58143885,123.1641852,20.4,3,Brahmaputra (Dibrugarh gauge),105.7,TRUE,58.77,0.556,1,6
Meghalaya,0.40233153,0.402331531,0.402331531,20.9,2,Barak,20.5,FALSE,20.03,0.977,1,1
Sikkim,0.35929435,6.193898618,113.8177943,28.8,0,Teesta,15,FALSE,10.24,0.683,1,9
Manipur,0,0,0,20.7,2,Barak,20.5,FALSE,9.06,0.442,1,2
Arunachal Pradesh,0,0,3.871371746,16.5,1,Dikrong,14,FALSE,10.61,0.758,0,12
Meghalaya,51.216873,158.8626689,201.6691392,21.6,0,Brahmaputra (Goalpara gauge),36.27,TRUE,22.05,0.608,1,4
Assam,0,7.048313856,24.07465219,2.8,1,Brahmaputra (Tezpur gauge),65.23,TRUE,52.64,0.807,0,5
Arunachal Pradesh,0,0,0,9.4,0,Dikrong,14,FALSE,7.04,0.503,0,2
Manipur,0.22315854,25.53684253,52.06255215,23.5,0,Barak,20.5,FALSE,20.44,0.997,1,8
Nagaland,0,0,0.921775758,20.1,1,Dhansiri,40,FALSE,34.28,0.857,0,4
Arunachal Pradesh,1.4204589,11.41668427,31.6404618,18.6,0,Brahmaputra (Dibrugarh gauge),105.7,TRUE,56.34,0.533,0,7
Arunachal Pradesh,0,0,0,29.7,1,Brahmaputra (Dibrugarh gauge),105.7,TRUE,16.81,0.159,1,12
Nagaland,0,0,0,21.7,0,Dhansiri,40,FALSE,19.36,0.484,1,1
Mizoram,15.081169,51.68754768,131.9907904,20.3,0,Tlawng,9,FALSE,4.98,0.553,0,8
Arunachal Pradesh,6.288068,6.40879333,25.30032206,19.1,3,Brahmaputra (Dibrugarh gauge),105.7,TRUE,48.52,0.459,0,5
Tripura,8.737114,35.44846272,47.93861866,17.2,1,Khowai,10,FALSE,6.22,0.622,0,7
Assam,1.3944755,33.93173838,149.1782589,8.1,2,Kopili,30,FALSE,21.63,0.721,1,6
Assam,16.072317,24.61415386,44.15447635,6.8,1,Brahmaputra (Goalpara gauge),36.27,TRUE,19.33,0.533,0,10
Meghalaya,14.954195,31.59436846,89.40183687,20.5,1,Brahmaputra (Guwahati gauge),49.68,TRUE,19.62,0.395,1,5
Nagaland,0,15.33420753,45.6890955,20.1,1,Dhansiri,40,FALSE,27.04,0.676,0,8
Meghalaya,55.156254,117.9257669,168.5869191,27.5,3,Brahmaputra (Guwahati gauge),49.68,TRUE,40.19,0.809,1,8
Assam,128.72354,128.868164,130.3301799,10.2,0,Manas,33,FALSE,29.73,0.901,0,7
Arunachal Pradesh,101.16381,158.4368973,187.2931614,29.9,1,Brahmaputra (Dibrugarh gauge),105.7,TRUE,53.59,0.507,1,5
Arunachal Pradesh,59.54735,88.92728806,116.7234006,15.9,0,Subansiri,42,FALSE,25.62,0.61,0,6
Arunachal Pradesh,0,0,61.26999763,34,0,Brahmaputra (Dibrugarh gauge),105.7,TRUE,49.89,0.472,1,3
Nagaland,65.200874,81.73782772,82.2637704,20.1,1,Dhansiri,40,FALSE,24.08,0.602,1,6
Tripura,0,10.39077151,342.2572132,14.5,0,Khowai,10,FALSE,9.68,0.968,1,6
Arunachal Pradesh,11.195579,31.59049463,254.2989869,31.1,1,Brahmaputra (Dibrugarh gauge),105.7,TRUE,92.7,0.877,1,6
Arunachal Pradesh,0,0,1.314847946,17.4,1,Dikrong,14,FALSE,3.92,0.28,1,11
Mizoram,69.490845,71.89084482,178.1315603,25.8,0,Tlawng,9,FALSE,5.71,0.634,0,5
Mizoram,13.080731,44.89228582,81.29950404,25.9,0,Barak,20.5,FALSE,13.49,0.658,0,8
Tripura,76.788055,178.9131546,243.7132379,14.9,0,Gomti,12,FALSE,10.56,0.88,1,6
Manipur,0,0,0.771684051,13.5,0,Doyang,18,FALSE,7.99,0.444,1,3
Meghalaya,79.052185,142.7342088,147.819669,19.6,0,Kopili,30,FALSE,33.9,1.13,1,9
Arunachal Pradesh,0,0,6.80062744,23,0,Brahmaputra (Dibrugarh gauge),105.7,TRUE,31.18,0.295,1,2
Arunachal Pradesh,0,1.796538725,52.18311204,31.1,1,Brahmaputra (Dibrugarh gauge),105.7,TRUE,47.14,0.446,1,4
Manipur,1.6950731,1.753805399,1.753805399,9.7,0,Doyang,18,FALSE,7.34,0.408,0,10
Manipur,3.325367,5.285190463,36.38138294,9.7,0,Doyang,18,FALSE,15.68,0.871,0,9
Meghalaya,62.18972,79.02032471,103.0726162,16.4,0,Brahmaputra (Dhubri gauge),28.62,TRUE,19.38,0.677,1,7
Assam,2.1342373,8.331611812,39.69558638,7.9,0,Brahmaputra (Guwahati gauge),49.68,TRUE,31.15,0.627,0,8
Arunachal Pradesh,3.49E-07,26.99999463,26.99999463,32.1,1,Brahmaputra (Dibrugarh gauge),105.7,TRUE,26.21,0.248,1,4
Nagaland,14.476112,28.92920256,54.38161612,15.1,2,Brahmaputra (Neamatighat gauge),85.05,TRUE,69.66,0.819,1,8
Meghalaya,74.33157,139.9764423,166.6010576,24.9,0,Brahmaputra (Guwahati gauge),49.68,TRUE,29.56,0.595,1,6
Assam,60.7994,74.52282131,87.61408882,3.3,1,Brahmaputra (Dibrugarh gauge),105.7,TRUE,76.1,0.72,1,8
Meghalaya,13.45565,114.8125019,143.7508607,24.7,2,Brahmaputra (Goalpara gauge),36.27,TRUE,23.03,0.635,1,5
Manipur,0,0.043150924,2.964842461,20.7,2,Barak,20.5,FALSE,7.65,0.373,1,10
Meghalaya,49.1168,186.0400562,341.8231137,16.4,0,Brahmaputra (Dhubri gauge),28.62,TRUE,27.62,0.965,1,8
Mizoram,0.11776363,0.55964049,0.55964049,20.3,0,Tlawng,9,FALSE,3.78,0.42,1,2
Assam,3.8271673,3.827167273,4.158064872,6.3,1,Brahmaputra (Goalpara gauge),36.27,TRUE,12.44,0.343,0,2
Arunachal Pradesh,0.702716,3.761084735,27.61379272,29.1,1,Brahmaputra (Dibrugarh gauge),105.7,TRUE,102.74,0.972,0,4
Manipur,11.939754,12.56142038,30.19314458,9.1,1,Doyang,18,FALSE,7.69,0.427,1,7
Mizoram,11.515306,32.69341087,58.36514986,22.9,0,Barak,20.5,FALSE,21.61,1.054,1,7
Arunachal Pradesh,24.361124,62.48022461,99.66996813,18.4,2,Subansiri,42,FALSE,37.55,0.894,1,7
Assam,0,5.525599003,7.248693869,8.1,2,Kopili,30,FALSE,24.63,0.821,1,10
Mizoram,171.40901,255.6283722,365.3402317,22.2,1,Tlawng,9,FALSE,11.7,1.3,1,5
Sikkim,4.6344457,24.74033546,84.03150392,23.3,0,Teesta,15,FALSE,9.9,0.66,0,8
Meghalaya,5.784632,69.55772257,121.7813489,17.1,1,Manas,33,FALSE,21.68,0.657,0,8
Assam,86.99963,228.3886642,270.7549927,11.2,0,Brahmaputra (Dhubri gauge),28.62,TRUE,37.21,1.3,1,6
Tripura,81.78053,295.4824219,319.0086519,16,0,Gomti,12,FALSE,11.09,0.924,1,8
Meghalaya,18.200521,319.5968456,933.6420193,18.9,0,Brahmaputra (Guwahati gauge),49.68,TRUE,58.37,1.175,1,8
Sikkim,109.65431,204.5138702,204.5138702,35.2,1,Teesta,15,FALSE,12.46,0.831,1,9
Tripura,0,85.52488899,96.28299016,17.2,0,Gomti,12,FALSE,8.12,0.677,1,7
Meghalaya,2.1999373,12.15264261,184.6555744,14.5,0,Brahmaputra (Dhubri gauge),28.62,TRUE,32.8,1.146,1,8
Sikkim,0,0,15.07776666,35.2,1,Teesta,15,FALSE,6.84,0.456,1,2
Arunachal Pradesh,8.510105,14.35885429,59.89782405,18.4,2,Subansiri,42,FALSE,18.69,0.445,1,7
Assam,0.67038345,67.83714485,153.7322874,6,1,Brahmaputra (Dhubri gauge),28.62,TRUE,21.55,0.753,0,6
Assam,40.984497,118.1381264,366.0661793,2.2,0,Subansiri,42,FALSE,43.22,1.029,0,7
Nagaland,18.447468,89.32834625,154.6949959,17.4,0,Doyang,18,FALSE,14.85,0.825,1,7
Meghalaya,0,0,0,16,0,Brahmaputra (Goalpara gauge),36.27,TRUE,29.67,0.818,1,1
Meghalaya,193.1175,230.9811974,482.7378507,15.7,1,Brahmaputra (Dhubri gauge),28.62,TRUE,25.82,0.902,1,5
Meghalaya,18.198593,18.31388532,342.1286704,14.5,0,Brahmaputra (Dhubri gauge),28.62,TRUE,27.45,0.959,1,6
Mizoram,0,16.27462006,25.99674606,23.1,0,Tlawng,9,FALSE,3.85,0.428,1,12
Arunachal Pradesh,78.788734,79.29153502,82.61227435,20.4,3,Brahmaputra (Dibrugarh gauge),105.7,TRUE,100.94,0.955,1,4
Tripura,74.66843,136.1187881,185.6170141,14.9,0,Gomti,12,FALSE,12.5,1.042,1,8
Arunachal Pradesh,68.863655,89.23448706,270.3232703,30.3,0,Brahmaputra (Dibrugarh gauge),105.7,TRUE,86.78,0.821,1,4
Arunachal Pradesh,61.257313,131.986589,168.9175239,25.2,1,Brahmaputra (Dibrugarh gauge),105.7,TRUE,86.99,0.823,1,6
Nagaland,0,0,0.272074252,17.7,1,Dhansiri,40,FALSE,17.68,0.442,1,2
Assam,0,0,12.04661,10.2,0,Manas,33,FALSE,15.71,0.476,1,2
Arunachal Pradesh,19.174843,40.33079815,239.9162732,17.4,1,Dikrong,14,FALSE,12.08,0.863,0,6
Sikkim,19.543629,21.70852315,74.01842821,23.3,0,Teesta,15,FALSE,5.16,0.344,0,10
Assam,7.3644285,9.319405556,32.88528784,6.2,0,Brahmaputra (Tezpur gauge),65.23,TRUE,70.58,1.082,1,8
Nagaland,67.85908,103.5576491,124.1000513,20.5,0,Kopili,30,FALSE,13.2,0.44,0,5
Arunachal Pradesh,51.84215,52.21159446,54.10714817,20.7,1,Subansiri,42,FALSE,29.23,0.696,0,9
Meghalaya,0,0,0.20274666,16,0,Brahmaputra (Goalpara gauge),36.27,TRUE,17.63,0.486,0,12
Sikkim,65.50633,97.09083843,155.1709476,29.2,0,Teesta,15,FALSE,11.24,0.749,0,7
Sikkim,60.392227,110.898016,177.3651323,31.5,1,Teesta,15,FALSE,10.08,0.672,0,8
Nagaland,0.2092154,6.138765365,65.78373221,13.2,1,Brahmaputra (Neamatighat gauge),85.05,TRUE,52.31,0.615,0,6
Arunachal Pradesh,92.54406,121.1125169,157.4822853,24.1,0,Brahmaputra (Dibrugarh gauge),105.7,TRUE,69.44,0.657,0,6
Arunachal Pradesh,0,0,0,31.5,1,Brahmaputra (Dibrugarh gauge),105.7,TRUE,54.33,0.514,1,5
Sikkim,116.37436,197.8788509,362.0756779,25.5,2,Teesta,15,FALSE,14.5,0.967,1,7
Arunachal Pradesh,0.9894213,20.48881119,48.04107255,17.4,1,Dikrong,14,FALSE,6.71,0.479,0,10
Manipur,1.42878,1.42877996,1.42877996,13.9,1,Imphal River,8,FALSE,2.08,0.26,1,3
Sikkim,54.86722,66.11049818,260.5548016,28.8,0,Teesta,15,FALSE,9.74,0.649,0,10
Nagaland,0,0,3.34604454,13.2,1,Brahmaputra (Neamatighat gauge),85.05,TRUE,33.25,0.391,0,2
Assam,83.68064,158.3018866,167.4052525,7.7,3,Barak,20.5,FALSE,14.41,0.703,0,5
Meghalaya,41.162693,42.48837209,70.21348071,17.5,0,Brahmaputra (Dhubri gauge),28.62,TRUE,27.68,0.967,0,7
Arunachal Pradesh,4.3407593,7.588595271,86.46154594,23.1,1,Subansiri,42,FALSE,18.44,0.439,1,6
Arunachal Pradesh,0,0,0,17.1,2,Brahmaputra (Tezpur gauge),65.23,TRUE,28.31,0.434,0,11
Arunachal Pradesh,0,2.136936665,9.619310379,23.4,1,Brahmaputra (Dibrugarh gauge),105.7,TRUE,53.17,0.503,1,3
Mizoram,13.426085,14.0309937,45.98236918,21.4,0,Tlawng,9,FALSE,6.1,0.678,0,6
Arunachal Pradesh,21.744532,79.461972,82.34340215,30.5,1,Brahmaputra (Dibrugarh gauge),105.7,TRUE,40.8,0.386,1,4
Manipur,10.105258,73.41348362,194.4069996,20.6,2,Barak,20.5,FALSE,22.84,1.114,1,8
Assam,117.901054,128.416954,196.302938,7,1,Brahmaputra (Dhubri gauge),28.62,TRUE,21.06,0.736,1,8
Meghalaya,0,0,0,14.5,0,Brahmaputra (Dhubri gauge),28.62,TRUE,10.53,0.368,1,12
Mizoram,65.976974,77.77310944,77.77310944,22.1,2,Tlawng,9,FALSE,3.8,0.422,0,11
Nagaland,0,6.001820177,11.11582071,21.7,0,Dhansiri,40,FALSE,38.2,0.955,0,9
Meghalaya,63.625095,103.9409084,141.3105855,21.6,0,Brahmaputra (Goalpara gauge),36.27,TRUE,30.61,0.844,1,8
Assam,0,0,55.77158332,4.5,0,Brahmaputra (Dibrugarh gauge),105.7,TRUE,53.8,0.509,0,7
Tripura,61.181034,169.1912193,183.1521937,17.2,1,Khowai,10,FALSE,11.41,1.141,0,9
Mizoram,6.1015635,12.98016441,283.6345338,23,0,Tlawng,9,FALSE,7.83,0.87,1,6
Manipur,3.9416587,38.81037116,91.46743011,13.2,1,Doyang,18,FALSE,19.28,1.071,1,6
Arunachal Pradesh,21.825573,50.21707249,56.75094295,30.3,1,Brahmaputra (Dibrugarh gauge),105.7,TRUE,39.95,0.378,1,2
Meghalaya,62.431763,233.3690033,443.6907706,17.5,0,Brahmaputra (Dhubri gauge),28.62,TRUE,28.76,1.005,1,6
Assam,6.1640477,30.20163,108.6754164,5.8,1,Brahmaputra (Guwahati gauge),49.68,TRUE,33.14,0.667,0,9
Manipur,0,0,0,13.2,1,Doyang,18,FALSE,7.83,0.435,0,10
Manipur,10.369046,61.57595444,141.614892,6.7,0,Doyang,18,FALSE,11.21,0.623,0,7
Assam,94.99171,151.4933872,211.5158529,4.4,1,Brahmaputra (Tezpur gauge),65.23,TRUE,59.29,0.909,0,7
Tripura,0,36.20241308,215.2358286,20.2,1,Gomti,12,FALSE,12.9,1.075,1,7
Arunachal Pradesh,6.605641,33.71158306,124.7592816,14.7,0,Dikrong,14,FALSE,8.16,0.583,0,7
Meghalaya,39.876114,39.87611389,39.87611389,22.4,0,Brahmaputra (Dhubri gauge),28.62,TRUE,17.4,0.608,1,9
Nagaland,134.39513,140.4106197,198.6296966,16.9,0,Dikrong,14,FALSE,12.88,0.92,1,7
Manipur,0,34.16953468,58.71564865,17.5,0,Kopili,30,FALSE,16.95,0.565,1,8
Sikkim,0,3.999410331,302.5515773,29.8,2,Teesta,15,FALSE,12.63,0.842,0,10
Sikkim,0,0,0,25.5,2,Teesta,15,FALSE,10.54,0.703,0,1
Arunachal Pradesh,0,0,0,27.2,0,Brahmaputra (Dibrugarh gauge),105.7,TRUE,42.49,0.402,1,11
Arunachal Pradesh,28.994518,80.82031441,248.8250011,18.4,2,Subansiri,42,FALSE,41.87,0.997,1,7
Manipur,0,0,0,6.7,0,Doyang,18,FALSE,10.91,0.606,0,1
Meghalaya,1.499269,48.11251593,73.2701931,22.1,0,Brahmaputra (Guwahati gauge),49.68,TRUE,24.64,0.496,1,7
Tripura,0,0,29.07178116,17.1,0,Gomti,12,FALSE,4.81,0.401,0,11
Assam,72.64803,162.4127769,293.2895927,1.3,0,Dikrong,14,FALSE,11.31,0.808,0,7
Arunachal Pradesh,0,0,13.37390819,23.7,1,Brahmaputra (Dibrugarh gauge),105.7,TRUE,58.66,0.555,1,4
Nagaland,0,0,0,20.5,0,Kopili,30,FALSE,9.3,0.31,1,11
Sikkim,27.872423,57.55377507,172.7846332,25.5,2,Teesta,15,FALSE,12.51,0.834,1,6
Arunachal Pradesh,0.87107104,5.550140321,6.710542411,31.9,1,Brahmaputra (Dibrugarh gauge),105.7,TRUE,68.49,0.648,1,8
Assam,0,5.996189594,5.996189594,10.2,0,Manas,33,FALSE,24.29,0.736,0,11
Assam,3.795516,12.12932205,33.66820049,1.8,1,Dikrong,14,FALSE,5.46,0.39,1,5
Arunachal Pradesh,0.52474123,2.203913093,8.247258678,9.4,0,Dikrong,14,FALSE,7.88,0.563,1,1
Meghalaya,10.425304,22.05647182,167.8538437,18.7,0,Brahmaputra (Guwahati gauge),49.68,TRUE,47.64,0.959,0,6
Nagaland,52.537098,68.07423711,69.10159363,18.8,0,Brahmaputra (Dibrugarh gauge),105.7,TRUE,45.77,0.433,0,3
Meghalaya,11.932129,78.24466515,368.3676548,24.9,0,Brahmaputra (Guwahati gauge),49.68,TRUE,47,0.946,0,6
Arunachal Pradesh,0,0,0,29,0,Brahmaputra (Dibrugarh gauge),105.7,TRUE,41.33,0.391,0,12
Arunachal Pradesh,10.029097,26.57572031,75.01489258,19.6,3,Subansiri,42,FALSE,24.99,0.595,1,8
Assam,0.7520384,2.907803953,146.4814214,10.2,0,Manas,33,FALSE,21.19,0.642,1,7
Arunachal Pradesh,0,18.1903429,34.03728437,15.3,1,Dikrong,14,FALSE,6.92,0.494,1,6
Arunachal Pradesh,18.66724,71.23110676,107.9260831,29.7,1,Brahmaputra (Dibrugarh gauge),105.7,TRUE,117.22,1.109,0,6
Manipur,0,9.785806656,9.785806656,23.5,0,Barak,20.5,FALSE,7.13,0.348,0,10
Mizoram,7.0791855,25.680655,31.46870708,25,1,Tlawng,9,FALSE,3.14,0.349,1,10
Meghalaya,0,0,10.02167484,23,2,Brahmaputra (Guwahati gauge),49.68,TRUE,24.44,0.492,1,6
Arunachal Pradesh,40.90596,66.60559082,82.49859715,20.2,0,Brahmaputra (Tezpur gauge),65.23,TRUE,36.01,0.552,0,10
Arunachal Pradesh,46.721085,191.2342377,290.5893097,29.4,1,Brahmaputra (Dibrugarh gauge),105.7,TRUE,96.29,0.911,1,8
Manipur,1.9057668,24.62630641,69.70489633,15.9,3,Imphal River,8,FALSE,3.9,0.488,0,8
Mizoram,6.157222,30.80233788,63.02894998,19.7,0,Barak,20.5,FALSE,14.1,0.688,1,6
Manipur,8.981716,75.61727715,214.9456329,19.6,1,Barak,20.5,FALSE,16.52,0.806,0,8
Meghalaya,77.17358,225.6446381,311.2297707,21.6,0,Brahmaputra (Goalpara gauge),36.27,TRUE,33.22,0.916,1,7
Assam,0,7.877836347,36.83667111,6.9,0,Brahmaputra (Guwahati gauge),49.68,TRUE,49.78,1.002,0,7
Sikkim,12.369542,64.40936089,115.2756567,34.2,1,Teesta,15,FALSE,15.46,1.031,0,7
Meghalaya,0,41.02401733,166.3036112,14.7,0,Brahmaputra (Dhubri gauge),28.62,TRUE,27.79,0.971,1,9
Assam,0,0,0.184541896,3.3,0,Brahmaputra (Tezpur gauge),65.23,TRUE,22.5,0.345,0,1
Mizoram,0,12.56022549,20.30936468,24,1,Tlawng,9,FALSE,7.16,0.796,1,6
Meghalaya,0,1.055071473,1.055071473,23,0,Kopili,30,FALSE,13.17,0.439,0,2
Manipur,21.72822,36.24311161,100.4505367,6.7,0,Doyang,18,FALSE,10.4,0.578,1,8
Arunachal Pradesh,0,17.85632908,61.10964334,27.8,0,Brahmaputra (Dibrugarh gauge),105.7,TRUE,64.27,0.608,0,8
Arunachal Pradesh,66.09633,157.7401772,162.1932842,28.4,0,Brahmaputra (Dibrugarh gauge),105.7,TRUE,77.37,0.732,1,6
Tripura,10.14688,40.27979195,48.60793047,18,1,Gomti,12,FALSE,12.23,1.019,1,6
Meghalaya,0,0,16.59569293,21.1,1,Kopili,30,FALSE,11.07,0.369,1,5
Mizoram,0,0,0,24.2,1,Tlawng,9,FALSE,4.02,0.447,1,12
Meghalaya,0,15.98921251,16.31781751,24.9,0,Brahmaputra (Guwahati gauge),49.68,TRUE,24.49,0.493,1,10
Tripura,0,0,0,17.2,0,Gomti,12,FALSE,4.02,0.335,1,12
Assam,1.8044919,11.68210042,75.64764655,4.7,2,Dikrong,14,FALSE,4.35,0.311,0,10
Sikkim,51.05987,204.5263786,329.8321323,25.5,2,Teesta,15,FALSE,12.76,0.851,0,8
Arunachal Pradesh,0,12.89660692,39.1653254,15.9,0,Subansiri,42,FALSE,38.72,0.922,0,6
Assam,0,0,0,5.7,1,Manas,33,FALSE,19.67,0.596,1,2
Meghalaya,0,0,0,24.2,0,Brahmaputra (Goalpara gauge),36.27,TRUE,12.22,0.337,0,12
Mizoram,0.31588918,2.317482054,2.317482054,25,2,Tlawng,9,FALSE,2.67,0.297,1,11
Arunachal Pradesh,105.682556,247.3055534,395.4101372,27.8,0,Brahmaputra (Dibrugarh gauge),105.7,TRUE,119.44,1.13,1,6
Meghalaya,12.286991,152.9218597,549.4530582,20.2,0,Brahmaputra (Guwahati gauge),49.68,TRUE,58.03,1.168,0,8
Arunachal Pradesh,53.72273,55.06924093,55.06924093,29.7,1,Brahmaputra (Dibrugarh gauge),105.7,TRUE,112.25,1.062,1,6
Meghalaya,89.05281,229.4824867,247.489776,24.2,0,Brahmaputra (Goalpara gauge),36.27,TRUE,34.89,0.962,1,6
Sikkim,0,0,0.359294355,28.8,0,Teesta,15,FALSE,5.9,0.393,1,1
Meghalaya,62.978504,180.0003147,468.5082264,21.6,0,Brahmaputra (Goalpara gauge),36.27,TRUE,37.58,1.036,1,7
Arunachal Pradesh,1.5662822,39.28890693,142.6977849,29.3,2,Brahmaputra (Dibrugarh gauge),105.7,TRUE,80.86,0.765,1,7
Arunachal Pradesh,7.066345,7.066345215,21.58832292,31.6,1,Brahmaputra (Dibrugarh gauge),105.7,TRUE,61.52,0.582,0,5
Arunachal Pradesh,53.30256,85.24775267,113.8239256,22.5,2,Brahmaputra (Dibrugarh gauge),105.7,TRUE,113.42,1.073,1,9
Arunachal Pradesh,57.12182,111.3524418,115.7881737,28.1,0,Brahmaputra (Dibrugarh gauge),105.7,TRUE,66.38,0.628,1,9
Meghalaya,89.4202,125.3710086,147.1766551,19.6,1,Brahmaputra (Goalpara gauge),36.27,TRUE,28.54,0.787,1,8
Tripura,150.57584,176.0240069,190.1692033,14.2,0,Khowai,10,FALSE,6.83,0.683,0,5
Arunachal Pradesh,0,0.250794351,17.8617993,32.5,1,Brahmaputra (Dibrugarh gauge),105.7,TRUE,56.44,0.534,1,5
Assam,4.943838,14.41675043,68.02146256,4.9,0,Brahmaputra (Tezpur gauge),65.23,TRUE,44.88,0.688,0,6
Arunachal Pradesh,0,0,0,27.1,0,Brahmaputra (Dibrugarh gauge),105.7,TRUE,22.51,0.213,0,11
Mizoram,0,0,0,19.4,0,Tlawng,9,FALSE,2.44,0.271,1,3
Manipur,0,0,0,19.2,0,Tlawng,9,FALSE,4.5,0.5,1,11
Tripura,4.3683963,4.521891013,11.5232072,14.8,1,Khowai,10,FALSE,6.85,0.685,0,7
Nagaland,0.90252954,34.05080825,107.0650608,17.7,1,Dhansiri,40,FALSE,23.96,0.599,1,7
Arunachal Pradesh,0,0,0,27.9,1,Brahmaputra (Dibrugarh gauge),105.7,TRUE,54.12,0.512,1,6
Mizoram,67.37193,102.1376505,144.9558325,24.2,1,Tlawng,9,FALSE,6.95,0.772,0,6
Manipur,11.212162,11.21216202,16.09696245,12.6,1,Imphal River,8,FALSE,4.74,0.592,1,9
Tripura,5.3670855,45.28239584,161.7060199,17.3,0,Khowai,10,FALSE,8.45,0.845,0,6
Sikkim,0,7.632237911,10.30713823,23.3,0,Teesta,15,FALSE,7.88,0.525,0,1
Manipur,80.59561,203.7784081,262.8984945,8.4,2,Imphal River,8,FALSE,6.22,0.778,1,5
Meghalaya,0,24.29693508,54.16832328,19.7,0,Brahmaputra (Goalpara gauge),36.27,TRUE,16.76,0.462,0,4
Meghalaya,0,0,27.0712347,22.1,0,Brahmaputra (Guwahati gauge),49.68,TRUE,19.28,0.388,1,5
Nagaland,0,0,3.212877512,14.2,1,Doyang,18,FALSE,10.15,0.564,1,6
Assam,5.869925,10.53927743,17.83165658,2.4,0,Subansiri,42,FALSE,10.25,0.244,1,3
Mizoram,0,0,0,20.7,0,Tlawng,9,FALSE,1.62,0.18,0,12
Assam,0.30564523,16.26317811,72.37387586,10.2,0,Manas,33,FALSE,14.52,0.44,0,3
Mizoram,0,0,6.579124928,19.7,0,Barak,20.5,FALSE,12.01,0.586,0,4
Assam,0,0,14.17429495,3.8,0,Subansiri,42,FALSE,15.71,0.374,1,3
Mizoram,138.15979,227.2145882,241.2619624,23.1,2,Khowai,10,FALSE,8.39,0.839,1,5
Arunachal Pradesh,0,34.77941513,34.77941513,17.4,0,Manas,33,FALSE,21.91,0.664,1,10
Meghalaya,88.96367,181.1942215,245.2604139,14.7,0,Brahmaputra (Dhubri gauge),28.62,TRUE,24.93,0.871,1,6
Assam,0,0,0,11.2,0,Brahmaputra (Dhubri gauge),28.62,TRUE,8.7,0.304,0,1
Nagaland,11.096579,12.93506306,32.34296864,12.7,1,Brahmaputra (Neamatighat gauge),85.05,TRUE,74.16,0.872,1,6
Arunachal Pradesh,1.0714799,3.527664065,3.657724172,28.8,1,Brahmaputra (Dibrugarh gauge),105.7,TRUE,95.76,0.906,0,9
Sikkim,0,0.518578291,2.217996329,25.5,2,Teesta,15,FALSE,7.08,0.472,1,2
Meghalaya,0,9.515253037,264.929367,21.3,1,Brahmaputra (Goalpara gauge),36.27,TRUE,32.5,0.896,0,6
Manipur,0,11.24488592,11.48235541,17.5,1,Imphal River,8,FALSE,3.02,0.378,1,4
Meghalaya,137.99051,152.3762798,220.5211775,19.7,1,Brahmaputra (Goalpara gauge),36.27,TRUE,22.12,0.61,1,5
Meghalaya,178.52635,339.2613602,389.6705984,18.9,0,Brahmaputra (Guwahati gauge),49.68,TRUE,53.21,1.071,0,8
Mizoram,6.747519,43.22034502,105.200335,21.6,1,Tlawng,9,FALSE,5.04,0.56,0,9
Assam,2.7875159,10.52588105,85.82263982,6.7,0,Manas,33,FALSE,21.98,0.666,1,9
Assam,56.647564,64.33928776,109.5218472,5,0,Brahmaputra (Dibrugarh gauge),105.7,TRUE,76.95,0.728,1,7
Nagaland,0,0.673206151,10.69981974,20.1,1,Dhansiri,40,FALSE,16.28,0.407,0,2
Assam,149.64137,192.1939979,238.6759734,4.7,2,Dikrong,14,FALSE,11.09,0.792,1,7
Arunachal Pradesh,0,0,4.040168047,34,0,Brahmaputra (Dibrugarh gauge),105.7,TRUE,54.33,0.514,1,1
Nagaland,0.3168029,3.563251883,81.9111456,20.1,1,Dhansiri,40,FALSE,25.64,0.641,0,9
Manipur,0,0,0,18.6,1,Imphal River,8,FALSE,3.63,0.454,0,4
Arunachal Pradesh,0.003410712,0.175766513,1.816557229,9.4,0,Dikrong,14,FALSE,6.45,0.461,0,4
Tripura,14.483851,51.99348235,230.9826691,20.2,1,Gomti,12,FALSE,10.68,0.89,0,7
Sikkim,17.904097,169.8152599,351.6514511,33.6,1,Teesta,15,FALSE,15,1,1,6
Assam,7.5613246,89.88089526,173.9704574,10.2,0,Manas,33,FALSE,26.76,0.811,1,8
Mizoram,2.290464,11.3000195,34.59586906,24.7,1,Tlawng,9,FALSE,4.56,0.507,1,7
Sikkim,0,0,0,25.5,2,Teesta,15,FALSE,4.86,0.324,0,1
Arunachal Pradesh,0,1.569207549,3.828269541,24.8,1,Brahmaputra (Dibrugarh gauge),105.7,TRUE,84.77,0.802,1,9
Assam,0,0.143410042,2.527357414,7.1,2,Barak,20.5,FALSE,7.24,0.353,1,5
Tripura,5.7183514,12.43567204,54.58146584,17.2,1,Khowai,10,FALSE,10.07,1.007,1,8
Meghalaya,34.894478,93.09616661,178.9934139,19.1,1,Barak,20.5,FALSE,16.44,0.802,1,6
Meghalaya,29.734894,135.2922554,314.6227417,20.9,2,Barak,20.5,FALSE,18.45,0.9,1,6
Sikkim,0,0,2.083061069,31.5,1,Teesta,15,FALSE,6.1,0.407,1,4
Sikkim,0,0,7.664205551,25.5,2,Teesta,15,FALSE,7.03,0.469,1,4
Meghalaya,17.735401,25.59091842,37.35897064,16.2,0,Brahmaputra (Guwahati gauge),49.68,TRUE,22.41,0.451,1,10
Meghalaya,0,5.993168414,7.455499545,18.7,0,Brahmaputra (Guwahati gauge),49.68,TRUE,22.95,0.462,0,9
Manipur,0,0,0,9.1,1,Doyang,18,FALSE,8.98,0.499,0,1
Meghalaya,62.95284,122.3714714,143.3402763,21.7,2,Barak,20.5,FALSE,11.64,0.568,1,5
Arunachal Pradesh,0,80.86686707,118.9615536,31.1,1,Brahmaputra (Dibrugarh gauge),105.7,TRUE,65.64,0.621,1,8
Mizoram,0,0,3.643365026,20.8,0,Tlawng,9,FALSE,4.25,0.472,0,11
Sikkim,58.346878,126.7162762,307.9009714,33.6,1,Teesta,15,FALSE,17.5,1.167,0,6
Tripura,4.34829,43.54790735,107.9755536,12.8,1,Gomti,12,FALSE,7.15,0.596,1,8
Arunachal Pradesh,57.40971,86.94121456,165.9821336,29.3,0,Brahmaputra (Dibrugarh gauge),105.7,TRUE,95.76,0.906,1,8
Assam,0.9871751,3.044238687,3.044238687,4.2,0,Brahmaputra (Dibrugarh gauge),105.7,TRUE,53.48,0.506,0,2
Mizoram,116.91929,190.8844748,198.3226782,23.4,1,Tlawng,9,FALSE,6.51,0.723,0,5
Mizoram,0,0,0,23,2,Khowai,10,FALSE,4.29,0.429,1,1
Sikkim,5.723549,8.523408234,16.73883021,28,1,Teesta,15,FALSE,6.89,0.459,1,2
Assam,0,0,0,7,1,Brahmaputra (Dhubri gauge),28.62,TRUE,12.25,0.428,1,2
Arunachal Pradesh,1.0760511,28.77512705,54.61077416,30.3,1,Brahmaputra (Dibrugarh gauge),105.7,TRUE,52.43,0.496,1,8
Arunachal Pradesh,36.406322,121.9005413,233.9291382,28.6,0,Brahmaputra (Dibrugarh gauge),105.7,TRUE,86.04,0.814,0,7
Arunachal Pradesh,0,0,0,23.2,0,Subansiri,42,FALSE,16.72,0.398,0,1
Mizoram,15.412326,105.5079584,375.0901842,17.7,1,Tlawng,9,FALSE,8.34,0.927,0,6
Mizoram,24.08539,38.63051224,140.5362652,23.1,2,Khowai,10,FALSE,8.94,0.894,0,9
Mizoram,0,4.561669827,19.22321296,17.7,1,Tlawng,9,FALSE,3.11,0.346,0,6
Sikkim,9.2384615,26.75980997,27.78855789,33.4,1,Teesta,15,FALSE,5.5,0.367,0,5
Sikkim,102.415695,189.0717278,213.6832094,24.1,0,Teesta,15,FALSE,12.21,0.814,1,9
Sikkim,5.5354276,14.29717886,53.62186444,23.3,0,Teesta,15,FALSE,6.14,0.409,0,5
Manipur,0,0,0,9.1,1,Doyang,18,FALSE,5.72,0.318,0,12
Assam,0,0,0,2.2,0,Subansiri,42,FALSE,18.06,0.43,1,1
Assam,0,0,1.739505768,3.9,1,Dikrong,14,FALSE,5.52,0.394,0,12
Nagaland,0,0,4.444694042,21.7,0,Dhansiri,40,FALSE,12.84,0.321,1,2
Tripura,0,0,0,16.3,0,Gomti,12,FALSE,5.72,0.477,1,1
Manipur,2.9442902,7.141227007,9.752882242,9.1,1,Doyang,18,FALSE,9.81,0.545,1,3
Assam,0,0,0.134414673,3.4,0,Dikrong,14,FALSE,5.36,0.383,0,12
Tripura,0,0,0,12.7,0,Khowai,10,FALSE,4.69,0.469,0,9
Arunachal Pradesh,88.09999,160.6999893,273.8999901,35.6,1,Brahmaputra (Dibrugarh gauge),105.7,TRUE,91.54,0.866,1,8
Tripura,2.754349,2.754348993,22.42837238,17.1,0,Gomti,12,FALSE,5.87,0.489,0,5
Nagaland,6.5188665,13.04434848,18.85000621,17.9,0,Dhansiri,40,FALSE,23.44,0.586,1,8
Meghalaya,0,0.599623799,26.73376524,16.2,0,Brahmaputra (Guwahati gauge),49.68,TRUE,46.1,0.928,0,8
Meghalaya,17.782015,66.22057343,238.172699,19.7,0,Brahmaputra (Goalpara gauge),36.27,TRUE,31.85,0.878,0,6
Tripura,51.740494,101.0577898,143.6945513,15.2,0,Tlawng,9,FALSE,6.44,0.716,1,6
Mizoram,4.2975326,14.31272364,32.25332713,24.7,1,Tlawng,9,FALSE,3.74,0.416,0,5
Assam,3.010409,33.83184314,47.63440204,5.8,1,Brahmaputra (Guwahati gauge),49.68,TRUE,34.97,0.704,1,7
Sikkim,0,0,107.996851,25.5,2,Teesta,15,FALSE,15.45,1.03,1,9
Sikkim,78.670715,137.2440338,292.8950748,33.6,1,Teesta,15,FALSE,13.29,0.886,0,7
Sikkim,0,11.2640041,84.1593443,29.7,3,Teesta,15,FALSE,7.58,0.505,0,10
Arunachal Pradesh,0,0,0,27.3,1,Brahmaputra (Dibrugarh gauge),105.7,TRUE,39.43,0.373,1,12
Manipur,0.5285806,22.61734194,41.74169028,11.2,0,Imphal River,8,FALSE,4.43,0.554,0,7
Arunachal Pradesh,10.987113,12.98094571,43.65072644,21.4,2,Brahmaputra (Dibrugarh gauge),105.7,TRUE,52.85,0.5,0,10
Nagaland,0,0,0,17.4,0,Doyang,18,FALSE,3.87,0.215,1,1
Manipur,0.27508858,0.275088578,0.275088578,15.3,0,Imphal River,8,FALSE,3.31,0.414,0,10
Meghalaya,26.024206,63.87672806,151.7876348,19.7,0,Brahmaputra (Goalpara gauge),36.27,TRUE,29.12,0.803,1,8
Arunachal Pradesh,16.90158,52.40790653,154.4639866,32.5,1,Brahmaputra (Dibrugarh gauge),105.7,TRUE,115.42,1.092,0,9
Arunachal Pradesh,0,0,9.981666327,25.4,0,Brahmaputra (Dibrugarh gauge),105.7,TRUE,89.63,0.848,0,1
Arunachal Pradesh,0,0.212056845,13.72194174,23.1,1,Brahmaputra (Dibrugarh gauge),105.7,TRUE,57.4,0.543,0,7
Assam,0,0,4.718537331,11.2,0,Brahmaputra (Dhubri gauge),28.62,TRUE,15.03,0.525,0,9
Meghalaya,18.964884,117.0400333,196.5384274,18.8,2,Brahmaputra (Guwahati gauge),49.68,TRUE,47.1,0.948,1,6
Mizoram,1.3185031,1.47384657,1.47384657,22.2,1,Tlawng,9,FALSE,7.48,0.831,1,4
Meghalaya,8.266391,48.90802544,248.6112153,17.5,0,Brahmaputra (Dhubri gauge),28.62,TRUE,21.52,0.752,0,5
Manipur,10.935478,11.8000865,20.62599462,23.5,0,Barak,20.5,FALSE,20.83,1.016,0,7
Manipur,24.341473,28.19546437,41.02710605,17.5,1,Barak,20.5,FALSE,19.09,0.931,0,7
Meghalaya,139.81769,144.2869126,221.3108658,25.6,0,Brahmaputra (Guwahati gauge),49.68,TRUE,47.05,0.947,1,7
Arunachal Pradesh,0,0,9.733358264,9.4,0,Dikrong,14,FALSE,5.67,0.405,0,3
Arunachal Pradesh,55.997143,81.68482322,154.0862805,27.8,0,Brahmaputra (Dibrugarh gauge),105.7,TRUE,53.8,0.509,1,3
Tripura,0,0,0,17.1,0,Gomti,12,FALSE,5.92,0.493,0,1
Meghalaya,0,0,33.43975067,23.4,0,Barak,20.5,FALSE,11.13,0.543,0,11
Meghalaya,8.510635,8.510635376,8.510635376,16.4,0,Brahmaputra (Dhubri gauge),28.62,TRUE,12.34,0.431,1,2
Meghalaya,2.4778595,2.477859497,123.0506961,18.6,2,Brahmaputra (Dhubri gauge),28.62,TRUE,13.74,0.48,1,4
Arunachal Pradesh,0,0,64.70490682,19.1,3,Brahmaputra (Dibrugarh gauge),105.7,TRUE,93.65,0.886,1,9
Arunachal Pradesh,26.619356,26.87814441,29.78028378,27.9,1,Brahmaputra (Dibrugarh gauge),105.7,TRUE,93.65,0.886,1,4
Nagaland,3.0578632,35.06157875,150.4638062,11.2,0,Doyang,18,FALSE,17.91,0.995,0,7
Meghalaya,56.6045,88.54506969,184.2008371,21.3,1,Brahmaputra (Goalpara gauge),36.27,TRUE,34.53,0.952,1,5
Nagaland,0,0,0,11.6,1,Brahmaputra (Dibrugarh gauge),105.7,TRUE,60.14,0.569,1,1
Meghalaya,98.85752,124.797977,264.3484143,18.6,2,Brahmaputra (Dhubri gauge),28.62,TRUE,24.87,0.869,1,6
Mizoram,37.313416,63.91843033,123.7729435,19.4,0,Tlawng,9,FALSE,5.4,0.6,0,9
Assam,3.1985524,3.22593944,3.22593944,6,1,Manas,33,FALSE,14.95,0.453,0,2
Nagaland,18.277868,22.7902627,26.54859984,17.2,0,Brahmaputra (Neamatighat gauge),85.05,TRUE,46.1,0.542,0,10
Meghalaya,0,0,0,27.5,3,Brahmaputra (Guwahati gauge),49.68,TRUE,19.62,0.395,0,11
Arunachal Pradesh,0,3.003526926,168.3584874,23.9,0,Brahmaputra (Dibrugarh gauge),105.7,TRUE,73.57,0.696,1,9
Manipur,1.7042725,3.189294159,16.45174056,17.3,1,Barak,20.5,FALSE,17.65,0.861,1,9
Tripura,164.35373,221.0805641,228.1363115,16.1,0,Gomti,12,FALSE,8.4,0.7,1,5
Manipur,14.263502,17.83072782,17.83072782,16.8,0,Barak,20.5,FALSE,17.88,0.872,0,12
Assam,7.986423,19.4995389,19.4995389,2.8,0,Brahmaputra (Tezpur gauge),65.23,TRUE,53.55,0.821,1,5
Arunachal Pradesh,72.47219,83.77169818,89.13215363,18.1,0,Subansiri,42,FALSE,29.61,0.705,1,10
Arunachal Pradesh,3.9973135,9.165894508,17.97093511,19.6,3,Subansiri,42,FALSE,21.59,0.514,1,8
Meghalaya,24.92597,158.0680637,355.3228378,27.5,3,Brahmaputra (Guwahati gauge),49.68,TRUE,47.89,0.964,0,6
Arunachal Pradesh,21.906227,58.14073944,58.30916288,27.4,0,Brahmaputra (Dibrugarh gauge),105.7,TRUE,104.75,0.991,1,7
Nagaland,44.66074,45.71164334,59.42619884,17.5,2,Dhansiri,40,FALSE,41.84,1.046,1,9
Arunachal Pradesh,17.220015,52.52364731,52.52364731,22.5,2,Brahmaputra (Dibrugarh gauge),105.7,TRUE,53.59,0.507,1,9
Assam,21.778109,229.0981998,460.1745491,10.2,0,Manas,33,FALSE,39.63,1.201,0,6
Manipur,1.9371508,2.966593891,9.88834893,9.1,1,Doyang,18,FALSE,8.93,0.496,0,5
Meghalaya,108.53562,265.2369537,424.6413379,20.6,0,Brahmaputra (Dhubri gauge),28.62,TRUE,36.18,1.264,1,6
Assam,0,10.86637783,67.33313522,4.2,0,Brahmaputra (Dibrugarh gauge),105.7,TRUE,57.08,0.54,0,8
Meghalaya,128.04097,215.0724182,245.4232436,21.6,0,Brahmaputra (Goalpara gauge),36.27,TRUE,36.6,1.009,1,10
Assam,185.31557,413.925354,631.8436604,6.4,0,Brahmaputra (Dhubri gauge),28.62,TRUE,36.18,1.264,1,6
Tripura,0,4.647690773,78.77300262,14.9,0,Gomti,12,FALSE,4.82,0.402,1,4
Assam,0,0,0,10.2,0,Manas,33,FALSE,14.36,0.435,0,1
Manipur,0,0,6.182802975,6.7,0,Doyang,18,FALSE,6.43,0.357,0,10
Arunachal Pradesh,74.53931,88.61827826,94.61530305,18,0,Dikrong,14,FALSE,9.27,0.662,0,10
Assam,53.897053,62.55499268,93.17335242,6.7,1,Brahmaputra (Dibrugarh gauge),105.7,TRUE,49.04,0.464,0,8
Sikkim,0,13.09352779,19.62016472,29.8,2,Teesta,15,FALSE,4.96,0.331,1,5
Meghalaya,101.90455,369.0011406,392.8454924,17.7,1,Brahmaputra (Goalpara gauge),36.27,TRUE,47.15,1.3,1,5
Mizoram,0,6.590757519,52.6969997,21.4,0,Tlawng,9,FALSE,5.78,0.642,1,9
Tripura,83.60578,159.4537678,244.0020275,17.2,1,Khowai,10,FALSE,9.48,0.948,0,6
Nagaland,28.582792,57.79561186,132.6096246,15.4,0,Brahmaputra (Dibrugarh gauge),105.7,TRUE,69.76,0.66,0,4
Assam,83.38425,92.12686443,92.12686443,6.5,0,Manas,33,FALSE,27.39,0.83,1,9
Mizoram,1.3950144,1.974085629,16.23035461,22.9,1,Tlawng,9,FALSE,7.6,0.844,1,4
Meghalaya,7.5987673,61.95349407,217.8836632,20,3,Barak,20.5,FALSE,17.67,0.862,1,6
Sikkim,0,0,0,34.9,3,Teesta,15,FALSE,5.91,0.394,1,2
Tripura,26.102686,29.30144215,308.4080596,14.8,1,Khowai,10,FALSE,9.85,0.985,0,8
Sikkim,70.05953,221.7096786,330.8394156,33.6,1,Teesta,15,FALSE,15.1,1.007,1,7
Manipur,7.7899704,10.35181692,12.423278,15.8,1,Doyang,18,FALSE,9.36,0.52,1,5
Arunachal Pradesh,102.96854,160.8227492,188.2972527,27.1,0,Brahmaputra (Dibrugarh gauge),105.7,TRUE,75.68,0.716,1,5
Nagaland,102.49828,135.3791132,193.5907402,16.6,1,Brahmaputra (Dibrugarh gauge),105.7,TRUE,97.14,0.919,1,8
Mizoram,52.487297,80.72608232,132.723145,23.4,1,Tlawng,9,FALSE,6.46,0.718,0,8
Manipur,4.644014,4.644013882,55.78452706,9.1,1,Doyang,18,FALSE,10.66,0.592,0,9
Meghalaya,48.066387,188.3378792,291.0062813,21.3,1,Brahmaputra (Goalpara gauge),36.27,TRUE,43.89,1.21,1,6
Tripura,18.327652,58.82808471,67.7050415,17.1,0,Gomti,12,FALSE,10.6,0.883,1,8
Meghalaya,3.4163387,8.332003593,18.44533712,20.4,1,Barak,20.5,FALSE,8.69,0.424,1,5
Manipur,0,8.590964794,12.93748391,18,0,Imphal River,8,FALSE,4.35,0.544,0,6
Meghalaya,2.7170982,4.831392527,10.12762874,22,0,Brahmaputra (Guwahati gauge),49.68,TRUE,24.99,0.503,0,5
Sikkim,80.46006,201.2631474,378.7476816,25.7,0,Teesta,15,FALSE,16.86,1.124,0,7
Nagaland,128.7896,130.0061703,192.3280296,18,1,Dhansiri,40,FALSE,34.12,0.853,1,6
Tripura,0.48839113,7.128712028,110.6677984,20.2,1,Gomti,12,FALSE,12.06,1.005,1,8
Assam,106.2101,374.7487869,659.8857193,4.9,1,Manas,33,FALSE,41.35,1.253,1,6
Manipur,0.123814136,4.253543526,4.253543526,23.5,0,Barak,20.5,FALSE,17.61,0.859,0,5
Manipur,0,0,3.681095839,18.6,1,Imphal River,8,FALSE,2.7,0.338,0,3
Arunachal Pradesh,0,0,51.10447598,17.6,1,Subansiri,42,FALSE,16.55,0.394,0,1
Tripura,52.621525,106.1232252,207.3486891,18,1,Gomti,12,FALSE,11.45,0.954,0,6
Assam,0,0,0,9.2,1,Manas,33,FALSE,13.23,0.401,1,12
Meghalaya,54.685345,89.32086849,118.7085735,18.7,0,Brahmaputra (Guwahati gauge),49.68,TRUE,32.14,0.647,1,6
Tripura,79.968704,161.4677525,212.6456832,17.3,0,Khowai,10,FALSE,8.1,0.81,0,7
Nagaland,94.217026,125.0927849,125.9581535,18,1,Brahmaputra (Tezpur gauge),65.23,TRUE,49.51,0.759,0,6
Sikkim,1.381194,2.284866333,3.021084994,31,1,Teesta,15,FALSE,5.84,0.389,1,3
Arunachal Pradesh,0,0,0,28.4,0,Brahmaputra (Dibrugarh gauge),105.7,TRUE,65.43,0.619,1,12
Tripura,62.312336,191.614996,303.9191585,16,0,Gomti,12,FALSE,10.56,0.88,1,8
Sikkim,35.79523,109.8934498,366.495369,31.9,1,Teesta,15,FALSE,12.94,0.863,0,6
Manipur,51.95825,71.18837407,95.15883663,20.6,2,Barak,20.5,FALSE,9.43,0.46,0,5
Sikkim,6.623459,38.08552742,203.8717175,29.7,3,Teesta,15,FALSE,16.4,1.093,1,8
Meghalaya,0,2.149590731,2.149590731,22.1,0,Brahmaputra (Guwahati gauge),49.68,TRUE,19.18,0.386,1,11
Sikkim,2.6610315,5.186172247,36.76544046,31.5,1,Teesta,15,FALSE,5.66,0.377,0,7
Tripura,6.825193,17.6781084,31.23474432,17.1,0,Gomti,12,FALSE,6.86,0.572,1,5
Sikkim,0,0,0,34.2,1,Teesta,15,FALSE,9.99,0.666,0,12
Arunachal Pradesh,0,13.01236248,13.31162569,30.3,1,Brahmaputra (Dibrugarh gauge),105.7,TRUE,25.37,0.24,1,10
Mizoram,71.6605,76.77814502,78.89913219,19.4,0,Tlawng,9,FALSE,6.03,0.67,0,8
Nagaland,54.157818,125.7260094,273.9033909,17.8,0,Dikrong,14,FALSE,14.42,1.03,1,6
Meghalaya,3.1655343,3.165534258,3.165534258,22.7,1,Barak,20.5,FALSE,7.3,0.356,0,10
Mizoram,12.907157,29.43300998,35.99059165,20.3,0,Tlawng,9,FALSE,5.62,0.624,0,7
Arunachal Pradesh,109.57952,159.6001096,314.7778649,28.5,1,Brahmaputra (Dibrugarh gauge),105.7,TRUE,79.91,0.756,1,4
Assam,24.325323,26.01212573,27.51297569,6.3,1,Brahmaputra (Goalpara gauge),36.27,TRUE,33.22,0.916,1,10
Meghalaya,2.9491332,73.1501925,186.4818391,24.7,2,Brahmaputra (Goalpara gauge),36.27,TRUE,29.41,0.811,1,8
Tripura,105.79719,289.3518505,325.7347416,16.1,0,Gomti,12,FALSE,12.72,1.06,1,8
Sikkim,0,2.082720518,2.082720518,31.5,1,Teesta,15,FALSE,10.07,0.671,1,1
Nagaland,15.396512,47.40789032,124.1378841,16.7,2,Brahmaputra (Tezpur gauge),65.23,TRUE,65.16,0.999,1,10
Assam,15.540764,45.30587816,52.17668438,1.3,0,Dikrong,14,FALSE,7.22,0.516,0,6
Sikkim,3.9091034,17.27582693,321.5928965,33.6,1,Teesta,15,FALSE,13.41,0.894,1,8
Sikkim,75.955124,131.6235466,183.08811,33.4,1,Teesta,15,FALSE,13.23,0.882,1,6
Arunachal Pradesh,0,0,0,32.1,1,Brahmaputra (Dibrugarh gauge),105.7,TRUE,32.24,0.305,0,2
Meghalaya,0,0,24.27000618,18.7,0,Brahmaputra (Guwahati gauge),49.68,TRUE,29.01,0.584,0,3
Assam,0,0,13.21831059,11.2,0,Brahmaputra (Dhubri gauge),28.62,TRUE,14.65,0.512,0,10
Mizoram,11.050761,11.05076122,11.05076122,25.8,0,Tlawng,9,FALSE,3.89,0.432,1,3
Arunachal Pradesh,2.46249,80.58753014,232.8288918,29.7,1,Brahmaputra (Dibrugarh gauge),105.7,TRUE,87.1,0.824,0,7
Manipur,7.999572,17.75302607,52.60460383,13.2,1,Doyang,18,FALSE,10.55,0.586,0,7
Tripura,0,0,0,12.8,1,Gomti,12,FALSE,5.7,0.475,1,2
Assam,0,0,42.09600103,9.6,1,Kopili,30,FALSE,10.83,0.361,0,10
Assam,88.09702,118.441349,119.1933956,5.9,2,Subansiri,42,FALSE,28.35,0.675,1,6
Nagaland,96.86382,144.9563828,224.1717682,10.6,0,Brahmaputra (Neamatighat gauge),85.05,TRUE,82.24,0.967,0,8
Arunachal Pradesh,57.625916,90.78720093,189.7836456,30.5,1,Brahmaputra (Dibrugarh gauge),105.7,TRUE,110.03,1.041,0,6
Arunachal Pradesh,17.853477,38.09468651,53.65328264,31.1,1,Brahmaputra (Dibrugarh gauge),105.7,TRUE,68.18,0.645,1,8
Manipur,17.646599,36.75576305,173.4445267,9.1,1,Doyang,18,FALSE,14.54,0.808,1,6
Arunachal Pradesh,0,0,1.520465374,23.1,1,Brahmaputra (Dibrugarh gauge),105.7,TRUE,50.42,0.477,0,1
Meghalaya,54.017586,90.73170042,149.0061048,18.9,0,Brahmaputra (Guwahati gauge),49.68,TRUE,38.65,0.778,0,6
Tripura,0,0,0,13.5,0,Khowai,10,FALSE,4.07,0.407,1,10
Tripura,25.982199,40.86762667,58.69675708,12.7,0,Khowai,10,FALSE,5.35,0.535,0,6
Nagaland,6.3264885,19.83517075,30.65112042,13,1,Doyang,18,FALSE,6.16,0.342,1,5
Assam,60.570625,67.25107735,67.25107735,10.2,0,Manas,33,FALSE,21.32,0.646,1,9
Assam,0,22.75231922,33.14688769,7.1,1,Brahmaputra (Dibrugarh gauge),105.7,TRUE,33.08,0.313,0,3
Arunachal Pradesh,8.985256,57.64884377,139.8793209,31.3,0,Brahmaputra (Dibrugarh gauge),105.7,TRUE,98.41,0.931,1,4
Manipur,8.165243,10.01756386,17.56987954,14,0,Imphal River,8,FALSE,3.42,0.428,0,10
Assam,73.00019,104.2635417,162.6777589,3.3,1,Brahmaputra (Dibrugarh gauge),105.7,TRUE,82.02,0.776,0,9
Arunachal Pradesh,1.5478582,3.934073677,9.756694679,30.3,0,Brahmaputra (Dibrugarh gauge),105.7,TRUE,90.16,0.853,1,7
Nagaland,0,0,0,15.1,2,Brahmaputra (Neamatighat gauge),85.05,TRUE,41.76,0.491,1,12
Assam,78.15281,78.15280914,83.31021929,5.9,0,Brahmaputra (Dibrugarh gauge),105.7,TRUE,55.92,0.529,1,10
Arunachal Pradesh,82.2,203.5999985,225.999997,35.6,1,Brahmaputra (Dibrugarh gauge),105.7,TRUE,82.45,0.78,1,6
Nagaland,0,0.683188185,0.683188185,17.4,0,Doyang,18,FALSE,6.73,0.374,0,2
Arunachal Pradesh,64.23783,68.34904352,215.5545603,29.4,1,Brahmaputra (Dibrugarh gauge),105.7,TRUE,87.41,0.827,1,8
Mizoram,13.366804,15.29364674,97.74229769,25.4,3,Tlawng,9,FALSE,4.29,0.477,0,7
Tripura,8.79192,19.91569853,75.18168879,13.5,0,Gomti,12,FALSE,13.34,1.112,1,7
Meghalaya,108.99219,211.0061054,226.6720059,21.6,0,Brahmaputra (Goalpara gauge),36.27,TRUE,27.71,0.764,0,7
Sikkim,22.790697,85.47613335,131.6542687,24.1,0,Teesta,15,FALSE,8.37,0.558,0,7
Sikkim,2.8167174,4.810422301,25.90399091,34.9,3,Teesta,15,FALSE,6.62,0.441,1,2
Mizoram,4.56167,19.22321296,21.13926412,17.7,1,Tlawng,9,FALSE,8.15,0.906,1,6
Sikkim,7.9083376,13.76346326,15.61087851,27.7,0,Teesta,15,FALSE,15.31,1.021,0,4
Arunachal Pradesh,0.12500459,0.884109497,7.015559137,16.8,0,Dikrong,14,FALSE,9.23,0.659,0,9
Meghalaya,51.682816,73.1688385,93.50285697,15.9,1,Brahmaputra (Dhubri gauge),28.62,TRUE,30.54,1.067,1,8
Sikkim,20.090853,21.03374513,98.85426649,31,1,Teesta,15,FALSE,14.61,0.974,1,8
Arunachal Pradesh,0,13.45407867,15.46842729,25.4,0,Brahmaputra (Dibrugarh gauge),105.7,TRUE,47.88,0.453,1,5
Arunachal Pradesh,10.301191,69.0472374,119.0844371,31.3,0,Brahmaputra (Dibrugarh gauge),105.7,TRUE,101.79,0.963,1,7
Arunachal Pradesh,1.6783086,6.15885365,7.936089993,9.4,0,Dikrong,14,FALSE,11.54,0.824,0,9
Mizoram,3.3542435,4.627156764,28.29373816,19.7,0,Barak,20.5,FALSE,18.51,0.903,1,7
Meghalaya,0,0,0,18.2,1,Manas,33,FALSE,11.78,0.357,0,11
Nagaland,0,6.134641171,15.13252819,15.4,0,Dikrong,14,FALSE,5.31,0.379,0,4
Arunachal Pradesh,1.6197331,50.79641271,56.07730937,33.2,2,Brahmaputra (Dibrugarh gauge),105.7,TRUE,104.54,0.989,1,6
Arunachal Pradesh,2.1895926,5.505610466,6.737157345,16.8,0,Dikrong,14,FALSE,4.61,0.329,0,3
Assam,30.616331,97.54993057,282.0420508,6.2,0,Brahmaputra (Dibrugarh gauge),105.7,TRUE,114.05,1.079,1,7
Sikkim,0,0,0,28.8,0,Teesta,15,FALSE,7.36,0.491,1,1
Assam,80.82668,82.96815515,158.1665523,7.1,2,Barak,20.5,FALSE,13.35,0.651,0,8
Assam,0,0,0,5.9,0,Brahmaputra (Dibrugarh gauge),105.7,TRUE,43.02,0.407,0,1
Mizoram,4.8416114,6.78914535,43.73448265,17.7,1,Tlawng,9,FALSE,5.9,0.656,0,6
Mizoram,1.7821883,3.215138257,3.215138257,21.4,0,Tlawng,9,FALSE,3.69,0.41,0,5
Assam,0,2.350749016,2.723275304,11.2,0,Brahmaputra (Dhubri gauge),28.62,TRUE,12.82,0.448,0,2
Mizoram,0,0,0,20.2,0,Tlawng,9,FALSE,1.71,0.19,0,11
Mizoram,19.06424,21.76358992,39.72698104,23.1,0,Tlawng,9,FALSE,2.77,0.308,0,5
Arunachal Pradesh,25.329865,75.07056046,216.4870682,27.4,0,Brahmaputra (Dibrugarh gauge),105.7,TRUE,54.12,0.512,0,10
Nagaland,0,0,0,16.6,0,Brahmaputra (Neamatighat gauge),85.05,TRUE,28.41,0.334,0,12
Tripura,8.861456,10.45857871,53.06277239,20.2,1,Gomti,12,FALSE,5.39,0.449,1,4
Mizoram,1.4492173,1.449217319,23.27402887,23,0,Tlawng,9,FALSE,7.06,0.785,1,8
Mizoram,51.589355,110.7917614,207.4104376,17.7,1,Tlawng,9,FALSE,5.87,0.652,1,9
Meghalaya,0.81868345,0.818683445,14.1547026,19.6,1,Brahmaputra (Goalpara gauge),36.27,TRUE,12.8,0.353,1,5
Assam,81.05534,199.5866928,425.8026032,8.7,2,Manas,33,FALSE,30.59,0.927,1,6
Nagaland,13.652143,45.36040187,125.1553276,14.6,0,Brahmaputra (Neamatighat gauge),85.05,TRUE,87.77,1.032,1,6
Manipur,3.8618631,23.5361161,41.65243898,20.6,2,Barak,20.5,FALSE,9.64,0.47,0,3
Nagaland,80.93887,99.46203423,102.5667465,16.7,3,Dhansiri,40,FALSE,31.6,0.79,1,9
Tripura,136.32109,251.2370033,364.95681,17.3,0,Khowai,10,FALSE,11.21,1.121,1,6
Mizoram,16.81368,36.4979248,59.15049474,19.4,0,Tlawng,9,FALSE,7.7,0.855,1,8
Arunachal Pradesh,0,0.796272919,35.66258042,15.9,0,Subansiri,42,FALSE,21.71,0.517,1,6
Nagaland,0,0.464554816,7.193301886,20.1,1,Dhansiri,40,FALSE,19.28,0.482,0,2
Tripura,105.186485,141.9116316,261.4613566,16,0,Gomti,12,FALSE,10.91,0.909,1,8
Nagaland,0,0,0,12.7,1,Brahmaputra (Neamatighat gauge),85.05,TRUE,29,0.341,0,11
Arunachal Pradesh,0,0.698918104,0.698918104,32.5,1,Brahmaputra (Dibrugarh gauge),105.7,TRUE,32.45,0.307,1,10
Sikkim,52.9937,167.88517,230.5742636,25.7,0,Teesta,15,FALSE,12,0.8,0,9
Assam,0,0,0,10.2,0,Manas,33,FALSE,12.74,0.386,0,1
Arunachal Pradesh,10.560208,36.07259178,66.46166629,31.6,1,Brahmaputra (Dibrugarh gauge),105.7,TRUE,88.15,0.834,1,6
Sikkim,74.61255,84.74959183,136.8659258,33.4,1,Teesta,15,FALSE,12.42,0.828,1,8
Assam,71.52317,176.3849754,212.3287821,11.2,0,Brahmaputra (Dhubri gauge),28.62,TRUE,20.12,0.703,0,6
Manipur,2.7685225,11.72278452,56.23349667,23.5,0,Barak,20.5,FALSE,11.38,0.555,0,8
Manipur,0.007110655,12.13829142,19.62601143,23.5,0,Barak,20.5,FALSE,9.25,0.451,0,6
Mizoram,36.940784,265.6195107,406.4280648,21.4,0,Tlawng,9,FALSE,7.66,0.851,0,6
Assam,0,0,0,8.4,0,Brahmaputra (Dibrugarh gauge),105.7,TRUE,38.9,0.368,0,1
Meghalaya,87.186806,103.8843803,104.5591608,17.3,0,Brahmaputra (Goalpara gauge),36.27,TRUE,23.61,0.651,1,8
Arunachal Pradesh,0,0,0,19.6,3,Subansiri,42,FALSE,16.42,0.391,0,12
Arunachal Pradesh,0,0,1.312537313,27.1,0,Brahmaputra (Dibrugarh gauge),105.7,TRUE,42.49,0.402,0,10
Arunachal Pradesh,108.20574,148.3010063,197.6044188,29.3,0,Brahmaputra (Dibrugarh gauge),105.7,TRUE,105.38,0.997,1,6
Mizoram,0,0,7.369757652,25.8,0,Tlawng,9,FALSE,3.37,0.374,0,1
Manipur,0,0,0,9.1,1,Doyang,18,FALSE,8.39,0.466,0,3
Manipur,12.211779,18.0944469,30.8480828,9.1,1,Doyang,18,FALSE,19.46,1.081,1,7
Nagaland,44.52844,72.99658775,73.00187692,17.8,0,Dikrong,14,FALSE,3.89,0.278,0,5
Arunachal Pradesh,17.701447,35.17912722,52.88151255,25.2,1,Brahmaputra (Dibrugarh gauge),105.7,TRUE,86.89,0.822,0,10
Manipur,0,0,0,9.7,0,Doyang,18,FALSE,7.9,0.439,0,2
Meghalaya,0,0,0,21.9,1,Brahmaputra (Guwahati gauge),49.68,TRUE,46.2,0.93,1,2
Arunachal Pradesh,0,0,0,17.4,0,Manas,33,FALSE,12.21,0.37,1,11
Sikkim,31.483011,64.99319744,159.7573347,27.7,0,Teesta,15,FALSE,13.35,0.89,1,7
Assam,15.74755,118.075736,324.5211549,7.7,1,Brahmaputra (Dibrugarh gauge),105.7,TRUE,101.68,0.962,1,7
Arunachal Pradesh,0,0,0,25.9,0,Brahmaputra (Dibrugarh gauge),105.7,TRUE,31.18,0.295,1,12
Meghalaya,1.3414927,10.66230702,12.20725769,23.4,0,Barak,20.5,FALSE,11.5,0.561,1,8
Assam,0,3.013005495,45.11878872,11.2,0,Brahmaputra (Dhubri gauge),28.62,TRUE,9.24,0.323,0,10
Arunachal Pradesh,21.273045,76.73155403,130.3228089,20.4,3,Brahmaputra (Dibrugarh gauge),105.7,TRUE,96.4,0.912,1,7
Assam,18.987122,53.42238808,98.75627899,4.5,0,Brahmaputra (Dibrugarh gauge),105.7,TRUE,52.22,0.494,0,5
Meghalaya,9.947108,11.25937343,38.56771374,17.5,0,Brahmaputra (Dhubri gauge),28.62,TRUE,16.51,0.577,1,7
Arunachal Pradesh,51.6,93.79999387,197.4999908,35.6,1,Brahmaputra (Dibrugarh gauge),105.7,TRUE,84.77,0.802,1,7
Meghalaya,0,0.125086948,6.91160886,22.4,0,Brahmaputra (Dhubri gauge),28.62,TRUE,24.01,0.839,1,3
Manipur,21.324415,50.18368626,78.5010972,19.2,0,Imphal River,8,FALSE,9.09,1.136,1,8
Sikkim,0,0,0,32.4,0,Teesta,15,FALSE,5.66,0.377,1,11
Sikkim,83.13933,203.5547485,251.781642,31.5,1,Teesta,15,FALSE,13.36,0.891,1,6
Assam,94.43715,124.4300175,293.8452617,9.2,1,Manas,33,FALSE,33.63,1.019,0,6
Mizoram,0,0,0,22.2,1,Tlawng,9,FALSE,3.82,0.424,1,11
Meghalaya,84.73714,104.2843513,212.0245585,19.7,0,Brahmaputra (Goalpara gauge),36.27,TRUE,32.03,0.883,1,6
Assam,4.839702,27.30828238,84.85378432,2.4,0,Subansiri,42,FALSE,25.62,0.61,1,7
Nagaland,0.3321845,6.873053253,129.2955024,18.8,0,Brahmaputra (Dibrugarh gauge),105.7,TRUE,93.86,0.888,0,3
Sikkim,27.495338,216.5487556,386.44244,29.8,2,Teesta,15,FALSE,13.36,0.891,1,6
Meghalaya,0,87.8048203,650.760915,21.6,0,Brahmaputra (Goalpara gauge),36.27,TRUE,34.6,0.954,1,10
Sikkim,19.78202,24.22531843,73.60164547,29.8,2,Teesta,15,FALSE,10.31,0.687,1,8
Sikkim,19.775557,141.6791935,427.4539299,25.7,0,Teesta,15,FALSE,14.64,0.976,1,7
Assam,3.751252,3.751251936,6.854482196,8.4,0,Brahmaputra (Dibrugarh gauge),105.7,TRUE,34.04,0.322,1,5
Assam,37.583286,47.43140924,140.6601022,11.2,0,Brahmaputra (Dhubri gauge),28.62,TRUE,30.57,1.068,1,8
Arunachal Pradesh,0,0.889342517,10.21009919,25.1,1,Brahmaputra (Dibrugarh gauge),105.7,TRUE,45.03,0.426,1,5
Assam,72.56038,240.5770721,349.269165,10.2,0,Manas,33,FALSE,31.18,0.945,0,6
Sikkim,70.98873,163.6142044,243.8959966,29.8,2,Teesta,15,FALSE,12.98,0.865,1,6
Arunachal Pradesh,93.569176,148.3852224,192.896899,24.7,1,Brahmaputra (Dibrugarh gauge),105.7,TRUE,73.88,0.699,1,5
Sikkim,2.9571373,31.49661279,102.9129667,29.8,2,Teesta,15,FALSE,14.34,0.956,0,9
Sikkim,24.138882,134.0211296,235.53368,31.5,1,Teesta,15,FALSE,17.4,1.16,1,8
Assam,0,0,0,11.2,0,Brahmaputra (Dhubri gauge),28.62,TRUE,12.65,0.442,1,1
Assam,0,0,0,8.3,0,Brahmaputra (Goalpara gauge),36.27,TRUE,12.19,0.336,1,12
Assam,61.77583,69.16213083,133.0599253,7.7,3,Barak,20.5,FALSE,10,0.488,1,10
Mizoram,0,0,3.140365094,17.7,1,Tlawng,9,FALSE,3.88,0.431,1,4
Tripura,13.510608,71.27103138,76.10641873,16.1,0,Gomti,12,FALSE,10.15,0.846,0,8
Meghalaya,38.587452,305.3161201,443.5334339,18.9,0,Brahmaputra (Guwahati gauge),49.68,TRUE,52.51,1.057,0,8
Manipur,24.350065,32.87799501,80.66776156,9,0,Doyang,18,FALSE,18.92,1.051,0,8
Assam,128.87341,157.7070811,220.6347533,4.6,0,Brahmaputra (Goalpara gauge),36.27,TRUE,33.37,0.92,1,6
Sikkim,1.6727709,1.672770858,9.372542918,33.4,1,Teesta,15,FALSE,3.18,0.212,0,3
Arunachal Pradesh,0.153683,5.03999263,46.92647678,17.4,1,Dikrong,14,FALSE,7.98,0.57,1,8
Mizoram,76.14784,272.8733597,387.9832604,21.6,1,Tlawng,9,FALSE,8.6,0.956,1,6
Assam,0,0,0,4.8,0,Dikrong,14,FALSE,5.43,0.388,1,12
Manipur,0,0,0,9.1,1,Doyang,18,FALSE,5.11,0.284,0,1
Manipur,0,8.7408638,8.7408638,19.2,0,Tlawng,9,FALSE,6.06,0.673,1,7
Sikkim,9.228987,53.63212729,277.3522696,25.5,2,Teesta,15,FALSE,12.42,0.828,1,6
Assam,52.69287,113.954977,125.1335986,8.3,1,Brahmaputra (Goalpara gauge),36.27,TRUE,35.94,0.991,1,8
Tripura,108.614555,163.6480494,202.2903324,17.1,0,Gomti,12,FALSE,11.2,0.933,1,7
Assam,0,8.322772861,20.51804054,5.2,0,Dikrong,14,FALSE,5.05,0.361,1,5
Mizoram,0,2.500538349,6.224157333,23.4,0,Tlawng,9,FALSE,3.74,0.416,0,3
Meghalaya,151.22469,327.5042696,369.3435636,18.7,0,Brahmaputra (Guwahati gauge),49.68,TRUE,51.82,1.043,1,5
Meghalaya,0,0,0,19.2,1,Kopili,30,FALSE,15.6,0.52,1,2
Meghalaya,2.9666219,16.83327866,77.77228379,22.7,1,Barak,20.5,FALSE,15.23,0.743,1,6
Tripura,0.35443014,0.457470328,3.960836828,20.2,1,Gomti,12,FALSE,4.12,0.343,0,2
Tripura,31.9355,186.4843922,313.3569947,16.1,0,Gomti,12,FALSE,11.78,0.982,1,8
Tripura,0,19.29600143,21.85659409,12.8,1,Gomti,12,FALSE,3.5,0.292,0,11
Arunachal Pradesh,6.035862,16.40219831,35.14701444,20.1,1,Subansiri,42,FALSE,18.14,0.432,0,4
Arunachal Pradesh,3.1910663,19.02466097,21.77475691,30.3,0,Brahmaputra (Dibrugarh gauge),105.7,TRUE,104.64,0.99,1,8
Meghalaya,76.393814,108.8813305,135.6972723,18.6,2,Brahmaputra (Dhubri gauge),28.62,TRUE,22.95,0.802,1,8
Arunachal Pradesh,57.515434,155.1174088,205.0988978,29.3,2,Brahmaputra (Dibrugarh gauge),105.7,TRUE,135.82,1.285,1,9
Assam,1.6522837,3.812004089,53.50332427,11.2,0,Brahmaputra (Dhubri gauge),28.62,TRUE,10.56,0.369,0,5
Sikkim,4.2269497,4.226949692,4.226949692,28,1,Teesta,15,FALSE,6.45,0.43,1,1
Sikkim,0.039922394,0.480273701,2.171460138,29.8,2,Teesta,15,FALSE,6.36,0.424,1,3
Arunachal Pradesh,0,0,62.33121634,17.6,1,Subansiri,42,FALSE,33.98,0.809,0,9
Meghalaya,90.62113,185.3245878,330.9939179,15.7,1,Brahmaputra (Dhubri gauge),28.62,TRUE,27.27,0.953,1,6
Tripura,7.846012,255.61903,617.3832321,16,0,Gomti,12,FALSE,11.94,0.995,0,8
Tripura,113.07773,276.8913555,284.9762364,14.5,0,Khowai,10,FALSE,8.06,0.806,0,5
Arunachal Pradesh,106.02232,141.8866048,188.0224273,33.6,0,Brahmaputra (Dibrugarh gauge),105.7,TRUE,89.42,0.846,1,6
Arunachal Pradesh,0.6084688,0.872967035,23.96385285,31.3,0,Brahmaputra (Dibrugarh gauge),105.7,TRUE,117.64,1.113,1,8
Meghalaya,17.06548,29.05310345,195.2953906,18.8,0,Brahmaputra (Guwahati gauge),49.68,TRUE,40.69,0.819,0,6
Tripura,104.994415,126.6479015,126.6479015,17.1,0,Gomti,12,FALSE,8.84,0.737,0,11
Tripura,66.40783,130.6097527,174.8712474,17.3,0,Gomti,12,FALSE,13.76,1.147,1,6
Arunachal Pradesh,14.131868,26.6957171,30.90655018,30.3,1,Brahmaputra (Dibrugarh gauge),105.7,TRUE,100.84,0.954,1,7
Assam,311.37277,408.2348366,455.9069138,9.1,1,Khowai,10,FALSE,11.23,1.123,1,6
Arunachal Pradesh,50.825302,153.5876589,158.3525516,20.8,0,Brahmaputra (Dibrugarh gauge),105.7,TRUE,67.44,0.638,1,6
Meghalaya,0,12.37035656,14.85190654,19.2,1,Kopili,30,FALSE,11.79,0.393,0,4
Arunachal Pradesh,0,0,0,34,0,Brahmaputra (Dibrugarh gauge),105.7,TRUE,53.27,0.504,1,1
Meghalaya,11.227372,209.4373331,1022.135434,21.6,0,Brahmaputra (Goalpara gauge),36.27,TRUE,34.93,0.963,1,7
Manipur,0,0,0,6.7,0,Doyang,18,FALSE,4.5,0.25,1,1
Arunachal Pradesh,84.161545,108.2068455,183.6106335,26.1,0,Brahmaputra (Dibrugarh gauge),105.7,TRUE,73.14,0.692,1,3
Arunachal Pradesh,17.266546,24.91127872,27.77791691,23.1,1,Subansiri,42,FALSE,21.04,0.501,0,7
Sikkim,24.747076,48.94706619,78.05772156,25.5,2,Teesta,15,FALSE,9.93,0.662,1,9
Meghalaya,0.8252344,3.979720265,3.979720265,22.3,0,Brahmaputra (Guwahati gauge),49.68,TRUE,18.23,0.367,1,2
Meghalaya,2.3589897,2.594512492,21.04253867,20.9,2,Barak,20.5,FALSE,15.7,0.766,1,6
Meghalaya,22.65825,85.6857338,157.3770056,16.2,0,Brahmaputra (Guwahati gauge),49.68,TRUE,46.45,0.935,1,6
Sikkim,0,0,0,33.6,1,Teesta,15,FALSE,8.04,0.536,0,3
Meghalaya,96.14303,97.78365648,115.5581696,18.6,2,Brahmaputra (Dhubri gauge),28.62,TRUE,28.25,0.987,1,6
Arunachal Pradesh,1.8315228,52.93986309,377.5513705,27.4,0,Brahmaputra (Dibrugarh gauge),105.7,TRUE,98.94,0.936,1,6
Manipur,10.8197565,46.34085941,99.90595293,15,1,Barak,20.5,FALSE,21.16,1.032,0,6
Arunachal Pradesh,85.646385,151.0825815,232.6415653,28.1,0,Brahmaputra (Dibrugarh gauge),105.7,TRUE,85.83,0.812,0,7
Arunachal Pradesh,2.1497583,2.853213966,9.608457506,28.1,0,Brahmaputra (Dibrugarh gauge),105.7,TRUE,90.69,0.858,1,4
Mizoram,82.986435,143.0731945,183.0094899,20.3,0,Tlawng,9,FALSE,6.35,0.706,1,8
Manipur,1.8933574,16.88064098,30.30901027,13.9,1,Imphal River,8,FALSE,6.77,0.846,1,7
Meghalaya,2.194486,2.194485903,46.77968657,20.7,1,Barak,20.5,FALSE,8.14,0.397,1,10
Nagaland,13.331649,61.33298683,142.2441139,13.8,0,Dhansiri,40,FALSE,17.16,0.429,1,8
Assam,81.57448,86.93128586,104.3008637,11.2,0,Brahmaputra (Dhubri gauge),28.62,TRUE,15.51,0.542,1,6
Arunachal Pradesh,0,0,0,20.4,0,Brahmaputra (Tezpur gauge),65.23,TRUE,31.9,0.489,0,1
Assam,8.431461,8.587620378,17.46852934,8.1,2,Kopili,30,FALSE,8.79,0.293,0,4
Arunachal Pradesh,55.101585,126.4958496,183.5695823,29.7,0,Brahmaputra (Dibrugarh gauge),105.7,TRUE,70.4,0.666,1,6
Meghalaya,0,11.31847191,17.1697585,19.6,1,Brahmaputra (Goalpara gauge),36.27,TRUE,15.67,0.432,0,9
Nagaland,3.9471242,33.79224372,122.7585499,12.7,1,Brahmaputra (Neamatighat gauge),85.05,TRUE,51.8,0.609,0,6
Mizoram,177.89497,328.1921463,370.4428427,23.1,2,Khowai,10,FALSE,10.06,1.006,1,6
Nagaland,1.3631849,2.407057554,17.33422163,16.7,3,Dhansiri,40,FALSE,19.36,0.484,1,6
Manipur,19.41622,78.7932415,117.849122,20.7,2,Barak,20.5,FALSE,9.88,0.482,1,8
Meghalaya,43.922474,133.873373,336.8891406,20.9,2,Barak,20.5,FALSE,21.03,1.026,0,6
Meghalaya,0,0,0,19.1,1,Barak,20.5,FALSE,16.95,0.827,0,2
Mizoram,30.198143,55.93459034,58.47696304,23,2,Khowai,10,FALSE,4.79,0.479,1,10
Assam,102.53055,130.3768835,186.1043243,4.9,1,Manas,33,FALSE,30.39,0.921,1,6
Sikkim,43.89271,70.80968547,219.6791584,34.9,3,Teesta,15,FALSE,17.9,1.193,1,8
Manipur,0.46340373,24.16020587,29.62348548,15.3,0,Imphal River,8,FALSE,4.95,0.619,0,7
Tripura,41.489975,91.54071617,134.9285071,13.5,0,Khowai,10,FALSE,10.4,1.04,1,8
Sikkim,12.503433,21.93923116,157.0868666,33.6,1,Teesta,15,FALSE,15.85,1.057,1,6
Assam,0.018752463,16.5225457,229.7775554,5.9,0,Brahmaputra (Dhubri gauge),28.62,TRUE,23.33,0.815,0,9
Manipur,0,0,0,9.7,0,Doyang,18,FALSE,5.94,0.33,1,11
Manipur,4.270519,71.43970442,104.6807969,6.7,0,Doyang,18,FALSE,18.65,1.036,1,8
Assam,2.6079476,10.75520444,96.82850921,3,0,Dikrong,14,FALSE,13.76,0.983,1,8
Meghalaya,147.1761,265.6200018,272.6437584,21.6,0,Brahmaputra (Goalpara gauge),36.27,TRUE,35.76,0.986,1,7
Tripura,133.98416,201.5742855,209.2203037,13.3,2,Khowai,10,FALSE,6.03,0.603,1,5
Assam,87.9177,138.9552822,147.7341008,6.2,0,Brahmaputra (Dibrugarh gauge),105.7,TRUE,62.68,0.593,0,4
Assam,0,0,0,4.6,1,Brahmaputra (Goalpara gauge),36.27,TRUE,13.2,0.364,1,12
Manipur,1.6525865,8.885789156,38.45772862,8.4,2,Imphal River,8,FALSE,4.35,0.544,1,9
Arunachal Pradesh,0,0,0,33.2,2,Brahmaputra (Dibrugarh gauge),105.7,TRUE,50.63,0.479,1,1
Nagaland,0,0,18.7993983,17.7,1,Dhansiri,40,FALSE,17.04,0.426,1,10
Assam,0,2.671505988,87.86768204,3.3,0,Subansiri,42,FALSE,23.35,0.556,0,9
Arunachal Pradesh,68.22223,89.48073483,111.573925,17.4,1,Dikrong,14,FALSE,6.93,0.495,1,8
Nagaland,17.06774,37.31820583,104.744648,13.3,0,Doyang,18,FALSE,9.5,0.528,1,6
Manipur,8.069943,31.56643867,101.3694985,17.5,1,Barak,20.5,FALSE,19.64,0.958,0,4
Manipur,57.455654,91.19011688,116.2672085,6.7,0,Doyang,18,FALSE,11.43,0.635,1,9
Arunachal Pradesh,9.106684,11.5420832,11.5420832,9.4,0,Dikrong,14,FALSE,5.18,0.37,0,2
Mizoram,0,0,0,23.6,0,Tlawng,9,FALSE,3.53,0.392,1,2
Manipur,0,0,0,14,0,Imphal River,8,FALSE,6.42,0.803,0,12
Mizoram,0.30025914,1.699053675,37.5973554,20.3,0,Tlawng,9,FALSE,4.89,0.543,0,7
Nagaland,2.7491539,16.06445694,85.75571775,10.6,0,Brahmaputra (Neamatighat gauge),85.05,TRUE,78.84,0.927,1,7
Nagaland,0,0,0,19.3,0,Doyang,18,FALSE,5.62,0.312,0,1
Meghalaya,42.803066,157.0578308,328.1600838,20.9,2,Barak,20.5,FALSE,20.89,1.019,0,6
Mizoram,23.11406,38.20912886,85.01871049,23.1,0,Tlawng,9,FALSE,5.08,0.565,1,9
Manipur,0,0,0.298537809,19.8,0,Doyang,18,FALSE,8.01,0.445,0,3
Arunachal Pradesh,12.062169,21.33884776,32.62179434,27.2,0,Brahmaputra (Dibrugarh gauge),105.7,TRUE,37.84,0.358,0,5
Nagaland,0,0,1.118050337,21.7,0,Dhansiri,40,FALSE,17.64,0.441,1,11
Arunachal Pradesh,78.62302,108.6856346,133.4136229,19.1,3,Brahmaputra (Dibrugarh gauge),105.7,TRUE,75.89,0.718,1,6
Meghalaya,19.30685,27.82803434,45.28941625,22.7,1,Barak,20.5,FALSE,13.59,0.663,0,9
Manipur,0,0,13.65831947,13.2,1,Doyang,18,FALSE,7.43,0.413,1,10
Assam,106.682846,312.2471237,766.0774231,6,1,Brahmaputra (Dhubri gauge),28.62,TRUE,33.26,1.162,1,6
Mizoram,19.342882,216.8180141,371.5644126,23.1,2,Khowai,10,FALSE,10.11,1.011,1,6
Sikkim,0,0,15.69979894,25.7,0,Teesta,15,FALSE,14.76,0.984,1,5
Tripura,0.32934505,0.968547359,133.8788943,16.1,0,Gomti,12,FALSE,8.87,0.739,0,9
Arunachal Pradesh,4.2838283,5.613529801,14.31802648,18,0,Dikrong,14,FALSE,7.34,0.524,1,9
Mizoram,0,0,0.166412935,20.2,1,Tlawng,9,FALSE,3.93,0.437,1,11
Sikkim,0,0,0,33.6,1,Teesta,15,FALSE,10.66,0.711,0,1
Assam,63.272556,97.43606186,98.39717376,3.6,1,Brahmaputra (Tezpur gauge),65.23,TRUE,53.49,0.82,1,5
Arunachal Pradesh,0,0.137324989,0.137324989,31.6,1,Brahmaputra (Dibrugarh gauge),105.7,TRUE,35.94,0.34,0,1
Mizoram,0,0,0.692242086,17.7,1,Tlawng,9,FALSE,3.1,0.344,1,12
Meghalaya,0,304.837738,519.1444244,20.5,1,Brahmaputra (Guwahati gauge),49.68,TRUE,56.49,1.137,1,8
Nagaland,0,0,0,17.7,1,Dhansiri,40,FALSE,33.24,0.831,0,1
Nagaland,69.46008,82.02940941,87.35317135,19,6,Brahmaputra (Neamatighat gauge),85.05,TRUE,54.01,0.635,0,8
Arunachal Pradesh,0,4.592106819,15.79643215,17.4,1,Dikrong,14,FALSE,8.09,0.578,1,7
Meghalaya,54.21744,200.3748131,309.7076932,22,0,Brahmaputra (Guwahati gauge),49.68,TRUE,44.66,0.899,1,6
Assam,0,0.039493281,0.039493281,3.9,0,Brahmaputra (Guwahati gauge),49.68,TRUE,18.88,0.38,1,3
Manipur,3.877812,6.030479193,32.81128085,19.2,0,Tlawng,9,FALSE,3.82,0.425,1,5
Sikkim,73.45295,99.44282722,238.48387,33.6,1,Teesta,15,FALSE,14.8,0.987,1,7
Assam,1.3935616,15.56499702,103.2377259,8.7,2,Manas,33,FALSE,20.39,0.618,1,8
Arunachal Pradesh,126.11105,248.8538265,277.8433486,28.8,1,Brahmaputra (Dibrugarh gauge),105.7,TRUE,95.76,0.906,1,6
Tripura,177.59166,213.701889,237.5317315,16,0,Gomti,12,FALSE,13.2,1.1,1,8
Assam,20.490765,23.55213094,23.79153337,8.4,0,Brahmaputra (Dibrugarh gauge),105.7,TRUE,62.89,0.595,1,9
Arunachal Pradesh,0,33.55509084,75.08657068,13.8,0,Dikrong,14,FALSE,7.95,0.568,1,8
Arunachal Pradesh,0,0,0,16.5,1,Dikrong,14,FALSE,6.29,0.449,1,2
Assam,70.16225,126.9081841,161.7732061,7.7,1,Brahmaputra (Dibrugarh gauge),105.7,TRUE,78.22,0.74,1,7
Nagaland,0,23.50675535,61.56593364,18,1,Brahmaputra (Tezpur gauge),65.23,TRUE,58.05,0.89,1,8
Manipur,3.2616932,13.13569591,20.97233516,17.5,1,Barak,20.5,FALSE,9.8,0.478,1,3
Meghalaya,2.5816371,32.56798911,499.5781648,20,3,Barak,20.5,FALSE,21.26,1.037,1,6
Tripura,76.84424,148.4249096,221.8319088,13.5,0,Khowai,10,FALSE,9.15,0.915,0,6
Assam,12.0543585,54.1746664,101.430454,1.8,1,Dikrong,14,FALSE,14.03,1.002,0,9
Mizoram,80.19454,130.0507307,154.8997602,23.1,0,Tlawng,9,FALSE,4.25,0.472,1,5
Tripura,21.129189,21.12918854,43.79263052,20.2,1,Gomti,12,FALSE,7.03,0.586,0,8
Nagaland,57.22247,102.5562248,117.2667425,17.8,0,Subansiri,42,FALSE,18.14,0.432,1,3
Assam,55.90483,85.07335973,94.5643167,1.9,0,Dikrong,14,FALSE,6.47,0.462,0,5
Tripura,52.49805,62.75207281,93.55724692,14.5,0,Khowai,10,FALSE,4.42,0.442,1,8
Meghalaya,1.4715347,4.616789341,4.616789341,22.4,0,Brahmaputra (Dhubri gauge),28.62,TRUE,16.63,0.581,1,9
Assam,62.257183,147.543148,260.3883984,4.4,1,Brahmaputra (Tezpur gauge),65.23,TRUE,58.58,0.898,0,7
Tripura,0,0,0,12.6,1,Gomti,12,FALSE,3.73,0.311,1,5
Nagaland,0.34614742,7.206901789,59.87623982,18,1,Brahmaputra (Tezpur gauge),65.23,TRUE,48.6,0.745,0,8
Nagaland,0,1.768863767,47.45576158,15.4,0,Dikrong,14,FALSE,5,0.357,1,4
Mizoram,7.9335117,112.835568,227.9756589,25.8,0,Tlawng,9,FALSE,7.85,0.872,1,7
Tripura,87.2322,91.33978939,124.2715449,18,1,Gomti,12,FALSE,6.59,0.549,0,5
Meghalaya,11.55235,15.94977063,27.05859822,18.8,2,Brahmaputra (Guwahati gauge),49.68,TRUE,24.14,0.486,1,4
Arunachal Pradesh,9.281737,80.54930782,144.8470025,9.4,0,Dikrong,14,FALSE,13.3,0.95,0,7
Meghalaya,71.74525,100.4250555,128.1449595,17.5,0,Brahmaputra (Dhubri gauge),28.62,TRUE,23.84,0.833,1,8
Mizoram,0,11.00832915,23.33739482,22.9,0,Barak,20.5,FALSE,9.98,0.487,0,7
Meghalaya,0,0,0,17.3,0,Brahmaputra (Goalpara gauge),36.27,TRUE,24.19,0.667,0,3
Tripura,45.09689,139.1705208,228.8826798,17.3,0,Khowai,10,FALSE,6.41,0.641,0,5
Manipur,0.55576193,0.555761933,34.35852695,18,0,Imphal River,8,FALSE,7.82,0.978,1,8
Arunachal Pradesh,74.13285,163.2055759,271.7303944,20.7,2,Subansiri,42,FALSE,42.21,1.005,1,6
Tripura,0,0,0,20.2,1,Gomti,12,FALSE,4.98,0.415,1,1
Assam,1.7447044,16.22963297,28.48950005,3.1,0,Dikrong,14,FALSE,5.81,0.415,0,9
Arunachal Pradesh,0,53.15145683,70.04963446,23,0,Brahmaputra (Dibrugarh gauge),105.7,TRUE,66.38,0.628,1,7
Arunachal Pradesh,0,0,0,28.5,1,Brahmaputra (Dibrugarh gauge),105.7,TRUE,47.46,0.449,0,12
Arunachal Pradesh,8.411069,8.411068916,12.61527538,29.3,0,Brahmaputra (Dibrugarh gauge),105.7,TRUE,48.73,0.461,1,10
Assam,73.30387,74.58131278,83.36913121,6.7,1,Brahmaputra (Dhubri gauge),28.62,TRUE,13.65,0.477,1,5
Meghalaya,6.6558294,6.65582943,20.1093328,20.2,0,Brahmaputra (Guwahati gauge),49.68,TRUE,25.93,0.522,0,9
Arunachal Pradesh,0.83422863,23.71851265,72.57075036,18.6,0,Brahmaputra (Dibrugarh gauge),105.7,TRUE,107.5,1.017,1,9
Mizoram,72.85001,268.3536034,401.433919,22.2,1,Tlawng,9,FALSE,10.85,1.206,1,6
Manipur,1.7455257,29.1200496,36.82393944,11.2,0,Imphal River,8,FALSE,4.62,0.578,1,6
Nagaland,0,3.800960779,10.31248081,20.1,1,Dhansiri,40,FALSE,17.28,0.432,1,10
Arunachal Pradesh,5.656168,8.349159479,9.757539988,9.4,0,Dikrong,14,FALSE,8.26,0.59,1,2
Mizoram,162.69621,251.2773438,364.170445,20.4,0,Tlawng,9,FALSE,8.11,0.901,1,5
Manipur,62.068966,69.51595688,104.8951602,16,2,Imphal River,8,FALSE,5.87,0.734,0,8
Nagaland,48.034637,48.03463745,94.27048111,16.6,0,Brahmaputra (Neamatighat gauge),85.05,TRUE,61.41,0.722,0,7
Nagaland,0,5.279720187,57.75626206,21.7,0,Dhansiri,40,FALSE,28.76,0.719,1,9
Arunachal Pradesh,53.997902,53.99790192,54.11368299,23,0,Brahmaputra (Dibrugarh gauge),105.7,TRUE,44.82,0.424,1,5
Mizoram,57.996513,95.20743799,126.3290052,24.8,0,Tlawng,9,FALSE,9.22,1.024,1,7
Meghalaya,24.015675,40.67615795,57.27042431,19.1,1,Barak,20.5,FALSE,12.38,0.604,1,7
Manipur,0,0,38.24090731,9.7,0,Doyang,18,FALSE,8.37,0.465,0,10
Assam,0,0,0,7.7,3,Barak,20.5,FALSE,10.19,0.497,0,1
Meghalaya,5.425167,17.30083489,18.61179578,22.7,1,Barak,20.5,FALSE,16.54,0.807,0,5
Tripura,0,0,0,20.2,1,Gomti,12,FALSE,5.3,0.442,1,1
Arunachal Pradesh,0,0,5.110177159,17.4,1,Dikrong,14,FALSE,6.13,0.438,0,1
Tripura,52.38265,223.2895393,331.2866039,18,1,Gomti,12,FALSE,11.4,0.95,0,7
Mizoram,8.303692,113.808001,228.3997922,20.3,0,Tlawng,9,FALSE,8.2,0.911,1,7
Tripura,2.386071,32.92747664,97.13800037,20.2,1,Gomti,12,FALSE,8.48,0.707,0,7
Arunachal Pradesh,2.775005,3.509622753,11.88544752,16.8,0,Dikrong,14,FALSE,11.38,0.813,1,9
Tripura,9.524038,21.58351326,151.2560954,16.1,0,Gomti,12,FALSE,8.34,0.695,0,8
Mizoram,14.149705,17.59429502,86.14115751,21.9,2,Tlawng,9,FALSE,7.85,0.872,1,6
Assam,0.44636548,27.30264366,30.65779141,7.8,1,Brahmaputra (Dibrugarh gauge),105.7,TRUE,29.38,0.278,0,3
Tripura,46.3563,60.72434139,207.0161705,14.8,1,Khowai,10,FALSE,8.07,0.807,0,6
Mizoram,0,31.69029045,74.32548869,19.4,0,Tlawng,9,FALSE,4.46,0.495,0,9
Meghalaya,66.33649,218.1426888,409.0033603,15.9,1,Brahmaputra (Dhubri gauge),28.62,TRUE,27.39,0.957,0,6
Arunachal Pradesh,153.5553,282.4862404,370.7889149,28.6,1,Brahmaputra (Dibrugarh gauge),105.7,TRUE,117.33,1.11,1,6
Sikkim,28.204494,47.26146078,106.8288938,27.7,0,Teesta,15,FALSE,6.9,0.46,0,6
Assam,271.28363,481.4202957,573.1686249,6.8,1,Brahmaputra (Goalpara gauge),36.27,TRUE,40.66,1.121,1,6
Mizoram,0,0.86855793,41.25851464,20.2,1,Tlawng,9,FALSE,4.24,0.471,0,9
Tripura,8.795601,13.37352848,98.60403347,14.8,1,Khowai,10,FALSE,9.94,0.994,0,7
Meghalaya,110.98394,359.995163,603.5783215,20.2,0,Brahmaputra (Guwahati gauge),49.68,TRUE,64.34,1.295,1,8
Arunachal Pradesh,0,0,0,26.1,0,Brahmaputra (Dibrugarh gauge),105.7,TRUE,56.23,0.532,1,12
Tripura,0,0,0,20.2,1,Gomti,12,FALSE,3.79,0.316,1,1
Arunachal Pradesh,55.505913,156.5368118,312.2997341,29.7,1,Brahmaputra (Dibrugarh gauge),105.7,TRUE,96.93,0.917,1,7
Arunachal Pradesh,152.65712,195.6845236,197.0202135,23.1,1,Subansiri,42,FALSE,26.38,0.628,0,5
Mizoram,10.687252,12.87044835,19.0638631,24.7,1,Tlawng,9,FALSE,9.53,1.059,0,9
Manipur,1.5637167,8.302603006,8.53765735,23.5,0,Barak,20.5,FALSE,8.02,0.391,0,4
Mizoram,78.01551,135.7274532,174.3057281,22.2,1,Tlawng,9,FALSE,7.17,0.797,1,8
Assam,0,0,5.052438706,5.5,1,Brahmaputra (Guwahati gauge),49.68,TRUE,41.48,0.835,1,2
Meghalaya,32.65642,32.65642166,32.9242309,17.5,0,Brahmaputra (Dhubri gauge),28.62,TRUE,16.57,0.579,1,9
Manipur,101.519035,103.8689444,137.5047339,19.8,0,Doyang,18,FALSE,11.86,0.659,1,7
Arunachal Pradesh,0,0,0,9.4,0,Dikrong,14,FALSE,8.51,0.608,1,11
Arunachal Pradesh,11.08882,23.85278988,28.9107382,20.7,2,Subansiri,42,FALSE,22.76,0.542,0,7
Meghalaya,0.49659473,115.799289,557.471576,19.7,0,Brahmaputra (Goalpara gauge),36.27,TRUE,36.05,0.994,1,6
Meghalaya,80.96297,97.47913265,122.0660253,22.3,0,Brahmaputra (Guwahati gauge),49.68,TRUE,26.48,0.533,0,5
Assam,0,0,0,11.2,0,Brahmaputra (Dhubri gauge),28.62,TRUE,13.97,0.488,0,11
Tripura,0.25071523,33.82135555,49.6534645,16.1,0,Gomti,12,FALSE,8.45,0.704,1,7
Meghalaya,0.15042454,0.587575436,2.28327024,21.7,2,Barak,20.5,FALSE,11.93,0.582,0,6
Mizoram,0.5492329,0.5492329,0.5492329,23.3,0,Tlawng,9,FALSE,4.69,0.521,1,12
Mizoram,0,0,0.291622072,23.3,0,Tlawng,9,FALSE,2.67,0.297,1,10
Nagaland,55.743095,98.77877045,192.5298441,13.6,0,Doyang,18,FALSE,14.47,0.804,0,8
Assam,1.5392927,22.20269191,48.66839445,8.5,0,Brahmaputra (Dibrugarh gauge),105.7,TRUE,86.57,0.819,0,5
Mizoram,0,34.5119648,106.4343014,22.2,1,Tlawng,9,FALSE,8.29,0.921,1,9
Arunachal Pradesh,0,0,0,9.4,0,Dikrong,14,FALSE,5.6,0.4,1,12
Sikkim,102.20182,232.2828293,366.2228842,25.7,0,Teesta,15,FALSE,15.04,1.003,1,7
Assam,0,23.8520031,50.13680434,8.7,1,Manas,33,FALSE,26.83,0.813,1,7
Assam,0,0,0,6.7,1,Brahmaputra (Dibrugarh gauge),105.7,TRUE,90.8,0.859,0,12
Tripura,61.581333,136.6429863,199.9460311,14.2,0,Khowai,10,FALSE,8.8,0.88,0,6
Meghalaya,79.01084,270.3536148,299.2068059,22,0,Brahmaputra (Guwahati gauge),49.68,TRUE,49.53,0.997,0,8
Nagaland,71.060745,86.87216282,269.8021441,17.8,0,Subansiri,42,FALSE,34.61,0.824,1,8
Tripura,0,0,0,14.9,0,Gomti,12,FALSE,6.29,0.524,1,4
Arunachal Pradesh,121.49073,151.7521279,213.4775003,26.1,0,Brahmaputra (Dibrugarh gauge),105.7,TRUE,80.33,0.76,1,8
Manipur,0.6535033,3.047096491,17.0699833,23.5,0,Barak,20.5,FALSE,14.78,0.721,0,8
Manipur,1.9716227,13.46064782,38.56598568,19.6,0,Imphal River,8,FALSE,3.34,0.417,0,3
Assam,0,0,0,11.2,0,Brahmaputra (Dhubri gauge),28.62,TRUE,10.85,0.379,0,3
Arunachal Pradesh,98.92687,155.6970325,176.4892345,28.9,1,Brahmaputra (Dibrugarh gauge),105.7,TRUE,71.14,0.673,1,5
Assam,0.66823006,8.276748896,47.05398738,1.8,1,Dikrong,14,FALSE,8.26,0.59,0,7
Manipur,32.928455,61.00165176,100.5497432,9.1,1,Doyang,18,FALSE,12.4,0.689,1,9
Nagaland,0,7.350674391,42.49524438,16.6,1,Brahmaputra (Dibrugarh gauge),105.7,TRUE,17.02,0.161,0,10
Manipur,0,1.904307604,87.05554318,13.2,1,Doyang,18,FALSE,11.32,0.629,0,9
Arunachal Pradesh,69.79701,195.3632145,298.7768764,31.9,1,Brahmaputra (Dibrugarh gauge),105.7,TRUE,85.72,0.811,1,5
Mizoram,90.739204,139.2099037,236.1190293,24,1,Tlawng,9,FALSE,7.63,0.848,1,7
Mizoram,5.284018,23.12038177,60.56204599,21.4,0,Tlawng,9,FALSE,5.23,0.581,1,7
Arunachal Pradesh,74.23561,164.4536324,255.4185371,29.1,1,Brahmaputra (Dibrugarh gauge),105.7,TRUE,90.27,0.854,0,6
Nagaland,0,5.176681042,43.64304042,10.6,0,Brahmaputra (Neamatighat gauge),85.05,TRUE,33.68,0.396,0,5
Meghalaya,0,0,0,22.1,0,Brahmaputra (Guwahati gauge),49.68,TRUE,23.45,0.472,0,12
Mizoram,0,0,0,22.9,0,Barak,20.5,FALSE,9.53,0.465,0,4
Mizoram,0,0,0,20.7,0,Tlawng,9,FALSE,7.61,0.846,1,2
Assam,0.56777275,208.930642,222.2940174,8.3,1,Brahmaputra (Goalpara gauge),36.27,TRUE,30.07,0.829,1,9
Sikkim,5.634776,41.75013638,79.22995281,31,1,Teesta,15,FALSE,16.48,1.099,1,8
Manipur,10.998856,36.63710308,95.83219957,6.7,0,Doyang,18,FALSE,13.07,0.726,1,7
Meghalaya,108.68855,186.8018627,210.0800636,19.7,1,Brahmaputra (Goalpara gauge),36.27,TRUE,29.85,0.823,1,7
Nagaland,12.206469,46.92242146,95.64854673,13,1,Doyang,18,FALSE,11.27,0.626,0,6
Manipur,11.536488,17.92064953,96.73584759,18,0,Imphal River,8,FALSE,8.09,1.011,1,8
Sikkim,50.672676,166.1144447,337.9158211,33.6,1,Teesta,15,FALSE,15.48,1.032,0,6
Tripura,73.02054,197.830452,353.3949474,14.9,0,Gomti,12,FALSE,13.33,1.111,1,8
Tripura,285.33688,313.1892843,326.4738972,18,1,Gomti,12,FALSE,11.71,0.976,1,8
Arunachal Pradesh,7.441133,21.12830412,21.24750289,13.8,0,Dikrong,14,FALSE,6.75,0.482,1,11
Arunachal Pradesh,0,0,11.93505168,9.4,0,Dikrong,14,FALSE,7.27,0.519,0,3
Tripura,0.12063687,0.69366198,0.69366198,18,1,Gomti,12,FALSE,4.99,0.416,0,2
Arunachal Pradesh,0,1.260528207,16.33966327,19.1,3,Brahmaputra (Dibrugarh gauge),105.7,TRUE,58.14,0.55,1,8
Nagaland,56.844856,62.00794578,116.2940772,21.7,0,Dhansiri,40,FALSE,19.64,0.491,0,5
Sikkim,18.838331,79.53137398,157.4083538,32.4,0,Teesta,15,FALSE,14.28,0.952,1,9
Sikkim,0,0,10.97128928,33.6,1,Teesta,15,FALSE,5.46,0.364,1,4
Meghalaya,1.6372983,44.40250564,72.42784667,17.7,1,Brahmaputra (Goalpara gauge),36.27,TRUE,22.45,0.619,0,7
Meghalaya,0,6.596097827,445.239415,21.6,0,Brahmaputra (Goalpara gauge),36.27,TRUE,36.63,1.01,0,5
Meghalaya,1.1727574,21.97793698,57.28473353,18.2,1,Manas,33,FALSE,16.7,0.506,0,7
Mizoram,0,1.902496755,5.78314966,19.7,0,Barak,20.5,FALSE,11.64,0.568,1,9
Nagaland,0,0,0,21.7,0,Dhansiri,40,FALSE,18.36,0.459,0,11
Nagaland,2.092789,3.223070383,53.38091588,14.2,1,Doyang,18,FALSE,6.91,0.384,1,5
Assam,0,0.844846368,2.541486144,6.8,0,Brahmaputra (Tezpur gauge),65.23,TRUE,26.94,0.413,1,10
Assam,2.1200442,14.27383661,61.79333737,7.1,1,Brahmaputra (Dibrugarh gauge),105.7,TRUE,67.23,0.636,0,6
Tripura,134.0502,192.2185822,216.7075336,17.2,1,Khowai,10,FALSE,7.13,0.713,1,5
Tripura,0,0,0,16.1,0,Gomti,12,FALSE,5.36,0.447,1,12
Manipur,0,0,52.30041939,16,0,Imphal River,8,FALSE,2.88,0.36,1,11
Assam,52.389633,97.16136074,98.66107732,4.3,0,Brahmaputra (Tezpur gauge),65.23,TRUE,41.94,0.643,1,7
Meghalaya,16.272457,64.6721859,333.4123907,17.5,0,Brahmaputra (Dhubri gauge),28.62,TRUE,36,1.258,0,7
Arunachal Pradesh,0,0,6.642849922,15.3,1,Dikrong,14,FALSE,11.76,0.84,0,10
Tripura,0,0,0,13.5,0,Khowai,10,FALSE,4.43,0.443,0,1
Tripura,24.697275,198.6293201,376.7671394,14.9,0,Gomti,12,FALSE,12.11,1.009,0,8
Nagaland,0,0,0,15.4,0,Brahmaputra (Dibrugarh gauge),105.7,TRUE,86.89,0.822,1,12
Meghalaya,25.713427,64.33404922,206.5619564,18.3,0,Brahmaputra (Dhubri gauge),28.62,TRUE,25.27,0.883,0,6
Assam,3.1593556,13.86249757,19.38440433,1.9,0,Dikrong,14,FALSE,4.34,0.31,1,3
Manipur,0,0,0,23.5,0,Barak,20.5,FALSE,8.79,0.429,1,1
Arunachal Pradesh,0.21388635,2.004151314,11.43580708,16.8,0,Dikrong,14,FALSE,11.44,0.817,1,2
Manipur,9.046554,34.94786549,87.87006879,13.1,1,Imphal River,8,FALSE,7.75,0.969,0,8
Sikkim,11.359678,88.59179878,129.2538748,29.7,3,Teesta,15,FALSE,15.72,1.048,1,8
Mizoram,9.804488,41.97102547,94.62931752,22.2,1,Tlawng,9,FALSE,6,0.667,0,9
Mizoram,0,0.189278528,0.189278528,19.7,0,Barak,20.5,FALSE,14.14,0.69,1,2
Manipur,21.14309,25.17863905,91.50836861,23.5,0,Barak,20.5,FALSE,18.47,0.901,1,10
Arunachal Pradesh,1.1285045,4.924548507,17.4858968,17.1,2,Brahmaputra (Tezpur gauge),65.23,TRUE,67.19,1.03,1,9
Nagaland,0,5.749559402,11.97345203,17.9,0,Dhansiri,40,FALSE,14.4,0.36,1,5
Tripura,0.20608038,0.206080377,1.597122967,20.2,1,Gomti,12,FALSE,12.53,1.044,1,3
Arunachal Pradesh,1.1847756,2.391599983,39.86920372,17.5,0,Subansiri,42,FALSE,22.51,0.536,0,2
Sikkim,17.000637,17.62527013,55.95076537,31.9,1,Teesta,15,FALSE,11.3,0.753,1,9
Assam,9.589505,108.4587984,191.1775684,9.1,1,Khowai,10,FALSE,7.19,0.719,1,7
Sikkim,99.23678,188.9634361,247.974214,29.2,0,Teesta,15,FALSE,14.42,0.961,1,9
Mizoram,31.65059,50.4782877,72.60633337,25.8,0,Tlawng,9,FALSE,5.92,0.658,1,7
Assam,91.83335,126.5393944,126.5393944,6.4,0,Brahmaputra (Dhubri gauge),28.62,TRUE,20.92,0.731,1,9
Arunachal Pradesh,0,0,0,35.6,1,Brahmaputra (Dibrugarh gauge),105.7,TRUE,95.24,0.901,1,1
Sikkim,67.785576,87.75666094,197.4609561,33.4,1,Teesta,15,FALSE,10.54,0.703,1,8
Mizoram,0,0,0,19.7,0,Barak,20.5,FALSE,7.03,0.343,1,3
Meghalaya,0,2.614971399,14.51767972,27.5,3,Brahmaputra (Guwahati gauge),49.68,TRUE,20.47,0.412,1,5
Assam,136.41849,180.5359893,189.253895,8.5,0,Brahmaputra (Dibrugarh gauge),105.7,TRUE,73.88,0.699,1,5
Nagaland,0,4.100906372,4.100906372,10.6,0,Brahmaputra (Neamatighat gauge),85.05,TRUE,69.74,0.82,1,10
Arunachal Pradesh,3.1461065,15.14352822,17.72235355,9.4,0,Dikrong,14,FALSE,5.5,0.393,1,4
Manipur,12.051233,22.43706834,35.96877778,8.4,2,Imphal River,8,FALSE,7.78,0.972,1,9
Manipur,47.138638,120.9910583,188.1118326,20.7,2,Barak,20.5,FALSE,17.08,0.833,1,6
Mizoram,72.35706,284.3126945,406.9488134,22.2,1,Tlawng,9,FALSE,9.05,1.006,1,6
Assam,93.41801,172.3455296,175.6414282,6.7,0,Brahmaputra (Dhubri gauge),28.62,TRUE,19.26,0.673,0,5
Meghalaya,51.651115,95.2688818,130.1780682,17.7,1,Brahmaputra (Goalpara gauge),36.27,TRUE,42.51,1.172,1,9
Tripura,0,0,0,16,0,Gomti,12,FALSE,4.2,0.35,1,4
Sikkim,50.40127,64.3732667,96.26750076,31.9,1,Teesta,15,FALSE,8.83,0.589,0,10
Arunachal Pradesh,75.30773,138.9971886,339.7802761,27.8,0,Brahmaputra (Dibrugarh gauge),105.7,TRUE,105.81,1.001,0,8
Arunachal Pradesh,0,0,0,23.4,1,Brahmaputra (Dibrugarh gauge),105.7,TRUE,38.05,0.36,1,11
Meghalaya,109.97178,336.089653,413.1106946,20.5,1,Brahmaputra (Guwahati gauge),49.68,TRUE,45.85,0.923,1,6
Meghalaya,137.18555,219.026226,533.9901581,20.6,0,Brahmaputra (Dhubri gauge),28.62,TRUE,35.69,1.247,1,6
Nagaland,1.213334,12.56824714,254.8183005,16.6,1,Brahmaputra (Dibrugarh gauge),105.7,TRUE,101.37,0.959,1,4
Manipur,0,0,0,23.5,0,Barak,20.5,FALSE,6.97,0.34,0,1
Arunachal Pradesh,13.546994,20.15412331,82.38069773,24.8,0,Brahmaputra (Dibrugarh gauge),105.7,TRUE,32.87,0.311,0,4
Arunachal Pradesh,0,3.872894973,3.872894973,19.1,3,Brahmaputra (Dibrugarh gauge),105.7,TRUE,43.23,0.409,1,11
Nagaland,0,6.945321083,11.07557392,20.1,1,Dhansiri,40,FALSE,15.52,0.388,1,12
Mizoram,1.5431002,5.032901645,51.78232563,23.3,0,Tlawng,9,FALSE,6.95,0.772,0,7
Arunachal Pradesh,48.250923,93.38520718,228.5010643,20.7,2,Subansiri,42,FALSE,40.57,0.966,1,8
Nagaland,1.9792819,32.23641157,108.8229288,18.8,0,Brahmaputra (Dibrugarh gauge),105.7,TRUE,71.03,0.672,1,7
Arunachal Pradesh,2.1218524,37.02140474,37.02140474,29.1,2,Brahmaputra (Dibrugarh gauge),105.7,TRUE,48.2,0.456,1,4
Nagaland,0,0,7.507018294,13.6,0,Doyang,18,FALSE,8.64,0.48,0,10
Arunachal Pradesh,75.41225,79.274122,91.34850727,27.4,0,Brahmaputra (Dibrugarh gauge),105.7,TRUE,31.6,0.299,1,5
Nagaland,0,0,4.884503365,13,1,Doyang,18,FALSE,7.25,0.403,1,6
Mizoram,73.495605,134.0136185,171.6955094,17.7,1,Tlawng,9,FALSE,10.4,1.156,1,8
Meghalaya,127.00397,289.4772854,309.1284561,22.7,1,Barak,20.5,FALSE,16.32,0.796,1,5
Arunachal Pradesh,1.019038,3.594577312,52.89762807,25.2,1,Brahmaputra (Dibrugarh gauge),105.7,TRUE,102.95,0.974,1,7
Assam,339.89807,575.307869,911.3353271,11.2,0,Brahmaputra (Dhubri gauge),28.62,TRUE,30.77,1.075,1,6
Tripura,169.44786,197.816576,291.0256271,13.7,0,Gomti,12,FALSE,12.34,1.028,1,8
Mizoram,2.080759,18.40808296,78.3529408,24.2,1,Tlawng,9,FALSE,8.45,0.939,0,9
Arunachal Pradesh,0,0,0,32.1,1,Brahmaputra (Dibrugarh gauge),105.7,TRUE,47.25,0.447,1,11
Arunachal Pradesh,0.35510767,5.025841117,115.8653597,20.7,2,Subansiri,42,FALSE,28.31,0.674,1,9
Sikkim,0,18.55223399,83.23709872,23.3,0,Teesta,15,FALSE,15.58,1.039,0,9
Tripura,25.583273,29.83487782,33.57216415,15.2,0,Tlawng,9,FALSE,6.14,0.682,0,6
Nagaland,0,0,0,20.5,0,Kopili,30,FALSE,12.12,0.404,1,12
Assam,66.336205,134.0856228,214.1942003,5.9,2,Subansiri,42,FALSE,37.55,0.894,1,6
Mizoram,16.514854,125.5465126,393.0840516,21.4,0,Tlawng,9,FALSE,11.7,1.3,1,6
Mizoram,0,0,0,20.4,0,Tlawng,9,FALSE,4.24,0.471,1,11
Meghalaya,0.46437246,2.274135947,220.3835367,24.7,2,Brahmaputra (Goalpara gauge),36.27,TRUE,29.09,0.802,1,8
Nagaland,0,0,1.534741938,14.6,1,Brahmaputra (Neamatighat gauge),85.05,TRUE,27.05,0.318,1,5
Arunachal Pradesh,63.55053,96.60761547,110.8430137,18.4,2,Subansiri,42,FALSE,27.76,0.661,1,8
Assam,192.0973,417.0835114,639.954689,5.9,0,Brahmaputra (Dhubri gauge),28.62,TRUE,37.21,1.3,1,6
Assam,0,0,0,10.2,0,Manas,33,FALSE,26.99,0.818,1,11
Mizoram,3.2565262,21.21929383,72.90135098,19.4,0,Tlawng,9,FALSE,5.08,0.565,1,6
Tripura,0,2.88512516,39.79081285,20.2,1,Gomti,12,FALSE,3.07,0.256,0,3
Sikkim,17.15916,54.60720062,105.9338589,28,1,Teesta,15,FALSE,7.42,0.495,0,8
Assam,1.4105175,11.76186442,19.98837161,7.3,0,Manas,33,FALSE,7.76,0.235,0,5
Manipur,0.1354381,6.828958049,16.59548086,19.8,0,Doyang,18,FALSE,17.87,0.993,1,9
Arunachal Pradesh,52.899094,116.0274925,219.0349731,20.4,3,Brahmaputra (Dibrugarh gauge),105.7,TRUE,93.86,0.888,0,7
Mizoram,0.6424684,16.9565782,175.4908533,17.7,1,Tlawng,9,FALSE,7.6,0.845,1,8
Arunachal Pradesh,143.22821,188.0701618,189.2547886,22.5,2,Brahmaputra (Dibrugarh gauge),105.7,TRUE,56.97,0.539,1,5
Assam,0,0,6.172048688,4.3,0,Brahmaputra (Tezpur gauge),65.23,TRUE,28.18,0.432,0,3
Assam,89.715904,213.8342819,304.2414713,5,0,Subansiri,42,FALSE,39.86,0.949,0,6
Assam,68.372284,77.47439575,279.6043892,11.2,0,Brahmaputra (Dhubri gauge),28.62,TRUE,29.31,1.024,1,7
Meghalaya,0,0,0.192603484,21.6,0,Brahmaputra (Goalpara gauge),36.27,TRUE,20.17,0.556,1,12
Assam,0,6.203046799,8.259897172,4.3,0,Brahmaputra (Tezpur gauge),65.23,TRUE,34.18,0.524,0,12
Arunachal Pradesh,14.283003,21.2877543,60.46464181,33.6,2,Brahmaputra (Dibrugarh gauge),105.7,TRUE,57.18,0.541,1,8
Mizoram,24.64184,29.70937586,73.24753904,20.8,0,Tlawng,9,FALSE,2.92,0.324,1,5
Mizoram,0,0,0,20.7,0,Tlawng,9,FALSE,8.67,0.963,0,12
Assam,0,0,0,5.9,0,Brahmaputra (Dhubri gauge),28.62,TRUE,9.79,0.342,1,11
Arunachal Pradesh,18.289474,57.55088782,287.9129217,33.6,2,Brahmaputra (Dibrugarh gauge),105.7,TRUE,98.83,0.935,1,7
Meghalaya,84.57098,245.1560364,337.3981647,18.9,0,Brahmaputra (Guwahati gauge),49.68,TRUE,49.38,0.994,1,7
Arunachal Pradesh,0.55139726,45.46636385,52.36063238,17.6,1,Subansiri,42,FALSE,25.75,0.613,1,8
Assam,12.894756,45.99964523,114.0612259,4.3,0,Manas,33,FALSE,21.68,0.657,1,7
Sikkim,0.5268225,23.0412764,31.3045094,28,1,Teesta,15,FALSE,8.61,0.574,1,9
Manipur,11.081356,11.08135605,11.08135605,16,0,Imphal River,8,FALSE,4.19,0.524,0,11
Assam,7.8969045,33.34661913,68.14737207,9.6,1,Kopili,30,FALSE,15,0.5,1,10
Assam,2.0016687,23.04736912,53.33919394,9.6,1,Kopili,30,FALSE,8.73,0.291,1,5
Manipur,0,0,19.293329,16,0,Imphal River,8,FALSE,5.5,0.687,0,11
Manipur,4.436164,10.41488618,86.17283458,9.1,1,Doyang,18,FALSE,11.41,0.634,1,6
Meghalaya,5.5174756,24.35123158,101.6800852,18.8,0,Brahmaputra (Guwahati gauge),49.68,TRUE,49.08,0.988,1,7
Manipur,0,0,0,19.8,0,Doyang,18,FALSE,5.35,0.297,0,12
Nagaland,0,1.388701916,26.4930461,16.7,2,Brahmaputra (Tezpur gauge),65.23,TRUE,30.33,0.465,1,5
Meghalaya,0,0,1.911907554,25,1,Brahmaputra (Guwahati gauge),49.68,TRUE,19.72,0.397,0,11
Arunachal Pradesh,3.8167946,23.96231532,33.58215153,31.3,0,Brahmaputra (Dibrugarh gauge),105.7,TRUE,40.17,0.38,0,3
Assam,8.152345,8.598852502,8.598852502,7.9,0,Brahmaputra (Guwahati gauge),49.68,TRUE,20.27,0.408,0,2
Mizoram,7.967999,18.75409803,79.05355939,23.1,2,Khowai,10,FALSE,10.23,1.023,1,8
Tripura,154.79242,177.4099154,268.3713582,17.3,0,Khowai,10,FALSE,8.55,0.855,1,8
Manipur,0,0,0,12.6,1,Imphal River,8,FALSE,2.39,0.299,0,12
Meghalaya,4.1714234,185.0711026,368.6509218,20.2,0,Brahmaputra (Guwahati gauge),49.68,TRUE,41.43,0.834,0,8
Arunachal Pradesh,173.27611,327.9123611,375.1381956,25.2,1,Brahmaputra (Dibrugarh gauge),105.7,TRUE,111.94,1.059,1,6
Meghalaya,81.46551,146.7269611,552.7235527,22,0,Brahmaputra (Guwahati gauge),49.68,TRUE,47.25,0.951,1,6
Tripura,118.3915,176.1394386,208.0039619,16,0,Gomti,12,FALSE,8.89,0.741,1,6
Sikkim,5.1988797,18.48486233,56.56417607,34.9,3,Teesta,15,FALSE,5.74,0.383,0,3
Nagaland,26.396471,65.84725857,87.07875836,15.4,0,Dikrong,14,FALSE,14.78,1.056,1,7
Arunachal Pradesh,63.41152,155.9489136,368.7038479,18.4,2,Subansiri,42,FALSE,44.73,1.065,0,6
Tripura,0,0,0,13.7,0,Gomti,12,FALSE,4.2,0.35,0,11
Tripura,84.63658,87.77635956,94.4830929,14.9,0,Gomti,12,FALSE,5.56,0.463,1,10
Arunachal Pradesh,54.922283,79.48466688,91.60033089,13.8,0,Dikrong,14,FALSE,11.33,0.809,1,5
Tripura,126.290474,163.0247855,189.7483735,14.9,0,Gomti,12,FALSE,11.33,0.944,1,8
Arunachal Pradesh,25.198988,95.68044853,335.8358225,29.4,1,Brahmaputra (Dibrugarh gauge),105.7,TRUE,103.59,0.98,1,7
Meghalaya,60.9149,64.5601368,64.5601368,18.9,0,Brahmaputra (Guwahati gauge),49.68,TRUE,25.78,0.519,1,4
Mizoram,2.2239158,13.48125243,56.58878541,19.4,0,Tlawng,9,FALSE,5.84,0.649,0,4
Arunachal Pradesh,106.824524,156.0186987,156.5830554,28,1,Brahmaputra (Dibrugarh gauge),105.7,TRUE,69.76,0.66,1,5
Arunachal Pradesh,1.5686208,9.733358264,11.26169741,9.4,0,Dikrong,14,FALSE,11.52,0.823,0,3
Meghalaya,135.62973,148.2505664,196.4914998,27.5,3,Brahmaputra (Guwahati gauge),49.68,TRUE,31.84,0.641,1,5
Arunachal Pradesh,48.599995,164.2999878,274.2999821,35.6,1,Brahmaputra (Dibrugarh gauge),105.7,TRUE,85.3,0.807,1,4
Mizoram,0,12.11748576,28.24228811,24.7,1,Tlawng,9,FALSE,8.48,0.942,0,10
Sikkim,5.9668517,22.59171391,29.82621762,28,1,Teesta,15,FALSE,8.72,0.581,0,6
Arunachal Pradesh,76.987335,205.2607517,306.876266,31.6,1,Brahmaputra (Dibrugarh gauge),105.7,TRUE,87.41,0.827,0,5
Meghalaya,0.4231616,0.738087386,12.93821058,18.7,0,Brahmaputra (Guwahati gauge),49.68,TRUE,26.78,0.539,1,7
Arunachal Pradesh,66.27789,90.66337952,246.664605,26.3,0,Brahmaputra (Dibrugarh gauge),105.7,TRUE,101.89,0.964,1,7
Tripura,87.3058,388.9285526,413.7796986,18,1,Gomti,12,FALSE,14.44,1.203,1,8
Meghalaya,4.0298047,127.3001599,299.1331265,16,0,Brahmaputra (Goalpara gauge),36.27,TRUE,35.87,0.989,1,8
Arunachal Pradesh,68.81661,93.8525672,132.3972309,30.2,1,Brahmaputra (Dibrugarh gauge),105.7,TRUE,107.07,1.013,1,6
Assam,2.5920253,8.747717857,120.9279138,6.2,0,Brahmaputra (Dibrugarh gauge),105.7,TRUE,49.78,0.471,0,9
Arunachal Pradesh,14.619487,47.08991146,93.79611254,32.5,1,Brahmaputra (Dibrugarh gauge),105.7,TRUE,113.31,1.072,1,6
Arunachal Pradesh,83.75369,134.1345193,139.3810894,31.1,1,Brahmaputra (Dibrugarh gauge),105.7,TRUE,54.54,0.516,1,4
Assam,115.76497,323.499527,392.4193947,7.4,0,Brahmaputra (Dibrugarh gauge),105.7,TRUE,113.73,1.076,1,7
Meghalaya,0,0,0,24.7,2,Brahmaputra (Goalpara gauge),36.27,TRUE,17.37,0.479,0,12
Assam,0,10.99219143,22.38406986,2.4,0,Subansiri,42,FALSE,41.16,0.98,1,9
Meghalaya,241.10019,266.5429668,329.6469674,20.2,0,Brahmaputra (Guwahati gauge),49.68,TRUE,46.55,0.937,1,5
Mizoram,52.63196,68.16756868,122.3863931,21.6,1,Tlawng,9,FALSE,9.43,1.048,1,7
Arunachal Pradesh,2.5624712,31.05207229,124.834626,32.5,1,Brahmaputra (Dibrugarh gauge),105.7,TRUE,95.24,0.901,1,7
Assam,0,0,50.66880465,5.2,2,Brahmaputra (Tezpur gauge),65.23,TRUE,40.96,0.628,0,7
Arunachal Pradesh,0,0,2.795867719,31.9,1,Brahmaputra (Dibrugarh gauge),105.7,TRUE,105.59,0.999,1,9
Meghalaya,197.58089,387.5868607,622.0221195,20.2,0,Brahmaputra (Guwahati gauge),49.68,TRUE,59.96,1.207,1,7
Arunachal Pradesh,0,0,13.54234266,28.8,1,Brahmaputra (Dibrugarh gauge),105.7,TRUE,38.9,0.368,1,11
Assam,0,0,0,8.4,0,Brahmaputra (Dibrugarh gauge),105.7,TRUE,27.9,0.264,0,12
Assam,0,0,0,6.7,0,Manas,33,FALSE,13.79,0.418,0,4
Meghalaya,179.50943,197.1027031,210.7736115,22.3,0,Brahmaputra (Guwahati gauge),49.68,TRUE,40.94,0.824,0,5
Arunachal Pradesh,0,0,0.084852986,29.4,1,Brahmaputra (Dibrugarh gauge),105.7,TRUE,44.39,0.42,0,1
Arunachal Pradesh,84.858795,124.0974379,270.5811663,17.9,0,Brahmaputra (Dibrugarh gauge),105.7,TRUE,91.22,0.863,1,4
Meghalaya,11.137498,36.30663967,75.68162632,14.5,0,Brahmaputra (Dhubri gauge),28.62,TRUE,10.88,0.38,0,3
Assam,0,149.6555595,256.7473302,10.2,0,Manas,33,FALSE,31.61,0.958,1,8
Arunachal Pradesh,0,0,0.421991318,20.1,1,Subansiri,42,FALSE,46.49,1.107,1,9
Arunachal Pradesh,1.6686841,2.728290677,6.606607258,33.6,2,Brahmaputra (Dibrugarh gauge),105.7,TRUE,35.09,0.332,0,5
Arunachal Pradesh,32.471336,172.7036018,337.590683,25.4,0,Brahmaputra (Dibrugarh gauge),105.7,TRUE,88.68,0.839,0,6
Arunachal Pradesh,0,0,0.153659239,9.4,0,Dikrong,14,FALSE,3.92,0.28,1,1
Meghalaya,111.671326,1130.403503,1492.777741,18.9,0,Brahmaputra (Guwahati gauge),49.68,TRUE,64.58,1.3,1,6
Mizoram,0,0,0,19.4,0,Tlawng,9,FALSE,3.36,0.373,0,2
Arunachal Pradesh,0,0,0,17.1,2,Brahmaputra (Tezpur gauge),65.23,TRUE,22.11,0.339,0,3
Mizoram,132.47855,221.6739616,322.6284328,20.7,0,Tlawng,9,FALSE,8,0.889,1,5
Sikkim,0,0,0,25.5,2,Teesta,15,FALSE,6.46,0.431,1,11
Manipur,3.4682615,5.445366859,23.39750576,12.6,1,Imphal River,8,FALSE,3.7,0.462,1,9
Assam,2.4822304,2.739836127,23.59166452,6.8,0,Brahmaputra (Tezpur gauge),65.23,TRUE,53.75,0.824,1,5
Nagaland,0,0,6.453560606,21.7,0,Dhansiri,40,FALSE,15.28,0.382,1,11
Meghalaya,3.3517187,3.696017772,14.81090635,19.7,0,Brahmaputra (Goalpara gauge),36.27,TRUE,17.55,0.484,1,4
Mizoram,0,0,12.28401631,23,0,Tlawng,9,FALSE,1.99,0.221,0,11
Assam,58.84419,59.0800599,133.9165315,5,0,Subansiri,42,FALSE,43.3,1.031,1,9
Assam,54.49183,142.3227205,220.5710936,5,0,Subansiri,42,FALSE,46.2,1.1,0,8
Meghalaya,51.194565,146.6891842,149.2687649,19.6,1,Brahmaputra (Goalpara gauge),36.27,TRUE,31.34,0.864,1,9
Mizoram,19.56787,40.39205551,56.51582015,20.7,0,Tlawng,9,FALSE,4.02,0.447,0,5
Assam,103.92246,184.9082806,327.5131514,4.6,1,Brahmaputra (Goalpara gauge),36.27,TRUE,37.29,1.028,1,8
Mizoram,65.54678,144.7894402,202.54361,20.2,1,Tlawng,9,FALSE,9.17,1.019,1,5
Tripura,17.8522,81.96570969,170.8632298,14.2,0,Khowai,10,FALSE,7.39,0.739,0,7
Nagaland,116.78046,191.8368969,220.5716541,15.4,0,Dikrong,14,FALSE,11.26,0.804,1,5
Arunachal Pradesh,0.89588207,1.081250757,15.38439205,31.6,1,Brahmaputra (Dibrugarh gauge),105.7,TRUE,88.79,0.84,1,9
Nagaland,0.14163843,0.141638428,1.123721331,20.5,0,Kopili,30,FALSE,26.22,0.874,1,4
Arunachal Pradesh,68.56941,84.17530382,98.09642828,13.8,0,Dikrong,14,FALSE,12.53,0.895,1,10
Meghalaya,187.47485,378.7878361,540.4062414,21.6,0,Brahmaputra (Goalpara gauge),36.27,TRUE,36.31,1.001,1,10
Nagaland,68.65687,159.7234535,216.3440075,17.8,0,Subansiri,42,FALSE,44.69,1.064,1,4
Nagaland,24.360264,85.64097404,87.31828964,16.8,2,Brahmaputra (Dibrugarh gauge),105.7,TRUE,86.25,0.816,0,4
Sikkim,0.5392249,0.539224923,0.539224923,29.7,3,Teesta,15,FALSE,15.9,1.06,1,6
Meghalaya,0.93346447,65.41989559,287.3512692,20.9,2,Barak,20.5,FALSE,17.06,0.832,1,6
Arunachal Pradesh,1.1271341,6.061328709,13.85866931,9.4,0,Dikrong,14,FALSE,4.51,0.322,0,9
Assam,10.757115,16.77688956,232.9270532,6.7,1,Brahmaputra (Dhubri gauge),28.62,TRUE,33.03,1.154,1,9
Assam,0.5772617,16.57013345,160.4577881,7.6,1,Brahmaputra (Dibrugarh gauge),105.7,TRUE,102.53,0.97,0,4
Assam,0,123.1218872,241.9500265,8.3,1,Brahmaputra (Goalpara gauge),36.27,TRUE,32.03,0.883,1,8
Assam,87.12292,168.915266,169.2394416,4.4,1,Brahmaputra (Tezpur gauge),65.23,TRUE,47.1,0.722,1,6
Meghalaya,0,3.212322235,3.212322235,15.9,1,Brahmaputra (Dhubri gauge),28.62,TRUE,11.02,0.385,0,4
Meghalaya,15.340723,118.1856289,163.4612338,17.7,1,Brahmaputra (Goalpara gauge),36.27,TRUE,36.12,0.996,1,9
Sikkim,4.8011723,98.41747475,273.6504498,24.1,0,Teesta,15,FALSE,13.18,0.879,0,6
Mizoram,92.53691,234.0710297,317.9415913,23.6,0,Tlawng,9,FALSE,7.63,0.848,1,6
Mizoram,1.3981389,8.381478548,15.02492571,20.2,0,Tlawng,9,FALSE,4.44,0.493,0,4
Arunachal Pradesh,0,0,0,25.9,0,Brahmaputra (Dibrugarh gauge),105.7,TRUE,48.09,0.455,1,9
Arunachal Pradesh,117.95021,148.4245746,213.0772685,27.8,0,Brahmaputra (Dibrugarh gauge),105.7,TRUE,137.41,1.3,1,8
Arunachal Pradesh,19.03063,91.5898571,176.9339743,31.1,1,Brahmaputra (Dibrugarh gauge),105.7,TRUE,126.31,1.195,0,8
Assam,0,18.53323221,82.69110298,4.2,0,Brahmaputra (Dibrugarh gauge),105.7,TRUE,69.23,0.655,1,6
Nagaland,136.86028,178.7052736,185.9489329,16.9,0,Dikrong,14,FALSE,10.21,0.729,1,5
Tripura,2.0488393,2.048839331,2.048839331,16,0,Gomti,12,FALSE,5.92,0.493,0,10
Sikkim,20.39137,46.97805691,83.4463315,29.7,3,Teesta,15,FALSE,9.14,0.609,0,8
Arunachal Pradesh,82.27686,87.89037704,91.27259684,30.3,0,Brahmaputra (Dibrugarh gauge),105.7,TRUE,67.86,0.642,1,6
Mizoram,0,0,0,25.8,0,Tlawng,9,FALSE,8.22,0.913,0,3
Mizoram,0,0,0,21.9,2,Tlawng,9,FALSE,3.47,0.386,0,2
Mizoram,0,0,0,20.2,1,Tlawng,9,FALSE,2.94,0.327,0,12
Sikkim,52.559704,118.2465019,367.9214935,31.5,1,Teesta,15,FALSE,15.82,1.055,1,6
Mizoram,87.24927,168.2594948,228.6126615,23,2,Khowai,10,FALSE,6.11,0.611,1,5
Arunachal Pradesh,0,5.130961895,39.34996443,24.7,1,Brahmaputra (Dibrugarh gauge),105.7,TRUE,62.05,0.587,1,11
Meghalaya,7.549906,7.549905777,7.549905777,24.9,0,Brahmaputra (Guwahati gauge),49.68,TRUE,47.35,0.953,1,12
Sikkim,64.08686,124.5911312,241.3009539,33.6,1,Teesta,15,FALSE,19.04,1.269,1,8
Sikkim,3.2639215,45.01578879,78.49915072,34.2,1,Teesta,15,FALSE,7.28,0.485,0,4
Nagaland,0,0,2.138451293,20.1,1,Dhansiri,40,FALSE,39.72,0.993,1,10
Tripura,95.341354,105.0290051,105.0290051,13.3,2,Khowai,10,FALSE,5.21,0.521,1,11
Meghalaya,98.22054,241.0615473,405.6078215,24.9,0,Brahmaputra (Guwahati gauge),49.68,TRUE,52.46,1.056,1,6
Sikkim,27.766869,74.28113317,105.8138855,35.2,1,Teesta,15,FALSE,10.4,0.693,0,6
Tripura,1.5113275,22.2948451,69.06342083,20.2,1,Gomti,12,FALSE,5.14,0.428,0,7
Manipur,81.22376,85.10395706,147.4485084,19.8,0,Doyang,18,FALSE,13.3,0.739,1,9
Assam,84.48547,87.26825428,94.02007675,4.3,0,Manas,33,FALSE,22.8,0.691,1,8
Mizoram,0,0,0,19.4,0,Tlawng,9,FALSE,4.36,0.484,1,11
Assam,116.60932,162.9389668,290.3022327,6,1,Brahmaputra (Dhubri gauge),28.62,TRUE,28.25,0.987,1,6
Meghalaya,72.73783,114.7696133,157.5786883,20.4,1,Barak,20.5,FALSE,16.13,0.787,1,7
Meghalaya,129.20361,192.576664,563.5747719,15.9,1,Brahmaputra (Dhubri gauge),28.62,TRUE,35.09,1.226,1,6
Arunachal Pradesh,0,0,0.13892284,9.4,0,Dikrong,14,FALSE,5.56,0.397,0,11
Manipur,55.085964,62.84079456,69.36236757,14.2,0,Imphal River,8,FALSE,4.98,0.622,0,8
Tripura,47.63409,420.2767754,460.9540391,18,1,Gomti,12,FALSE,11.06,0.922,1,8
Nagaland,0,5.107581377,12.81991839,20.5,0,Kopili,30,FALSE,28.02,0.934,1,8
Nagaland,0,0,6.519714832,21.7,0,Dhansiri,40,FALSE,17.12,0.428,0,10
Mizoram,0,0,0,19.4,0,Tlawng,9,FALSE,2.75,0.306,0,11
Meghalaya,94.21554,192.3019104,252.0431965,17.3,0,Brahmaputra (Goalpara gauge),36.27,TRUE,26.69,0.736,1,5
Nagaland,5.103673,53.64156723,107.1692848,20.1,1,Dhansiri,40,FALSE,34.16,0.854,1,7
Assam,64.11933,118.4155903,298.6569042,5,0,Subansiri,42,FALSE,41.37,0.985,1,9
Arunachal Pradesh,12.411261,25.69699335,82.05759239,31.6,1,Brahmaputra (Dibrugarh gauge),105.7,TRUE,60.25,0.57,1,6
Nagaland,58.333527,112.2640743,147.6871395,17.8,0,Subansiri,42,FALSE,32.21,0.767,0,4
Meghalaya,0,0,0,20.4,1,Barak,20.5,FALSE,7.87,0.384,0,1
Meghalaya,0,0,4.691680908,19.7,1,Brahmaputra (Goalpara gauge),36.27,TRUE,12.91,0.356,1,1
Assam,127.37943,239.04356,312.7708101,6.5,0,Brahmaputra (Dhubri gauge),28.62,TRUE,25.53,0.892,1,5
Tripura,80.01309,100.2379022,129.0588809,20.2,1,Gomti,12,FALSE,8.8,0.733,1,8
Mizoram,86.766014,224.8735809,307.79696,23,0,Tlawng,9,FALSE,8.38,0.931,1,6
Mizoram,0,0,0,25.4,3,Tlawng,9,FALSE,4.32,0.48,0,12
Mizoram,0.21756226,4.314884841,77.57572073,19.4,0,Tlawng,9,FALSE,5.58,0.62,1,6
Manipur,5.03609,13.91179609,16.87253065,17.7,0,Kopili,30,FALSE,16.5,0.55,0,4
Assam,4.7393713,4.7393713,34.83330345,5.2,0,Dikrong,14,FALSE,5.5,0.393,1,3
Tripura,78.41804,94.31396221,102.739066,17.3,0,Gomti,12,FALSE,12.56,1.047,1,8
Meghalaya,71.71903,208.9052238,347.605237,14.7,0,Brahmaputra (Dhubri gauge),28.62,TRUE,29.74,1.039,1,7
Manipur,3.7002957,9.952984571,21.29747963,9.1,1,Doyang,18,FALSE,17.37,0.965,1,9
Meghalaya,54.278286,98.10905647,395.5592594,18.9,0,Brahmaputra (Guwahati gauge),49.68,TRUE,41.68,0.839,0,5
Assam,71.575035,343.0485916,594.3995743,11.2,0,Brahmaputra (Dhubri gauge),28.62,TRUE,31.57,1.103,1,6
Arunachal Pradesh,14.77566,62.94831085,110.4522288,28,1,Brahmaputra (Dibrugarh gauge),105.7,TRUE,54.01,0.511,0,10
Sikkim,0,5.383337498,12.09656575,23.3,0,Teesta,15,FALSE,6.5,0.433,0,4
Assam,17.742424,33.9985466,35.97348617,5.4,1,Brahmaputra (Guwahati gauge),49.68,TRUE,28.12,0.566,0,10
Arunachal Pradesh,0.9782442,5.295218349,9.885440707,32.5,1,Brahmaputra (Dibrugarh gauge),105.7,TRUE,41.96,0.397,1,4
Sikkim,0,0,7.912338898,31.9,1,Teesta,15,FALSE,4.86,0.324,1,11
Meghalaya,52.726536,243.54916,264.7234269,18.8,2,Brahmaputra (Guwahati gauge),49.68,TRUE,39.99,0.805,1,6
Assam,5.533502,11.5866015,42.17076516,3.9,1,Dikrong,14,FALSE,7.42,0.53,1,7
Arunachal Pradesh,83.59999,229.0999832,270.8764573,35.6,1,Brahmaputra (Dibrugarh gauge),105.7,TRUE,106.12,1.004,1,7
Assam,4.4357843,18.63129532,168.772458,7.1,2,Barak,20.5,FALSE,19.91,0.971,1,8
Assam,20.076061,170.197176,230.1320447,9.2,1,Manas,33,FALSE,28.94,0.877,0,6
Meghalaya,54.891117,96.76326084,348.1121855,14.5,0,Brahmaputra (Dhubri gauge),28.62,TRUE,27.07,0.946,1,6
Assam,130.50742,150.712326,151.0292083,3.2,1,Manas,33,FALSE,26.66,0.808,0,6
Meghalaya,0,0,0,18.2,1,Manas,33,FALSE,13.2,0.4,1,3
Arunachal Pradesh,17.805624,148.1575527,230.4367633,30.5,1,Brahmaputra (Dibrugarh gauge),105.7,TRUE,74.31,0.703,0,7
Arunachal Pradesh,72.64998,94.92955399,217.9226274,29.3,2,Brahmaputra (Dibrugarh gauge),105.7,TRUE,91.01,0.861,1,8
Assam,59.128113,59.12811279,88.18008733,6.5,0,Brahmaputra (Dhubri gauge),28.62,TRUE,28.16,0.984,1,7
Assam,0,0,3.432452589,4.4,1,Brahmaputra (Tezpur gauge),65.23,TRUE,14.74,0.226,1,11
Tripura,0.18830897,1.442456141,15.37745398,11.3,1,Tlawng,9,FALSE,8.23,0.914,1,10
Assam,0,0,0,8.7,2,Manas,33,FALSE,27.19,0.824,1,10
Meghalaya,71.32922,282.7907715,389.2848358,17.7,1,Brahmaputra (Goalpara gauge),36.27,TRUE,40.26,1.11,1,8
Manipur,5.972234,9.189795494,43.01010132,6.7,0,Doyang,18,FALSE,13.46,0.748,1,6
Assam,19.867098,96.98687172,256.0684829,10.2,0,Manas,33,FALSE,39.11,1.185,1,7
Tripura,21.981455,77.5888958,214.5190496,14.8,2,Khowai,10,FALSE,8.73,0.873,1,6
Manipur,0,0,0,10.7,0,Imphal River,8,FALSE,3.94,0.492,1,3
Arunachal Pradesh,43.14277,139.6685524,207.9970455,26.2,0,Brahmaputra (Dibrugarh gauge),105.7,TRUE,118.49,1.121,1,7
Nagaland,0,4.687965393,17.36754429,21.7,0,Dhansiri,40,FALSE,34.84,0.871,0,10
Arunachal Pradesh,38.30124,112.6209545,156.7933791,13.8,0,Dikrong,14,FALSE,10.46,0.747,1,7
Nagaland,30.151976,55.64464647,83.65476447,16.7,2,Brahmaputra (Tezpur gauge),65.23,TRUE,37.51,0.575,0,7
Assam,0,0,0,6,1,Manas,33,FALSE,11.35,0.344,0,1
Arunachal Pradesh,29.668442,37.32348967,43.91172993,19.6,3,Subansiri,42,FALSE,43.09,1.026,1,7
Manipur,9.9652195,49.07509708,220.0422354,20.6,2,Barak,20.5,FALSE,17.98,0.877,1,7
Manipur,10.965608,70.21911144,142.3022947,13.2,1,Doyang,18,FALSE,11.32,0.629,1,7
Meghalaya,1.7428217,60.93181068,206.824406,20.5,1,Brahmaputra (Guwahati gauge),49.68,TRUE,41.23,0.83,0,7
Nagaland,0.26921272,0.269212723,0.625938207,20.5,0,Kopili,30,FALSE,30.3,1.01,1,7
Meghalaya,0.40716973,0.407169729,0.407169729,21.9,1,Brahmaputra (Guwahati gauge),49.68,TRUE,41.53,0.836,0,11
Manipur,15.240357,31.02462769,87.29076481,14.6,2,Imphal River,8,FALSE,4.36,0.545,1,8
Manipur,19.376568,73.84499359,121.7692583,19.2,0,Tlawng,9,FALSE,4.17,0.463,0,8
Sikkim,86.99304,119.7707396,200.9237595,33.4,1,Teesta,15,FALSE,13.29,0.886,1,7
Meghalaya,52.979332,127.5184011,246.3420963,18.3,0,Brahmaputra (Dhubri gauge),28.62,TRUE,21.12,0.738,0,5
Mizoram,0.4073813,30.47480893,98.15641999,20.8,0,Tlawng,9,FALSE,8.43,0.937,1,8
Nagaland,0,0,12.41424179,10.6,0,Brahmaputra (Neamatighat gauge),85.05,TRUE,34.53,0.406,0,11
Sikkim,43.067154,76.35949516,136.6522911,23.3,0,Teesta,15,FALSE,14.4,0.96,0,6
Sikkim,99.91123,123.0935688,163.7094359,28.8,0,Teesta,15,FALSE,9.8,0.653,1,7
Mizoram,0,0,0,20.8,0,Tlawng,9,FALSE,3.24,0.36,1,3
Meghalaya,51.59973,214.1519241,581.7671404,21.6,0,Brahmaputra (Goalpara gauge),36.27,TRUE,44.25,1.22,1,8
Mizoram,66.36759,113.6184134,147.8000616,23.4,1,Tlawng,9,FALSE,6.66,0.74,1,8
Assam,0.12493878,1.268541984,50.15606754,1.3,1,Brahmaputra (Tezpur gauge),65.23,TRUE,45.2,0.693,0,7
Arunachal Pradesh,1.3515669,73.35608733,116.3239371,17.4,1,Dikrong,14,FALSE,8.68,0.62,1,7
Sikkim,18.92198,51.96999264,68.44316423,28.8,0,Teesta,15,FALSE,15.34,1.023,1,8
Assam,0.32830107,0.328301072,5.441820979,4.7,2,Dikrong,14,FALSE,6.76,0.483,1,1
Arunachal Pradesh,0,0,9.078870386,24.8,0,Brahmaputra (Dibrugarh gauge),105.7,TRUE,88.79,0.84,1,6
Assam,103.56327,246.2534637,358.3147784,6.3,0,Brahmaputra (Goalpara gauge),36.27,TRUE,35.54,0.98,1,6
Assam,55.194458,96.94065571,229.5502443,5.9,2,Subansiri,42,FALSE,35.74,0.851,1,6
Assam,0.92055374,0.920553744,0.920553744,3.3,0,Brahmaputra (Tezpur gauge),65.23,TRUE,19.24,0.295,0,1
Manipur,50.532112,112.0659313,227.942387,15,1,Barak,20.5,FALSE,17.88,0.872,0,8
Tripura,52.074078,111.756031,137.1515403,17.3,0,Khowai,10,FALSE,9.14,0.914,0,9
Tripura,3.5690658,17.13319087,73.03271174,13.7,0,Gomti,12,FALSE,8.45,0.704,1,7
Arunachal Pradesh,0,0.756851256,62.55025679,28.8,1,Brahmaputra (Dibrugarh gauge),105.7,TRUE,117.43,1.111,1,9
Assam,196.93472,386.4715652,706.4934845,8.7,2,Manas,33,FALSE,33.73,1.022,1,6
Meghalaya,0,0,0,25,1,Brahmaputra (Guwahati gauge),49.68,TRUE,15.6,0.314,1,12
Arunachal Pradesh,61.633553,143.217865,238.315052,26.3,0,Brahmaputra (Dibrugarh gauge),105.7,TRUE,82.76,0.783,0,7
Meghalaya,14.037584,31.11076355,40.27577978,17.5,0,Brahmaputra (Dhubri gauge),28.62,TRUE,18.26,0.638,0,7
Mizoram,5.888437,11.95540953,85.3459394,19.4,0,Tlawng,9,FALSE,8.96,0.996,1,7
Meghalaya,75.92629,203.7305336,272.7793431,20.6,0,Brahmaputra (Dhubri gauge),28.62,TRUE,36.06,1.26,1,6
Tripura,12.176201,18.69258976,18.69258976,13.3,2,Khowai,10,FALSE,3.59,0.359,1,10
Tripura,1.058535,4.448722363,39.54950953,17.2,0,Gomti,12,FALSE,11.68,0.973,0,7
Arunachal Pradesh,0,0,11.54512786,15.3,1,Dikrong,14,FALSE,5.45,0.389,0,4
Sikkim,0,54.83748293,101.4523181,33.4,1,Teesta,15,FALSE,8.16,0.544,1,9
Nagaland,9.836741,40.76894426,49.85313213,16.8,2,Brahmaputra (Dibrugarh gauge),105.7,TRUE,101.05,0.956,0,9
Arunachal Pradesh,0,0,5.20000267,33.2,2,Brahmaputra (Dibrugarh gauge),105.7,TRUE,46.19,0.437,0,1
Assam,36.548904,60.85226297,60.89707924,2.1,0,Brahmaputra (Tezpur gauge),65.23,TRUE,33.72,0.517,1,6
Meghalaya,54.227764,185.5465088,339.8438111,22,0,Brahmaputra (Guwahati gauge),49.68,TRUE,50.33,1.013,1,6
Arunachal Pradesh,90.48746,233.371666,422.2663536,29.3,0,Brahmaputra (Dibrugarh gauge),105.7,TRUE,137.41,1.3,1,7
Assam,57.67424,185.315052,208.210933,11.2,0,Brahmaputra (Dhubri gauge),28.62,TRUE,19.06,0.666,1,5
Sikkim,9.047728,48.04863977,91.76498032,29.2,0,Teesta,15,FALSE,7.7,0.513,1,3
Assam,97.54567,123.4828429,156.4096918,6.7,0,Manas,33,FALSE,19.57,0.593,0,8
Arunachal Pradesh,0,0,0.256941468,14.7,0,Dikrong,14,FALSE,6.69,0.478,1,10
Arunachal Pradesh,3.5472438,54.35161853,186.3755591,25.2,1,Brahmaputra (Dibrugarh gauge),105.7,TRUE,103.27,0.977,0,7
Assam,0,0,21.29289258,11.2,0,Brahmaputra (Dhubri gauge),28.62,TRUE,10.7,0.374,1,2
Manipur,0.05873227,0.058732271,0.058732271,9.7,0,Doyang,18,FALSE,5.53,0.307,1,10
Tripura,11.747299,33.03704643,103.101229,20.2,1,Gomti,12,FALSE,11.14,0.928,1,6
Meghalaya,63.604996,80.46092641,178.3353285,21.3,1,Brahmaputra (Goalpara gauge),36.27,TRUE,29.96,0.826,0,6
Mizoram,0,0,0,23.6,0,Tlawng,9,FALSE,3.02,0.336,1,1
Manipur,9.785431,19.26437235,35.41227245,9.1,1,Doyang,18,FALSE,10.48,0.582,0,4
Tripura,93.84727,165.6050453,209.9334848,16.3,0,Gomti,12,FALSE,10.66,0.888,1,7
Meghalaya,0,0,0,23,0,Kopili,30,FALSE,13.56,0.452,0,1
Assam,22.043865,56.27293682,68.14091885,3.3,0,Subansiri,42,FALSE,28.52,0.679,0,6
Tripura,186.29863,207.9410245,209.1546517,18,1,Gomti,12,FALSE,10.04,0.837,1,5
Assam,4.70266,4.702660084,18.65426473,4.2,0,Brahmaputra (Dibrugarh gauge),105.7,TRUE,89.42,0.846,1,9
Meghalaya,77.10884,425.5397263,541.254122,18.9,0,Brahmaputra (Guwahati gauge),49.68,TRUE,55.1,1.109,1,6
Tripura,88.51828,212.1138039,280.8328886,14.8,2,Khowai,10,FALSE,9.68,0.968,1,6
Meghalaya,35.150265,46.42825031,235.2476969,24.2,0,Brahmaputra (Goalpara gauge),36.27,TRUE,33.88,0.934,1,8
Meghalaya,88.60498,132.614027,440.2872353,19.7,1,Brahmaputra (Goalpara gauge),36.27,TRUE,34.89,0.962,1,6
Nagaland,16.523504,52.95580292,120.5198193,13.2,1,Brahmaputra (Neamatighat gauge),85.05,TRUE,60.73,0.714,0,8
Sikkim,41.21921,109.8402834,357.9726973,23.3,0,Teesta,15,FALSE,16.9,1.127,1,6
Sikkim,55.405457,77.72110271,106.578638,29.8,2,Teesta,15,FALSE,10.56,0.704,1,8
Nagaland,0,0,0,16.4,0,Doyang,18,FALSE,6.44,0.358,1,12
Mizoram,100.36102,145.2120266,244.0394802,23.3,0,Tlawng,9,FALSE,7.99,0.888,1,7
Arunachal Pradesh,0,0,0,26.4,0,Brahmaputra (Dibrugarh gauge),105.7,TRUE,37.63,0.356,1,4
Tripura,4.784335,4.784335136,60.05846882,14.2,0,Khowai,10,FALSE,3.82,0.382,1,4
Assam,0,0,12.04661,10.2,0,Manas,33,FALSE,14.92,0.452,0,2
Nagaland,0,12.19669914,12.19669914,12.5,0,Doyang,18,FALSE,14.71,0.817,1,1
Meghalaya,3.6564586,25.95301652,334.732301,20.5,1,Brahmaputra (Guwahati gauge),49.68,TRUE,48.14,0.969,1,8
Sikkim,37.86996,77.00244522,255.2309713,29.8,2,Teesta,15,FALSE,13.12,0.875,1,7
Assam,69.13236,227.0362473,302.2670389,10.2,0,Manas,33,FALSE,27.69,0.839,1,6
Mizoram,0,0,0,19.4,0,Tlawng,9,FALSE,3.6,0.4,0,2
Assam,0,0.01185837,40.96413627,6.6,1,Brahmaputra (Dibrugarh gauge),105.7,TRUE,101.58,0.961,1,7
Arunachal Pradesh,0,0,10.74024081,20.7,1,Subansiri,42,FALSE,18.98,0.452,1,5
Mizoram,0,0,0,24.2,1,Tlawng,9,FALSE,3.94,0.438,1,12
Assam,6.2508373,10.29372537,95.08312249,3.3,1,Brahmaputra (Dibrugarh gauge),105.7,TRUE,89.95,0.851,1,8
Assam,0,0,0,6.8,1,Brahmaputra (Goalpara gauge),36.27,TRUE,30.43,0.839,0,1
Nagaland,0,0,0,17.8,0,Dikrong,14,FALSE,6.15,0.439,0,12
Arunachal Pradesh,0,0,0,29.9,1,Brahmaputra (Dibrugarh gauge),105.7,TRUE,48.41,0.458,1,12
Assam,0,0,0,10.2,0,Manas,33,FALSE,8.18,0.248,0,12
Meghalaya,55.064045,60.878479,87.76050803,17.7,1,Brahmaputra (Goalpara gauge),36.27,TRUE,24.23,0.668,1,7
Meghalaya,45.024315,146.9104691,297.1616733,17.5,0,Brahmaputra (Dhubri gauge),28.62,TRUE,28.08,0.981,0,6
Sikkim,23.863056,47.14554214,139.2023993,33.4,1,Teesta,15,FALSE,15.79,1.053,0,6
Nagaland,2.2027655,11.23117292,28.46414649,13,0,Doyang,18,FALSE,10.17,0.565,0,5
Mizoram,0,0,0,24,1,Tlawng,9,FALSE,3.42,0.38,0,3
Mizoram,8.877996,36.66336817,77.72741249,23.4,1,Tlawng,9,FALSE,4.81,0.534,1,6
Manipur,0,0,0,8.4,2,Imphal River,8,FALSE,7.14,0.892,0,1
Sikkim,57.22021,71.63966608,92.89356112,28,1,Teesta,15,FALSE,8.01,0.534,0,4
Mizoram,99.31252,183.5459576,270.1734972,21.9,2,Tlawng,9,FALSE,5.38,0.598,1,5
Arunachal Pradesh,12.5798,37.16697407,63.13252038,9.4,0,Dikrong,14,FALSE,15.06,1.076,0,8
Tripura,12.181179,81.20334435,163.3377175,20.2,1,Gomti,12,FALSE,7.27,0.606,0,8
Manipur,0,0,32.40665102,17.5,0,Kopili,30,FALSE,29.64,0.988,1,9
Mizoram,10.99089,25.79057074,106.0245967,25.8,0,Tlawng,9,FALSE,7.22,0.802,1,8
Sikkim,0,0,0,33.4,1,Teesta,15,FALSE,12.04,0.803,1,12
Manipur,22.532791,41.93084192,55.33414741,9.1,1,Doyang,18,FALSE,10.33,0.574,0,7
Sikkim,113.40688,216.5806284,238.649607,25.5,2,Teesta,15,FALSE,14.74,0.983,1,7
Meghalaya,80.22959,84.58511961,98.56922427,17.7,1,Brahmaputra (Goalpara gauge),36.27,TRUE,18.68,0.515,0,5
Assam,8.432164,34.80663872,35.83737648,5.2,2,Brahmaputra (Tezpur gauge),65.23,TRUE,55.9,0.857,1,9
Assam,20.894098,100.0117464,246.1356382,6.7,0,Brahmaputra (Dhubri gauge),28.62,TRUE,23.61,0.825,0,7
Arunachal Pradesh,69.73034,130.7782288,195.5160046,27.2,0,Brahmaputra (Dibrugarh gauge),105.7,TRUE,121.24,1.147,1,7
Arunachal Pradesh,51.348835,57.65007603,232.3249618,29.1,1,Brahmaputra (Dibrugarh gauge),105.7,TRUE,85.09,0.805,1,7
Arunachal Pradesh,0,0,0,9.4,0,Dikrong,14,FALSE,5.63,0.402,0,11
Tripura,20.990227,92.47497272,102.6567912,16.3,0,Gomti,12,FALSE,6.73,0.561,1,7
Meghalaya,65.70202,285.7899323,319.8604336,21.3,1,Brahmaputra (Goalpara gauge),36.27,TRUE,37.43,1.032,1,7
Assam,0,0,50.23291409,9.8,2,Brahmaputra (Guwahati gauge),49.68,TRUE,35.42,0.713,1,9
Meghalaya,28.239021,69.69214058,159.4109972,20,3,Barak,20.5,FALSE,10.21,0.498,1,4
Meghalaya,150.6506,216.0792313,429.2893686,19.7,0,Brahmaputra (Goalpara gauge),36.27,TRUE,35.83,0.988,1,5
Assam,0,8.718578339,55.24594867,6.5,0,Manas,33,FALSE,14.45,0.438,1,8
Mizoram,37.480255,64.04685402,123.9869823,25,0,Tlawng,9,FALSE,6.2,0.689,1,9
Mizoram,0,0,7.470538139,25.8,0,Tlawng,9,FALSE,4.45,0.494,0,4
Meghalaya,261.1893,285.4260902,374.4844851,18.9,0,Brahmaputra (Guwahati gauge),49.68,TRUE,48.54,0.977,1,5
Arunachal Pradesh,56.803493,186.3289223,293.4223671,31.1,1,Brahmaputra (Dibrugarh gauge),105.7,TRUE,91.22,0.863,1,7
Manipur,51.17731,110.5818539,272.1146717,19.6,1,Barak,20.5,FALSE,19.5,0.951,0,8
Manipur,7.1264324,46.41631508,51.55824494,14.2,0,Imphal River,8,FALSE,5.24,0.655,0,6
Manipur,0,0.225943893,6.876553029,17.7,0,Kopili,30,FALSE,17.97,0.599,0,9
Tripura,7.524957,7.52495718,7.52495718,13.3,2,Khowai,10,FALSE,4.88,0.488,0,2
Assam,21.820593,77.5018692,142.039021,3.9,1,Dikrong,14,FALSE,14.03,1.002,1,7
Tripura,81.73411,100.6157708,314.0449376,13.5,0,Khowai,10,FALSE,10.34,1.034,1,6
Tripura,36.208645,66.28713262,82.54461992,20.2,1,Gomti,12,FALSE,10.4,0.867,1,8
Tripura,88.55341,157.6869526,217.7538457,14.5,0,Khowai,10,FALSE,11.86,1.186,1,6
Meghalaya,52.357338,517.1179581,1037.710751,21.6,0,Brahmaputra (Goalpara gauge),36.27,TRUE,39.75,1.096,1,7
Arunachal Pradesh,24.759077,98.72869205,264.9694901,26.3,0,Brahmaputra (Dibrugarh gauge),105.7,TRUE,96.08,0.909,1,9
Manipur,117.60465,199.7994555,265.2130058,19.8,0,Doyang,18,FALSE,16.6,0.922,1,9
Manipur,0,6.323887587,25.60759324,20.6,2,Barak,20.5,FALSE,14.17,0.691,1,9
Arunachal Pradesh,0,0,7.953079224,31.3,0,Brahmaputra (Dibrugarh gauge),105.7,TRUE,33.61,0.318,1,12
Arunachal Pradesh,55.915394,115.6099377,127.757875,33.6,0,Brahmaputra (Dibrugarh gauge),105.7,TRUE,61.31,0.58,1,10
Arunachal Pradesh,123.25358,154.1942992,219.1608528,21.4,2,Brahmaputra (Dibrugarh gauge),105.7,TRUE,86.25,0.816,1,8
Manipur,14.330421,53.34059811,103.22273,13.5,0,Doyang,18,FALSE,16.6,0.922,1,8
Meghalaya,83.009476,125.8798103,155.1535461,20.2,0,Brahmaputra (Guwahati gauge),49.68,TRUE,36.61,0.737,0,7
Assam,0,0,0,5.2,2,Brahmaputra (Tezpur gauge),65.23,TRUE,14.87,0.228,0,1
Meghalaya,0.4496028,0.449602813,335.6686866,21.3,1,Brahmaputra (Goalpara gauge),36.27,TRUE,36.71,1.012,1,6
Tripura,26.058876,28.09545457,180.3370813,12.8,1,Tlawng,9,FALSE,6.65,0.739,1,7
Arunachal Pradesh,0,0,0,23.1,1,Brahmaputra (Dibrugarh gauge),105.7,TRUE,89.53,0.847,0,11
Nagaland,3.7616546,8.608192563,69.82249939,11.2,0,Doyang,18,FALSE,11.3,0.628,0,7
Mizoram,26.825912,65.72369766,115.4619191,22.2,1,Tlawng,9,FALSE,9.22,1.024,1,7
Nagaland,1.8354323,13.94217157,86.5696497,13,0,Doyang,18,FALSE,10.62,0.59,1,8
Meghalaya,23.383167,175.4727955,329.4766092,20.6,0,Brahmaputra (Dhubri gauge),28.62,TRUE,25.73,0.899,1,6
Nagaland,73.07782,73.33626631,217.4825332,18,1,Dhansiri,40,FALSE,37.44,0.936,1,8
Nagaland,0,0,0,16.4,0,Doyang,18,FALSE,7.49,0.416,0,10
Mizoram,58.933197,96.41345215,162.793499,25,0,Tlawng,9,FALSE,10.61,1.179,1,9
Assam,160.49876,208.9229388,213.5115347,6.3,0,Brahmaputra (Goalpara gauge),36.27,TRUE,29.41,0.811,0,8
Manipur,0,1.808778644,21.69040656,19.2,0,Imphal River,8,FALSE,3.13,0.391,1,5
Manipur,0.33618328,19.41989586,27.28200927,14.6,2,Imphal River,8,FALSE,3.7,0.463,1,10
Meghalaya,15.204766,71.64922237,195.1172304,24.7,2,Brahmaputra (Goalpara gauge),36.27,TRUE,42.91,1.183,1,6
Tripura,0,7.058252811,53.3921169,20.2,1,Gomti,12,FALSE,6.2,0.517,1,3
Assam,125.51267,235.5501175,285.0321889,5.7,1,Manas,33,FALSE,31.88,0.966,1,6
Manipur,0,0,0,6.7,0,Doyang,18,FALSE,6.03,0.335,1,12
Arunachal Pradesh,80.299995,91.29999495,224.099987,35.6,1,Brahmaputra (Dibrugarh gauge),105.7,TRUE,83.61,0.791,1,6
Sikkim,0,0,0,34.9,3,Teesta,15,FALSE,12.94,0.863,0,1
Arunachal Pradesh,14.87764,17.53814042,59.43449461,31.5,1,Brahmaputra (Dibrugarh gauge),105.7,TRUE,35.73,0.338,1,5
Arunachal Pradesh,39.316154,42.26045036,60.38530737,32.5,1,Brahmaputra (Dibrugarh gauge),105.7,TRUE,106.86,1.011,1,5
Assam,1.0130112,7.727823019,13.22063243,6.7,0,Kopili,30,FALSE,12.45,0.415,1,4
Nagaland,0,0,0,20.1,1,Dhansiri,40,FALSE,13.64,0.341,0,12
Tripura,48.65362,116.7484951,151.7288738,14.8,1,Khowai,10,FALSE,6.14,0.614,0,6
Arunachal Pradesh,6.1443963,12.11610603,56.24218261,28.9,1,Brahmaputra (Dibrugarh gauge),105.7,TRUE,43.34,0.41,0,2
Manipur,48.6108,48.6108017,134.2312466,15.8,1,Doyang,18,FALSE,10.64,0.591,0,8
Arunachal Pradesh,66.03593,199.0224457,356.684659,28,1,Brahmaputra (Dibrugarh gauge),105.7,TRUE,110.03,1.041,1,7
Manipur,2.3453887,16.66813365,127.8955545,23.5,0,Barak,20.5,FALSE,20.19,0.985,1,6
Assam,0,0,0,4.3,0,Manas,33,FALSE,11.32,0.343,0,2
Nagaland,2.24256,13.9165161,22.32086065,13.6,0,Doyang,18,FALSE,9.86,0.548,0,9
Assam,45.093006,247.6728859,337.2815547,5.7,1,Manas,33,FALSE,38.44,1.165,1,8
Nagaland,0,0,0,11.6,1,Brahmaputra (Dibrugarh gauge),105.7,TRUE,38.69,0.366,1,12
Manipur,0,0,0,14.6,2,Imphal River,8,FALSE,4.01,0.501,1,4
Tripura,0,0,0,14.8,1,Khowai,10,FALSE,4.24,0.424,0,3
Arunachal Pradesh,0,0,0,35.3,0,Brahmaputra (Dibrugarh gauge),105.7,TRUE,56.87,0.538,1,2
Manipur,59.418587,59.76463231,77.02376327,20.6,2,Barak,20.5,FALSE,13.32,0.65,0,7
Arunachal Pradesh,83.399994,109.9999943,117.0999937,35.6,1,Brahmaputra (Dibrugarh gauge),105.7,TRUE,53.7,0.508,1,4
Sikkim,2.5580988,23.74391985,39.22018774,23.3,0,Teesta,15,FALSE,6.3,0.42,1,4
Manipur,64.166214,69.5208168,83.56085861,19.2,0,Tlawng,9,FALSE,6.04,0.671,1,8
Nagaland,0.51421916,7.695178628,28.98766267,13.3,0,Doyang,18,FALSE,8.64,0.48,0,4
Manipur,0,0.446059898,0.446059898,14.6,2,Imphal River,8,FALSE,2.1,0.263,1,2
Nagaland,0,0,0,19.5,0,Kopili,30,FALSE,28.65,0.955,0,12
Meghalaya,3.2798183,7.758332491,7.758332491,23,0,Kopili,30,FALSE,29.52,0.984,1,6
Arunachal Pradesh,1.1129158,29.12771773,46.16597849,20.7,2,Subansiri,42,FALSE,20.5,0.488,1,3
Meghalaya,19.108797,143.6496067,154.5719205,15.7,1,Brahmaputra (Dhubri gauge),28.62,TRUE,25.9,0.905,0,6
Arunachal Pradesh,0,0,0,19.3,0,Dikrong,14,FALSE,11.98,0.856,1,6
Tripura,0,0,0,20.2,1,Gomti,12,FALSE,4.73,0.394,0,11
Meghalaya,0,0,0,19.7,0,Brahmaputra (Goalpara gauge),36.27,TRUE,14.15,0.39,0,2
Arunachal Pradesh,1.3182577,8.314196706,96.30059072,29.6,0,Brahmaputra (Dibrugarh gauge),105.7,TRUE,86.99,0.823,0,6
Sikkim,91.89048,178.3276863,316.9162111,25.7,0,Teesta,15,FALSE,14.31,0.954,1,7
Meghalaya,37.23638,155.8050003,245.6802316,17.1,1,Manas,33,FALSE,30.69,0.93,0,6
Arunachal Pradesh,92.947266,140.110297,287.9925048,24.5,0,Brahmaputra (Dibrugarh gauge),105.7,TRUE,72.72,0.688,0,4
Nagaland,9.157539,68.76056099,134.191205,13.3,0,Doyang,18,FALSE,18.43,1.024,0,8
Tripura,62.062263,136.9447594,193.8166368,12.6,1,Gomti,12,FALSE,12.13,1.011,1,5
Meghalaya,115.02281,179.5665417,275.6300402,14.7,0,Brahmaputra (Dhubri gauge),28.62,TRUE,28.25,0.987,0,7
Tripura,51.996826,133.8377798,188.0929743,12.6,1,Gomti,12,FALSE,9.3,0.775,0,7
Sikkim,57.518135,140.3576736,209.9569669,24.1,0,Teesta,15,FALSE,14.04,0.936,1,6
Manipur,0,0,0,19.6,0,Imphal River,8,FALSE,6.98,0.873,0,10
Manipur,76.8504,134.9271574,139.6342874,13.9,1,Imphal River,8,FALSE,4.8,0.6,1,5
Nagaland,0.21172555,32.27676423,70.46080215,11.2,0,Doyang,18,FALSE,17.53,0.974,1,7
Arunachal Pradesh,0,8.172438741,108.7673579,31.3,0,Brahmaputra (Dibrugarh gauge),105.7,TRUE,112.36,1.063,1,9
Meghalaya,0.23348443,0.233484432,0.233484432,25.6,0,Brahmaputra (Guwahati gauge),49.68,TRUE,25.44,0.512,0,3
Arunachal Pradesh,0.5950997,33.16764426,227.2101343,26.3,0,Brahmaputra (Dibrugarh gauge),105.7,TRUE,117.12,1.108,0,6
Meghalaya,122.52452,126.8551965,157.2517476,23.4,0,Barak,20.5,FALSE,13.76,0.671,1,5
Meghalaya,0,0,0,20.7,1,Barak,20.5,FALSE,5.88,0.287,0,12
Arunachal Pradesh,81.56086,127.9197569,151.5612914,24.7,1,Brahmaputra (Dibrugarh gauge),105.7,TRUE,48.83,0.462,0,4
Meghalaya,113.385735,170.8134574,271.439963,24.2,0,Brahmaputra (Goalpara gauge),36.27,TRUE,31.19,0.86,0,7
Manipur,0,0,0,16,0,Imphal River,8,FALSE,6.74,0.843,1,2
Assam,80.545204,84.27303958,105.389118,6,1,Brahmaputra (Dhubri gauge),28.62,TRUE,22.32,0.78,0,7
Meghalaya,79.43338,112.0233049,192.3461614,18.7,0,Brahmaputra (Guwahati gauge),49.68,TRUE,41.43,0.834,0,7
Meghalaya,64.10643,85.84947467,90.73513097,20.5,1,Brahmaputra (Guwahati gauge),49.68,TRUE,27.42,0.552,1,6
Assam,60.29044,173.3731842,363.362834,6.4,0,Brahmaputra (Dhubri gauge),28.62,TRUE,28.56,0.998,0,7
Meghalaya,15.998742,77.65967655,214.7104297,16.4,0,Brahmaputra (Dhubri gauge),28.62,TRUE,29.85,1.043,1,9
Tripura,51.674103,77.09435177,226.372138,17.3,0,Khowai,10,FALSE,9.57,0.957,1,6
Manipur,0.23224267,0.232242674,0.232242674,20.6,2,Barak,20.5,FALSE,8.22,0.401,0,4
Manipur,0,0,0,23.5,0,Barak,20.5,FALSE,7.48,0.365,1,12
Assam,0.6382473,2.02566582,9.792384088,3,0,Dikrong,14,FALSE,11.23,0.802,0,7
Manipur,9.922296,10.11255932,11.45059037,13.9,1,Imphal River,8,FALSE,4.28,0.535,1,6
Sikkim,26.547398,72.81502914,408.0567989,25.7,0,Teesta,15,FALSE,14.97,0.998,1,6
Manipur,15.109089,42.64029503,76.76620805,19.2,0,Imphal River,8,FALSE,4.75,0.594,0,6
Nagaland,4.9355555,28.21654081,79.62263441,18,1,Brahmaputra (Tezpur gauge),65.23,TRUE,33.01,0.506,1,10
Nagaland,0,1.301194906,56.24525237,20.5,0,Kopili,30,FALSE,29.52,0.984,1,7
Sikkim,1.3311543,42.24686384,65.93837583,23.3,0,Teesta,15,FALSE,12.14,0.809,1,7
Meghalaya,18.108955,36.57984161,425.3101349,21.6,0,Brahmaputra (Goalpara gauge),36.27,TRUE,33.91,0.935,1,8
Meghalaya,122.15573,216.3948936,256.9572251,20.2,0,Brahmaputra (Guwahati gauge),49.68,TRUE,49.28,0.992,1,8
Sikkim,0,0,10.59499703,31,1,Teesta,15,FALSE,6.21,0.414,1,10
Nagaland,7.7698774,7.769877434,7.769877434,12.2,1,Dikrong,14,FALSE,7.56,0.54,1,9
Sikkim,0,0,0,29.8,2,Teesta,15,FALSE,6.15,0.41,1,12
Mizoram,12.850061,15.05642295,57.68139853,23.4,0,Tlawng,9,FALSE,4.35,0.483,0,9
Assam,113.56595,156.351563,164.9417939,4.3,1,Brahmaputra (Tezpur gauge),65.23,TRUE,48.34,0.741,1,5
Arunachal Pradesh,7.621433,9.707529306,30.92617667,28.1,0,Brahmaputra (Dibrugarh gauge),105.7,TRUE,49.04,0.464,1,5
Tripura,0,0,0,14.9,0,Gomti,12,FALSE,4.45,0.371,1,3
Meghalaya,32.060764,48.60136521,106.8062078,15.7,1,Brahmaputra (Dhubri gauge),28.62,TRUE,18.75,0.655,0,6
Sikkim,79.130745,159.7910442,168.4946928,25.5,2,Teesta,15,FALSE,9.33,0.622,1,9
Arunachal Pradesh,3.0583498,16.00697899,20.57264996,9.4,0,Dikrong,14,FALSE,11.73,0.838,1,4
Arunachal Pradesh,9.35908,29.40470237,37.22450656,28.9,1,Brahmaputra (Dibrugarh gauge),105.7,TRUE,53.7,0.508,1,4
Arunachal Pradesh,60.441177,85.16470337,125.101485,21.4,2,Brahmaputra (Dibrugarh gauge),105.7,TRUE,55.92,0.529,1,10
Arunachal Pradesh,0,0,0,25.4,0,Brahmaputra (Dibrugarh gauge),105.7,TRUE,46.51,0.44,1,11
Arunachal Pradesh,0,5.364635706,13.79895496,20.1,1,Subansiri,42,FALSE,12.05,0.287,0,2
Tripura,2.9888628,112.5546396,266.5376031,12.6,1,Gomti,12,FALSE,10.76,0.897,0,8
Arunachal Pradesh,13.2872305,17.27054104,22.41918144,33.6,2,Brahmaputra (Dibrugarh gauge),105.7,TRUE,63.53,0.601,1,3
Tripura,73.54795,212.4833412,390.8291266,12.8,1,Gomti,12,FALSE,12.18,1.015,1,8
Assam,196.33235,386.8452988,716.8873062,10.2,0,Manas,33,FALSE,40.49,1.227,1,6
Sikkim,0,0,4.166345119,34.2,1,Teesta,15,FALSE,6.21,0.414,1,11
Sikkim,81.69936,115.4035985,319.5937726,25.7,0,Teesta,15,FALSE,15.92,1.061,1,9
Tripura,0,0,0,20.2,1,Gomti,12,FALSE,5.52,0.46,0,1
Meghalaya,0,0,0,17.7,1,Brahmaputra (Goalpara gauge),36.27,TRUE,17.08,0.471,0,11
Meghalaya,3.073866,10.75931716,55.55880587,23.4,0,Barak,20.5,FALSE,13.02,0.635,1,7
Nagaland,89.63256,133.8217239,182.1492916,17.4,0,Doyang,18,FALSE,16.87,0.937,1,7
Mizoram,2.9369676,3.68507275,12.45809904,25,1,Tlawng,9,FALSE,5.38,0.598,1,7
Arunachal Pradesh,0,0,0,19.6,3,Subansiri,42,FALSE,18.48,0.44,0,1
Mizoram,50.569347,68.41888428,68.41888428,23.3,0,Tlawng,9,FALSE,4.23,0.47,0,11
Assam,62.524284,70.59514713,70.59514713,4.6,1,Brahmaputra (Goalpara gauge),36.27,TRUE,24.41,0.673,1,9
Sikkim,51.994007,155.2540627,252.3703661,33.6,1,Teesta,15,FALSE,12.93,0.862,0,8
Nagaland,99.05294,154.8844776,166.001815,16.9,0,Dikrong,14,FALSE,11.26,0.804,1,8
Sikkim,16.055449,27.22228241,56.36689031,31,1,Teesta,15,FALSE,7.5,0.5,1,4
Arunachal Pradesh,0,0.161485568,0.272332825,33.6,2,Brahmaputra (Dibrugarh gauge),105.7,TRUE,107.39,1.016,1,9
Meghalaya,109.82381,227.8511009,1144.169842,20.2,0,Brahmaputra (Guwahati gauge),49.68,TRUE,60.01,1.208,1,6
Arunachal Pradesh,0,1.663141608,37.38923708,27.3,1,Brahmaputra (Dibrugarh gauge),105.7,TRUE,47.99,0.454,1,9
Arunachal Pradesh,0,0,1.386566877,16.5,1,Dikrong,14,FALSE,12.1,0.864,1,12
Nagaland,82.310356,93.53595579,118.9461235,15.7,1,Doyang,18,FALSE,5.78,0.321,0,4
Manipur,0,0,0,14.2,1,Imphal River,8,FALSE,2.89,0.361,0,3
Arunachal Pradesh,87.978485,221.9029694,411.6496334,33.6,0,Brahmaputra (Dibrugarh gauge),105.7,TRUE,110.56,1.046,1,7
Meghalaya,97.15008,479.5923233,886.5511398,21.6,0,Brahmaputra (Goalpara gauge),36.27,TRUE,38.41,1.059,1,8
Assam,98.7731,108.087002,247.394573,6.7,0,Manas,33,FALSE,28.84,0.874,0,8
Assam,379.00262,608.7500496,933.511364,8.3,1,Brahmaputra (Goalpara gauge),36.27,TRUE,40.37,1.113,1,6
Nagaland,0,0,0,17.8,0,Subansiri,42,FALSE,13.02,0.31,0,3
Meghalaya,64.60487,126.6116877,348.4073992,18.6,2,Brahmaputra (Dhubri gauge),28.62,TRUE,27.88,0.974,1,6
Meghalaya,5.22081,23.24694395,34.88947529,17.5,0,Brahmaputra (Dhubri gauge),28.62,TRUE,12.62,0.441,0,9
Nagaland,0,0.290822715,0.84115085,19,6,Brahmaputra (Neamatighat gauge),85.05,TRUE,34.45,0.405,0,5
Arunachal Pradesh,12.284559,40.98947716,41.11472651,20.7,1,Subansiri,42,FALSE,15.08,0.359,0,6
Tripura,0,1.063290477,1.623454437,20.2,1,Gomti,12,FALSE,4.91,0.409,0,12
Meghalaya,0.040580165,0.210130241,478.1465121,18.9,0,Brahmaputra (Guwahati gauge),49.68,TRUE,52.36,1.054,0,9
Manipur,0,0,0,23.5,0,Barak,20.5,FALSE,8.32,0.406,0,1
Assam,12.343592,15.27915478,439.2734928,9.1,1,Khowai,10,FALSE,10.19,1.019,1,6
Assam,113.302765,230.5391197,256.6108717,5,0,Subansiri,42,FALSE,40.24,0.958,1,8
Meghalaya,0.27356103,2.392273486,21.05205685,24.7,2,Brahmaputra (Goalpara gauge),36.27,TRUE,13.46,0.371,0,5
Meghalaya,64.34895,102.2642031,130.2959791,20.2,0,Brahmaputra (Guwahati gauge),49.68,TRUE,40.64,0.818,1,7
Meghalaya,0,0,0,18.9,0,Brahmaputra (Guwahati gauge),49.68,TRUE,16.79,0.338,1,11
Arunachal Pradesh,1.3647726,19.26827455,45.17890692,18,0,Dikrong,14,FALSE,8.25,0.589,0,7
Arunachal Pradesh,2.8062022,3.28865546,12.25831884,25.3,0,Brahmaputra (Dibrugarh gauge),105.7,TRUE,31.29,0.296,1,3
Assam,65.54285,121.2184258,317.226368,6,1,Brahmaputra (Dhubri gauge),28.62,TRUE,29.28,1.023,0,8
Nagaland,0,0,8.234215617,18,1,Dhansiri,40,FALSE,13.16,0.329,0,3
Arunachal Pradesh,0,0.343024224,50.93572012,26.1,0,Brahmaputra (Dibrugarh gauge),105.7,TRUE,104.11,0.985,1,8
Sikkim,0,0,0,24.1,0,Teesta,15,FALSE,6.62,0.441,0,12
Arunachal Pradesh,24.092218,190.2945614,221.8399428,9.4,0,Dikrong,14,FALSE,11.83,0.845,1,6
Meghalaya,49.262264,137.9141903,349.3605828,19.7,0,Brahmaputra (Goalpara gauge),36.27,TRUE,38.59,1.064,1,7
Meghalaya,0,0,0,19.2,1,Kopili,30,FALSE,24,0.8,1,1
Meghalaya,27.436285,87.67948151,93.41303015,23,2,Brahmaputra (Guwahati gauge),49.68,TRUE,21.81,0.439,0,5
Mizoram,88.77972,173.3005581,254.9102964,25,2,Tlawng,9,FALSE,6.7,0.745,1,5
Nagaland,0,0,8.215009972,12.7,1,Brahmaputra (Neamatighat gauge),85.05,TRUE,76.29,0.897,0,11
Manipur,11.184249,28.39521146,52.59801078,17.5,0,Kopili,30,FALSE,27.75,0.925,1,6
Mizoram,6.41406,71.3637023,96.49380279,23,0,Tlawng,9,FALSE,6.31,0.701,0,8
Meghalaya,0.08286765,49.31053641,94.01154563,16.4,0,Brahmaputra (Dhubri gauge),28.62,TRUE,8.76,0.306,0,5
Mizoram,0,0,20.17198724,20.8,0,Tlawng,9,FALSE,3.81,0.423,1,10
Mizoram,55.862606,59.23995709,119.7757466,21.4,0,Tlawng,9,FALSE,7.21,0.801,0,6
Assam,122.12903,163.9666756,171.5085859,6.5,0,Brahmaputra (Tezpur gauge),65.23,TRUE,37.96,0.582,0,5
Meghalaya,4.333136,11.42948735,45.49210876,23.5,1,Barak,20.5,FALSE,14.23,0.694,0,8
Nagaland,0,16.08405495,30.41857047,17.9,0,Dhansiri,40,FALSE,17.28,0.432,0,11
Nagaland,0,0,0,12.2,1,Dikrong,14,FALSE,4.91,0.351,1,11
Manipur,4.557636,5.984425902,8.46716316,6.7,0,Doyang,18,FALSE,3.55,0.197,1,2
Arunachal Pradesh,19.323172,198.2757587,212.1015957,15.9,0,Subansiri,42,FALSE,49.52,1.179,1,6
Assam,66.30823,220.7711945,257.7344652,4.4,1,Brahmaputra (Tezpur gauge),65.23,TRUE,64.58,0.99,1,7
Arunachal Pradesh,0.35500443,90.21404946,374.4343761,28.6,1,Brahmaputra (Dibrugarh gauge),105.7,TRUE,102.74,0.972,0,7
Meghalaya,58.581406,73.68003857,110.141726,16,0,Brahmaputra (Goalpara gauge),36.27,TRUE,20.13,0.555,0,4
Meghalaya,124.347626,125.0186108,178.9564805,14.7,0,Brahmaputra (Dhubri gauge),28.62,TRUE,19.72,0.689,1,5
Meghalaya,15.438714,36.60067654,126.2061958,20.4,1,Barak,20.5,FALSE,18.61,0.908,1,8
Tripura,3.038146,17.64733124,121.0367853,16.1,0,Gomti,12,FALSE,10.03,0.836,1,9
Mizoram,73.94312,87.65683365,214.7557893,23.4,0,Tlawng,9,FALSE,6.37,0.708,1,6
Assam,20.198013,54.30499268,100.6014527,1.3,1,Brahmaputra (Tezpur gauge),65.23,TRUE,61.71,0.946,1,7
Tripura,254.11641,336.5352387,342.342742,16,0,Gomti,12,FALSE,12.97,1.081,1,7
Nagaland,0,0,0,10.6,0,Brahmaputra (Neamatighat gauge),85.05,TRUE,38.7,0.455,1,12
Manipur,7.3999166,26.10976839,73.77411079,13.5,0,Doyang,18,FALSE,17.24,0.958,1,6
Assam,53.341476,126.9024639,195.2555928,5.2,2,Brahmaputra (Tezpur gauge),65.23,TRUE,50.29,0.771,0,6
Arunachal Pradesh,61.61575,142.9641132,238.1988907,28.1,0,Brahmaputra (Dibrugarh gauge),105.7,TRUE,105.49,0.998,1,7
Assam,0,1.342986584,315.1814647,5.4,1,Brahmaputra (Guwahati gauge),49.68,TRUE,56.39,1.135,0,6
Assam,0,0,13.23120517,10.2,0,Manas,33,FALSE,21.19,0.642,0,9
Nagaland,0,0,1.761399984,13.7,1,Brahmaputra (Neamatighat gauge),85.05,TRUE,30.62,0.36,1,12
Mizoram,0,2.306765914,3.143397987,20.2,0,Tlawng,9,FALSE,3.13,0.348,0,5
Arunachal Pradesh,0,0,0,25.1,1,Brahmaputra (Dibrugarh gauge),105.7,TRUE,31.08,0.294,1,1
Meghalaya,73.02272,82.70759082,112.5602997,23.5,1,Barak,20.5,FALSE,16.79,0.819,1,7
Tripura,0,0,0,13.5,0,Khowai,10,FALSE,3.99,0.399,0,12
Assam,95.47299,96.11023581,123.9138147,10.2,0,Manas,33,FALSE,22.47,0.681,1,8
Nagaland,13.3055935,58.6720314,197.1836386,13.7,1,Brahmaputra (Neamatighat gauge),85.05,TRUE,62.77,0.738,1,7
Mizoram,11.886618,20.25264931,45.22666478,22.2,1,Tlawng,9,FALSE,5.22,0.58,1,7
Nagaland,68.34321,81.98303699,119.3391323,16.8,2,Brahmaputra (Dibrugarh gauge),105.7,TRUE,61.09,0.578,0,8
Manipur,68.901596,122.2748857,129.0031507,11.2,0,Imphal River,8,FALSE,3.27,0.409,0,5
Meghalaya,67.03802,448.617012,648.939455,20.5,1,Brahmaputra (Guwahati gauge),49.68,TRUE,45.56,0.917,1,10
Tripura,128.18814,145.3471973,214.6793745,17.2,0,Gomti,12,FALSE,11.09,0.924,1,7
Tripura,48.936142,51.32614505,89.49647728,13.5,0,Khowai,10,FALSE,5.5,0.55,0,9
Mizoram,0,0,0,22.2,1,Tlawng,9,FALSE,3.07,0.341,1,2
Mizoram,0,18.74641705,18.74641705,21.9,2,Tlawng,9,FALSE,2.92,0.324,0,4
Assam,106.895706,123.6634665,144.3764147,5.4,0,Dikrong,14,FALSE,7.64,0.546,1,5
Sikkim,0.30022925,2.546216249,4.498433203,29.7,3,Teesta,15,FALSE,6.74,0.449,1,3
Arunachal Pradesh,94.26244,217.9457588,344.4649124,17.6,1,Subansiri,42,FALSE,48.72,1.16,0,6
Nagaland,0,0,7.331636891,14.6,0,Brahmaputra (Neamatighat gauge),85.05,TRUE,16.84,0.198,1,11
Meghalaya,3.8114252,94.89173985,251.9822607,22,0,Brahmaputra (Guwahati gauge),49.68,TRUE,42.97,0.865,1,7
Mizoram,0,0,1.935976565,19.4,0,Tlawng,9,FALSE,3.89,0.432,1,5
Nagaland,27.682077,55.13198435,110.1996266,15.1,2,Brahmaputra (Neamatighat gauge),85.05,TRUE,60.81,0.715,1,8
Arunachal Pradesh,9.853768,36.99279261,96.87293738,9.4,0,Dikrong,14,FALSE,12.39,0.885,0,6
Arunachal Pradesh,73.16156,80.99067855,106.6454235,27.4,0,Brahmaputra (Dibrugarh gauge),105.7,TRUE,88.37,0.836,1,6
Arunachal Pradesh,10.6,55.20000029,159.0999954,35.6,1,Brahmaputra (Dibrugarh gauge),105.7,TRUE,52.96,0.501,0,5
Arunachal Pradesh,3.0984447,61.62612033,175.5446422,19.3,0,Dikrong,14,FALSE,7.87,0.562,1,5
Assam,0,0,0.53226757,5.5,1,Brahmaputra (Guwahati gauge),49.68,TRUE,43.77,0.881,1,3
Sikkim,27.77122,194.1157551,266.69671,33.4,1,Teesta,15,FALSE,12.38,0.825,0,9
Nagaland,2.8950765,3.331536055,3.331536055,20.5,0,Kopili,30,FALSE,11.13,0.371,1,11
Assam,101.811874,115.2737675,128.2032199,6.3,0,Brahmaputra (Goalpara gauge),36.27,TRUE,23.9,0.659,1,7
Arunachal Pradesh,0,0,0,23.4,1,Brahmaputra (Dibrugarh gauge),105.7,TRUE,45.56,0.431,1,12
Manipur,0,0.424900323,21.41116908,18,0,Imphal River,8,FALSE,3.62,0.453,0,4
Assam,51.947124,252.8173637,582.6586473,6,1,Brahmaputra (Dhubri gauge),28.62,TRUE,31.42,1.098,0,7
Nagaland,0,0,0,15.4,0,Dikrong,14,FALSE,6.82,0.487,0,1
Arunachal Pradesh,99.22896,151.2908849,195.7798187,25.2,1,Brahmaputra (Dibrugarh gauge),105.7,TRUE,78.96,0.747,0,5
Meghalaya,3.3911233,3.521033898,42.29196407,21.3,1,Brahmaputra (Goalpara gauge),36.27,TRUE,18.64,0.514,0,9
Mizoram,0,0,0,20.2,1,Tlawng,9,FALSE,3.97,0.441,0,11
Arunachal Pradesh,0,0,0,30.5,1,Brahmaputra (Dibrugarh gauge),105.7,TRUE,54.54,0.516,0,12
Nagaland,81.49686,137.0565376,172.153942,16.9,0,Dikrong,14,FALSE,9.45,0.675,1,8
Meghalaya,0,0,0,20,3,Barak,20.5,FALSE,15.31,0.747,0,12
Mizoram,51.768887,122.7805977,134.4324136,25.4,3,Tlawng,9,FALSE,7.35,0.817,0,7
Assam,0,2.266733885,144.4464729,4.3,0,Manas,33,FALSE,20.53,0.622,0,9
Tripura,0,9.17011261,290.672888,17.2,0,Gomti,12,FALSE,10.75,0.896,1,8
Manipur,0,0,0,17.1,2,Imphal River,8,FALSE,3.42,0.427,0,1
Manipur,28.026281,48.59475386,70.62776291,13.5,0,Doyang,18,FALSE,17.15,0.953,0,8
Meghalaya,0,3.499720097,105.7794785,20.7,1,Barak,20.5,FALSE,7.83,0.382,1,10
Arunachal Pradesh,0,0.933770776,7.39166224,28.5,0,Brahmaputra (Dibrugarh gauge),105.7,TRUE,52,0.492,0,6
Manipur,0,8.505107909,9.821373358,20.6,2,Barak,20.5,FALSE,7.07,0.345,1,5
Meghalaya,0,2.616059065,45.56707427,18.2,1,Manas,33,FALSE,13.53,0.41,0,5
Manipur,2.913518,11.82702041,64.85672116,17.5,1,Barak,20.5,FALSE,10.74,0.524,1,6
Manipur,5.4466925,16.46426845,98.60648751,18,0,Imphal River,8,FALSE,7.08,0.885,1,7
Arunachal Pradesh,0,0,0,30.3,0,Brahmaputra (Dibrugarh gauge),105.7,TRUE,38.79,0.367,1,1
Nagaland,3.5038848,21.04599714,23.16626573,12.7,1,Brahmaputra (Neamatighat gauge),85.05,TRUE,54.43,0.64,0,8
Manipur,21.009796,27.88990676,69.24776971,14.2,1,Imphal River,8,FALSE,7.72,0.965,1,8
Sikkim,12.340402,97.01603603,294.310956,23.3,0,Teesta,15,FALSE,12.9,0.86,1,6
Arunachal Pradesh,0,0.002263387,2.000609971,28.8,1,Brahmaputra (Dibrugarh gauge),105.7,TRUE,63.63,0.602,1,9
Arunachal Pradesh,1.8036873,12.57616162,15.62636735,9.4,0,Dikrong,14,FALSE,13.26,0.947,0,6
Tripura,33.1617,58.51670313,305.8575616,14.5,0,Khowai,10,FALSE,9.84,0.984,1,9
Arunachal Pradesh,2.8065834,38.54985237,43.83973646,31.3,0,Brahmaputra (Dibrugarh gauge),105.7,TRUE,85.41,0.808,1,3
Arunachal Pradesh,27.291922,63.72888565,156.7794008,33.6,0,Brahmaputra (Dibrugarh gauge),105.7,TRUE,68.07,0.644,0,9
Mizoram,0.2877052,23.79783514,107.663907,19.7,0,Barak,20.5,FALSE,21.2,1.034,1,8
Nagaland,0.031096647,4.559374044,22.6155097,19.5,0,Kopili,30,FALSE,12.03,0.401,0,5
Meghalaya,89.36395,273.4617958,319.7360641,15.7,1,Brahmaputra (Dhubri gauge),28.62,TRUE,27.5,0.961,1,7
Tripura,4.8758483,24.5344739,159.4322901,13.5,0,Khowai,10,FALSE,9.74,0.974,0,8
Arunachal Pradesh,93.440216,315.0224991,370.0729268,28.8,1,Brahmaputra (Dibrugarh gauge),105.7,TRUE,103.37,0.978,1,7
Manipur,8.509951,18.58512473,39.52130699,23.5,0,Barak,20.5,FALSE,12.81,0.625,0,6
Meghalaya,58.27837,91.08978057,334.014405,27.5,3,Brahmaputra (Guwahati gauge),49.68,TRUE,46.75,0.941,1,7
Assam,134.3203,248.0067368,456.4316654,5.4,1,Brahmaputra (Guwahati gauge),49.68,TRUE,52.01,1.047,1,6
Nagaland,0,36.82629639,67.42486435,17.2,0,Brahmaputra (Neamatighat gauge),85.05,TRUE,58.68,0.69,0,7
Meghalaya,51.448624,147.1223259,186.6575599,15.7,1,Brahmaputra (Dhubri gauge),28.62,TRUE,23.15,0.809,0,8
Tripura,3.0017917,5.163597345,216.150212,20.2,1,Gomti,12,FALSE,10.96,0.913,1,7
Meghalaya,52.73042,349.3843651,418.1743345,24.9,0,Brahmaputra (Guwahati gauge),49.68,TRUE,41.09,0.827,1,6
Assam,99.81076,117.078228,135.2922016,6.5,0,Manas,33,FALSE,23.3,0.706,1,8
Assam,98.98702,283.35569,389.6079289,7.7,1,Brahmaputra (Dibrugarh gauge),105.7,TRUE,123.67,1.17,1,7
Sikkim,63.716824,194.3847351,329.0810261,29.2,0,Teesta,15,FALSE,13.36,0.891,0,6
Meghalaya,0,5.714168072,173.6865363,17.7,1,Brahmaputra (Goalpara gauge),36.27,TRUE,34.78,0.959,1,3
Meghalaya,0,0,19.53626156,18.7,0,Brahmaputra (Guwahati gauge),49.68,TRUE,14.06,0.283,1,4
Nagaland,0,0,0,20.1,1,Dhansiri,40,FALSE,17.24,0.431,1,3
Manipur,0.91240984,1.10247907,17.43910775,13.2,1,Doyang,18,FALSE,6.75,0.375,1,7
Mizoram,0,0,25.40819001,19.7,0,Barak,20.5,FALSE,8.06,0.393,1,12
Nagaland,0,1.680331945,3.489369154,18,1,Dhansiri,40,FALSE,21.88,0.547,1,6
Meghalaya,45.440395,310.4338799,1265.509558,20.5,1,Brahmaputra (Guwahati gauge),49.68,TRUE,49.68,1,1,6
Arunachal Pradesh,122.47766,400.916008,485.0925896,28.6,0,Brahmaputra (Dibrugarh gauge),105.7,TRUE,126.73,1.199,1,7
Manipur,0,2.856677316,23.55689318,20.7,2,Barak,20.5,FALSE,18.18,0.887,1,7
Tripura,0,0,0,13.5,0,Gomti,12,FALSE,3.54,0.295,1,3
Mizoram,0.23773277,8.035863519,70.4265992,20.2,1,Tlawng,9,FALSE,5.04,0.56,0,8
Manipur,0,0,10.21042669,16.8,0,Barak,20.5,FALSE,17.59,0.858,0,9
Arunachal Pradesh,51.999996,54.09999609,112.0999937,35.6,1,Brahmaputra (Dibrugarh gauge),105.7,TRUE,62.79,0.594,1,7
Arunachal Pradesh,0,0,0,20.4,3,Brahmaputra (Dibrugarh gauge),105.7,TRUE,26.53,0.251,0,11
Sikkim,139.42833,198.9610081,317.9995871,25.7,0,Teesta,15,FALSE,14.16,0.944,1,6
Assam,62.12534,127.4637938,127.7512897,5.4,0,Dikrong,14,FALSE,17.02,1.216,1,6
Arunachal Pradesh,5.6906486,5.690648556,5.690648556,29.9,1,Brahmaputra (Dibrugarh gauge),105.7,TRUE,49.68,0.47,0,2
Arunachal Pradesh,8.371103,10.2560637,45.3973639,28.8,1,Brahmaputra (Dibrugarh gauge),105.7,TRUE,58.45,0.553,1,5
Sikkim,110.59519,123.4539094,137.6524854,28.8,0,Teesta,15,FALSE,8.44,0.563,1,10
Assam,140.94044,175.147628,232.5791795,4.7,0,Subansiri,42,FALSE,39.14,0.932,1,8
Arunachal Pradesh,1.937033,10.52276546,24.2342326,20.1,1,Subansiri,42,FALSE,20.75,0.494,1,8
Sikkim,51.60593,104.4171429,185.932724,28.8,0,Teesta,15,FALSE,18.48,1.232,1,6
Sikkim,30.22902,125.8264084,183.0849855,35.2,1,Teesta,15,FALSE,10.96,0.731,1,8
Assam,0,0,0,5.4,0,Manas,33,FALSE,28.71,0.87,1,4
Arunachal Pradesh,12.451479,16.24726981,18.09193379,33.2,2,Brahmaputra (Dibrugarh gauge),105.7,TRUE,86.57,0.819,0,8
Nagaland,109.285995,148.1436577,207.6168385,15.1,2,Brahmaputra (Neamatighat gauge),85.05,TRUE,66.59,0.783,1,7
Tripura,13.418174,18.72575736,72.97409225,13.7,0,Gomti,12,FALSE,7.64,0.637,1,8
Meghalaya,84.676476,159.6918573,172.6777131,18.8,0,Brahmaputra (Guwahati gauge),49.68,TRUE,28.86,0.581,1,5
Arunachal Pradesh,1.1569513,4.026194572,186.0147161,33.2,2,Brahmaputra (Dibrugarh gauge),105.7,TRUE,85.62,0.81,1,6
Manipur,0.651907,4.866468489,4.866468489,23.5,0,Barak,20.5,FALSE,8.63,0.421,0,2
Arunachal Pradesh,0,0,0,35.3,0,Brahmaputra (Dibrugarh gauge),105.7,TRUE,37.21,0.352,0,2
Meghalaya,56.406994,211.2456131,245.2413622,20.5,1,Brahmaputra (Guwahati gauge),49.68,TRUE,39.79,0.801,1,9
Sikkim,36.155937,129.5386333,345.4284611,25.5,2,Teesta,15,FALSE,15.19,1.013,1,7
Sikkim,3.0815794,17.67873377,21.42011246,29.7,3,Teesta,15,FALSE,7.08,0.472,0,2
Nagaland,6.45141,24.17427433,24.71173036,17.8,0,Subansiri,42,FALSE,22.18,0.528,0,5
Mizoram,67.545204,189.5568504,240.3835588,22.2,1,Tlawng,9,FALSE,7.52,0.835,0,8
Sikkim,17.385452,49.19349098,158.4084272,34.9,3,Teesta,15,FALSE,10.82,0.721,1,6
Meghalaya,0,0.15042454,2.28327024,21.7,2,Barak,20.5,FALSE,12.48,0.609,0,6
Meghalaya,6.5908184,7.186168134,19.20601708,19.6,0,Kopili,30,FALSE,16.32,0.544,0,7
Assam,25.797869,89.22309256,239.7597854,11.2,0,Brahmaputra (Dhubri gauge),28.62,TRUE,25.07,0.876,1,6
Manipur,0,0,0,13.9,1,Imphal River,8,FALSE,3.12,0.39,0,3
Meghalaya,90.788284,98.45045543,287.096823,17.7,1,Brahmaputra (Goalpara gauge),36.27,TRUE,35.47,0.978,0,7
Manipur,49.884544,110.8544827,245.1265182,20.6,2,Barak,20.5,FALSE,21.36,1.042,1,8
Manipur,13.485098,25.91433096,85.76419687,8.4,2,Imphal River,8,FALSE,7.17,0.896,1,8
Sikkim,52.917557,146.0183334,237.5777297,29.8,2,Teesta,15,FALSE,12.51,0.834,0,8
Meghalaya,64.457245,101.8075907,113.6674521,19.7,1,Brahmaputra (Goalpara gauge),36.27,TRUE,21.4,0.59,0,6
Mizoram,0,0,0,23,2,Khowai,10,FALSE,9.41,0.941,0,11
Arunachal Pradesh,1.5237923,2.289756835,2.289756835,30.5,1,Brahmaputra (Dibrugarh gauge),105.7,TRUE,31.39,0.297,0,11
Mizoram,10.198342,86.14797783,87.68349808,19.4,0,Tlawng,9,FALSE,6.04,0.671,0,8
Assam,59.756115,113.3812561,198.2468271,3.4,0,Dikrong,14,FALSE,10.23,0.731,1,7
Arunachal Pradesh,38.295357,155.0044117,283.1786375,29.1,2,Brahmaputra (Dibrugarh gauge),105.7,TRUE,105.59,0.999,0,5
Tripura,0,0.467257708,1.306178063,20.2,1,Gomti,12,FALSE,4.96,0.413,0,4
Nagaland,67.80012,100.3174753,156.5462413,11.6,1,Brahmaputra (Dibrugarh gauge),105.7,TRUE,117.01,1.107,1,8
Arunachal Pradesh,3.533131,5.554448163,5.561591044,29,0,Brahmaputra (Dibrugarh gauge),105.7,TRUE,47.04,0.445,1,10
Mizoram,0,0,0,25,2,Tlawng,9,FALSE,3.49,0.388,1,1
Meghalaya,8.186099,76.19853115,161.2296228,18.3,0,Brahmaputra (Dhubri gauge),28.62,TRUE,15.88,0.555,1,5
Mizoram,10.987701,67.84648609,183.5597649,17.7,1,Tlawng,9,FALSE,7.65,0.85,1,7
Sikkim,0,0,3.599337816,29.2,0,Teesta,15,FALSE,5.74,0.383,0,10
Arunachal Pradesh,88.2178,110.9459333,162.1770018,20.4,3,Brahmaputra (Dibrugarh gauge),105.7,TRUE,90.16,0.853,1,9
Arunachal Pradesh,0,7.148269653,26.42540532,24.5,0,Brahmaputra (Dibrugarh gauge),105.7,TRUE,45.35,0.429,1,10
Sikkim,108.55177,153.8983431,212.4424076,31.9,1,Teesta,15,FALSE,11.22,0.748,0,7
Mizoram,0,0,2.896941662,24,1,Tlawng,9,FALSE,3.42,0.38,1,11
Manipur,46.63745,111.5556393,162.5708189,6.7,0,Doyang,18,FALSE,12.65,0.703,1,5
Tripura,12.739124,30.21254948,60.20456484,20.2,1,Gomti,12,FALSE,6.37,0.531,0,5
Arunachal Pradesh,83.46203,133.8979959,254.9635869,23.1,1,Brahmaputra (Dibrugarh gauge),105.7,TRUE,78.22,0.74,1,8
Assam,2.188235,32.45621085,33.78997356,9.3,1,Kopili,30,FALSE,20.82,0.694,0,6
Arunachal Pradesh,0.32015184,25.08695176,64.51626146,33.6,0,Brahmaputra (Dibrugarh gauge),105.7,TRUE,102.63,0.971,1,7
Tripura,8.96888,11.1677475,47.40897337,17.2,0,Gomti,12,FALSE,9.8,0.817,1,5
Tripura,183.83665,221.575696,278.6979337,14.4,2,Gomti,12,FALSE,12.29,1.024,1,8
Sikkim,71.96412,75.78538775,113.1332535,29.7,3,Teesta,15,FALSE,8.86,0.591,0,5
Assam,0,18.12752151,18.12752151,10.2,0,Manas,33,FALSE,16.04,0.486,0,6
Arunachal Pradesh,0.3579532,20.07672942,36.37858309,28.8,1,Brahmaputra (Dibrugarh gauge),105.7,TRUE,107.07,1.013,1,8
Manipur,0,1.20048058,1.20048058,16,0,Imphal River,8,FALSE,2.77,0.346,0,2
Manipur,0.39296263,18.00730819,65.93787187,14.6,2,Imphal River,8,FALSE,3.24,0.405,0,5
Arunachal Pradesh,1.4192294,8.621192932,14.39330673,19.6,3,Subansiri,42,FALSE,22.01,0.524,0,2
Sikkim,0,40.31784821,278.3226566,27.7,0,Teesta,15,FALSE,12.32,0.821,0,10
Assam,6.2053432,7.066546321,12.39038217,2,0,Dikrong,14,FALSE,8.32,0.594,1,9
Assam,0.54505,4.779986739,9.854922459,5.8,1,Brahmaputra (Guwahati gauge),49.68,TRUE,29.96,0.603,1,7
Arunachal Pradesh,0.30984378,3.294308841,3.891680181,14.7,0,Dikrong,14,FALSE,7.85,0.561,1,6
Assam,0,0,0,7.1,2,Barak,20.5,FALSE,8.57,0.418,0,12
Nagaland,37.233448,96.0471077,181.2886553,13.8,0,Dhansiri,40,FALSE,43,1.075,0,7
Arunachal Pradesh,51.299995,115.4999933,115.4999933,35.6,1,Brahmaputra (Dibrugarh gauge),105.7,TRUE,60.67,0.574,0,9
Arunachal Pradesh,0,1.057688594,7.157340646,16.5,1,Dikrong,14,FALSE,8.2,0.586,0,1
Meghalaya,30.414825,59.94840336,296.1612806,14.7,0,Brahmaputra (Dhubri gauge),28.62,TRUE,27.93,0.976,1,7
Mizoram,65.39556,65.56908771,65.56908771,20.3,0,Tlawng,9,FALSE,4.27,0.474,0,5
Manipur,0,0,0,14.6,2,Imphal River,8,FALSE,2.28,0.285,0,1
Nagaland,2.8578043,4.778279215,4.778279215,17.9,0,Dhansiri,40,FALSE,33.68,0.842,1,9
Meghalaya,69.15677,147.860445,612.4083881,21.6,0,Brahmaputra (Goalpara gauge),36.27,TRUE,32.64,0.9,1,8
Arunachal Pradesh,0,0,0,31.5,1,Brahmaputra (Dibrugarh gauge),105.7,TRUE,41.22,0.39,0,10
Meghalaya,51.07017,97.58722961,100.689727,19.7,1,Brahmaputra (Goalpara gauge),36.27,TRUE,23.36,0.644,0,9
Arunachal Pradesh,11.680442,11.68044186,216.7387075,24.8,1,Brahmaputra (Dibrugarh gauge),105.7,TRUE,70.92,0.671,0,7
Arunachal Pradesh,0,1.095236659,1.095236659,25.1,1,Brahmaputra (Dibrugarh gauge),105.7,TRUE,32.34,0.306,0,1
Manipur,2.2350183,22.20470238,27.5476855,17.3,1,Barak,20.5,FALSE,18.53,0.904,1,6
Nagaland,4.468176,17.21252203,37.69625294,13.3,0,Doyang,18,FALSE,11.3,0.628,0,10
Arunachal Pradesh,0,7.819571257,46.66281211,31.6,1,Brahmaputra (Dibrugarh gauge),105.7,TRUE,69.66,0.659,0,6
Manipur,0.19829296,3.807225212,21.11544323,17.5,1,Imphal River,8,FALSE,8.04,1.005,0,9
Meghalaya,0,0,0,17.5,0,Brahmaputra (Dhubri gauge),28.62,TRUE,14.97,0.523,1,2
Sikkim,6.7013373,55.31533766,224.961412,32.4,0,Teesta,15,FALSE,15.24,1.016,0,7
Manipur,0,0,0,9.7,0,Doyang,18,FALSE,15.46,0.859,1,11
Arunachal Pradesh,0.25947702,0.682834238,8.563266128,18.1,0,Subansiri,42,FALSE,24.57,0.585,1,6
Meghalaya,0,15.49656993,49.5196231,25.6,0,Brahmaputra (Guwahati gauge),49.68,TRUE,29.76,0.599,1,7
Nagaland,69.69976,212.1306992,269.776487,18.8,0,Brahmaputra (Dibrugarh gauge),105.7,TRUE,83.08,0.786,1,7
Meghalaya,0.03315398,1.775263637,33.30327782,19.6,0,Kopili,30,FALSE,19.26,0.642,0,6
Nagaland,1.0469816,3.840699136,26.26738375,13.8,0,Dhansiri,40,FALSE,27.64,0.691,0,9
Manipur,1.4094381,13.07549953,35.7768681,19.2,0,Imphal River,8,FALSE,8.07,1.009,1,7
Mizoram,0,0,0,19.7,0,Barak,20.5,FALSE,7.01,0.342,0,12
Assam,0,4.324309468,9.078981742,1.3,1,Brahmaputra (Tezpur gauge),65.23,TRUE,29.48,0.452,1,3
Tripura,0,0,0,12.8,1,Tlawng,9,FALSE,4.12,0.458,0,2
Mizoram,0.47715557,49.53191173,353.257593,25.8,0,Tlawng,9,FALSE,8.33,0.925,0,6
Arunachal Pradesh,0.12849315,0.24588944,11.52153887,28.5,1,Brahmaputra (Dibrugarh gauge),105.7,TRUE,90.16,0.853,1,6
Arunachal Pradesh,3.897597,8.633753657,8.634800208,24.8,1,Brahmaputra (Dibrugarh gauge),105.7,TRUE,50.95,0.482,0,10
Arunachal Pradesh,27.554842,46.20507145,50.23770523,31.3,0,Brahmaputra (Dibrugarh gauge),105.7,TRUE,68.92,0.652,1,8
Assam,0,2.330627203,15.96083608,2.2,0,Subansiri,42,FALSE,15.88,0.378,1,4
Meghalaya,4.001887,111.0688157,232.479501,17.5,0,Brahmaputra (Dhubri gauge),28.62,TRUE,21.09,0.737,1,8
Arunachal Pradesh,2.6576204,6.22571075,60.06945014,28.5,0,Brahmaputra (Dibrugarh gauge),105.7,TRUE,108.98,1.031,1,6
Assam,0,1.189869523,1.189869523,3.1,0,Dikrong,14,FALSE,5.61,0.401,1,12
Sikkim,23.327248,26.07501197,33.75188661,28,1,Teesta,15,FALSE,8.56,0.571,1,9
Assam,35.728004,35.72800446,38.73882329,6.7,1,Brahmaputra (Dhubri gauge),28.62,TRUE,12.79,0.447,0,6
Arunachal Pradesh,0,0,0.685935497,19.3,0,Dikrong,14,FALSE,5.42,0.387,0,11
Arunachal Pradesh,0,6.510922432,30.74831754,31.6,1,Brahmaputra (Dibrugarh gauge),105.7,TRUE,58.98,0.558,1,6
Sikkim,25.282944,156.3488197,202.3151507,34.9,3,Teesta,15,FALSE,13.05,0.87,1,7
Meghalaya,190.64594,225.7570433,227.2585869,23.4,0,Barak,20.5,FALSE,13.86,0.676,0,5
Meghalaya,62.229637,90.38480282,203.9403267,27.5,3,Brahmaputra (Guwahati gauge),49.68,TRUE,42.82,0.862,0,8
Arunachal Pradesh,51.121502,90.14997292,106.0748928,25.2,1,Brahmaputra (Dibrugarh gauge),105.7,TRUE,104.64,0.99,0,9
Mizoram,132.07104,217.8987923,317.8396914,21.6,1,Tlawng,9,FALSE,7.28,0.809,1,5
Arunachal Pradesh,58.862972,216.3932991,297.5832024,29.3,2,Brahmaputra (Dibrugarh gauge),105.7,TRUE,100.1,0.947,1,7
Meghalaya,0,0,0,23,0,Kopili,30,FALSE,25.11,0.837,0,3
Nagaland,33.170586,99.70231247,147.9014618,21.7,0,Dhansiri,40,FALSE,26.72,0.668,0,7
Arunachal Pradesh,5.864683,45.27711487,114.6116006,27.7,5,Brahmaputra (Dibrugarh gauge),105.7,TRUE,40.17,0.38,0,10
Arunachal Pradesh,0.68329155,24.18305695,107.8778721,20.7,2,Subansiri,42,FALSE,19.03,0.453,1,5
Arunachal Pradesh,4.58316,4.583159924,4.583159924,24.1,0,Brahmaputra (Dibrugarh gauge),105.7,TRUE,106.44,1.007,1,9
Manipur,55.356598,62.48208964,107.5087274,10.7,0,Imphal River,8,FALSE,3.6,0.45,1,5
Meghalaya,91.543076,102.0139179,141.7474492,21.6,0,Brahmaputra (Goalpara gauge),36.27,TRUE,28.73,0.792,1,7
Nagaland,0,0,0,13.7,0,Dhansiri,40,FALSE,13.52,0.338,1,12
Manipur,0.16430813,2.089060485,7.188246757,15.9,3,Imphal River,8,FALSE,7.82,0.977,0,6
Tripura,96.24935,96.29988792,133.3849442,16.1,0,Gomti,12,FALSE,8.58,0.715,0,9
Mizoram,3.0550194,12.7302742,15.03719306,19.7,0,Barak,20.5,FALSE,11.48,0.56,0,9
Tripura,55.548595,159.7531757,187.9314549,13.5,0,Gomti,12,FALSE,9.83,0.819,1,8
Arunachal Pradesh,0.52684355,3.875937462,18.01997757,18.4,2,Subansiri,42,FALSE,16.17,0.385,1,4
Meghalaya,0.5641006,0.564100623,0.815312773,18.7,0,Brahmaputra (Guwahati gauge),49.68,TRUE,27.52,0.554,1,10
Arunachal Pradesh,107.54515,181.5881214,193.3098479,16.9,2,Dikrong,14,FALSE,9.79,0.699,0,5
Assam,114.328064,140.3589993,194.0998138,8.3,1,Brahmaputra (Goalpara gauge),36.27,TRUE,25.5,0.703,1,6
Manipur,0,0,0,15.9,3,Imphal River,8,FALSE,2.97,0.371,1,2
Nagaland,77.12386,95.07270694,132.0412848,13.7,0,Dhansiri,40,FALSE,19.84,0.496,1,5
Meghalaya,30.73624,36.05698848,88.10759953,17.1,1,Manas,33,FALSE,24.29,0.736,1,6
Nagaland,0.20552373,51.57814026,114.7911227,16.6,0,Brahmaputra (Neamatighat gauge),85.05,TRUE,81.9,0.963,1,9
Sikkim,22.871473,51.97640181,92.45408535,31,1,Teesta,15,FALSE,7.92,0.528,1,9
Arunachal Pradesh,0,5.965010166,35.18257999,28.6,1,Brahmaputra (Dibrugarh gauge),105.7,TRUE,93.33,0.883,1,7
Arunachal Pradesh,5.330899,9.105461419,17.0396685,30.5,1,Brahmaputra (Dibrugarh gauge),105.7,TRUE,88.37,0.836,0,3
Sikkim,14.450067,85.611516,304.8493624,31,1,Teesta,15,FALSE,13.06,0.871,1,6
Arunachal Pradesh,0,11.49482012,31.65374696,20.6,2,Dikrong,14,FALSE,8.11,0.579,0,8
Tripura,0,0,0,14.8,1,Khowai,10,FALSE,3.38,0.338,1,3
Manipur,55.100235,72.97146702,87.37745905,15.8,1,Doyang,18,FALSE,10.62,0.59,0,6
Manipur,1.7259212,9.680165954,9.766981579,19.6,1,Barak,20.5,FALSE,19.78,0.965,1,6
Arunachal Pradesh,1.315197,2.429476112,30.8097299,20.8,0,Brahmaputra (Dibrugarh gauge),105.7,TRUE,99.15,0.938,0,5
Sikkim,34.57466,71.61750746,79.29463348,31.9,1,Teesta,15,FALSE,15.06,1.004,1,5
Manipur,32.989323,55.62275743,127.6610484,20.7,2,Barak,20.5,FALSE,23.23,1.133,1,8
Arunachal Pradesh,118.73595,238.7295074,262.8724105,24.1,0,Brahmaputra (Dibrugarh gauge),105.7,TRUE,104.33,0.987,1,6
Meghalaya,23.95035,115.3183422,309.4793549,19.7,1,Brahmaputra (Goalpara gauge),36.27,TRUE,34.49,0.951,0,6
Meghalaya,57.86717,86.58528328,115.000133,19.6,1,Brahmaputra (Goalpara gauge),36.27,TRUE,22.16,0.611,1,9
Arunachal Pradesh,0,1.035675883,25.53101051,31.3,0,Brahmaputra (Dibrugarh gauge),105.7,TRUE,54.54,0.516,0,9
Arunachal Pradesh,0,2.332736015,3.52953279,32.5,1,Brahmaputra (Dibrugarh gauge),105.7,TRUE,28.22,0.267,1,10
Tripura,0.94632226,58.75790769,73.52260935,20.2,1,Gomti,12,FALSE,8.68,0.723,1,8
Arunachal Pradesh,92.05893,120.9537954,127.41558,33.6,0,Brahmaputra (Dibrugarh gauge),105.7,TRUE,68.92,0.652,1,5
Arunachal Pradesh,16.21092,19.05052352,19.05052352,18.4,2,Subansiri,42,FALSE,23.73,0.565,1,3
Mizoram,0,0,0,19.4,0,Tlawng,9,FALSE,2.35,0.261,0,1
Manipur,0.5431443,2.866597801,7.958467692,14,0,Imphal River,8,FALSE,4.6,0.575,0,7
Mizoram,0,0,0.243541986,23.3,0,Tlawng,9,FALSE,6.41,0.712,0,2
Manipur,11.014071,27.80522108,41.08651766,23.5,0,Barak,20.5,FALSE,19.95,0.973,1,9
Tripura,1.91398,14.23514271,95.56640768,20.2,1,Gomti,12,FALSE,7.48,0.623,0,8
Mizoram,0,7.60828352,12.15433073,22.2,1,Tlawng,9,FALSE,4.31,0.479,0,4
Assam,88.82486,172.0409648,235.2358127,4.7,2,Dikrong,14,FALSE,13.09,0.935,0,8
Assam,79.711494,108.863925,117.6638628,5.4,0,Manas,33,FALSE,21.28,0.645,1,8
Nagaland,0,10.48707962,50.15705609,21.7,0,Dhansiri,40,FALSE,17.64,0.441,1,9
Mizoram,43.66023,115.9370556,188.7730699,19.4,0,Tlawng,9,FALSE,6.56,0.729,0,9
Tripura,0,0,54.73804283,14.9,0,Gomti,12,FALSE,5.32,0.443,0,4
Assam,0.18626314,0.186263144,0.186263144,11.2,0,Brahmaputra (Dhubri gauge),28.62,TRUE,13.08,0.457,1,10
Assam,0,0,2.891385674,4.7,2,Dikrong,14,FALSE,6.4,0.457,0,11
Arunachal Pradesh,30.806818,52.0750134,66.7881887,16.5,1,Dikrong,14,FALSE,6.08,0.434,1,8
Arunachal Pradesh,16.339186,66.00653076,157.8859925,13.8,0,Dikrong,14,FALSE,9.83,0.702,0,7
Mizoram,1.3018578,12.26938164,86.55582821,19.4,0,Tlawng,9,FALSE,9.24,1.027,0,7
Meghalaya,8.782467,17.32583404,33.0888871,23.5,1,Barak,20.5,FALSE,10.19,0.497,0,9
Assam,7.355143,42.01483488,163.1285185,7.6,1,Brahmaputra (Dibrugarh gauge),105.7,TRUE,31.29,0.296,0,4
Assam,0.6624097,3.922048748,36.25565785,5.1,1,Kopili,30,FALSE,14.52,0.484,0,10
Manipur,3.3328145,11.09749293,11.09749293,19.2,0,Imphal River,8,FALSE,3.3,0.412,0,4
Arunachal Pradesh,10.622947,63.83059788,108.7791973,27.9,1,Brahmaputra (Dibrugarh gauge),105.7,TRUE,66.59,0.63,0,8
Sikkim,62.070347,91.01821232,243.7588458,28.8,0,Teesta,15,FALSE,17.7,1.18,0,7
Sikkim,1.3500123,20.63547695,30.27523735,32.4,0,Teesta,15,FALSE,9.35,0.623,1,9
Sikkim,29.33429,72.2606945,142.2765465,33.6,1,Teesta,15,FALSE,15.48,1.032,1,7
Arunachal Pradesh,20.449345,34.89174354,39.20889366,26.1,0,Brahmaputra (Dibrugarh gauge),105.7,TRUE,98.83,0.935,1,7
Sikkim,100.62435,134.4742334,168.4638532,35.2,1,Teesta,15,FALSE,8.86,0.591,1,10
Mizoram,18.776646,24.40375376,25.94623473,25,1,Tlawng,9,FALSE,9.22,1.024,1,7
Assam,95.81072,158.8244247,321.7862396,5.9,0,Brahmaputra (Dhubri gauge),28.62,TRUE,27.62,0.965,0,6
Arunachal Pradesh,10.517863,17.88262558,138.5301094,34,0,Brahmaputra (Dibrugarh gauge),105.7,TRUE,36.36,0.344,0,10
Assam,74.0985,122.0374269,226.0530624,7.2,0,Subansiri,42,FALSE,34.99,0.833,0,6
Arunachal Pradesh,0,0,6.081954002,31.1,1,Brahmaputra (Dibrugarh gauge),105.7,TRUE,30.02,0.284,1,10
Arunachal Pradesh,0,8.494082779,52.36675283,17.5,0,Subansiri,42,FALSE,17.01,0.405,0,4
Meghalaya,0,0,2.481123686,20,3,Barak,20.5,FALSE,6.21,0.303,1,2
Meghalaya,120.7708,135.512422,197.8861803,14.5,0,Brahmaputra (Dhubri gauge),28.62,TRUE,15.4,0.538,1,10
Mizoram,2.4416928,4.196064353,16.14009225,27,2,Tlawng,9,FALSE,3.75,0.417,0,4
Sikkim,15.159515,48.26186466,56.44608283,27.7,0,Teesta,15,FALSE,7.68,0.512,1,5
Arunachal Pradesh,5.0316467,15.3283236,36.24452758,15.3,1,Dikrong,14,FALSE,5.63,0.402,1,5
Arunachal Pradesh,67.357605,78.7592482,78.90480432,18.4,2,Subansiri,42,FALSE,22.43,0.534,1,5
Arunachal Pradesh,4.859167,21.34828138,21.34828138,23.1,1,Subansiri,42,FALSE,15.04,0.358,1,1
Meghalaya,90.08508,158.8178463,251.5679333,15.9,1,Brahmaputra (Dhubri gauge),28.62,TRUE,27.53,0.962,1,8
Sikkim,0,15.95013618,40.7365346,25.7,0,Teesta,15,FALSE,6.28,0.419,1,4
Arunachal Pradesh,69.18944,143.4395695,207.3648949,29.3,2,Brahmaputra (Dibrugarh gauge),105.7,TRUE,82.13,0.777,1,6
Assam,55.849525,171.9059334,335.3756275,6.5,0,Manas,33,FALSE,34.88,1.057,1,6
Meghalaya,62.67504,118.2370415,188.7208254,22.7,1,Barak,20.5,FALSE,11.23,0.548,0,6
Assam,3.9561396,68.47354507,215.7202263,11.2,0,Brahmaputra (Dhubri gauge),28.62,TRUE,24.33,0.85,1,9
Meghalaya,83.04805,130.2717485,150.1776642,27.5,3,Brahmaputra (Guwahati gauge),49.68,TRUE,35.62,0.717,1,10
Meghalaya,76.80321,319.7274723,335.1215791,24.9,0,Brahmaputra (Guwahati gauge),49.68,TRUE,48.89,0.984,1,5
Sikkim,68.992874,133.7371898,213.7338042,33.4,1,Teesta,15,FALSE,12.84,0.856,1,7
Meghalaya,0,0.977514923,48.6227455,15.9,1,Brahmaputra (Dhubri gauge),28.62,TRUE,16.08,0.562,1,7
Mizoram,0,0,0,23.1,0,Tlawng,9,FALSE,3.37,0.374,1,3
Arunachal Pradesh,0.003305656,18.62517617,30.760756,9.4,0,Dikrong,14,FALSE,7.21,0.515,1,8
Arunachal Pradesh,16.673956,16.67395592,64.86510712,19.1,3,Brahmaputra (Dibrugarh gauge),105.7,TRUE,58.77,0.556,1,8
Meghalaya,0.2620478,12.40244868,322.9694882,20.2,0,Brahmaputra (Guwahati gauge),49.68,TRUE,48.44,0.975,1,8
Tripura,4.611631,129.6725821,135.3688917,16.1,0,Gomti,12,FALSE,12.68,1.057,0,8
Meghalaya,0,0,0,27.5,3,Brahmaputra (Guwahati gauge),49.68,TRUE,22.51,0.453,0,1
Arunachal Pradesh,0,0.568474904,2.60348244,19.6,3,Subansiri,42,FALSE,15.08,0.359,1,1
Tripura,89.73247,334.0140953,414.5748576,14.9,0,Gomti,12,FALSE,13.6,1.133,1,8
Meghalaya,76.470474,85.15424538,100.2695308,14.5,0,Brahmaputra (Dhubri gauge),28.62,TRUE,17.77,0.621,0,6
Mizoram,0,8.283976316,66.55351758,19.7,0,Barak,20.5,FALSE,12.75,0.622,0,9
Sikkim,18.922178,72.78883553,173.1793325,33.4,1,Teesta,15,FALSE,12.22,0.815,1,8
Nagaland,1.8620547,11.15016425,12.00930858,20.5,0,Kopili,30,FALSE,18.36,0.612,0,9
Arunachal Pradesh,0,0,0,32.5,1,Brahmaputra (Dibrugarh gauge),105.7,TRUE,48.3,0.457,1,1
Manipur,8.833418,45.46572685,75.9141171,8.4,2,Imphal River,8,FALSE,6.78,0.847,0,8
Arunachal Pradesh,20.033476,57.05263233,59.59277892,24.8,0,Brahmaputra (Dibrugarh gauge),105.7,TRUE,50.74,0.48,1,5
Assam,0,0,0,11.2,0,Brahmaputra (Dhubri gauge),28.62,TRUE,14.4,0.503,0,4
Sikkim,20.03489,55.87623215,138.9489006,33.6,1,Teesta,15,FALSE,16.98,1.132,1,6
Arunachal Pradesh,82.6758,131.3958526,292.1478709,31.1,1,Brahmaputra (Dibrugarh gauge),105.7,TRUE,107.92,1.021,1,8
Assam,4.576665,21.55759239,21.55759239,6.3,1,Brahmaputra (Goalpara gauge),36.27,TRUE,17.81,0.491,0,5
Arunachal Pradesh,0,0,0,24.8,1,Brahmaputra (Dibrugarh gauge),105.7,TRUE,68.49,0.648,1,11
Sikkim,3.5009582,39.36266303,113.8492417,32.4,0,Teesta,15,FALSE,12.19,0.813,1,6
Nagaland,0,8.993680358,12.7810812,16.6,1,Brahmaputra (Dibrugarh gauge),105.7,TRUE,47.88,0.453,0,2
Nagaland,71.1946,75.81615949,118.0267992,19.2,1,Dhansiri,40,FALSE,29.08,0.727,1,6
Tripura,0,1.854723215,11.00243211,20.2,1,Gomti,12,FALSE,5.06,0.422,0,5
Sikkim,62.032,170.713007,311.9497614,33.6,1,Teesta,15,FALSE,15.03,1.002,1,7
Nagaland,0,11.69212437,13.39778189,14.6,1,Brahmaputra (Neamatighat gauge),85.05,TRUE,80.37,0.945,0,9
Nagaland,62.78942,155.7855415,221.5705597,16.6,1,Brahmaputra (Dibrugarh gauge),105.7,TRUE,96.19,0.91,1,7
Assam,0.29127386,0.291273862,76.8167713,4.7,2,Dikrong,14,FALSE,14.38,1.027,0,9
Arunachal Pradesh,67.230354,81.27659845,103.3689456,28.1,0,Brahmaputra (Dibrugarh gauge),105.7,TRUE,61.2,0.579,1,8
Tripura,98.77781,289.5377245,370.2173457,14.6,0,Gomti,12,FALSE,12.42,1.035,1,8
Meghalaya,89.01196,141.4405661,173.9059458,16,0,Brahmaputra (Goalpara gauge),36.27,TRUE,29.81,0.822,0,7
Nagaland,56.415188,109.6117744,193.372592,15.4,0,Dikrong,14,FALSE,11.87,0.848,1,7
Meghalaya,176.43379,322.726716,365.376583,27.5,3,Brahmaputra (Guwahati gauge),49.68,TRUE,47.94,0.965,1,5
Sikkim,0,42.3522172,210.7495139,25.7,0,Teesta,15,FALSE,16.18,1.079,0,9
Sikkim,0.20698686,91.6271133,339.9525985,25.7,0,Teesta,15,FALSE,12.8,0.853,1,7
Nagaland,0,0,0,10.6,0,Brahmaputra (Neamatighat gauge),85.05,TRUE,25.69,0.302,0,10
Manipur,11.065978,13.19315434,17.44043851,8.4,2,Imphal River,8,FALSE,2.69,0.336,0,4
Arunachal Pradesh,0,0,0,29.1,2,Brahmaputra (Dibrugarh gauge),105.7,TRUE,36.89,0.349,1,11
Mizoram,1.35525,48.30365908,107.5976845,17.7,1,Tlawng,9,FALSE,9.04,1.004,0,9
Arunachal Pradesh,100.842606,147.3136001,164.9815117,29.7,1,Brahmaputra (Dibrugarh gauge),105.7,TRUE,61.09,0.578,1,5
Arunachal Pradesh,4.204418,38.85663924,117.8904603,9.4,0,Dikrong,14,FALSE,9.04,0.646,1,7
Arunachal Pradesh,0,0,0,31.5,1,Brahmaputra (Dibrugarh gauge),105.7,TRUE,105.38,0.997,0,6
Assam,79.02739,198.088604,451.4546833,5.7,1,Manas,33,FALSE,34.68,1.051,1,6
Mizoram,0,0,0,21.4,0,Tlawng,9,FALSE,4.15,0.461,1,12
Arunachal Pradesh,0,0,0.330983967,20.2,0,Brahmaputra (Tezpur gauge),65.23,TRUE,23.48,0.36,0,12
Manipur,0,8.826768726,23.51091924,12.6,1,Imphal River,8,FALSE,7.08,0.885,0,4
Manipur,4.7207794,24.59591103,32.15245569,20.7,2,Barak,20.5,FALSE,11.05,0.539,0,6
Meghalaya,3.2780051,3.278005123,13.93796396,16,0,Brahmaputra (Goalpara gauge),36.27,TRUE,19.26,0.531,0,6
Assam,0,3.049485534,59.6742371,7.1,1,Brahmaputra (Dibrugarh gauge),105.7,TRUE,86.36,0.817,0,8
Manipur,0,0,0,9,0,Doyang,18,FALSE,7.85,0.436,1,12
Assam,66.85578,101.3466187,318.398983,8.3,0,Brahmaputra (Goalpara gauge),36.27,TRUE,33.11,0.913,0,6
Nagaland,13.901552,28.86199379,30.77491808,13.2,1,Brahmaputra (Neamatighat gauge),85.05,TRUE,52.14,0.613,1,9
Meghalaya,174.13063,307.6620865,328.854496,20.7,1,Barak,20.5,FALSE,17.86,0.871,1,6
Nagaland,12.099382,58.89083886,63.35863233,17.9,0,Dhansiri,40,FALSE,43.64,1.091,1,6
Sikkim,50.454075,80.52516031,92.6545341,34.9,3,Teesta,15,FALSE,7.14,0.476,1,4
Assam,5.4935446,12.95558214,165.541327,4.3,0,Brahmaputra (Tezpur gauge),65.23,TRUE,58.12,0.891,1,6
Assam,0,20.99318767,74.65895939,9.3,1,Kopili,30,FALSE,18.06,0.602,1,8
Arunachal Pradesh,0,0,2.254146814,17.4,0,Manas,33,FALSE,16.37,0.496,1,11
Arunachal Pradesh,21.359287,55.12535572,57.91236234,32.5,1,Brahmaputra (Dibrugarh gauge),105.7,TRUE,112.78,1.067,0,9
Meghalaya,0,0,0,22,0,Brahmaputra (Guwahati gauge),49.68,TRUE,25.59,0.515,0,3
Nagaland,0,5.633072853,16.05130318,20.1,1,Dhansiri,40,FALSE,30.76,0.769,0,5
Arunachal Pradesh,1.3405881,1.835516483,2.939259157,25.8,2,Brahmaputra (Dibrugarh gauge),105.7,TRUE,84.98,0.804,0,4
Meghalaya,1.4461699,3.151123375,33.94027361,17.5,0,Brahmaputra (Dhubri gauge),28.62,TRUE,17.63,0.616,1,9
Meghalaya,50.86506,702.2830734,1807.047491,21.6,0,Brahmaputra (Goalpara gauge),36.27,TRUE,35.58,0.981,0,6
Arunachal Pradesh,36.336063,91.16765404,370.1639906,33.6,0,Brahmaputra (Dibrugarh gauge),105.7,TRUE,103.59,0.98,1,7
Arunachal Pradesh,6.3844433,11.1336596,62.10230339,15.3,1,Dikrong,14,FALSE,7.45,0.532,0,8
Tripura,0,0,0,13.7,0,Gomti,12,FALSE,2.51,0.209,0,1
Assam,13.747372,65.99270439,264.2016315,6,1,Brahmaputra (Dhubri gauge),28.62,TRUE,27.59,0.964,1,5
Tripura,0.002009716,4.303730611,48.40635715,15.2,0,Tlawng,9,FALSE,6,0.667,0,7
Tripura,0,0,0,14.5,0,Khowai,10,FALSE,3.83,0.383,0,1
Sikkim,8.8503475,16.82745457,115.9586763,32.4,0,Teesta,15,FALSE,15.7,1.047,1,8
Assam,0,0,82.2670567,5.9,0,Brahmaputra (Dhubri gauge),28.62,TRUE,10.79,0.377,0,10
Meghalaya,126.2819,178.2189255,279.3860902,24.2,0,Brahmaputra (Goalpara gauge),36.27,TRUE,45.41,1.252,1,8
Tripura,9.925166,9.92516613,18.42931461,14.5,0,Khowai,10,FALSE,4.13,0.413,0,10
Assam,65.64088,92.23715019,318.8812943,5.9,2,Subansiri,42,FALSE,38.85,0.925,1,8
Manipur,65.59617,70.86204004,104.2866569,12.6,1,Imphal River,8,FALSE,9.06,1.132,1,8
Tripura,61.51186,75.52866495,99.17515123,16.1,0,Gomti,12,FALSE,7.02,0.585,0,6
Sikkim,14.043335,76.87482357,198.0765581,28,1,Teesta,15,FALSE,10.72,0.715,1,6
Meghalaya,0,0,0,20.9,2,Barak,20.5,FALSE,8.49,0.414,0,3
Arunachal Pradesh,1.2716526,13.42288983,13.44855383,22.2,1,Brahmaputra (Dibrugarh gauge),105.7,TRUE,44.5,0.421,1,3
Assam,65.67542,75.05611509,94.59093469,3.9,1,Subansiri,42,FALSE,15.67,0.373,0,10
Mizoram,0,0,0,19.7,0,Barak,20.5,FALSE,8.08,0.394,0,11
Manipur,0.2559289,10.8365759,37.60669687,19.6,1,Barak,20.5,FALSE,11.36,0.554,0,3
Nagaland,17.60465,42.49207306,59.68316785,14.6,1,Brahmaputra (Neamatighat gauge),85.05,TRUE,76.63,0.901,0,8
Manipur,1.5501266,3.046455979,8.62062645,19.2,0,Tlawng,9,FALSE,5.84,0.649,0,8
Manipur,0,0,0.525194705,19.2,0,Imphal River,8,FALSE,3.14,0.392,0,10
Nagaland,9.212441,27.29110575,37.19717985,12.7,1,Brahmaputra (Neamatighat gauge),85.05,TRUE,84.88,0.998,0,4
Manipur,7.2703075,9.017630413,73.26724757,15.9,3,Imphal River,8,FALSE,5.72,0.715,0,8
Arunachal Pradesh,0.7293614,5.372737527,15.1000911,16.9,2,Dikrong,14,FALSE,8.16,0.583,0,9
Mizoram,0,0,0,24.8,0,Tlawng,9,FALSE,7.3,0.811,1,2
Arunachal Pradesh,1.0104544,1.010454416,14.82633409,25.5,0,Brahmaputra (Dibrugarh gauge),105.7,TRUE,108.55,1.027,1,8
Arunachal Pradesh,8.824484,11.61868167,145.7175338,27.9,1,Brahmaputra (Dibrugarh gauge),105.7,TRUE,97.77,0.925,1,8
Nagaland,0,0,0,13,1,Doyang,18,FALSE,9.16,0.509,0,11
Assam,0,0,0,5.2,0,Dikrong,14,FALSE,4.83,0.345,1,12
Sikkim,26.14508,98.52438545,237.6893272,31.5,1,Teesta,15,FALSE,12.66,0.844,0,6
Mizoram,0,0,0,19.7,0,Barak,20.5,FALSE,16.63,0.811,0,1
Nagaland,2.6745331,2.674533129,30.30982709,16.7,2,Brahmaputra (Tezpur gauge),65.23,TRUE,45.27,0.694,0,6
Nagaland,11.161848,16.00347471,20.54745103,13.3,0,Doyang,18,FALSE,7.43,0.413,0,5
Tripura,1.4371328,65.81413937,377.2215242,17.2,0,Gomti,12,FALSE,12.56,1.047,0,6
Meghalaya,13.53145,78.43398476,405.0873041,22,0,Brahmaputra (Guwahati gauge),49.68,TRUE,47.99,0.966,1,6
Manipur,0,0,0,15.9,3,Imphal River,8,FALSE,3.41,0.426,0,10
Tripura,0,0,0,17.3,0,Gomti,12,FALSE,5.42,0.452,1,5
Assam,130.1252,274.2879486,616.8245544,8.3,0,Brahmaputra (Goalpara gauge),36.27,TRUE,39.03,1.076,1,6
Mizoram,0,12.00515842,63.40217471,19.4,0,Tlawng,9,FALSE,5.56,0.618,0,9
Arunachal Pradesh,15.064714,20.47117966,145.2722127,30.3,1,Brahmaputra (Dibrugarh gauge),105.7,TRUE,84.56,0.8,0,6
Arunachal Pradesh,37.33151,239.5502052,453.8635674,21.4,2,Brahmaputra (Dibrugarh gauge),105.7,TRUE,110.46,1.045,1,6
Arunachal Pradesh,0,0,0,23.2,0,Subansiri,42,FALSE,17.14,0.408,1,11
Arunachal Pradesh,66.334236,108.6887106,197.7258133,29.9,1,Brahmaputra (Dibrugarh gauge),105.7,TRUE,49.57,0.469,0,4
Arunachal Pradesh,82.23794,116.7706161,252.0468516,29.1,4,Brahmaputra (Dibrugarh gauge),105.7,TRUE,107.92,1.021,1,4
Mizoram,1.2944031,2.8005656,10.08580709,20.2,0,Tlawng,9,FALSE,4.48,0.498,1,9
Sikkim,161.66386,199.9522882,403.0695577,33.6,1,Teesta,15,FALSE,15.04,1.003,1,7
Nagaland,0,0,0,14.6,1,Brahmaputra (Neamatighat gauge),85.05,TRUE,35.13,0.413,1,11
Assam,0,0,0.053532965,5,0,Brahmaputra (Dibrugarh gauge),105.7,TRUE,94.07,0.89,0,10
Arunachal Pradesh,13.173945,22.67719603,61.32666111,9.4,0,Dikrong,14,FALSE,6.59,0.471,1,2
Arunachal Pradesh,0,0,0,19.3,0,Dikrong,14,FALSE,12.18,0.87,1,8
Arunachal Pradesh,0,0,0,20.8,0,Brahmaputra (Dibrugarh gauge),105.7,TRUE,28.86,0.273,1,1
Sikkim,23.73219,63.45038414,155.3624229,29.8,2,Teesta,15,FALSE,15.27,1.018,1,8
Tripura,0,0,4.195074558,20.2,1,Gomti,12,FALSE,4.9,0.408,1,11
Assam,102.94574,184.6665192,245.9689636,9.1,1,Khowai,10,FALSE,8.76,0.876,1,6
Meghalaya,71.629776,348.0802307,417.8842621,18.7,0,Brahmaputra (Guwahati gauge),49.68,TRUE,50.87,1.024,1,7
Nagaland,0,0,3.956201971,20.5,0,Kopili,30,FALSE,26.37,0.879,0,4
Meghalaya,0.3858559,8.904120684,373.8682778,20.5,1,Brahmaputra (Guwahati gauge),49.68,TRUE,54.2,1.091,0,8
Assam,16.529984,169.4862099,172.410998,7.7,3,Barak,20.5,FALSE,20.91,1.02,1,9
Nagaland,12.165681,55.05883884,149.9247007,12.7,1,Brahmaputra (Neamatighat gauge),85.05,TRUE,53.84,0.633,1,7
Assam,68.75761,79.11764812,251.8776979,6.7,0,Brahmaputra (Dhubri gauge),28.62,TRUE,23.18,0.81,1,7
Nagaland,59.15605,64.2861235,163.1791975,17.8,0,Subansiri,42,FALSE,34.61,0.824,0,7
Nagaland,7.3437552,9.601689339,68.25286889,15.4,0,Brahmaputra (Dibrugarh gauge),105.7,TRUE,55.49,0.525,0,8
Assam,51.89178,99.66147041,162.0642242,6,1,Manas,33,FALSE,23.3,0.706,0,5
Assam,149.10388,193.2721033,194.7337763,5.9,2,Subansiri,42,FALSE,26.84,0.639,0,5
Meghalaya,297.7464,587.9608192,617.4086592,21.6,0,Brahmaputra (Goalpara gauge),36.27,TRUE,42.07,1.16,1,8
Sikkim,24.02273,83.46922684,113.032526,31,1,Teesta,15,FALSE,9.64,0.643,0,8
Meghalaya,0,0,34.14408374,23,0,Kopili,30,FALSE,19.08,0.636,1,9
Meghalaya,37.591877,47.62880301,85.62680531,22.3,0,Brahmaputra (Guwahati gauge),49.68,TRUE,24.79,0.499,1,5
Sikkim,0,0,12.76702809,25.7,0,Teesta,15,FALSE,7.8,0.52,0,11
Tripura,0,53.17887592,390.5169042,16,0,Gomti,12,FALSE,10.66,0.888,0,7
Meghalaya,44.21141,75.09845257,786.4036407,24.2,0,Brahmaputra (Goalpara gauge),36.27,TRUE,35,0.965,1,6
Nagaland,9.266764,13.54894209,18.92433996,17.8,0,Dikrong,14,FALSE,7.31,0.522,0,8
Meghalaya,15.33626,40.35689545,55.90672493,23,2,Brahmaputra (Guwahati gauge),49.68,TRUE,26.93,0.542,1,6
Arunachal Pradesh,50.81588,54.47117412,67.84348261,28.1,0,Brahmaputra (Dibrugarh gauge),105.7,TRUE,47.04,0.445,1,4
Assam,0,15.1968393,27.93272516,6.1,0,Brahmaputra (Tezpur gauge),65.23,TRUE,63.66,0.976,1,7
Meghalaya,58.18435,180.5793419,271.420541,20.5,1,Brahmaputra (Guwahati gauge),49.68,TRUE,57.58,1.159,1,7
Manipur,54.272053,106.2415733,106.2415733,18.6,1,Imphal River,8,FALSE,4.73,0.591,1,5
Sikkim,83.919075,144.8815556,145.2192871,33.6,1,Teesta,15,FALSE,12.99,0.866,1,11
Assam,15.150998,15.55146575,191.0187709,4.3,0,Brahmaputra (Tezpur gauge),65.23,TRUE,54.01,0.828,0,6
Meghalaya,75.04987,158.2634335,167.3033079,17.7,1,Brahmaputra (Goalpara gauge),36.27,TRUE,26.26,0.724,0,9
Assam,0,0,0,9.8,2,Brahmaputra (Guwahati gauge),49.68,TRUE,21.76,0.438,0,1
Nagaland,0,0,10.84988046,14.2,1,Doyang,18,FALSE,8.3,0.461,1,11
Meghalaya,0.8781649,2.187313676,20.16575536,22.4,0,Brahmaputra (Dhubri gauge),28.62,TRUE,11.22,0.392,1,10
Arunachal Pradesh,0.14338885,0.887354627,52.92388357,28.8,1,Brahmaputra (Dibrugarh gauge),105.7,TRUE,99.46,0.941,1,6
Meghalaya,0.1690595,11.56503986,270.3103449,17.7,1,Brahmaputra (Goalpara gauge),36.27,TRUE,30.36,0.837,1,8
Arunachal Pradesh,12.9194355,14.98903561,15.26699319,27.7,5,Brahmaputra (Dibrugarh gauge),105.7,TRUE,33.82,0.32,0,3
Tripura,0,0,0,16,0,Gomti,12,FALSE,2.84,0.237,0,2
Manipur,4.2879887,4.287988663,5.558225155,17.5,1,Imphal River,8,FALSE,4.78,0.597,1,5
Tripura,58.402092,89.5069685,156.1008143,20.2,1,Gomti,12,FALSE,8.47,0.706,0,8
Manipur,0,0,0,16,0,Imphal River,8,FALSE,2.79,0.349,0,12
Sikkim,76.21225,140.1338921,201.0085821,32.4,0,Teesta,15,FALSE,11.82,0.788,1,6
Meghalaya,174.5445,231.0343297,248.8148215,25.6,0,Brahmaputra (Guwahati gauge),49.68,TRUE,46.05,0.927,1,8
Assam,0,0,0.484421253,10.2,0,Manas,33,FALSE,12.11,0.367,1,11
Meghalaya,337.06638,457.1000061,651.0597568,18.9,0,Brahmaputra (Guwahati gauge),49.68,TRUE,61.8,1.244,0,8
Arunachal Pradesh,0,8.401245594,22.45181811,20.4,0,Brahmaputra (Tezpur gauge),65.23,TRUE,31.44,0.482,1,9
Meghalaya,85.12468,125.5439153,150.1698699,20,3,Barak,20.5,FALSE,11.93,0.582,1,10
Meghalaya,0,1.852920294,10.63538718,23.5,1,Barak,20.5,FALSE,20.15,0.983,1,9
Tripura,0.2190299,16.6253432,24.58500133,12.8,1,Tlawng,9,FALSE,5.31,0.59,1,7
Sikkim,39.872105,46.951193,49.99540082,29.7,3,Teesta,15,FALSE,13.11,0.874,1,5
Mizoram,14.864815,15.03015915,20.76091924,19.4,0,Tlawng,9,FALSE,7.86,0.873,0,10
Arunachal Pradesh,12.708261,23.17405987,37.29975581,17.1,2,Brahmaputra (Tezpur gauge),65.23,TRUE,32.68,0.501,0,8
Arunachal Pradesh,23.322784,35.3357029,233.7786655,33.2,2,Brahmaputra (Dibrugarh gauge),105.7,TRUE,90.16,0.853,1,7
Meghalaya,33.64504,87.27626991,134.6915214,16,0,Brahmaputra (Goalpara gauge),36.27,TRUE,21.25,0.586,1,8
Meghalaya,0,0,0,22.1,0,Brahmaputra (Guwahati gauge),49.68,TRUE,13.56,0.273,1,2
Arunachal Pradesh,3.7128081,3.712808132,4.04332754,29.1,4,Brahmaputra (Dibrugarh gauge),105.7,TRUE,62.57,0.592,0,9
Meghalaya,1.6940153,1.694015265,2.108465165,17.1,1,Manas,33,FALSE,17.52,0.531,0,6
Assam,0.95930594,112.2063267,299.9072086,3.9,0,Brahmaputra (Guwahati gauge),49.68,TRUE,55.14,1.11,0,6
Arunachal Pradesh,24.336958,33.06179142,33.06179142,31.9,1,Brahmaputra (Dibrugarh gauge),105.7,TRUE,46.72,0.442,1,6
Sikkim,81.84364,192.6773682,303.4630728,35.2,1,Teesta,15,FALSE,14.61,0.974,1,6
Sikkim,0,0,0,25.7,0,Teesta,15,FALSE,6.62,0.441,0,12
Nagaland,9.194245,36.02755642,62.46288407,19,6,Brahmaputra (Neamatighat gauge),85.05,TRUE,62.26,0.732,0,9
Manipur,0,0,0,20.6,2,Barak,20.5,FALSE,10.56,0.515,0,1
Assam,6.746686,26.95574331,60.16569471,5.2,0,Dikrong,14,FALSE,14.01,1.001,0,9
Sikkim,0,3.21511364,73.27545795,25.5,2,Teesta,15,FALSE,5.26,0.351,1,5
Arunachal Pradesh,0,26.80286217,210.9738092,25.2,1,Brahmaputra (Dibrugarh gauge),105.7,TRUE,111.51,1.055,1,9
Mizoram,58.431805,78.46411133,228.1573577,22.2,1,Tlawng,9,FALSE,6.96,0.773,0,7
Manipur,29.298603,106.9013176,139.6481662,20.6,2,Barak,20.5,FALSE,16.46,0.803,0,9
Meghalaya,142.19475,162.9041281,308.1472205,24.9,0,Brahmaputra (Guwahati gauge),49.68,TRUE,50.57,1.018,1,6
Meghalaya,4.9985967,77.81607485,151.1832518,19.7,1,Brahmaputra (Goalpara gauge),36.27,TRUE,17.88,0.493,1,3
Arunachal Pradesh,0,0,0,33.6,0,Brahmaputra (Dibrugarh gauge),105.7,TRUE,45.87,0.434,0,12
Nagaland,4.992857,14.35451794,55.18737745,19.3,0,Doyang,18,FALSE,17.55,0.975,0,9
Assam,152.66743,378.8089905,832.0906906,5.9,0,Brahmaputra (Dhubri gauge),28.62,TRUE,32.57,1.138,1,6
Assam,0,0,0,8.5,0,Brahmaputra (Dibrugarh gauge),105.7,TRUE,43.23,0.409,0,12
Mizoram,0.3545704,21.43256426,34.76050758,23.4,0,Tlawng,9,FALSE,4.72,0.524,0,6
Mizoram,1.7676202,9.681184173,51.16514051,19.4,0,Tlawng,9,FALSE,4.73,0.525,1,8
Manipur,5.674903,9.56035924,9.56035924,16,0,Imphal River,8,FALSE,3.01,0.376,1,3
Tripura,0.062431417,103.4770337,137.0205079,18,1,Gomti,12,FALSE,13.02,1.085,0,8
Mizoram,83.55116,86.13800132,136.5360851,25.4,3,Tlawng,9,FALSE,7.16,0.795,1,7
Manipur,0,1.795025945,8.727083564,20.7,2,Barak,20.5,FALSE,6.46,0.315,1,10
Sikkim,97.87785,146.4407921,207.7646284,32.4,0,Teesta,15,FALSE,13.95,0.93,1,7
Nagaland,3.1665437,13.78776765,93.92449212,13.7,0,Dhansiri,40,FALSE,23.08,0.577,0,7
Assam,0,1.274015307,3.494595185,3.9,1,Dikrong,14,FALSE,11.87,0.848,1,9
Nagaland,0,0,10.70510578,20.1,1,Dhansiri,40,FALSE,32.36,0.809,1,4
Manipur,0,0,0.571843028,16,0,Imphal River,8,FALSE,2.42,0.302,0,12
Manipur,5.739471,39.33769035,124.3653615,10.7,0,Imphal River,8,FALSE,5.93,0.741,0,7
Assam,103.40234,266.1083336,363.3563652,5,0,Subansiri,42,FALSE,35.87,0.854,1,7
Sikkim,4.7294397,102.1573572,242.4556684,29.8,2,Teesta,15,FALSE,17.22,1.148,1,7
Meghalaya,74.18487,179.8706436,265.4666991,16,0,Brahmaputra (Goalpara gauge),36.27,TRUE,29.02,0.8,1,10
Sikkim,19.830837,131.1635151,358.5612755,33.6,1,Teesta,15,FALSE,14.66,0.977,0,6
Assam,58.108814,77.30863476,141.5215354,5,0,Brahmaputra (Dibrugarh gauge),105.7,TRUE,73.99,0.7,0,9
Sikkim,75.162796,119.3985524,201.4920058,35.2,1,Teesta,15,FALSE,12.28,0.819,1,7
Assam,0.44150218,18.85074505,19.09451136,3.3,0,Subansiri,42,FALSE,38.77,0.923,0,9
Assam,19.551788,22.45680213,22.94565007,6.2,0,Brahmaputra (Dibrugarh gauge),105.7,TRUE,100.31,0.949,0,9
Arunachal Pradesh,0,0,9.186034799,9.4,0,Dikrong,14,FALSE,6.5,0.464,0,4
Meghalaya,59.21441,234.485405,484.2904844,15.7,1,Brahmaputra (Dhubri gauge),28.62,TRUE,27.9,0.975,1,6
Manipur,0,0,1.17467916,6.7,0,Doyang,18,FALSE,7.4,0.411,1,11
Assam,0,0.712876499,16.22954577,6.7,1,Brahmaputra (Dhubri gauge),28.62,TRUE,10.93,0.382,0,3
Manipur,3.5686312,31.20608854,51.86684582,19.6,0,Imphal River,8,FALSE,4.58,0.572,0,8
Sikkim,65.44107,87.98725033,140.7026627,28,1,Teesta,15,FALSE,16.36,1.091,1,7
Nagaland,19.821781,140.981472,193.2163782,18,1,Dhansiri,40,FALSE,32.68,0.817,1,7
Arunachal Pradesh,0,0,0,17.5,0,Subansiri,42,FALSE,19.82,0.472,0,10
Nagaland,30.121159,157.1317852,219.1017123,16.6,0,Brahmaputra (Neamatighat gauge),85.05,TRUE,82.92,0.975,1,8
Arunachal Pradesh,0,0,0,29.1,4,Brahmaputra (Dibrugarh gauge),105.7,TRUE,47.35,0.448,0,2
Mizoram,4.508448,17.18380761,27.58568311,23.3,0,Tlawng,9,FALSE,4.11,0.457,1,4
Arunachal Pradesh,67.2415,140.2454433,283.4429016,32.5,1,Brahmaputra (Dibrugarh gauge),105.7,TRUE,96.08,0.909,1,7
Arunachal Pradesh,3.0867326,5.165261984,51.10839748,16.5,1,Dikrong,14,FALSE,14.92,1.066,1,8
Sikkim,1.8083063,1.808306336,4.121854186,28.8,0,Teesta,15,FALSE,6.15,0.41,0,3
Sikkim,53.193054,67.96203256,88.43566346,28,1,Teesta,15,FALSE,8.4,0.56,1,7
Assam,78.30863,79.10613593,338.4883667,5.9,2,Subansiri,42,FALSE,38.93,0.927,1,7
Mizoram,5.562819,9.009235561,10.0572052,19.7,0,Barak,20.5,FALSE,11.79,0.575,0,6
Nagaland,6.2994566,27.14757085,39.8491652,21.7,0,Dhansiri,40,FALSE,22.08,0.552,0,9
Meghalaya,109.68803,133.3670392,263.3316903,16.4,0,Brahmaputra (Dhubri gauge),28.62,TRUE,28.56,0.998,1,6
Manipur,0,0,1.783647299,17.5,1,Imphal River,8,FALSE,3.32,0.415,1,5
Arunachal Pradesh,82.69999,131.8999877,295.399981,35.6,1,Brahmaputra (Dibrugarh gauge),105.7,TRUE,94.5,0.894,1,8
Arunachal Pradesh,84.13801,230.5792274,248.4745868,31.9,1,Brahmaputra (Dibrugarh gauge),105.7,TRUE,81.49,0.771,1,7
Assam,0,0,0,4.3,1,Brahmaputra (Tezpur gauge),65.23,TRUE,13.57,0.208,1,4
Arunachal Pradesh,59.62683,95.07934284,162.532218,28,1,Brahmaputra (Dibrugarh gauge),105.7,TRUE,57.29,0.542,1,10
Mizoram,69.42775,71.83305407,178.388299,19.4,0,Tlawng,9,FALSE,5.03,0.559,0,5
Sikkim,54.167595,107.9464135,160.0426853,33.4,1,Teesta,15,FALSE,10.92,0.728,1,9
Meghalaya,162.75845,203.2790852,440.8096266,19.7,1,Brahmaputra (Goalpara gauge),36.27,TRUE,36.23,0.999,1,5
Nagaland,77.66511,169.1084795,261.9090122,16.9,0,Dikrong,14,FALSE,13.76,0.983,0,6
Assam,0.36572602,0.572637439,24.53169501,7.6,2,Brahmaputra (Tezpur gauge),65.23,TRUE,39.73,0.609,0,8
Arunachal Pradesh,1.2546222,21.41575778,85.19627392,20.4,3,Brahmaputra (Dibrugarh gauge),105.7,TRUE,43.13,0.408,0,4
Sikkim,0,0,0,35.2,1,Teesta,15,FALSE,6.04,0.403,1,12
Manipur,0,0,0,14.1,0,Imphal River,8,FALSE,3.65,0.456,0,12
Meghalaya,93.10627,600.4477463,788.3696591,17.7,1,Brahmaputra (Goalpara gauge),36.27,TRUE,36.85,1.016,1,6
Manipur,1.9682614,3.389462233,8.391664088,8.4,2,Imphal River,8,FALSE,2.71,0.339,1,4
Sikkim,6.4080234,34.0815587,65.38778685,25.5,2,Teesta,15,FALSE,12.58,0.839,1,10
Sikkim,13.123586,36.00480139,48.18869233,34.2,1,Teesta,15,FALSE,15.7,1.047,1,6
Tripura,37.965347,55.66612077,131.8052366,14.5,0,Khowai,10,FALSE,8.1,0.81,1,9
Assam,112.366455,118.4004003,130.1549363,6.5,0,Manas,33,FALSE,26.86,0.814,0,8
Arunachal Pradesh,5.513789,16.66953945,45.36921954,20.2,0,Brahmaputra (Tezpur gauge),65.23,TRUE,65.1,0.998,0,8
Assam,157.22137,173.6727238,240.5691361,4.8,0,Brahmaputra (Tezpur gauge),65.23,TRUE,57.47,0.881,0,8
Manipur,1.9017638,5.97528398,5.97528398,9.1,1,Doyang,18,FALSE,5.36,0.298,1,4
Arunachal Pradesh,1.3187436,1.857058853,22.74108014,31.5,1,Brahmaputra (Dibrugarh gauge),105.7,TRUE,57.92,0.548,0,5
Arunachal Pradesh,119.558235,158.4388472,206.89807,26.3,0,Brahmaputra (Dibrugarh gauge),105.7,TRUE,98.41,0.931,1,6
Arunachal Pradesh,1.5611763,74.99714279,102.8894879,34,0,Brahmaputra (Dibrugarh gauge),105.7,TRUE,39.85,0.377,0,3
Sikkim,17.6071,45.31539822,64.11622997,31.5,1,Teesta,15,FALSE,15.09,1.006,1,6
Mizoram,68.707245,111.0820637,141.0432268,22.1,2,Tlawng,9,FALSE,9.71,1.079,1,7
Mizoram,56.26848,147.406929,174.3646787,17.7,1,Tlawng,9,FALSE,6.02,0.669,1,8
Arunachal Pradesh,54.4,144.0999966,272.2999892,35.6,1,Brahmaputra (Dibrugarh gauge),105.7,TRUE,88.26,0.835,1,6
Arunachal Pradesh,0,0,0,30.2,1,Brahmaputra (Dibrugarh gauge),105.7,TRUE,31.6,0.299,0,12
Meghalaya,9.460055,29.50550985,29.50550985,22.4,0,Brahmaputra (Dhubri gauge),28.62,TRUE,9.36,0.327,1,3
Meghalaya,0,0,0,21.6,0,Brahmaputra (Goalpara gauge),36.27,TRUE,34.17,0.942,1,11
Assam,0.68391806,32.25023848,314.13443,2.2,0,Subansiri,42,FALSE,33.77,0.804,0,7
Tripura,53.077744,138.3952929,199.9423742,15.2,0,Tlawng,9,FALSE,7.21,0.801,1,7
Mizoram,0,0,0,19.7,0,Barak,20.5,FALSE,10.6,0.517,0,12
Assam,51.697765,215.249424,241.7467747,6.4,0,Brahmaputra (Dhubri gauge),28.62,TRUE,23.27,0.813,0,5
Sikkim,72.88655,104.0089445,162.832777,29.2,0,Teesta,15,FALSE,11,0.733,1,7
Assam,0,0,0,4.3,1,Brahmaputra (Tezpur gauge),65.23,TRUE,22.5,0.345,0,11
Assam,12.866375,32.93717384,53.58357692,5,0,Brahmaputra (Tezpur gauge),65.23,TRUE,59.16,0.907,0,6
Sikkim,0,22.32242489,127.2100096,31.9,1,Teesta,15,FALSE,12.68,0.845,1,8
Assam,90.456184,128.8511314,154.5071802,1.9,0,Dikrong,14,FALSE,9.8,0.7,0,8
Nagaland,0,0,0,15.7,1,Doyang,18,FALSE,6.71,0.373,1,11
Meghalaya,0.5608054,20.09393507,464.419838,18.9,0,Brahmaputra (Guwahati gauge),49.68,TRUE,54.1,1.089,1,8
Tripura,0,0,0,14.4,2,Gomti,12,FALSE,4.02,0.335,0,1
Manipur,0,0.860145569,0.860145569,10.7,0,Imphal River,8,FALSE,2.42,0.303,0,4
Meghalaya,93.856476,589.802536,690.3633997,24.2,0,Brahmaputra (Goalpara gauge),36.27,TRUE,37.83,1.043,1,7
Meghalaya,0,0,0,22.4,0,Brahmaputra (Dhubri gauge),28.62,TRUE,12.22,0.427,1,1
Nagaland,0,0,0,13.3,0,Doyang,18,FALSE,6.48,0.36,0,11
Nagaland,96.899055,106.7012209,129.6084036,13.8,0,Dhansiri,40,FALSE,44.88,1.122,1,4
Assam,148.94548,264.0096283,453.281414,7,1,Brahmaputra (Dhubri gauge),28.62,TRUE,30.62,1.07,0,6
Meghalaya,65.796936,115.4196434,204.2752321,20.5,1,Brahmaputra (Guwahati gauge),49.68,TRUE,37.96,0.764,1,8
Arunachal Pradesh,15.7158985,34.43145661,35.12943302,28,1,Brahmaputra (Dibrugarh gauge),105.7,TRUE,115.74,1.095,1,9
Tripura,86.04031,101.3256865,125.1823206,13.5,0,Khowai,10,FALSE,7.45,0.745,1,7
Tripura,119.849754,401.3811188,475.2198586,14.6,0,Gomti,12,FALSE,12.37,1.031,1,8
Manipur,10.572725,28.00681114,50.63126063,23.5,0,Barak,20.5,FALSE,22.12,1.079,1,8
Tripura,2.3660598,195.5247436,248.1490269,14.6,0,Gomti,12,FALSE,10.1,0.842,0,7
Meghalaya,6.393938,227.3512745,428.6636915,18.7,0,Brahmaputra (Guwahati gauge),49.68,TRUE,54.15,1.09,1,6
Manipur,15.631106,15.63110638,26.5063473,15.8,1,Doyang,18,FALSE,7.61,0.423,0,5
Sikkim,14.21243,30.37886214,50.2261014,32.4,0,Teesta,15,FALSE,7.41,0.494,0,5
Meghalaya,5.5779643,39.28941846,44.76180679,18.7,0,Brahmaputra (Guwahati gauge),49.68,TRUE,29.11,0.586,0,9
Manipur,0.12244377,20.43968735,28.77250881,17.5,0,Kopili,30,FALSE,27.06,0.902,1,5
Meghalaya,0.35401464,8.471134424,26.27265957,23.4,0,Barak,20.5,FALSE,9.41,0.459,0,4
Assam,53.409027,138.7956619,152.4716334,11.2,0,Brahmaputra (Dhubri gauge),28.62,TRUE,22.98,0.803,1,7
Meghalaya,71.948006,534.7987137,615.4519922,20.5,1,Brahmaputra (Guwahati gauge),49.68,TRUE,52.41,1.055,1,8
Arunachal Pradesh,20.697289,103.7854595,108.5192076,18.1,0,Subansiri,42,FALSE,18.77,0.447,1,10
Mizoram,0.9315165,9.21546638,10.59980115,22.9,0,Barak,20.5,FALSE,6.05,0.295,0,10
Mizoram,67.08819,67.24318743,67.24318743,19.4,0,Tlawng,9,FALSE,4.34,0.482,0,5
Assam,0,67.28015506,178.9236907,11.2,0,Brahmaputra (Dhubri gauge),28.62,TRUE,15.03,0.525,1,5
Meghalaya,6.6673656,14.20567122,52.37521425,18.8,2,Brahmaputra (Guwahati gauge),49.68,TRUE,16.3,0.328,1,5
Arunachal Pradesh,22.05345,53.51240253,137.5624058,32.5,1,Brahmaputra (Dibrugarh gauge),105.7,TRUE,59.83,0.566,0,9
Sikkim,10.290136,32.865942,83.69970602,25.7,0,Teesta,15,FALSE,9.04,0.603,0,9
Arunachal Pradesh,0.41303226,9.11260888,26.6591967,29.4,1,Brahmaputra (Dibrugarh gauge),105.7,TRUE,39.53,0.374,1,2
Assam,0.9517633,0.951763272,1.359113187,5.9,1,Brahmaputra (Dibrugarh gauge),105.7,TRUE,85.41,0.808,0,1
Nagaland,0,0,0,12.7,1,Brahmaputra (Neamatighat gauge),85.05,TRUE,24.07,0.283,1,3
Sikkim,3.094016,7.535061121,33.83012259,29.8,2,Teesta,15,FALSE,5.93,0.395,0,5
Assam,0.57841235,25.67294532,28.11513072,4.6,1,Brahmaputra (Goalpara gauge),36.27,TRUE,23.18,0.639,1,9
Assam,0,9.464753062,9.464753062,6.5,0,Manas,33,FALSE,14.36,0.435,0,2
Nagaland,5.7501774,5.750177383,15.06287557,20.5,0,Kopili,30,FALSE,17.1,0.57,1,8
Arunachal Pradesh,0.03645208,3.386752751,8.757693749,27.1,0,Brahmaputra (Dibrugarh gauge),105.7,TRUE,21.67,0.205,1,4
Arunachal Pradesh,3.0217273,34.33398509,48.63717663,16.9,2,Dikrong,14,FALSE,4.98,0.356,0,10
Arunachal Pradesh,0,0,5.631754398,27.8,0,Brahmaputra (Dibrugarh gauge),105.7,TRUE,39.74,0.376,1,11
Tripura,2.226102,3.040908039,9.32495898,12.7,0,Khowai,10,FALSE,6.26,0.626,1,7
Arunachal Pradesh,0.03574495,1.241289899,4.754619304,29.9,1,Brahmaputra (Dibrugarh gauge),105.7,TRUE,39.32,0.372,0,5
Manipur,1.6699101,2.910647392,56.38197279,12.6,1,Imphal River,8,FALSE,4.52,0.565,0,6
Manipur,84.8056,204.6297684,222.15098,14.1,0,Imphal River,8,FALSE,5.98,0.748,1,5
Assam,55.770615,101.470026,136.4736025,3.9,1,Subansiri,42,FALSE,34.15,0.813,0,6
Nagaland,29.519587,38.94173789,38.94173789,12.7,1,Brahmaputra (Neamatighat gauge),85.05,TRUE,44.06,0.518,1,3
Assam,70.475655,226.6320229,500.9968071,7,1,Brahmaputra (Dhubri gauge),28.62,TRUE,31.54,1.102,1,7
Assam,0,1.675088853,3.49803929,6.7,0,Kopili,30,FALSE,11.67,0.389,0,4
Assam,55.82617,77.87342358,339.2107229,6.6,1,Brahmaputra (Dibrugarh gauge),105.7,TRUE,118.07,1.117,0,7
Assam,10.475796,12.66638243,39.39833775,7.7,1,Brahmaputra (Dibrugarh gauge),105.7,TRUE,60.46,0.572,1,3
Meghalaya,13.78937,18.87187809,34.38284892,18.3,0,Brahmaputra (Dhubri gauge),28.62,TRUE,16.71,0.584,0,7
Assam,1.249719,28.73340881,30.43226445,4.3,0,Brahmaputra (Tezpur gauge),65.23,TRUE,37.25,0.571,0,11
Meghalaya,22.111696,184.8366032,465.5533638,15.7,1,Brahmaputra (Dhubri gauge),28.62,TRUE,28.1,0.982,1,6
Meghalaya,0,9.296715617,17.25460732,19.1,1,Barak,20.5,FALSE,8.92,0.435,0,5
Sikkim,1.6989404,1.698940396,1.698940396,28,1,Teesta,15,FALSE,5.07,0.338,0,10
Mizoram,4.6371236,6.121733069,41.35213572,17.7,1,Tlawng,9,FALSE,4.78,0.531,0,9
Manipur,7.4140387,27.51389313,72.15670061,8.4,2,Imphal River,8,FALSE,8.21,1.026,1,8
Manipur,0,0,0,16,0,Imphal River,8,FALSE,3.28,0.41,1,1
Assam,17.543108,35.70974398,210.1227481,10.2,0,Manas,33,FALSE,26.5,0.803,0,8
Nagaland,0,3.550477743,6.874576181,16.6,0,Brahmaputra (Neamatighat gauge),85.05,TRUE,36.32,0.427,0,5
Arunachal Pradesh,28.651333,54.64328289,176.4025354,34,0,Brahmaputra (Dibrugarh gauge),105.7,TRUE,89.42,0.846,1,7
Mizoram,46.289932,82.80269051,161.8537431,21.4,0,Tlawng,9,FALSE,6.32,0.702,1,6
Sikkim,61.748863,113.6951809,268.664176,29.8,2,Teesta,15,FALSE,14.97,0.998,1,7
Manipur,64.84051,73.2713614,79.79939963,18,0,Imphal River,8,FALSE,5.17,0.646,1,8
Meghalaya,0,0,0,18.9,0,Brahmaputra (Guwahati gauge),49.68,TRUE,20.67,0.416,1,12
Meghalaya,5.8494062,11.40398157,44.98293769,23,0,Kopili,30,FALSE,19.2,0.64,0,5
Meghalaya,0,33.6739769,89.96089697,23,0,Kopili,30,FALSE,16.11,0.537,0,6
Mizoram,1.676736,9.982075095,40.17196256,23,2,Khowai,10,FALSE,4.83,0.483,1,4
Arunachal Pradesh,0,0,0.964341789,16.5,1,Dikrong,14,FALSE,4.98,0.356,1,10
Meghalaya,0,5.238246918,33.87748504,17.3,0,Brahmaputra (Goalpara gauge),36.27,TRUE,19.4,0.535,0,7
Arunachal Pradesh,165.82288,309.7122421,364.5544726,27.2,0,Brahmaputra (Dibrugarh gauge),105.7,TRUE,108.87,1.03,1,6
Meghalaya,144.10994,192.8209629,236.2478119,17.5,0,Brahmaputra (Dhubri gauge),28.62,TRUE,21.61,0.755,1,7
Arunachal Pradesh,140.3452,185.7292967,193.5626381,18.6,0,Brahmaputra (Dibrugarh gauge),105.7,TRUE,71.66,0.678,1,5
Sikkim,2.6073205,15.89615637,93.7108441,25.5,2,Teesta,15,FALSE,13.73,0.915,0,7
Arunachal Pradesh,0,0,3.119000673,17.4,1,Dikrong,14,FALSE,3.53,0.252,0,12
Mizoram,102.95933,148.7847958,167.2757543,23.1,2,Khowai,10,FALSE,7.58,0.758,1,7
Tripura,0,18.41762733,199.8528939,15.2,0,Tlawng,9,FALSE,7.61,0.846,0,6
Nagaland,9.463001,9.577415735,21.54243952,20.5,0,Kopili,30,FALSE,29.58,0.986,1,8
Nagaland,16.915792,40.00218818,80.13666341,15.4,0,Brahmaputra (Dibrugarh gauge),105.7,TRUE,96.19,0.91,1,6
Arunachal Pradesh,0,0.254251271,5.324347317,25.1,1,Brahmaputra (Dibrugarh gauge),105.7,TRUE,53.48,0.506,1,9
Manipur,0.043150924,1.855489515,2.964842461,20.7,2,Barak,20.5,FALSE,3.08,0.15,0,10
Assam,0,0,0,7.7,1,Brahmaputra (Guwahati gauge),49.68,TRUE,26.03,0.524,1,12
Assam,68.43562,94.25528145,151.1167824,7.8,1,Brahmaputra (Dibrugarh gauge),105.7,TRUE,85.19,0.806,1,8
Arunachal Pradesh,1.411762,18.24301648,90.75201106,25.4,0,Brahmaputra (Dibrugarh gauge),105.7,TRUE,41.54,0.393,1,4
Assam,1.6146781,1.614678144,11.99137479,10.2,0,Manas,33,FALSE,26.93,0.816,1,10
Meghalaya,151.0693,275.5538902,293.3876086,19.7,0,Brahmaputra (Goalpara gauge),36.27,TRUE,35.36,0.975,0,7
Arunachal Pradesh,1.3747493,8.248495936,9.080718458,20.4,0,Brahmaputra (Tezpur gauge),65.23,TRUE,62.56,0.959,1,3
Nagaland,61.30057,171.9915199,210.0590103,17.8,0,Subansiri,42,FALSE,24.32,0.579,0,3
Nagaland,8.620877,18.36702156,74.02731979,21.7,0,Dhansiri,40,FALSE,43,1.075,1,6
Assam,0,0,1.802961648,2,0,Dikrong,14,FALSE,5.98,0.427,1,1
Arunachal Pradesh,0,0,0,16.9,2,Dikrong,14,FALSE,7.67,0.548,1,1
Arunachal Pradesh,0.119625345,18.7641833,107.8305421,31.9,1,Brahmaputra (Dibrugarh gauge),105.7,TRUE,48.62,0.46,0,4
Manipur,0,0,0.298467219,18.6,1,Imphal River,8,FALSE,7.9,0.988,1,6
Manipur,0.333195,0.333195001,19.52933154,9.1,1,Doyang,18,FALSE,9.68,0.538,0,10
Arunachal Pradesh,0,1.722084284,30.93154526,9.4,0,Dikrong,14,FALSE,4.45,0.318,1,10
Meghalaya,0,0,0,21.9,1,Brahmaputra (Guwahati gauge),49.68,TRUE,16.64,0.335,1,12
Nagaland,21.484838,97.53853703,175.98932,14.6,0,Brahmaputra (Neamatighat gauge),85.05,TRUE,89.73,1.055,1,6
Assam,3.805834,15.25858558,214.4810735,5.9,0,Brahmaputra (Dhubri gauge),28.62,TRUE,28.79,1.006,0,9
Assam,63.983803,205.7781343,211.230484,11.2,0,Brahmaputra (Dhubri gauge),28.62,TRUE,21.38,0.747,0,9
Sikkim,9.9627285,33.8436451,246.4179797,33.6,1,Teesta,15,FALSE,11.22,0.748,1,9
Nagaland,6.506289,23.61693525,30.51646349,17.9,0,Dhansiri,40,FALSE,38.88,0.972,0,8
Meghalaya,0,0,0,20.4,1,Barak,20.5,FALSE,7.93,0.387,1,11
Sikkim,15.45402,17.27739263,17.27739263,25.7,0,Teesta,15,FALSE,5.36,0.357,1,3
Assam,0,0,0,2.4,0,Subansiri,42,FALSE,19.74,0.47,0,1
Meghalaya,36.82321,118.3027668,467.1300182,19.7,1,Brahmaputra (Goalpara gauge),36.27,TRUE,39.68,1.094,1,6
Arunachal Pradesh,7.9316607,27.28852224,30.94940209,34,0,Brahmaputra (Dibrugarh gauge),105.7,TRUE,102.53,0.97,1,8
Sikkim,35.319542,206.9277,311.8509841,31,1,Teesta,15,FALSE,14.8,0.987,1,6
Sikkim,6.0388465,21.11654377,73.507532,34.2,1,Teesta,15,FALSE,7.06,0.471,1,5
Mizoram,0,0,0,20.7,0,Tlawng,9,FALSE,3.99,0.443,0,12
Arunachal Pradesh,16.659304,66.37493229,66.37493229,15.9,0,Subansiri,42,FALSE,40.53,0.965,0,6
Assam,0,53.45127916,54.58100677,6.2,0,Brahmaputra (Dibrugarh gauge),105.7,TRUE,109.82,1.039,1,7
Arunachal Pradesh,0,0.889849603,0.889849603,23.1,1,Subansiri,42,FALSE,17.01,0.405,1,12
Sikkim,0,0,0,35.2,1,Teesta,15,FALSE,5.37,0.358,1,2
Nagaland,44.898758,62.52078056,65.72138488,18,1,Dhansiri,40,FALSE,39.32,0.983,1,6
Tripura,30.306105,102.6883755,136.2184849,15.2,0,Tlawng,9,FALSE,6.06,0.673,1,8
Arunachal Pradesh,83.32267,120.9176798,141.8684157,29.7,0,Brahmaputra (Dibrugarh gauge),105.7,TRUE,90.8,0.859,1,4
Sikkim,25.736027,86.61170053,172.6609781,33.4,1,Teesta,15,FALSE,12.45,0.83,1,9
Mizoram,0,3.430354118,36.60862935,23,0,Tlawng,9,FALSE,3.71,0.412,1,5
Nagaland,60.125774,62.37246275,92.9214406,20.1,1,Dhansiri,40,FALSE,26.68,0.667,1,8
Tripura,0.35506642,25.49033082,66.75010955,13.3,2,Khowai,10,FALSE,4.32,0.432,1,4
Meghalaya,142.36871,155.0783062,157.6456271,19.1,1,Barak,20.5,FALSE,12.57,0.613,0,5
Mizoram,78.68378,208.9915123,290.1340097,23.1,0,Tlawng,9,FALSE,9.38,1.042,1,6
Meghalaya,0,0,0,17.5,0,Brahmaputra (Dhubri gauge),28.62,TRUE,13.17,0.46,0,12
Arunachal Pradesh,0,0,0,27.9,1,Brahmaputra (Dibrugarh gauge),105.7,TRUE,93.65,0.886,1,1
Arunachal Pradesh,0,5.282002926,7.362723827,31.9,1,Brahmaputra (Dibrugarh gauge),105.7,TRUE,58.77,0.556,0,8
Meghalaya,90.20886,102.9545565,121.9729855,20,3,Barak,20.5,FALSE,8.36,0.408,1,10
Mizoram,0,0,4.050038636,17.7,1,Tlawng,9,FALSE,7.14,0.793,1,4
Assam,61.55269,69.26520264,179.8908302,6.5,0,Brahmaputra (Tezpur gauge),65.23,TRUE,47.16,0.723,1,10
Mizoram,9.36054,9.760858923,57.16939464,25,2,Tlawng,9,FALSE,4.92,0.547,0,10
Tripura,0,0,7.55366683,13.5,0,Khowai,10,FALSE,4.06,0.406,0,5
Meghalaya,1.2299427,8.617829442,12.31120527,18.7,0,Brahmaputra (Guwahati gauge),49.68,TRUE,26.58,0.535,0,10
Nagaland,57.99077,126.8263127,126.8263127,16.9,0,Dikrong,14,FALSE,9.6,0.686,0,6
Mizoram,0.66540605,0.665406048,0.665406048,25.4,3,Tlawng,9,FALSE,2.05,0.228,1,1
Manipur,0,0.445612818,9.986694962,9.7,0,Doyang,18,FALSE,7.58,0.421,1,11
Manipur,2.253114,62.39433217,142.2397845,20.6,2,Barak,20.5,FALSE,22.98,1.121,1,8
Meghalaya,0,0,0,20.7,1,Barak,20.5,FALSE,8.96,0.437,1,11
Arunachal Pradesh,10.973023,13.39036965,40.72375321,32.5,1,Brahmaputra (Dibrugarh gauge),105.7,TRUE,106.44,1.007,1,9
Nagaland,17.112055,20.11552516,59.49215725,21.7,0,Dhansiri,40,FALSE,26.6,0.665,1,8
Assam,0,17.66469765,525.3490391,5.9,0,Brahmaputra (Dhubri gauge),28.62,TRUE,27.1,0.947,0,6
Sikkim,30.825552,148.682394,291.3642921,23.3,0,Teesta,15,FALSE,14.96,0.997,0,6
Sikkim,96.88348,167.3869896,411.8030567,33.6,1,Teesta,15,FALSE,17,1.133,1,6
Mizoram,5.4262376,6.910966039,7.610341541,23.6,0,Tlawng,9,FALSE,3.73,0.414,0,3
Manipur,5.6669674,34.96000957,170.3171043,20.6,2,Barak,20.5,FALSE,16.2,0.79,0,8
Meghalaya,3.8690717,15.33244777,305.118037,17.5,0,Brahmaputra (Dhubri gauge),28.62,TRUE,33.91,1.185,0,10
Arunachal Pradesh,0,0,0.789489269,27.8,0,Brahmaputra (Dibrugarh gauge),105.7,TRUE,85.62,0.81,1,1
Assam,7.175321,48.53294516,80.48223114,5.9,1,Brahmaputra (Dibrugarh gauge),105.7,TRUE,110.88,1.049,0,7
Meghalaya,2.035469,4.558503985,36.90876019,23,0,Kopili,30,FALSE,15.54,0.518,1,6
Tripura,0,15.23697996,92.36717701,17.2,0,Gomti,12,FALSE,11.64,0.97,1,10
Assam,0,7.877594844,9.432495698,4.5,0,Brahmaputra (Dibrugarh gauge),105.7,TRUE,36.26,0.343,0,11
Tripura,1.1631951,6.153186083,142.4583218,14.6,0,Gomti,12,FALSE,9.88,0.823,0,8
Tripura,0,0,0,17.2,0,Gomti,12,FALSE,5.11,0.426,1,12
Meghalaya,109.79572,257.2036014,297.8300862,22.3,0,Brahmaputra (Guwahati gauge),49.68,TRUE,43.07,0.867,1,5
Sikkim,138.2268,165.3121796,170.8801042,25.5,2,Teesta,15,FALSE,10.18,0.679,1,10
Tripura,0,0,0,13.7,0,Gomti,12,FALSE,5.51,0.459,0,1
Arunachal Pradesh,0.030351188,0.263017345,7.291369129,21,2,Brahmaputra (Dibrugarh gauge),105.7,TRUE,86.36,0.817,1,7
Nagaland,25.981503,25.98150253,87.30428421,21.7,0,Dhansiri,40,FALSE,36.52,0.913,1,7
Sikkim,34.73043,37.48367596,114.5361569,34.9,3,Teesta,15,FALSE,15.28,1.019,1,7
Assam,0,3.447661847,5.078048795,10.2,0,Manas,33,FALSE,29.57,0.896,1,6
Assam,0,0,0,6.5,0,Brahmaputra (Tezpur gauge),65.23,TRUE,28.64,0.439,0,2
Mizoram,0,0,0,23.4,0,Tlawng,9,FALSE,7.3,0.811,0,3
Assam,59.054028,112.4753127,126.4676769,10.2,0,Manas,33,FALSE,22.34,0.677,1,8
Nagaland,62.736546,94.0486393,170.9414514,17.2,0,Brahmaputra (Neamatighat gauge),85.05,TRUE,73.23,0.861,1,5
Manipur,0,1.436836481,21.60353351,17.5,1,Barak,20.5,FALSE,7.63,0.372,0,10
Meghalaya,72.80167,116.346981,193.0853941,19.6,1,Brahmaputra (Goalpara gauge),36.27,TRUE,32.68,0.901,0,8
Sikkim,38.985813,142.8181133,186.2323003,28,1,Teesta,15,FALSE,18.23,1.215,1,6
Tripura,0,0,0,17.2,1,Khowai,10,FALSE,2.61,0.261,0,1
Meghalaya,0,289.3684692,414.1878073,19.7,0,Brahmaputra (Goalpara gauge),36.27,TRUE,31.08,0.857,0,10
Arunachal Pradesh,0,0.090253621,0.763689538,27.3,1,Brahmaputra (Dibrugarh gauge),105.7,TRUE,33.19,0.314,0,10
Mizoram,9.013593,80.29412937,88.96928918,17.7,1,Tlawng,9,FALSE,8.47,0.941,1,9
Meghalaya,11.160174,30.94352055,134.7978315,24.9,0,Brahmaputra (Guwahati gauge),49.68,TRUE,33.14,0.667,1,6
Arunachal Pradesh,0,0.379000783,9.29464975,15.3,1,Dikrong,14,FALSE,13.31,0.951,0,2
Tripura,0,0,0,17.3,0,Gomti,12,FALSE,3.84,0.32,0,5
Manipur,0,0,0,18.6,1,Imphal River,8,FALSE,2.14,0.267,0,10
Meghalaya,4.9968557,4.996855736,4.996855736,16,0,Brahmaputra (Goalpara gauge),36.27,TRUE,11.17,0.308,1,10
Assam,0,0,10.30580497,5,0,Brahmaputra (Dibrugarh gauge),105.7,TRUE,36.36,0.344,0,12
Arunachal Pradesh,0,20.31753778,55.49718332,24.1,0,Brahmaputra (Dibrugarh gauge),105.7,TRUE,112.04,1.06,0,9
Assam,60.91042,172.6086693,360.535346,7.1,2,Barak,20.5,FALSE,19.58,0.955,1,6
Arunachal Pradesh,15.876242,63.99744415,69.36575927,9.4,0,Dikrong,14,FALSE,10,0.714,1,6
Mizoram,32.056423,50.44655561,123.661119,24.2,1,Tlawng,9,FALSE,7.24,0.805,1,8
Tripura,3.7900496,3.790049553,35.928087,18,1,Gomti,12,FALSE,8.36,0.697,0,6
Mizoram,0,0,0,23,0,Tlawng,9,FALSE,4.95,0.55,1,3
Sikkim,9.575038,9.575037956,9.575037956,25.7,0,Teesta,15,FALSE,5.78,0.385,0,4
Arunachal Pradesh,0,0,0,19.6,3,Subansiri,42,FALSE,15.46,0.368,1,11
Sikkim,5.478218,8.253023028,55.16187227,33.4,1,Teesta,15,FALSE,9.54,0.636,1,9
Meghalaya,33.933647,74.03079987,122.305222,20.4,1,Barak,20.5,FALSE,17.88,0.872,0,8
Manipur,104.76132,158.6884975,196.7956588,15.3,0,Imphal River,8,FALSE,5.1,0.638,1,5
Sikkim,54.097416,94.66898137,209.072799,25.5,2,Teesta,15,FALSE,10.59,0.706,1,8
Arunachal Pradesh,0,0,0,29.3,2,Brahmaputra (Dibrugarh gauge),105.7,TRUE,44.61,0.422,1,11
Meghalaya,0,0,0,23.5,1,Barak,20.5,FALSE,6.01,0.293,0,11
Meghalaya,58.564182,169.7345543,176.1339517,14.5,0,Brahmaputra (Dhubri gauge),28.62,TRUE,14.77,0.516,1,9
Tripura,56.88525,82.426548,123.9112959,13.3,2,Khowai,10,FALSE,6.03,0.603,1,7
Manipur,21.434782,23.90420377,27.0539614,9,0,Doyang,18,FALSE,8.32,0.462,0,6
Meghalaya,0.46009403,0.460094035,0.460094035,22.1,0,Brahmaputra (Guwahati gauge),49.68,TRUE,24.39,0.491,0,3
Manipur,37.47047,61.66467476,63.43006721,19.6,1,Barak,20.5,FALSE,11.25,0.549,1,5
Sikkim,86.67617,164.8206925,392.4135575,25.7,0,Teesta,15,FALSE,16.3,1.087,1,7
Meghalaya,13.939037,62.72708893,335.2688522,17.5,0,Brahmaputra (Dhubri gauge),28.62,TRUE,28.28,0.988,1,7
Manipur,1.9352449,1.935244918,1.935244918,11.2,0,Imphal River,8,FALSE,2.18,0.272,1,12
Mizoram,64.92694,180.2292023,253.4829429,20.2,1,Tlawng,9,FALSE,10.36,1.151,1,6
Sikkim,0,0,0,29.7,3,Teesta,15,FALSE,5.62,0.375,1,11
Mizoram,52.515305,138.4009209,181.7178278,21.9,2,Tlawng,9,FALSE,4.05,0.45,1,5
Meghalaya,0,3.541524649,23.88923407,19.7,1,Brahmaputra (Goalpara gauge),36.27,TRUE,16.25,0.448,1,5
Mizoram,6.2785316,16.47334158,25.59416544,24.2,1,Tlawng,9,FALSE,8.7,0.967,1,9
Sikkim,72.981224,246.8754501,377.408556,25.5,2,Teesta,15,FALSE,15.4,1.027,1,7
Tripura,0,19.42397165,338.2640195,20.2,1,Gomti,12,FALSE,15.01,1.251,1,8
Nagaland,0,0,32.36079824,13.2,1,Brahmaputra (Neamatighat gauge),85.05,TRUE,30.11,0.354,1,4
Manipur,0,0,0,19.8,0,Doyang,18,FALSE,14.85,0.825,0,1
Nagaland,1.5422313,55.96318507,137.007839,16.8,2,Brahmaputra (Dibrugarh gauge),105.7,TRUE,86.99,0.823,0,9
Arunachal Pradesh,1.3549801,3.815510452,32.69147319,16.5,1,Dikrong,14,FALSE,5.68,0.406,0,5
Mizoram,0,26.56659889,89.54706621,25,0,Tlawng,9,FALSE,6.39,0.71,0,9
Arunachal Pradesh,65.02837,128.3529606,187.1727257,28.8,1,Brahmaputra (Dibrugarh gauge),105.7,TRUE,87.73,0.83,1,8
Arunachal Pradesh,4.8351803,18.0747993,42.74961305,17.5,0,Subansiri,42,FALSE,40.66,0.968,1,7
Assam,2.151427,5.031849265,22.99739861,6,0,Brahmaputra (Dibrugarh gauge),105.7,TRUE,54.33,0.514,0,2
Meghalaya,48.28108,258.6464348,892.2546883,17.7,1,Brahmaputra (Goalpara gauge),36.27,TRUE,37.25,1.027,1,6
Tripura,0,0,0,14.9,0,Gomti,12,FALSE,4.61,0.384,1,1
Mizoram,0,0,0,19.4,0,Tlawng,9,FALSE,4.04,0.449,0,3
Arunachal Pradesh,0,25.5025425,59.67646074,17.1,2,Brahmaputra (Tezpur gauge),65.23,TRUE,25.64,0.393,0,5
Assam,26.773327,56.24181747,114.8207072,11.2,0,Brahmaputra (Dhubri gauge),28.62,TRUE,16.66,0.582,0,8
Meghalaya,59.746033,74.44990349,84.76375389,16.2,0,Brahmaputra (Guwahati gauge),49.68,TRUE,40.44,0.814,1,8
Tripura,112.48221,133.4932137,133.4932137,13.7,0,Gomti,12,FALSE,8,0.667,0,11
Assam,113.98331,297.9653931,350.2228212,3.3,1,Brahmaputra (Dibrugarh gauge),105.7,TRUE,96.93,0.917,0,7
Manipur,72.34764,130.2223663,180.3626016,13.9,1,Imphal River,8,FALSE,5.13,0.641,1,5
Assam,0,13.54608059,36.7235465,6.8,0,Brahmaputra (Tezpur gauge),65.23,TRUE,25.31,0.388,1,10
Tripura,0,0,0,20.2,1,Gomti,12,FALSE,4.15,0.346,1,12
Meghalaya,13.372063,216.2718811,844.3687744,16.4,0,Brahmaputra (Dhubri gauge),28.62,TRUE,34.54,1.207,1,6
Mizoram,30.77618,70.90666914,177.1975155,25.8,0,Tlawng,9,FALSE,8.59,0.955,1,5
Meghalaya,109.08375,166.5417843,198.1722482,24.2,0,Brahmaputra (Goalpara gauge),36.27,TRUE,29.34,0.809,1,6
Manipur,16.47954,52.15299988,107.6218281,17.3,1,Barak,20.5,FALSE,26.65,1.3,0,8
Mizoram,0,2.13332057,58.06975484,17.7,1,Tlawng,9,FALSE,4.74,0.527,0,11
Meghalaya,0,167.9168701,296.1690612,14.7,0,Brahmaputra (Dhubri gauge),28.62,TRUE,26.85,0.938,0,9
Arunachal Pradesh,1.0349739,5.467388868,5.920425847,25.8,2,Brahmaputra (Dibrugarh gauge),105.7,TRUE,69.97,0.662,1,7
Meghalaya,90.66234,132.9141884,176.312428,24.7,2,Brahmaputra (Goalpara gauge),36.27,TRUE,21.73,0.599,0,10
Arunachal Pradesh,78.264244,162.265049,338.0247917,27.2,0,Brahmaputra (Dibrugarh gauge),105.7,TRUE,101.89,0.964,1,7
Mizoram,71.7397,290.5395546,413.2632704,25,0,Tlawng,9,FALSE,8.9,0.989,0,6
Meghalaya,58.202625,71.00413007,200.443463,24.7,2,Brahmaputra (Goalpara gauge),36.27,TRUE,28.94,0.798,0,8
Mizoram,0,0,0,22.9,0,Barak,20.5,FALSE,6.58,0.321,0,2
Arunachal Pradesh,1.1084564,5.906636357,23.26984632,31.6,1,Brahmaputra (Dibrugarh gauge),105.7,TRUE,45.56,0.431,1,5
Nagaland,20.60892,23.24542546,37.49068493,17.2,0,Brahmaputra (Neamatighat gauge),85.05,TRUE,81.39,0.957,0,6
Arunachal Pradesh,1.2967311,1.700363211,1.899636798,31.5,1,Brahmaputra (Dibrugarh gauge),105.7,TRUE,31.08,0.294,1,1
Meghalaya,100.65878,139.5855092,182.944305,17.5,0,Brahmaputra (Dhubri gauge),28.62,TRUE,26.07,0.911,1,8
Mizoram,59.009293,96.32270813,162.6664906,19.4,0,Tlawng,9,FALSE,5.99,0.666,0,9
Assam,84.15156,137.4769936,154.9119552,6.8,0,Brahmaputra (Tezpur gauge),65.23,TRUE,31.9,0.489,1,5
Assam,41.746185,42.19332221,55.2151075,11.2,0,Brahmaputra (Dhubri gauge),28.62,TRUE,15.31,0.535,0,7
Meghalaya,184.93547,249.1324329,256.2354783,16.4,0,Brahmaputra (Dhubri gauge),28.62,TRUE,24.84,0.868,1,5
Meghalaya,5.6508694,15.45933032,41.23571944,19.7,1,Brahmaputra (Goalpara gauge),36.27,TRUE,34.35,0.947,1,8
Mizoram,47.04355,121.0842342,131.5168647,19.7,0,Barak,20.5,FALSE,16.69,0.814,0,5
Manipur,49.095684,115.6014595,154.4308829,20.6,2,Barak,20.5,FALSE,18.31,0.893,1,7
Assam,89.3787,219.6811371,437.8404965,10.2,0,Manas,33,FALSE,32.34,0.98,0,6
Meghalaya,0,41.01413584,73.5498805,19.7,1,Brahmaputra (Goalpara gauge),36.27,TRUE,12.59,0.347,0,11
Manipur,2.3896084,2.389608383,11.36156431,10.7,0,Imphal River,8,FALSE,3.63,0.454,1,10
Meghalaya,70.49038,109.3209438,224.8505535,17.7,1,Brahmaputra (Goalpara gauge),36.27,TRUE,36.92,1.018,0,8
Tripura,0,0,0,14.5,0,Khowai,10,FALSE,3.58,0.358,0,3
Meghalaya,0,0,0,21.9,1,Brahmaputra (Guwahati gauge),49.68,TRUE,19.03,0.383,0,1
Arunachal Pradesh,0.2762677,19.83909482,27.85585162,9.4,0,Dikrong,14,FALSE,12.54,0.896,0,5
Arunachal Pradesh,0,0.983497471,23.93769309,31.1,1,Brahmaputra (Dibrugarh gauge),105.7,TRUE,83.61,0.791,0,3
Nagaland,0,0,10.95907497,21.7,0,Dhansiri,40,FALSE,15.12,0.378,1,10
Meghalaya,3.9710922,63.08494186,221.871315,16.4,0,Brahmaputra (Dhubri gauge),28.62,TRUE,25.27,0.883,0,8
Assam,12.658694,60.78997135,251.8560071,11.2,0,Brahmaputra (Dhubri gauge),28.62,TRUE,25.99,0.908,1,6
Tripura,14.465169,27.26592684,83.36683989,13.5,0,Gomti,12,FALSE,8.12,0.677,1,9
Manipur,5.3023944,19.23621964,33.43020308,8.4,2,Imphal River,8,FALSE,5.1,0.637,1,5
Meghalaya,6.889684,32.20131868,264.9662132,20.9,2,Barak,20.5,FALSE,20.83,1.016,0,6
Meghalaya,47.469616,255.9886513,866.8001442,20.5,1,Brahmaputra (Guwahati gauge),49.68,TRUE,57.18,1.151,1,7
Meghalaya,101.5044,179.9783802,240.3862118,19.7,0,Brahmaputra (Goalpara gauge),36.27,TRUE,33.91,0.935,1,6
Assam,7.320368,20.71034813,181.9745226,5.4,1,Brahmaputra (Guwahati gauge),49.68,TRUE,48.98,0.986,1,6
Assam,51.259586,162.8844821,242.5977616,6.8,1,Brahmaputra (Goalpara gauge),36.27,TRUE,22.49,0.62,0,4
Meghalaya,91.8862,141.3655491,214.5000808,18.7,0,Brahmaputra (Guwahati gauge),49.68,TRUE,34.03,0.685,1,5
Tripura,19.59555,86.28390312,299.8600001,17.2,1,Khowai,10,FALSE,8.78,0.878,1,6
Sikkim,4.626001,143.2515826,271.3227109,33.4,1,Teesta,15,FALSE,14.64,0.976,1,9
Mizoram,30.677488,63.25821018,401.5064745,22.2,1,Tlawng,9,FALSE,9.02,1.002,0,6
Arunachal Pradesh,51.553444,66.11374767,83.42718321,14.7,0,Dikrong,14,FALSE,9.46,0.676,0,5
Manipur,0,4.982436299,58.59094012,13.7,0,Imphal River,8,FALSE,4.58,0.573,0,6
Meghalaya,0,0,2.899873495,20.4,1,Barak,20.5,FALSE,7.03,0.343,0,3
Manipur,28.586292,59.30204678,138.3824978,20.6,2,Barak,20.5,FALSE,17.04,0.831,0,8
Assam,25.373955,38.67112696,44.1508067,6.7,0,Kopili,30,FALSE,30.39,1.013,1,7
Meghalaya,2.1556559,39.14789009,140.0607998,22.7,1,Barak,20.5,FALSE,15.38,0.75,0,8
Arunachal Pradesh,80.082054,103.1990662,118.4190093,17.4,0,Manas,33,FALSE,21.88,0.663,1,5
Mizoram,0,0,4.820844412,19.7,0,Barak,20.5,FALSE,12.53,0.611,1,9
Tripura,0.47507045,20.56172225,50.97182548,20.2,1,Gomti,12,FALSE,5.29,0.441,1,5
Meghalaya,0,0,0,21.6,0,Brahmaputra (Goalpara gauge),36.27,TRUE,10.37,0.286,0,11
Arunachal Pradesh,80.94104,163.9965134,233.7708554,33.6,2,Brahmaputra (Dibrugarh gauge),105.7,TRUE,91.64,0.867,1,8
Arunachal Pradesh,6.7239747,19.76731253,27.71334732,17.9,0,Brahmaputra (Dibrugarh gauge),105.7,TRUE,48.94,0.463,1,6
Assam,16.5671,32.85960245,79.49115157,1.3,0,Brahmaputra (Tezpur gauge),65.23,TRUE,63.27,0.97,1,6
Meghalaya,26.822567,55.40197182,194.4147968,22.7,1,Barak,20.5,FALSE,12.44,0.607,1,4
Sikkim,38.383106,142.6165037,177.6814381,34.9,3,Teesta,15,FALSE,12.82,0.855,1,7
Assam,0,0,0,5.5,0,Kopili,30,FALSE,15.51,0.517,1,4
Nagaland,67.72787,68.83554423,68.83554423,16.9,0,Dikrong,14,FALSE,8.6,0.614,1,6
Meghalaya,0,7.230540276,16.19142532,21.7,2,Barak,20.5,FALSE,9.16,0.447,0,10
Meghalaya,0.46260342,1.162961006,2.323894247,17.5,0,Brahmaputra (Dhubri gauge),28.62,TRUE,7.41,0.259,0,2
Nagaland,0,0,0,15.4,0,Brahmaputra (Dibrugarh gauge),105.7,TRUE,44.92,0.425,0,11
Assam,0,4.393940449,66.27413177,10.2,0,Manas,33,FALSE,16.2,0.491,1,9
Meghalaya,0,6.475497961,23.28390872,21.3,1,Brahmaputra (Goalpara gauge),36.27,TRUE,14.36,0.396,0,5
Tripura,20.828072,136.6124344,252.475904,14.8,1,Khowai,10,FALSE,9.63,0.963,0,6
Assam,2.6646576,23.71728706,39.38897109,2,0,Dikrong,14,FALSE,13.75,0.982,0,7
Meghalaya,110.53837,117.0386708,184.0931294,18.9,0,Brahmaputra (Guwahati gauge),49.68,TRUE,36.51,0.735,1,10
Nagaland,0.35672548,0.356725484,1.65792039,20.5,0,Kopili,30,FALSE,16.44,0.548,0,7
Manipur,0,0,0,9,0,Doyang,18,FALSE,16.16,0.898,1,12
Mizoram,15.740127,84.41345024,207.4325707,25,0,Tlawng,9,FALSE,7.72,0.858,0,7
Nagaland,66.78427,72.67066669,136.603879,11.6,1,Brahmaputra (Dibrugarh gauge),105.7,TRUE,66.91,0.633,0,6
Meghalaya,133.49333,144.331774,166.5291484,18.7,0,Brahmaputra (Guwahati gauge),49.68,TRUE,39.55,0.796,1,8
Assam,0,8.234406471,53.35565758,6.3,1,Brahmaputra (Goalpara gauge),36.27,TRUE,12.26,0.338,1,5
Arunachal Pradesh,12.268182,24.04930353,29.60757795,24.8,0,Brahmaputra (Dibrugarh gauge),105.7,TRUE,37.21,0.352,1,5
Arunachal Pradesh,0,18.84203923,30.92039764,27.9,1,Brahmaputra (Dibrugarh gauge),105.7,TRUE,51.05,0.483,1,7
Manipur,55.697124,62.05422592,71.62360597,9.7,0,Doyang,18,FALSE,13.12,0.729,1,7
Arunachal Pradesh,0,0,73.24816227,27.8,0,Brahmaputra (Dibrugarh gauge),105.7,TRUE,50.52,0.478,1,2
Meghalaya,68.544205,138.015871,227.5630162,21.9,1,Brahmaputra (Guwahati gauge),49.68,TRUE,41.68,0.839,0,6
Sikkim,0,0.687058866,0.687058866,23.3,0,Teesta,15,FALSE,6.58,0.439,1,12
Manipur,5.899801,14.14977598,22.05794048,19.2,0,Imphal River,8,FALSE,3.42,0.428,1,4
Tripura,0,0,0,14.4,2,Gomti,12,FALSE,4.3,0.358,0,12
Meghalaya,71.18855,133.1495171,190.864308,27.5,3,Brahmaputra (Guwahati gauge),49.68,TRUE,42.63,0.858,0,6
Sikkim,96.302025,148.7180729,193.4041939,33.6,1,Teesta,15,FALSE,18.99,1.266,1,8
Meghalaya,0,0,0,21.1,1,Kopili,30,FALSE,15.69,0.523,1,1
Arunachal Pradesh,126.799995,325.2999878,652.7999649,35.6,1,Brahmaputra (Dibrugarh gauge),105.7,TRUE,130.01,1.23,1,7
Assam,52.531258,145.3640518,180.2760537,5.4,0,Dikrong,14,FALSE,6.58,0.47,0,10
Assam,97.38224,189.6707096,210.5575732,2.2,0,Subansiri,42,FALSE,35.11,0.836,1,8
Assam,100.18057,312.9175568,830.0567627,6,1,Brahmaputra (Dhubri gauge),28.62,TRUE,28.05,0.98,1,6
Assam,0,0,0,7.4,0,Brahmaputra (Dibrugarh gauge),105.7,TRUE,44.08,0.417,0,2
Meghalaya,5.612183,32.4000926,53.50014791,14.7,0,Brahmaputra (Dhubri gauge),28.62,TRUE,16.08,0.562,1,9
Arunachal Pradesh,7.8667397,41.56298399,68.91043186,16.9,2,Dikrong,14,FALSE,7.45,0.532,0,8
Tripura,0,0,0,20.2,1,Gomti,12,FALSE,2.87,0.239,0,11
Assam,0.45073038,0.450730383,5.151951134,3.1,0,Dikrong,14,FALSE,6.29,0.449,0,11
Assam,50.966015,74.26291561,81.67336464,2.2,0,Subansiri,42,FALSE,23.69,0.564,0,6
Mizoram,0,0,0,21.4,0,Tlawng,9,FALSE,3.66,0.407,1,1
Manipur,0,0,2.961313009,13.5,0,Doyang,18,FALSE,17.12,0.951,1,11
Assam,5.972893,90.99415445,187.3365828,4.6,1,Brahmaputra (Goalpara gauge),36.27,TRUE,32.75,0.903,1,7
Assam,0,0,0,8.3,0,Brahmaputra (Dibrugarh gauge),105.7,TRUE,39.32,0.372,0,1
Mizoram,81.51073,141.5409727,181.1421477,25.8,0,Tlawng,9,FALSE,7.12,0.791,1,8
Assam,129.14818,220.353878,227.691497,3.1,0,Dikrong,14,FALSE,11.16,0.797,0,5
Manipur,0.23950654,7.237453759,7.857001007,20.7,2,Barak,20.5,FALSE,8.14,0.397,1,4
Manipur,8.5046625,35.46045017,95.93623662,6.7,0,Doyang,18,FALSE,17.55,0.975,1,9
Meghalaya,0,23.21919918,159.0997133,18.3,0,Brahmaputra (Dhubri gauge),28.62,TRUE,11.13,0.389,1,5
Arunachal Pradesh,0,0.925487995,0.925487995,9.4,0,Dikrong,14,FALSE,6.23,0.445,0,12
Assam,11.783248,35.4080286,70.59364128,1.4,1,Brahmaputra (Tezpur gauge),65.23,TRUE,29.03,0.445,1,8
Arunachal Pradesh,51.009937,53.06995392,110.5584283,31.1,1,Brahmaputra (Dibrugarh gauge),105.7,TRUE,71.03,0.672,1,7
Nagaland,2.253653,55.20389795,157.0451941,11.6,1,Brahmaputra (Dibrugarh gauge),105.7,TRUE,91.43,0.865,1,6
Manipur,0,0,0,23.5,0,Barak,20.5,FALSE,6.6,0.322,1,1
Tripura,0,0.065859072,112.7456445,13.7,0,Gomti,12,FALSE,5.71,0.476,1,11
Assam,37.180622,127.7079525,211.9929292,6.3,1,Brahmaputra (Goalpara gauge),36.27,TRUE,29.23,0.806,1,6
Tripura,0,0,0,14.6,0,Gomti,12,FALSE,3.68,0.307,0,1
Meghalaya,60.991932,265.8281174,470.2677122,24.7,2,Brahmaputra (Goalpara gauge),36.27,TRUE,35.33,0.974,1,6
Assam,0,0,77.27449036,1.3,0,Brahmaputra (Tezpur gauge),65.23,TRUE,30.2,0.463,1,11
Assam,0,0,0,11.2,0,Brahmaputra (Dhubri gauge),28.62,TRUE,7.7,0.269,0,12
Arunachal Pradesh,2.6,13.99999952,28.99999905,35.6,1,Brahmaputra (Dibrugarh gauge),105.7,TRUE,41.22,0.39,0,4
Mizoram,72.53572,278.7276611,402.4979634,24,1,Tlawng,9,FALSE,8.65,0.961,1,6
Tripura,169.60367,190.1516309,279.5116678,14.8,1,Khowai,10,FALSE,10.03,1.003,1,8
Nagaland,0,0,0,16.6,0,Brahmaputra (Neamatighat gauge),85.05,TRUE,27.73,0.326,0,12
Manipur,51.433445,57.07296038,85.2741189,19.2,0,Imphal River,8,FALSE,7.2,0.9,1,9
Meghalaya,0,1.536540985,2.120610774,18.8,0,Brahmaputra (Guwahati gauge),49.68,TRUE,29.41,0.592,1,5
Arunachal Pradesh,0,0,0,28.5,0,Brahmaputra (Dibrugarh gauge),105.7,TRUE,42.07,0.398,1,11
Arunachal Pradesh,16.79802,55.29636908,104.3499194,9.4,0,Dikrong,14,FALSE,5.7,0.407,1,5
Meghalaya,5.5207806,5.520780563,14.47328544,24.9,0,Brahmaputra (Guwahati gauge),49.68,TRUE,15.8,0.318,1,3
Arunachal Pradesh,47.0281,107.8327808,113.717907,28.1,0,Brahmaputra (Dibrugarh gauge),105.7,TRUE,59.51,0.563,1,2
Nagaland,51.5598,114.6483488,276.5645642,16.7,2,Brahmaputra (Tezpur gauge),65.23,TRUE,71.49,1.096,1,6
Sikkim,40.778805,78.52595472,312.4235377,25.5,2,Teesta,15,FALSE,16.2,1.08,1,6
Tripura,13.840103,26.74891806,64.44500095,15.2,0,Tlawng,9,FALSE,8.68,0.964,1,4
Arunachal Pradesh,9.513279,40.6121769,81.36052513,17.4,1,Dikrong,14,FALSE,12.5,0.893,1,9
Tripura,11.506952,39.56964755,97.25627065,16.1,0,Gomti,12,FALSE,7.04,0.587,0,9
Assam,0,0,2.264816046,11.2,0,Brahmaputra (Dhubri gauge),28.62,TRUE,6.15,0.215,1,4
Assam,0.2736791,18.25816664,27.82672772,3.9,1,Dikrong,14,FALSE,11.3,0.807,0,4
Nagaland,74.26889,75.32051432,89.21982551,20.5,0,Kopili,30,FALSE,20.43,0.681,1,8
Nagaland,0,0,0,10.6,0,Brahmaputra (Neamatighat gauge),85.05,TRUE,68.81,0.809,0,12
Mizoram,3.2656186,4.159034461,68.16527376,23.4,0,Tlawng,9,FALSE,4.64,0.516,0,9
Meghalaya,48.858543,140.3639202,784.4737148,21.6,0,Brahmaputra (Goalpara gauge),36.27,TRUE,38.59,1.064,1,8
Sikkim,0,0,0,29.2,0,Teesta,15,FALSE,5.66,0.377,1,11
Assam,0,0,0,10.2,0,Manas,33,FALSE,11.32,0.343,0,12
Arunachal Pradesh,5.5924582,7.652952969,26.84186822,17.5,0,Subansiri,42,FALSE,17.93,0.427,1,2
Tripura,6.4729085,11.50815284,34.19803894,20.2,1,Gomti,12,FALSE,4.21,0.351,0,5
Assam,0,0,0,3.9,0,Brahmaputra (Guwahati gauge),49.68,TRUE,16.05,0.323,0,1
Mizoram,11.002472,12.54158683,12.54158683,23,2,Khowai,10,FALSE,3.39,0.339,1,5
Nagaland,56.14148,134.0853825,176.6902761,16.6,0,Brahmaputra (Neamatighat gauge),85.05,TRUE,45.42,0.534,0,4
Arunachal Pradesh,25.319853,100.452219,201.7664442,27.7,5,Brahmaputra (Dibrugarh gauge),105.7,TRUE,85.19,0.806,0,7
Arunachal Pradesh,0,5.271070004,5.271070004,18.6,0,Brahmaputra (Dibrugarh gauge),105.7,TRUE,47.88,0.453,1,12
Nagaland,0.92422426,12.63435304,80.26391256,16.8,2,Brahmaputra (Dibrugarh gauge),105.7,TRUE,106.65,1.009,1,7
Arunachal Pradesh,0,0,0,28.6,1,Brahmaputra (Dibrugarh gauge),105.7,TRUE,43.44,0.411,0,12
Arunachal Pradesh,94.02305,149.1315432,302.8703108,27.1,0,Brahmaputra (Dibrugarh gauge),105.7,TRUE,96.93,0.917,1,4
Assam,0.21344109,0.4706534,138.2621678,11.2,0,Brahmaputra (Dhubri gauge),28.62,TRUE,19.92,0.696,0,6
Arunachal Pradesh,0,1.487800002,28.69946188,15.3,1,Dikrong,14,FALSE,5.57,0.398,0,11
Arunachal Pradesh,3.490084,27.21502805,27.21502805,26.3,0,Brahmaputra (Dibrugarh gauge),105.7,TRUE,42.81,0.405,0,2
Assam,16.081621,73.3185358,95.00073928,7.6,2,Brahmaputra (Tezpur gauge),65.23,TRUE,68.43,1.049,1,8
Assam,173.96222,680.5458946,1094.586811,4.6,0,Brahmaputra (Goalpara gauge),36.27,TRUE,42.62,1.175,1,6
Tripura,0,2.447237939,26.49846193,20.2,1,Gomti,12,FALSE,4.46,0.372,1,2
Nagaland,0,8.823396206,20.44640251,20.5,0,Kopili,30,FALSE,16.83,0.561,1,8
Sikkim,88.00924,138.1635437,202.5512247,27.7,0,Teesta,15,FALSE,11.37,0.758,1,7
Nagaland,7.131934,63.26057243,113.1207755,14.2,1,Doyang,18,FALSE,10.49,0.583,0,9
Meghalaya,138.1665,202.3959465,641.8172626,18.6,2,Brahmaputra (Dhubri gauge),28.62,TRUE,37.21,1.3,1,6
Mizoram,15.504115,20.88287401,59.38576841,23.4,1,Tlawng,9,FALSE,6.05,0.672,1,6
Tripura,42.52051,68.86764622,105.4682689,14.5,0,Khowai,10,FALSE,10.83,1.083,0,7
Assam,0.86375815,201.0157967,418.7442818,5.4,1,Brahmaputra (Guwahati gauge),49.68,TRUE,51.32,1.033,1,6
Nagaland,7.596233,29.41735697,85.61770821,17.4,0,Doyang,18,FALSE,17.86,0.992,0,7
Meghalaya,43.922474,133.873373,336.8891406,20.9,2,Barak,20.5,FALSE,21.03,1.026,0,6
Arunachal Pradesh,67.012856,73.15202981,94.20938092,27.8,0,Brahmaputra (Dibrugarh gauge),105.7,TRUE,52.64,0.498,1,5
Arunachal Pradesh,5.645033,95.79848671,126.6658711,33.6,0,Brahmaputra (Dibrugarh gauge),105.7,TRUE,79.59,0.753,1,10
Mizoram,81.15975,134.1542439,138.7513168,20.8,0,Tlawng,9,FALSE,4.82,0.536,0,5
Nagaland,0.19440465,0.34715116,75.20371348,20.1,1,Dhansiri,40,FALSE,15.92,0.398,1,5
Arunachal Pradesh,70.8375,85.29556179,109.488451,27.4,0,Brahmaputra (Dibrugarh gauge),105.7,TRUE,68.49,0.648,0,8
Mizoram,5.134762,35.67543745,222.5815005,25,2,Tlawng,9,FALSE,7.33,0.815,1,8
Mizoram,33.28899,65.90963173,407.6160946,24.8,0,Tlawng,9,FALSE,8.64,0.96,0,6
Meghalaya,5.619174,18.23633766,37.75133598,25.6,0,Brahmaputra (Guwahati gauge),49.68,TRUE,33.93,0.683,0,9
Meghalaya,0,11.1408565,44.16148001,18.7,0,Brahmaputra (Guwahati gauge),49.68,TRUE,44.07,0.887,1,7
Arunachal Pradesh,2.9035623,12.48840547,13.64204225,30.5,1,Brahmaputra (Dibrugarh gauge),105.7,TRUE,117.43,1.111,1,8
Sikkim,41.948463,112.5984325,262.7925119,29.8,2,Teesta,15,FALSE,13.62,0.908,0,7
Sikkim,0.21694604,3.056189686,3.056189686,31.9,1,Teesta,15,FALSE,13.04,0.869,1,6
Manipur,0,0,1.017844558,13.2,1,Doyang,18,FALSE,6.73,0.374,0,1
Nagaland,0.10699355,36.66725742,53.43248188,11.6,1,Brahmaputra (Dibrugarh gauge),105.7,TRUE,50.42,0.477,1,7
Arunachal Pradesh,57.448334,193.8293686,218.2300577,30.5,1,Brahmaputra (Dibrugarh gauge),105.7,TRUE,91.75,0.868,0,6
Arunachal Pradesh,86.0335,194.0198822,320.8723221,24.7,1,Brahmaputra (Dibrugarh gauge),105.7,TRUE,102.21,0.967,1,6
Tripura,0,23.13229847,69.38696194,14.2,0,Khowai,10,FALSE,8.28,0.828,0,8
Meghalaya,10.743138,24.26555014,94.22681904,20.9,2,Barak,20.5,FALSE,11.38,0.555,1,8
Assam,0,0,1.331740022,10.2,0,Manas,33,FALSE,15.51,0.47,0,2
Sikkim,8.488261,51.65421486,278.9006138,23.3,0,Teesta,15,FALSE,16.73,1.115,1,6
Arunachal Pradesh,67.63942,67.86150669,68.69796161,21.4,2,Brahmaputra (Dibrugarh gauge),105.7,TRUE,69.97,0.662,1,9
Arunachal Pradesh,0.3572656,3.595850587,11.91937202,18.1,0,Subansiri,42,FALSE,34.4,0.819,0,9
Arunachal Pradesh,8.487148,30.37565517,48.00715971,19.1,3,Brahmaputra (Dibrugarh gauge),105.7,TRUE,64.16,0.607,0,9
Manipur,89.70492,217.2686462,228.6015232,13.9,1,Imphal River,8,FALSE,4.84,0.605,0,5
Meghalaya,5.860787,37.27330256,118.9007497,20.6,0,Brahmaputra (Dhubri gauge),28.62,TRUE,13.48,0.471,1,7
Meghalaya,19.259506,21.18909246,21.65525393,25,1,Brahmaputra (Guwahati gauge),49.68,TRUE,18.93,0.381,1,3
Assam,53.796196,162.2128334,224.6504602,11.2,0,Brahmaputra (Dhubri gauge),28.62,TRUE,21.18,0.74,1,7
Meghalaya,7.326224,14.92525291,28.71337128,23,0,Kopili,30,FALSE,17.76,0.592,1,7
Meghalaya,1.3347034,16.6122669,369.6276935,20.2,0,Brahmaputra (Guwahati gauge),49.68,TRUE,44.51,0.896,0,6
Assam,0,0.184214458,1.9943894,2.8,1,Brahmaputra (Tezpur gauge),65.23,TRUE,32.94,0.505,0,2
Assam,28.616343,31.94838262,85.5372169,3.9,1,Dikrong,14,FALSE,7.55,0.539,0,9
Manipur,10.617903,15.33577287,36.66353214,15.9,3,Imphal River,8,FALSE,4.65,0.581,1,7
Sikkim,0,0,2.260347247,25.5,2,Teesta,15,FALSE,5.31,0.354,0,4
Assam,70.17182,72.24853885,173.3027152,5.8,1,Brahmaputra (Guwahati gauge),49.68,TRUE,34.33,0.691,0,8
Manipur,0,0.940965056,0.940965056,15.3,0,Imphal River,8,FALSE,3.63,0.454,0,5
Meghalaya,0,0,0,18.7,0,Brahmaputra (Guwahati gauge),49.68,TRUE,22.65,0.456,0,1
Assam,0,0,36.60370064,7.6,1,Brahmaputra (Dibrugarh gauge),105.7,TRUE,36.99,0.35,1,4
Nagaland,0,0,0,20.1,1,Dhansiri,40,FALSE,16,0.4,1,1
Nagaland,15.430667,42.98480737,115.0420276,20.1,1,Dhansiri,40,FALSE,22.04,0.551,1,8
Tripura,4.154413,9.986976862,49.24962908,14.2,0,Khowai,10,FALSE,4.89,0.489,1,7
Mizoram,69.55701,98.08476448,135.0765505,23.6,0,Tlawng,9,FALSE,9.4,1.044,1,6
Assam,0,0,5.084360898,6.3,0,Brahmaputra (Tezpur gauge),65.23,TRUE,47.03,0.721,0,4
Arunachal Pradesh,0,14.37894642,48.56195748,15.9,0,Subansiri,42,FALSE,28.85,0.687,0,9
Arunachal Pradesh,0,0,0,32.1,1,Brahmaputra (Dibrugarh gauge),105.7,TRUE,61.09,0.578,0,11
Tripura,81.958336,143.1638832,221.107317,14.8,1,Khowai,10,FALSE,8.76,0.876,1,6
Meghalaya,0,0.13659367,9.2966111,19.2,1,Kopili,30,FALSE,13.17,0.439,0,2
Manipur,3.1572156,4.008642584,23.48970306,10.7,0,Imphal River,8,FALSE,7.02,0.877,1,9
Tripura,0,7.41889286,12.57090205,20.2,1,Gomti,12,FALSE,4.6,0.383,0,2
Assam,0,2.496887058,81.70783696,6,0,Brahmaputra (Dibrugarh gauge),105.7,TRUE,57.61,0.545,1,9
Nagaland,0,0.805544317,0.805544317,13.2,1,Brahmaputra (Neamatighat gauge),85.05,TRUE,62.34,0.733,1,2
Meghalaya,0,9.965293974,36.16418418,18.8,0,Brahmaputra (Guwahati gauge),49.68,TRUE,27.67,0.557,1,10
Tripura,0,0,0,20.2,1,Gomti,12,FALSE,3.59,0.299,0,1
Arunachal Pradesh,0,0,0.12776795,34,0,Brahmaputra (Dibrugarh gauge),105.7,TRUE,38.47,0.364,1,12
Sikkim,128.12357,285.2316322,372.0803614,29.8,2,Teesta,15,FALSE,15.03,1.002,1,6
Sikkim,7.1718082,9.767134666,18.27460748,31.9,1,Teesta,15,FALSE,6.16,0.411,1,3
Assam,0.9128628,5.542835653,111.7853302,6,0,Brahmaputra (Dibrugarh gauge),105.7,TRUE,115.85,1.096,0,8
Mizoram,0.47145596,49.30359021,352.3916964,19.4,0,Tlawng,9,FALSE,8.83,0.981,1,6
Nagaland,53.721497,105.5569592,172.2630013,15.4,0,Dikrong,14,FALSE,12.53,0.895,1,6
Mizoram,0,0,0,20.4,0,Tlawng,9,FALSE,3.97,0.441,1,4
Meghalaya,2.56968,4.877369642,15.94842933,18.3,0,Brahmaputra (Dhubri gauge),28.62,TRUE,16.14,0.564,0,9
Nagaland,0,0,0,20.5,0,Kopili,30,FALSE,11.91,0.397,0,2
Mizoram,68.67946,94.40633869,131.1628022,25.4,3,Tlawng,9,FALSE,7.91,0.879,1,6
Manipur,3.729449,108.8710392,221.6988595,10.7,0,Imphal River,8,FALSE,6.62,0.827,0,6
Assam,74.60498,87.22282648,87.22282648,5.7,1,Manas,33,FALSE,26.96,0.817,0,9
Assam,6.630027,6.630026817,8.323062778,4.2,0,Brahmaputra (Dibrugarh gauge),105.7,TRUE,43.76,0.414,1,3
Manipur,0,0,0,13.9,1,Imphal River,8,FALSE,6.77,0.846,0,2
Tripura,11.397508,35.81126881,325.3070383,16,0,Gomti,12,FALSE,11.6,0.967,0,7
Manipur,0,0.111986943,5.19784195,9.7,0,Doyang,18,FALSE,8.06,0.448,0,3
Sikkim,89.912094,103.8553038,162.619216,25.5,2,Teesta,15,FALSE,12.04,0.803,1,7
Sikkim,0,10.63783216,10.63783216,31.5,1,Teesta,15,FALSE,6.81,0.454,1,4
Nagaland,24.13624,38.30366659,92.09609413,20.1,1,Dhansiri,40,FALSE,45.56,1.139,0,6
Meghalaya,87.80066,324.8833466,747.0058441,15.9,1,Brahmaputra (Dhubri gauge),28.62,TRUE,30.02,1.049,1,6
Arunachal Pradesh,121.89471,153.1119564,220.521557,20.4,3,Brahmaputra (Dibrugarh gauge),105.7,TRUE,96.5,0.913,1,8
Mizoram,0,0,0.440629601,23.4,0,Tlawng,9,FALSE,3.63,0.403,1,1
Nagaland,73.334015,100.7517929,170.4721508,15.4,0,Dikrong,14,FALSE,11.21,0.801,0,8
Arunachal Pradesh,44.562675,130.2989216,190.2863321,33.6,0,Brahmaputra (Dibrugarh gauge),105.7,TRUE,89.74,0.849,0,7
Assam,131.04752,454.6833954,761.2254906,6.7,1,Brahmaputra (Dhubri gauge),28.62,TRUE,33.34,1.165,0,6
Mizoram,0,0,0,25.8,0,Tlawng,9,FALSE,2.69,0.299,1,3
Mizoram,0,0,0,24.8,0,Tlawng,9,FALSE,3.7,0.411,0,12
Meghalaya,116.1095,187.801136,229.6334835,17.7,1,Brahmaputra (Goalpara gauge),36.27,TRUE,32.97,0.909,1,6
Manipur,13.667098,45.7986927,97.73831463,9,0,Doyang,18,FALSE,11.52,0.64,0,6
Tripura,4.456622,25.38389492,58.30150723,13.5,0,Khowai,10,FALSE,9.84,0.984,0,7
Sikkim,57.61621,111.8933992,119.6121864,29.8,2,Teesta,15,FALSE,10.76,0.717,0,9
Sikkim,13.518344,39.49431038,122.5731478,31,1,Teesta,15,FALSE,9.33,0.622,0,7
Manipur,0.49742112,2.312405556,18.40505168,23.5,0,Barak,20.5,FALSE,10.5,0.512,1,6
Meghalaya,175.77017,928.9570618,1493.236723,20.5,1,Brahmaputra (Guwahati gauge),49.68,TRUE,48.29,0.972,1,5
Sikkim,53.08847,109.2548838,136.3100471,31.5,1,Teesta,15,FALSE,7.52,0.501,0,5
Assam,0,0,0,8.5,0,Brahmaputra (Dibrugarh gauge),105.7,TRUE,59.19,0.56,0,9
Arunachal Pradesh,79.887764,220.5802841,238.2403156,20.8,0,Brahmaputra (Dibrugarh gauge),105.7,TRUE,89,0.842,0,7
Assam,3.8129323,24.87034345,61.3001619,8.5,0,Brahmaputra (Dibrugarh gauge),105.7,TRUE,94.5,0.894,0,8
Sikkim,74.903885,140.016016,214.0623704,25.5,2,Teesta,15,FALSE,19.12,1.275,1,6
Nagaland,0,0,0,13.6,0,Doyang,18,FALSE,6.62,0.368,0,2
Sikkim,1.0792942,14.05182734,57.9666523,31,1,Teesta,15,FALSE,6.06,0.404,1,2
Manipur,5.0301895,28.9650622,61.16624755,19.8,0,Doyang,18,FALSE,8.91,0.495,0,6
Assam,0,0,0.247048244,8.7,1,Manas,33,FALSE,14.49,0.439,0,11
Arunachal Pradesh,0,0,1.11E-07,33.2,2,Brahmaputra (Dibrugarh gauge),105.7,TRUE,47.25,0.447,0,10
Sikkim,77.88744,131.0161819,175.9729886,31,1,Teesta,15,FALSE,11.7,0.78,0,6
Arunachal Pradesh,8.407983,14.93722576,46.02692264,18,0,Dikrong,14,FALSE,9.69,0.692,0,9
Meghalaya,50.245213,81.72040653,82.51598662,17.5,0,Brahmaputra (Dhubri gauge),28.62,TRUE,12.31,0.43,1,11
Meghalaya,0,4.777233332,90.84577212,20.9,2,Barak,20.5,FALSE,10.13,0.494,0,10
Arunachal Pradesh,9.962892,11.78908843,53.31012505,20.4,3,Brahmaputra (Dibrugarh gauge),105.7,TRUE,47.04,0.445,1,2
Nagaland,4.9498596,65.60927582,88.49566925,12.7,1,Brahmaputra (Neamatighat gauge),85.05,TRUE,96.79,1.138,1,9
Nagaland,0,0,0,20.1,1,Dhansiri,40,FALSE,35.44,0.886,0,1
Manipur,4.763291,61.01358795,127.5288993,15.8,1,Doyang,18,FALSE,13.81,0.767,0,8
Mizoram,0,0,0,25,2,Tlawng,9,FALSE,4.71,0.523,0,1
Tripura,0.56672096,1.50054121,13.13601872,20.2,1,Gomti,12,FALSE,10.16,0.847,1,4
Meghalaya,11.116397,319.7516279,693.742486,18.9,0,Brahmaputra (Guwahati gauge),49.68,TRUE,49.68,1,0,8
Nagaland,3.9942207,27.04755116,29.18804422,20.1,1,Dhansiri,40,FALSE,41.12,1.028,1,9
Assam,1.8767191,88.27694571,98.00431514,10.2,0,Manas,33,FALSE,32.9,0.997,0,8
Arunachal Pradesh,0.18977858,18.4899946,71.58787031,24.7,1,Brahmaputra (Dibrugarh gauge),105.7,TRUE,106.97,1.012,1,8
Meghalaya,0,0,0,19.2,1,Kopili,30,FALSE,10.2,0.34,0,11
Mizoram,66.74865,186.6855545,236.9662113,20.4,0,Tlawng,9,FALSE,8.86,0.985,1,8
Tripura,0,0,0,20.2,1,Gomti,12,FALSE,4.3,0.358,0,3
Manipur,0,0,1.5925318,9,0,Doyang,18,FALSE,5.99,0.333,0,11
Tripura,49.680225,50.6513956,81.40193406,11.3,1,Tlawng,9,FALSE,3.94,0.438,0,4
Assam,0,0.475480735,16.46159515,5.9,2,Subansiri,42,FALSE,21,0.5,0,2
Arunachal Pradesh,0.3264476,4.966656029,9.215116382,25.8,2,Brahmaputra (Dibrugarh gauge),105.7,TRUE,113.84,1.077,1,9
Nagaland,1.3760797,4.105513036,38.96695906,13,0,Doyang,18,FALSE,18.34,1.019,1,9
Meghalaya,0,0,0,19.6,1,Brahmaputra (Goalpara gauge),36.27,TRUE,18.06,0.498,1,2
Nagaland,85.5686,267.6291809,293.5100412,17.2,0,Brahmaputra (Neamatighat gauge),85.05,TRUE,68.98,0.811,0,4
Mizoram,58.797985,93.73047638,156.1658042,25.9,0,Barak,20.5,FALSE,14.21,0.693,1,8
Assam,7.631848,21.01868105,300.8164039,7.2,0,Subansiri,42,FALSE,40.82,0.972,1,7
Nagaland,25.171904,31.68239224,70.44129395,21.7,0,Dhansiri,40,FALSE,23.8,0.595,0,8
Assam,0,0,0,11.2,0,Brahmaputra (Dhubri gauge),28.62,TRUE,20.01,0.699,1,12
Tripura,34.040607,208.1484585,215.8684933,20.2,1,Gomti,12,FALSE,9.73,0.811,0,7
Arunachal Pradesh,50.806576,89.90649128,225.4103127,17.6,1,Subansiri,42,FALSE,28.69,0.683,0,8
Arunachal Pradesh,0,0,13.05745316,28.5,1,Brahmaputra (Dibrugarh gauge),105.7,TRUE,86.67,0.82,0,10
Assam,0,0,5.996189594,10.2,0,Manas,33,FALSE,10.53,0.319,0,11
Arunachal Pradesh,0,4.606598854,4.606598854,29.6,0,Brahmaputra (Dibrugarh gauge),105.7,TRUE,51.48,0.487,1,11
Meghalaya,5.264559,27.27125525,401.1125448,20.5,1,Brahmaputra (Guwahati gauge),49.68,TRUE,46.5,0.936,1,6
Manipur,0,0,0,18.6,1,Imphal River,8,FALSE,2.93,0.366,1,1
Manipur,0,0,0,19.6,1,Barak,20.5,FALSE,7.87,0.384,1,11
Meghalaya,152.03708,199.4499664,240.6292802,15.7,1,Brahmaputra (Dhubri gauge),28.62,TRUE,27.33,0.955,1,7
Nagaland,3.0933135,3.609170198,25.11303645,20.5,0,Kopili,30,FALSE,25.11,0.837,1,7
Sikkim,12.379863,71.76486683,259.0850058,25.7,0,Teesta,15,FALSE,13.5,0.9,1,8
Arunachal Pradesh,158.82693,490.1355896,596.4427375,29.3,2,Brahmaputra (Dibrugarh gauge),105.7,TRUE,128.11,1.212,1,7
Sikkim,17.051062,22.12557345,53.91950884,34.9,3,Teesta,15,FALSE,8.01,0.534,1,7
Sikkim,61.485798,174.9249191,301.5320616,25.7,0,Teesta,15,FALSE,15.76,1.051,0,7
Arunachal Pradesh,55.006023,55.35986266,58.40383956,25.3,0,Brahmaputra (Dibrugarh gauge),105.7,TRUE,56.13,0.531,0,9
Arunachal Pradesh,53.968925,123.0910454,246.6655693,26.2,0,Brahmaputra (Dibrugarh gauge),105.7,TRUE,103.06,0.975,0,7
Manipur,8.238817,28.66336632,84.38169765,13.5,0,Doyang,18,FALSE,10.64,0.591,1,8
Arunachal Pradesh,0.2505932,0.250593185,62.61801356,21.4,2,Brahmaputra (Dibrugarh gauge),105.7,TRUE,47.35,0.448,0,8
Sikkim,0,0.964622438,7.69977206,33.4,1,Teesta,15,FALSE,6.68,0.445,0,3
Nagaland,0,0,0,20.1,1,Dhansiri,40,FALSE,16.96,0.424,0,1
Sikkim,0,0,0,25.5,2,Teesta,15,FALSE,6.6,0.44,1,3
Nagaland,3.0285623,6.779333353,14.67229056,16.9,0,Dikrong,14,FALSE,5.81,0.415,1,10
Arunachal Pradesh,57.976967,111.0699463,295.4254006,25.4,0,Brahmaputra (Dibrugarh gauge),105.7,TRUE,91.96,0.87,1,8
Mizoram,0,1.714290142,16.05752142,19.7,0,Barak,20.5,FALSE,7.77,0.379,1,7
Tripura,0,0,38.08584595,14.8,2,Khowai,10,FALSE,8.61,0.861,1,11
Sikkim,0.6680323,9.642828465,96.17269039,34.9,3,Teesta,15,FALSE,9.3,0.62,1,9
Sikkim,12.754306,21.93854702,21.93854702,24.1,0,Teesta,15,FALSE,9.94,0.663,0,4
Sikkim,20.356798,57.20046806,94.38975177,34.9,3,Teesta,15,FALSE,9.07,0.605,0,6
Nagaland,7.212948,14.00455141,81.73358965,11.6,1,Brahmaputra (Dibrugarh gauge),105.7,TRUE,37.21,0.352,0,3
Meghalaya,0,104.1256871,284.892426,22.4,0,Brahmaputra (Dhubri gauge),28.62,TRUE,24.99,0.873,1,6
Assam,0.94151604,1.088228196,1.088228196,5.9,0,Brahmaputra (Dibrugarh gauge),105.7,TRUE,32.77,0.31,0,11
Tripura,3.6688895,11.25507796,63.16693318,17.2,1,Khowai,10,FALSE,12.6,1.26,1,6
Sikkim,85.212395,155.7799149,227.8559809,27.7,0,Teesta,15,FALSE,13.17,0.878,1,6
Arunachal Pradesh,1.6392517,1.639251709,35.26174951,31.9,1,Brahmaputra (Dibrugarh gauge),105.7,TRUE,89.84,0.85,0,8
Manipur,0,3.406191111,3.596604079,14.2,1,Imphal River,8,FALSE,4.02,0.502,1,10
Meghalaya,0,0,0,18.2,1,Manas,33,FALSE,14.92,0.452,1,2
Tripura,0,4.82792455,19.63261685,20.2,1,Gomti,12,FALSE,12.43,1.036,1,9
Tripura,144.75783,190.8615589,193.974082,13.5,0,Gomti,12,FALSE,9.32,0.777,1,5
Sikkim,32.636124,49.67690325,138.7951283,25.7,0,Teesta,15,FALSE,10.38,0.692,0,8
Arunachal Pradesh,0,0,12.05653858,17.9,0,Brahmaputra (Dibrugarh gauge),105.7,TRUE,33.72,0.319,1,9
Arunachal Pradesh,8.859496,11.81337261,28.81920904,20.4,0,Brahmaputra (Tezpur gauge),65.23,TRUE,27.53,0.422,1,5
Meghalaya,0.6803328,88.85371363,222.5535302,19.7,1,Brahmaputra (Goalpara gauge),36.27,TRUE,30.76,0.848,1,9
Arunachal Pradesh,23.680357,48.92025375,119.9204679,16.9,2,Dikrong,14,FALSE,13.73,0.981,1,6
Manipur,0,0,0,16,0,Imphal River,8,FALSE,3.3,0.412,1,2
Arunachal Pradesh,88.23383,128.9848051,186.7007868,29.4,1,Brahmaputra (Dibrugarh gauge),105.7,TRUE,87.31,0.826,1,7
Arunachal Pradesh,2.4920352,22.88283324,100.1437327,24.8,0,Brahmaputra (Dibrugarh gauge),105.7,TRUE,54.33,0.514,0,8
Arunachal Pradesh,0,1.144210339,24.63232422,24.1,0,Brahmaputra (Dibrugarh gauge),105.7,TRUE,106.33,1.006,1,8
Arunachal Pradesh,26.656214,103.158514,213.5560942,28.6,0,Brahmaputra (Dibrugarh gauge),105.7,TRUE,84.67,0.801,0,8
Mizoram,46.5353,65.34889746,66.49428785,17.7,1,Tlawng,9,FALSE,5,0.555,1,7
Manipur,0,0,0,17.1,2,Imphal River,8,FALSE,2.21,0.276,0,3
Assam,0.16464342,3.483990714,56.2551233,4.7,2,Dikrong,14,FALSE,6.3,0.45,0,5
Assam,90.00572,251.5580215,370.4349763,7.2,0,Subansiri,42,FALSE,41.29,0.983,0,6
Meghalaya,13.384675,13.38467503,13.49830866,15.9,1,Brahmaputra (Dhubri gauge),28.62,TRUE,12.05,0.421,1,5
Arunachal Pradesh,52.31863,80.59301186,84.09189105,32.5,1,Brahmaputra (Dibrugarh gauge),105.7,TRUE,59.19,0.56,1,4
Meghalaya,20.77629,125.3218594,178.4634631,24.9,0,Brahmaputra (Guwahati gauge),49.68,TRUE,36.22,0.729,0,8
Arunachal Pradesh,0,0,0,33.2,2,Brahmaputra (Dibrugarh gauge),105.7,TRUE,32.45,0.307,0,1
Sikkim,45.60363,83.07516766,242.3457208,29.8,2,Teesta,15,FALSE,13.65,0.91,1,7
Assam,0,0,0,10.2,0,Manas,33,FALSE,10.53,0.319,1,10
Mizoram,0,32.61010551,39.04061294,22.2,1,Tlawng,9,FALSE,3.06,0.34,0,5
Meghalaya,125.87129,359.3705902,389.6933266,21.3,1,Brahmaputra (Goalpara gauge),36.27,TRUE,47.15,1.3,1,10
Sikkim,50.38065,90.97231007,162.6441644,27.7,0,Teesta,15,FALSE,8.61,0.574,0,8
Assam,63.77226,69.29100275,69.29100275,7.6,2,Brahmaputra (Tezpur gauge),65.23,TRUE,37.05,0.568,1,7
Assam,96.67013,189.6062181,213.143337,2.2,0,Subansiri,42,FALSE,30.03,0.715,0,5
Mizoram,54.175846,95.00269985,206.8327675,23.1,0,Tlawng,9,FALSE,6.88,0.764,0,8
Assam,66.766884,92.25952053,105.0525991,9.2,1,Manas,33,FALSE,14.02,0.425,1,8
Sikkim,7.597579,20.15608102,67.09285074,29.7,3,Teesta,15,FALSE,12.76,0.851,0,4
Arunachal Pradesh,4.3517866,9.481142521,18.29031086,22.5,2,Brahmaputra (Dibrugarh gauge),105.7,TRUE,40.8,0.386,1,5
Assam,0.115911625,7.323973916,25.18265059,3.9,1,Dikrong,14,FALSE,8.36,0.597,0,7
Assam,57.88928,138.9054871,211.6119766,4.3,0,Manas,33,FALSE,28.74,0.871,1,7
Assam,109.943726,323.1503372,788.4480686,11.2,0,Brahmaputra (Dhubri gauge),28.62,TRUE,34.17,1.194,1,6
Assam,56.911327,65.17086747,108.2887796,5.8,1,Brahmaputra (Guwahati gauge),49.68,TRUE,30.06,0.605,0,8
Nagaland,0,0,20.75801003,16.4,0,Doyang,18,FALSE,7.43,0.413,0,10
Meghalaya,0,0,0.845712602,17.5,0,Brahmaputra (Dhubri gauge),28.62,TRUE,8.13,0.284,1,4
Assam,0,0,0,4.3,0,Manas,33,FALSE,27.79,0.842,0,3
Meghalaya,58.541454,195.2027245,222.5610189,20.5,1,Brahmaputra (Guwahati gauge),49.68,TRUE,41.93,0.844,1,7
Arunachal Pradesh,0,0,8.657301903,22.7,0,Brahmaputra (Dibrugarh gauge),105.7,TRUE,44.82,0.424,0,4
Meghalaya,0,0,0,22.1,0,Brahmaputra (Guwahati gauge),49.68,TRUE,22.9,0.461,0,1
Arunachal Pradesh,0,0,0,28.8,1,Brahmaputra (Dibrugarh gauge),105.7,TRUE,52.22,0.494,1,12
Meghalaya,56.619965,59.41863251,80.38743737,21.7,2,Barak,20.5,FALSE,7.3,0.356,0,5
Arunachal Pradesh,69.101875,111.2745066,231.4703423,26.3,0,Brahmaputra (Dibrugarh gauge),105.7,TRUE,87.1,0.824,0,8
Mizoram,0,0,0,21.4,0,Tlawng,9,FALSE,4.37,0.486,1,2
Nagaland,0,0,0,20.1,1,Dhansiri,40,FALSE,19.28,0.482,0,1
Arunachal Pradesh,0,0,0,32.5,1,Brahmaputra (Dibrugarh gauge),105.7,TRUE,89,0.842,0,11
Arunachal Pradesh,0,4.471687209,24.2433017,25.2,1,Brahmaputra (Dibrugarh gauge),105.7,TRUE,43.97,0.416,1,4
Arunachal Pradesh,80.73357,199.8806343,221.9983286,31.1,1,Brahmaputra (Dibrugarh gauge),105.7,TRUE,89.42,0.846,1,6
Meghalaya,8.32449,74.93808794,112.2605961,21.7,2,Barak,20.5,FALSE,12.44,0.607,0,7
Sikkim,0,8.902090549,257.8613634,33.6,1,Teesta,15,FALSE,14.54,0.969,1,9
Manipur,0.9619779,17.15932268,20.29469973,8.4,2,Imphal River,8,FALSE,3.94,0.492,1,4
Sikkim,7.23783,31.5816431,188.0891676,35.2,1,Teesta,15,FALSE,10.64,0.709,1,7
Arunachal Pradesh,5.680148,5.680148125,21.25037835,30.3,0,Brahmaputra (Dibrugarh gauge),105.7,TRUE,51.58,0.488,1,5
Manipur,0,14.08553505,30.01901531,19.8,0,Doyang,18,FALSE,16.31,0.906,0,2
Sikkim,2.822919,10.03925705,80.43468601,33.6,1,Teesta,15,FALSE,8.43,0.562,0,8
Arunachal Pradesh,0,0,0,14.7,0,Dikrong,14,FALSE,4.72,0.337,0,1
Manipur,5.101323,19.60091996,71.59035479,23.5,0,Barak,20.5,FALSE,19.47,0.95,1,7
Meghalaya,15.162928,71.135746,304.3333664,15.9,1,Brahmaputra (Dhubri gauge),28.62,TRUE,27.99,0.978,1,7
Arunachal Pradesh,17.193443,64.40881729,111.6335328,9.4,0,Dikrong,14,FALSE,7.95,0.568,0,7
Nagaland,4.3279943,9.04936707,10.94731404,19.2,1,Dhansiri,40,FALSE,13.88,0.347,1,3
Arunachal Pradesh,47.205784,97.09608078,225.2116642,27.8,0,Brahmaputra (Dibrugarh gauge),105.7,TRUE,59.51,0.563,0,10
Mizoram,11.6092415,81.68536186,115.5659955,20.7,0,Tlawng,9,FALSE,9.17,1.019,1,7
Nagaland,24.809265,123.482132,244.7767031,16.6,1,Brahmaputra (Dibrugarh gauge),105.7,TRUE,127.16,1.203,0,7
Assam,1.4397362,7.278667331,18.26997483,3.3,0,Brahmaputra (Tezpur gauge),65.23,TRUE,15.52,0.238,0,4
Mizoram,7.989534,18.7726796,27.85213104,20.2,1,Tlawng,9,FALSE,7.49,0.832,0,5
Tripura,0,8.317238927,23.36663043,17.1,0,Gomti,12,FALSE,6.31,0.526,1,10
Manipur,7.3703837,24.02017641,24.73376483,16,0,Imphal River,8,FALSE,7.39,0.924,1,6
Manipur,0,5.477552116,14.48199183,17.1,2,Imphal River,8,FALSE,3.5,0.437,0,7
Meghalaya,4.790152,242.9997506,514.0684464,17.7,1,Brahmaputra (Goalpara gauge),36.27,TRUE,36.67,1.011,1,7
Meghalaya,0,0,0,18.9,0,Brahmaputra (Guwahati gauge),49.68,TRUE,34.28,0.69,1,1
Arunachal Pradesh,3.951699,7.61606288,7.958741307,28,1,Brahmaputra (Dibrugarh gauge),105.7,TRUE,93.97,0.889,0,6
Mizoram,0,0,0,22.9,1,Tlawng,9,FALSE,4.78,0.531,1,1
Arunachal Pradesh,6.122367,9.418647289,30.97626436,17.5,0,Subansiri,42,FALSE,26.46,0.63,0,8
Sikkim,96.178215,158.7202396,201.908381,29.8,2,Teesta,15,FALSE,11.61,0.774,1,6
Arunachal Pradesh,43.883533,89.51012325,128.7006495,13.8,0,Dikrong,14,FALSE,12.32,0.88,1,7
Nagaland,42.407673,50.78486896,74.82735229,16.4,0,Doyang,18,FALSE,8.51,0.473,0,10
Arunachal Pradesh,8.972604,8.972603798,8.972603798,17.9,0,Brahmaputra (Dibrugarh gauge),105.7,TRUE,32.13,0.304,1,2
Tripura,86.79337,138.3571091,178.4364772,15.2,0,Tlawng,9,FALSE,7.2,0.8,0,8
Sikkim,88.72563,166.7928162,244.7000179,29.2,0,Teesta,15,FALSE,13.17,0.878,0,6
Manipur,5.9378405,19.57168436,44.88610363,23.5,0,Barak,20.5,FALSE,17.26,0.842,1,10
Arunachal Pradesh,68.012825,76.37635556,91.70084086,31.9,1,Brahmaputra (Dibrugarh gauge),105.7,TRUE,50.84,0.481,0,5
Arunachal Pradesh,0,0.455002636,31.99651226,18.6,0,Brahmaputra (Dibrugarh gauge),105.7,TRUE,62.68,0.593,0,7
Tripura,0,0,1.413223386,14.9,0,Gomti,12,FALSE,4.51,0.376,0,12
Arunachal Pradesh,14.214275,67.17899513,196.8983631,29,0,Brahmaputra (Dibrugarh gauge),105.7,TRUE,104.43,0.988,0,4
Manipur,0,2.808186676,4.249021988,11.2,0,Imphal River,8,FALSE,3.09,0.386,0,5
Arunachal Pradesh,0,0,29.56009579,20.4,0,Brahmaputra (Tezpur gauge),65.23,TRUE,33.2,0.509,0,3
Nagaland,18.712816,30.11816692,91.06910753,13,0,Doyang,18,FALSE,14.76,0.82,1,6
Tripura,0,0,0,11.3,1,Tlawng,9,FALSE,4.34,0.482,1,11
Sikkim,71.194664,95.55580544,141.2807062,23.3,0,Teesta,15,FALSE,9.56,0.637,1,7
Assam,107.362656,277.3178864,497.9756525,6.5,0,Manas,33,FALSE,37.26,1.129,1,6
Manipur,56.01346,148.6649208,204.3671741,19.6,1,Barak,20.5,FALSE,25.36,1.237,1,7
Arunachal Pradesh,0.6047696,1.527961135,12.95942056,32.5,1,Brahmaputra (Dibrugarh gauge),105.7,TRUE,44.61,0.422,1,9
Tripura,17.59209,21.17641962,116.738426,15.2,0,Tlawng,9,FALSE,4.68,0.52,0,6
Assam,0.7206615,0.720661521,239.3013557,10.2,0,Manas,33,FALSE,27.36,0.829,1,9
Sikkim,3.2372496,3.237249613,3.237249613,27.7,0,Teesta,15,FALSE,6.46,0.431,0,10
Assam,0,0,0,11.2,0,Brahmaputra (Dhubri gauge),28.62,TRUE,13.79,0.482,0,1
Meghalaya,0,0.324577421,12.09322652,18.7,0,Brahmaputra (Guwahati gauge),49.68,TRUE,33.34,0.671,0,7
Arunachal Pradesh,55.402706,76.7799876,91.61073576,9.4,0,Dikrong,14,FALSE,8.61,0.615,1,5
Manipur,0,0,0,13.7,0,Imphal River,8,FALSE,3.34,0.418,0,3
Assam,18.722347,29.66482383,94.70769042,9.3,1,Kopili,30,FALSE,29.55,0.985,1,8
Nagaland,0,42.10786013,53.71110646,17.9,0,Dhansiri,40,FALSE,22.92,0.573,0,8
Assam,0,0,0.482963383,8.3,1,Brahmaputra (Goalpara gauge),36.27,TRUE,11.17,0.308,0,10
Manipur,12.104739,88.56431866,134.3521638,20.6,2,Barak,20.5,FALSE,13.59,0.663,0,9
Nagaland,0,9.513963547,11.84930745,20.5,0,Kopili,30,FALSE,24.57,0.819,0,8
Meghalaya,4.1921067,5.073894978,411.3177013,18.9,0,Brahmaputra (Guwahati gauge),49.68,TRUE,45.95,0.925,1,10
Arunachal Pradesh,0,7.851109147,20.2340678,32.5,1,Brahmaputra (Dibrugarh gauge),105.7,TRUE,53.8,0.509,1,2
Arunachal Pradesh,77.237076,77.23707581,123.6723971,27.4,0,Brahmaputra (Dibrugarh gauge),105.7,TRUE,78.11,0.739,0,6
Assam,19.472696,36.03707409,76.79503727,1.4,1,Brahmaputra (Tezpur gauge),65.23,TRUE,62.36,0.956,1,7
Meghalaya,120.274796,234.5015125,246.5252566,18.9,0,Brahmaputra (Guwahati gauge),49.68,TRUE,37.36,0.752,1,7
Sikkim,53.05276,100.0969173,116.4320353,25.7,0,Teesta,15,FALSE,8.16,0.544,1,5
Manipur,0,0,28.40437284,13.5,0,Doyang,18,FALSE,16.07,0.893,1,2
Arunachal Pradesh,2.5592062,3.092617601,20.30219957,17.5,0,Subansiri,42,FALSE,18.86,0.449,1,8
Arunachal Pradesh,0.034117978,0.683752503,5.609327288,17.4,1,Dikrong,14,FALSE,13.64,0.974,1,9
Manipur,91.688774,281.6073647,334.5977595,19.6,0,Imphal River,8,FALSE,6.68,0.835,1,6
Sikkim,0.26418284,15.06621245,76.16416433,25.7,0,Teesta,15,FALSE,4.66,0.311,0,3
Assam,0,5.673117638,5.673117638,7,1,Brahmaputra (Dhubri gauge),28.62,TRUE,11.56,0.404,1,3
Meghalaya,171.95795,293.3249683,320.0317333,17.7,1,Brahmaputra (Goalpara gauge),36.27,TRUE,35.54,0.98,1,10
Tripura,212.11052,246.2960892,325.2246199,13.5,0,Gomti,12,FALSE,15.6,1.3,1,8
Nagaland,0,2.762519479,125.8600136,13.2,1,Brahmaputra (Neamatighat gauge),85.05,TRUE,39.55,0.465,1,5
Tripura,84.060905,178.9102883,217.3862216,16,0,Gomti,12,FALSE,7.86,0.655,1,6
Manipur,0,0,0,9.1,1,Doyang,18,FALSE,7.47,0.415,1,2
Tripura,3.3835785,4.591440082,27.10922301,14.5,0,Khowai,10,FALSE,3.95,0.395,0,5
Sikkim,94.26024,122.0981197,195.630949,29.7,3,Teesta,15,FALSE,12.6,0.84,1,7
Mizoram,0.91802263,3.804226935,23.27442962,20.4,0,Tlawng,9,FALSE,4.05,0.45,0,7
Manipur,0,0,0,17.5,0,Kopili,30,FALSE,10.11,0.337,1,2
Sikkim,0,0,0,25.7,0,Teesta,15,FALSE,5.4,0.36,1,11
Arunachal Pradesh,9.107667,20.26109242,22.08959651,31.6,1,Brahmaputra (Dibrugarh gauge),105.7,TRUE,54.12,0.512,1,8
Assam,0,0,0,5.7,1,Manas,33,FALSE,11.38,0.345,1,12
Nagaland,11.811468,96.37783623,147.6789916,11.2,0,Doyang,18,FALSE,13.88,0.771,0,7
Nagaland,0,0,3.795069337,15.1,2,Brahmaputra (Neamatighat gauge),85.05,TRUE,45.5,0.535,0,5
Mizoram,1.1371136,41.88840628,64.62273015,17.7,1,Tlawng,9,FALSE,8.67,0.963,1,9
Manipur,4.0726495,13.54790425,24.01284468,15.9,3,Imphal River,8,FALSE,7.96,0.995,1,9
Assam,2.4998274,40.24117184,64.44365463,5.1,1,Kopili,30,FALSE,19.08,0.636,1,6
Arunachal Pradesh,58.81099,96.69524765,200.9191024,33.6,2,Brahmaputra (Dibrugarh gauge),105.7,TRUE,85.19,0.806,1,8
Manipur,33.849014,39.5622474,95.3578099,9.1,1,Doyang,18,FALSE,16.6,0.922,1,8
Mizoram,54.906616,75.21502399,221.0103183,25,2,Tlawng,9,FALSE,9.37,1.041,1,7
Meghalaya,0.44322398,13.65756621,156.036337,19.7,1,Brahmaputra (Goalpara gauge),36.27,TRUE,32.24,0.889,1,9
Nagaland,52.719383,72.96206474,169.9454441,16.6,1,Brahmaputra (Dibrugarh gauge),105.7,TRUE,55.07,0.521,0,9
Arunachal Pradesh,1.5648612,4.196740031,11.37135288,18,0,Dikrong,14,FALSE,5.84,0.417,1,5
Manipur,0,0,18.97897005,16,2,Imphal River,8,FALSE,5.01,0.626,0,8
Assam,75.624405,85.25008225,220.9122813,8.3,1,Brahmaputra (Goalpara gauge),36.27,TRUE,28.47,0.785,1,5
Tripura,165.87355,268.4085045,306.0717958,16.1,0,Gomti,12,FALSE,14.65,1.221,1,7
Meghalaya,76.170784,313.1030807,1186.876205,21.6,0,Brahmaputra (Goalpara gauge),36.27,TRUE,44.43,1.225,1,7
Arunachal Pradesh,0,0,0,28.8,1,Brahmaputra (Dibrugarh gauge),105.7,TRUE,102.32,0.968,1,12
Assam,165.50154,381.9088211,587.1130276,6,1,Brahmaputra (Dhubri gauge),28.62,TRUE,31.08,1.086,1,6
Arunachal Pradesh,35.22723,35.22723007,35.22723007,35.3,0,Brahmaputra (Dibrugarh gauge),105.7,TRUE,68.07,0.644,0,6
Nagaland,18.290127,18.2901268,23.83753014,18,1,Dhansiri,40,FALSE,26.44,0.661,1,5
Manipur,16.642948,25.09299541,93.82901084,23.5,0,Barak,20.5,FALSE,11.79,0.575,1,6
Meghalaya,0,0,0,27.5,3,Brahmaputra (Guwahati gauge),49.68,TRUE,20.07,0.404,1,3
Arunachal Pradesh,50.83927,82.77177048,95.27396482,23.7,1,Brahmaputra (Dibrugarh gauge),105.7,TRUE,62.26,0.589,0,10
Meghalaya,0,0,0,20.6,0,Brahmaputra (Dhubri gauge),28.62,TRUE,11.53,0.403,1,11
Arunachal Pradesh,52.90007,112.421052,122.4434628,30.3,1,Brahmaputra (Dibrugarh gauge),105.7,TRUE,73.25,0.693,0,9
Sikkim,29.50137,49.02997303,128.0117428,34.9,3,Teesta,15,FALSE,18.84,1.256,1,6
Meghalaya,76.62151,204.9261627,213.4181844,19.7,0,Brahmaputra (Goalpara gauge),36.27,TRUE,39.17,1.08,1,6
Assam,3.137685,4.00481689,21.85179937,7.6,1,Brahmaputra (Dibrugarh gauge),105.7,TRUE,45.66,0.432,0,5
Sikkim,64.62057,90.50666332,154.5157785,25.7,0,Teesta,15,FALSE,10.34,0.689,1,7
Assam,0,0.116981693,9.159974284,6.8,0,Brahmaputra (Tezpur gauge),65.23,TRUE,28.57,0.438,1,3
Tripura,75.153854,91.15014505,179.2206301,15.2,0,Tlawng,9,FALSE,7.89,0.877,1,6
Assam,2.1309261,88.87753677,114.6179314,11.2,0,Brahmaputra (Dhubri gauge),28.62,TRUE,16.51,0.577,0,7
Assam,30.709854,51.13521099,236.4406557,4.6,0,Brahmaputra (Goalpara gauge),36.27,TRUE,29.92,0.825,0,6
Arunachal Pradesh,15.683556,20.08892822,109.7369637,24.1,0,Brahmaputra (Dibrugarh gauge),105.7,TRUE,45.98,0.435,1,10
Arunachal Pradesh,55.06948,185.2721214,272.3124895,26.3,0,Brahmaputra (Dibrugarh gauge),105.7,TRUE,91.43,0.865,1,7
Tripura,18.012075,61.90719891,179.1969078,17.2,0,Gomti,12,FALSE,12.36,1.03,1,6
Nagaland,0,5.847979873,79.79668614,18,1,Brahmaputra (Tezpur gauge),65.23,TRUE,61.97,0.95,0,6
Tripura,13.810859,80.53802204,362.1125131,20.2,1,Gomti,12,FALSE,11.66,0.972,1,8
Sikkim,9.425947,31.82934189,122.6934881,32.4,0,Teesta,15,FALSE,16.88,1.125,1,9
Assam,77.834885,81.26542747,111.6834019,8.7,2,Manas,33,FALSE,28.91,0.876,1,8
Assam,2.5535238,9.046769857,13.2389524,9.6,1,Kopili,30,FALSE,9.51,0.317,0,11
Manipur,0,0.641221106,17.57720906,18,0,Imphal River,8,FALSE,6.89,0.861,0,4
Assam,0,0,637.6181526,8.3,1,Brahmaputra (Goalpara gauge),36.27,TRUE,36.02,0.993,1,6
Sikkim,42.496452,80.80261993,134.0267969,34.9,3,Teesta,15,FALSE,12.3,0.82,1,6
Arunachal Pradesh,101.69835,160.1539688,188.8078156,24.8,1,Brahmaputra (Dibrugarh gauge),105.7,TRUE,61.41,0.581,1,5
Manipur,7.838017,64.70009089,68.66997576,20.7,2,Barak,20.5,FALSE,19.23,0.938,1,6
Manipur,5.307942,92.48413706,149.0849914,9,0,Doyang,18,FALSE,12.6,0.7,1,7
Assam,0,0,0,10.2,0,Manas,33,FALSE,15.74,0.477,0,11
Meghalaya,0,0,0,23.4,0,Barak,20.5,FALSE,5.29,0.258,1,1
Tripura,0,0.452710599,90.15187287,20.2,1,Gomti,12,FALSE,7.75,0.646,1,9
Meghalaya,7.758679,51.83986712,87.2103231,20,3,Barak,20.5,FALSE,19.56,0.954,1,8
Sikkim,62.787888,70.62262821,79.13571292,33.6,1,Teesta,15,FALSE,9.99,0.666,0,8
Assam,135.40068,225.6875668,235.9551867,4.5,0,Brahmaputra (Dibrugarh gauge),105.7,TRUE,96.19,0.91,1,4
Arunachal Pradesh,1.8637745,42.65023685,89.58027962,32.5,1,Brahmaputra (Dibrugarh gauge),105.7,TRUE,43.76,0.414,1,4
Nagaland,1.460263,2.681665063,5.289558887,19.5,0,Kopili,30,FALSE,14.4,0.48,0,6
Tripura,0,0,0,20.2,1,Gomti,12,FALSE,11.05,0.921,1,1
Meghalaya,140.50731,148.4610891,196.4852644,22,0,Brahmaputra (Guwahati gauge),49.68,TRUE,32.94,0.663,1,5
Manipur,0,0.181567326,34.31733622,17.5,0,Kopili,30,FALSE,13.71,0.457,0,10
Assam,19.154472,155.6539955,190.0709968,3.8,0,Subansiri,42,FALSE,27.26,0.649,0,6
Tripura,156.04547,183.7155955,220.8927943,16.1,0,Gomti,12,FALSE,14,1.167,1,8
Nagaland,1.1890229,29.42600334,40.48807001,20.5,0,Kopili,30,FALSE,15.93,0.531,0,9
Sikkim,0,0,0.853395879,33.6,1,Teesta,15,FALSE,6.09,0.406,0,10
Sikkim,13.887885,21.07387424,89.07700872,34.9,3,Teesta,15,FALSE,8.33,0.555,1,7
Arunachal Pradesh,94.750305,318.1663589,376.158285,32.5,1,Brahmaputra (Dibrugarh gauge),105.7,TRUE,102.42,0.969,1,7
Nagaland,1.5815221,1.581522107,1.581522107,16.7,2,Brahmaputra (Tezpur gauge),65.23,TRUE,22.37,0.343,1,3
Sikkim,163.85806,223.3659959,339.998898,35.2,1,Teesta,15,FALSE,17.14,1.143,1,7
Assam,0.045572463,0.045572463,1.007394392,3.6,1,Brahmaputra (Tezpur gauge),65.23,TRUE,63.01,0.966,1,5
Tripura,3.726892,11.27254295,11.68041599,20.2,1,Gomti,12,FALSE,3.64,0.303,0,2
Sikkim,6.0139213,8.023530781,122.4414933,33.6,1,Teesta,15,FALSE,12.99,0.866,1,10
Sikkim,2.9767613,9.164688736,9.164688736,32.4,0,Teesta,15,FALSE,8.55,0.57,0,3
Arunachal Pradesh,86.99999,150.9999886,175.7999892,35.6,1,Brahmaputra (Dibrugarh gauge),105.7,TRUE,90.06,0.852,1,9
Arunachal Pradesh,0,0,0,35.3,0,Brahmaputra (Dibrugarh gauge),105.7,TRUE,46.83,0.443,0,10
Meghalaya,0,0,4.509085715,18.7,0,Brahmaputra (Guwahati gauge),49.68,TRUE,17.64,0.355,1,4
Meghalaya,0,0.762450635,11.40424889,20.7,1,Barak,20.5,FALSE,6.58,0.321,1,4
Arunachal Pradesh,0,0,0,29.1,4,Brahmaputra (Dibrugarh gauge),105.7,TRUE,46.72,0.442,1,2
Assam,0,0,0,6.7,1,Brahmaputra (Dhubri gauge),28.62,TRUE,15.97,0.558,0,9
Tripura,0,0,0,14.5,0,Khowai,10,FALSE,3.44,0.344,1,1
Arunachal Pradesh,0.7917601,50.71767926,129.2082733,25.2,1,Brahmaputra (Dibrugarh gauge),105.7,TRUE,120.5,1.14,1,6
Meghalaya,11.133786,15.80284333,382.2716887,24.2,0,Brahmaputra (Goalpara gauge),36.27,TRUE,37.07,1.022,1,7
Manipur,4.8741026,8.682441652,55.80952197,6.7,0,Doyang,18,FALSE,8.64,0.48,1,10
Arunachal Pradesh,2.2743127,5.79966715,12.91413948,9.4,0,Dikrong,14,FALSE,6.5,0.464,0,5
Arunachal Pradesh,0,0,0,13.8,0,Dikrong,14,FALSE,5.6,0.4,0,1
Sikkim,54.559856,71.0220356,195.6456094,29.7,3,Teesta,15,FALSE,9.92,0.661,1,10
Mizoram,75.63556,249.8443222,350.8866138,23.6,0,Tlawng,9,FALSE,8.33,0.926,1,6
Arunachal Pradesh,25.411943,56.36379302,439.8502508,33.6,0,Brahmaputra (Dibrugarh gauge),105.7,TRUE,104.64,0.99,1,7
Assam,0,5.303288937,21.94785237,7.1,1,Brahmaputra (Dibrugarh gauge),105.7,TRUE,42.49,0.402,1,5
Nagaland,0,12.82901287,48.76495218,17.5,2,Dhansiri,40,FALSE,22.8,0.57,0,9
Arunachal Pradesh,0.3323224,0.332322389,0.332322389,27.1,0,Brahmaputra (Dibrugarh gauge),105.7,TRUE,63.1,0.597,0,12
Mizoram,3.730227,4.050038636,4.050038636,17.7,1,Tlawng,9,FALSE,2.36,0.262,1,4
Meghalaya,36.03819,243.0716324,419.0367346,24.9,0,Brahmaputra (Guwahati gauge),49.68,TRUE,50.47,1.016,1,6
Arunachal Pradesh,22.92607,50.54925919,50.54925919,17.4,0,Manas,33,FALSE,10.3,0.312,0,3
Meghalaya,54.96691,209.2995186,300.0545917,21.6,0,Brahmaputra (Goalpara gauge),36.27,TRUE,32.61,0.899,1,8
Meghalaya,0,1.998283982,1.998283982,22.7,1,Barak,20.5,FALSE,12.48,0.609,1,2
Manipur,0.7155799,35.27806848,78.51678652,9.1,1,Doyang,18,FALSE,9.7,0.539,1,10
Arunachal Pradesh,0,0,0,32.5,1,Brahmaputra (Dibrugarh gauge),105.7,TRUE,59.72,0.565,1,12
Arunachal Pradesh,0,5.788151681,44.00026208,23.4,1,Brahmaputra (Dibrugarh gauge),105.7,TRUE,57.18,0.541,1,7
Assam,165.16762,212.8557863,298.9113789,6,1,Brahmaputra (Dhubri gauge),28.62,TRUE,25.96,0.907,1,7
Meghalaya,0,19.3014431,19.3014431,15.7,1,Brahmaputra (Dhubri gauge),28.62,TRUE,27.22,0.951,0,5
Sikkim,80.076675,150.7309761,150.7309761,25.5,2,Teesta,15,FALSE,8.7,0.58,1,11
Sikkim,76.29733,195.0799637,264.4137526,32.4,0,Teesta,15,FALSE,13,0.867,1,6
Sikkim,20.964893,32.08577013,56.57276738,34.2,1,Teesta,15,FALSE,6.57,0.438,1,3
Manipur,1.8452295,2.493383765,2.708450034,23.5,0,Barak,20.5,FALSE,9.76,0.476,0,10
Meghalaya,89.48021,134.8248792,150.3330871,19.7,0,Brahmaputra (Goalpara gauge),36.27,TRUE,28.07,0.774,0,6
Arunachal Pradesh,0,0,0,24.5,0,Brahmaputra (Dibrugarh gauge),105.7,TRUE,104.11,0.985,1,12
Meghalaya,31.145489,34.50392875,170.048252,17.3,0,Brahmaputra (Goalpara gauge),36.27,TRUE,33.91,0.935,1,6
Arunachal Pradesh,7.9402847,17.55377531,17.55377531,24.8,0,Brahmaputra (Dibrugarh gauge),105.7,TRUE,28.96,0.274,1,2
Meghalaya,0,3.920366645,4.220220447,22.1,0,Brahmaputra (Guwahati gauge),49.68,TRUE,22.7,0.457,1,4
Nagaland,76.93914,118.146059,183.1917973,13.7,1,Brahmaputra (Neamatighat gauge),85.05,TRUE,76.37,0.898,1,7
Arunachal Pradesh,0,1.375684977,2.926092327,28.8,1,Brahmaputra (Dibrugarh gauge),105.7,TRUE,34.25,0.324,0,2
Sikkim,3.6243358,69.73321104,346.5486178,25.5,2,Teesta,15,FALSE,12.66,0.844,1,6
Assam,75.32194,174.8088722,298.576932,6.4,0,Brahmaputra (Dhubri gauge),28.62,TRUE,22.9,0.8,0,6
Sikkim,6.1414537,8.756215811,39.9768002,28,1,Teesta,15,FALSE,14.72,0.981,1,7
Sikkim,50.769154,77.03515625,143.999052,31,1,Teesta,15,FALSE,11.12,0.741,1,7
Arunachal Pradesh,0,0,0,26.4,0,Brahmaputra (Dibrugarh gauge),105.7,TRUE,56.44,0.534,0,12
Assam,72.68161,77.87604761,77.87604761,6.8,1,Brahmaputra (Goalpara gauge),36.27,TRUE,25.86,0.713,1,9
Arunachal Pradesh,0.2762677,4.034423769,27.57844315,9.4,0,Dikrong,14,FALSE,6.33,0.452,0,5
Manipur,0,0,0,19.6,0,Imphal River,8,FALSE,3.32,0.415,0,11
Manipur,0,0,0,15,1,Barak,20.5,FALSE,8.24,0.402,0,1
Assam,81.797585,158.8447895,239.0369223,4.7,0,Subansiri,42,FALSE,31.54,0.751,0,7
Assam,3.0247853,6.146713972,104.8642152,4.6,0,Brahmaputra (Goalpara gauge),36.27,TRUE,36.16,0.997,0,5
Manipur,7.993579,33.41919994,48.97582877,13.1,1,Imphal River,8,FALSE,6.68,0.835,1,7
Assam,0,0,0,6.5,0,Brahmaputra (Tezpur gauge),65.23,TRUE,21.79,0.334,0,4
Mizoram,60.258602,104.1779108,133.5804622,23.6,0,Tlawng,9,FALSE,4.62,0.513,0,5
Arunachal Pradesh,4.07623,4.530614853,10.37594771,28.8,1,Brahmaputra (Dibrugarh gauge),105.7,TRUE,67.12,0.635,0,8
Manipur,0.42427135,0.424271345,0.424271345,23.5,0,Barak,20.5,FALSE,16.67,0.813,1,12
Arunachal Pradesh,7.1909456,12.37037879,35.57498762,25.5,0,Brahmaputra (Dibrugarh gauge),105.7,TRUE,51.9,0.491,1,7
Tripura,2.2606623,13.42105985,391.974777,16,0,Gomti,12,FALSE,12.97,1.081,1,7
Manipur,102.11998,102.225482,115.6720657,19.8,0,Doyang,18,FALSE,13.18,0.732,1,7
Arunachal Pradesh,153.39075,467.1501617,559.4816475,29.4,1,Brahmaputra (Dibrugarh gauge),105.7,TRUE,113.94,1.078,1,7
Tripura,0,0,49.94400889,18,1,Gomti,12,FALSE,7.43,0.619,0,8
Manipur,52.3393,59.38673115,91.86827326,17.5,1,Imphal River,8,FALSE,5.7,0.712,0,8
Assam,0,0,5.205500603,5.9,0,Brahmaputra (Dhubri gauge),28.62,TRUE,13.65,0.477,0,5
Mizoram,0.22966856,4.400340021,79.30462259,25.8,0,Tlawng,9,FALSE,4.85,0.539,1,6
Meghalaya,87.98823,192.9890175,238.9683583,21.3,1,Brahmaputra (Goalpara gauge),36.27,TRUE,33.91,0.935,1,8
Arunachal Pradesh,0,4.734640002,5.636675522,27.9,1,Brahmaputra (Dibrugarh gauge),105.7,TRUE,99.46,0.941,1,1
Arunachal Pradesh,0.9121995,6.70177418,28.65617949,25.4,0,Brahmaputra (Dibrugarh gauge),105.7,TRUE,93.23,0.882,0,9
Arunachal Pradesh,22.619127,142.9543552,276.0269279,29.7,1,Brahmaputra (Dibrugarh gauge),105.7,TRUE,97.46,0.922,1,7
Manipur,0,0.206694692,4.792695612,17.5,0,Kopili,30,FALSE,23.28,0.776,1,3
Meghalaya,103.98096,164.7666054,194.4485931,21.6,0,Brahmaputra (Goalpara gauge),36.27,TRUE,32.21,0.888,1,7
Meghalaya,9.573879,155.1544533,743.0273209,20.5,1,Brahmaputra (Guwahati gauge),49.68,TRUE,54.3,1.093,1,7
Nagaland,56.047016,94.56024456,125.0162187,13,0,Doyang,18,FALSE,11.72,0.651,0,9
Arunachal Pradesh,14.136813,21.67323399,72.08548808,9.4,0,Dikrong,14,FALSE,14.81,1.058,0,8
Manipur,0,0,17.37429738,9.7,0,Doyang,18,FALSE,9.63,0.535,1,3
Sikkim,0,0,26.73077452,25.7,0,Teesta,15,FALSE,4.04,0.269,1,4
Tripura,0.35244784,15.5895879,63.45761582,17.3,0,Khowai,10,FALSE,8.16,0.816,0,4
Mizoram,26.587425,42.88322258,48.35033429,24.2,1,Tlawng,9,FALSE,3.06,0.34,1,11
Nagaland,47.23095,80.98802567,143.2162156,16.4,0,Doyang,18,FALSE,17.62,0.979,1,6
Mizoram,5.573104,50.77810955,224.625392,17.7,1,Tlawng,9,FALSE,7.84,0.871,1,8
Manipur,15.689012,84.63874912,159.2654905,9.1,1,Doyang,18,FALSE,11.07,0.615,0,9
Mizoram,2.692818,15.36831307,38.96868932,20.3,0,Tlawng,9,FALSE,4.2,0.467,0,7
Meghalaya,59.254715,185.2899866,211.3654211,22.1,0,Brahmaputra (Guwahati gauge),49.68,TRUE,32.39,0.652,1,5
Arunachal Pradesh,0.62321013,0.623210132,14.58881837,29.6,0,Brahmaputra (Dibrugarh gauge),105.7,TRUE,38.47,0.364,1,2
Tripura,80.29246,168.2831764,204.8088527,17.3,0,Khowai,10,FALSE,7,0.7,1,6
Arunachal Pradesh,0,0,0,33.2,2,Brahmaputra (Dibrugarh gauge),105.7,TRUE,39.74,0.376,0,12
Assam,39.860226,221.0375862,382.9897008,10.2,0,Manas,33,FALSE,31.48,0.954,0,8
Assam,3.6318116,19.77025557,54.45077407,5.5,0,Kopili,30,FALSE,16.47,0.549,1,5
Nagaland,16.784182,16.78418159,16.78418159,16.8,2,Brahmaputra (Dibrugarh gauge),105.7,TRUE,95.02,0.899,1,6
Manipur,0,0,0.085119925,9,0,Doyang,18,FALSE,14.54,0.808,1,11
Meghalaya,121.26429,184.3463421,308.7313919,27.5,3,Brahmaputra (Guwahati gauge),49.68,TRUE,45.41,0.914,1,7
Arunachal Pradesh,0,0,0,21.4,2,Brahmaputra (Dibrugarh gauge),105.7,TRUE,37.95,0.359,1,11
Meghalaya,94.12443,129.5699673,183.1649723,15.9,1,Brahmaputra (Dhubri gauge),28.62,TRUE,16.14,0.564,0,10
Tripura,77.32064,202.9251385,319.5630876,18,1,Gomti,12,FALSE,11.29,0.941,1,8
Sikkim,66.90616,94.76864624,115.1805793,35.2,1,Teesta,15,FALSE,6.38,0.425,1,5
Manipur,47.279305,62.08060694,119.1220611,19.8,0,Doyang,18,FALSE,11.59,0.644,1,6
Sikkim,38.086697,84.20401764,304.307827,28,1,Teesta,15,FALSE,15.75,1.05,1,6
Meghalaya,60.655804,62.53522003,77.25655878,23,0,Kopili,30,FALSE,17.07,0.569,1,8
Meghalaya,99.10565,105.3801208,174.8396831,21.6,0,Brahmaputra (Goalpara gauge),36.27,TRUE,21.76,0.6,0,10
Manipur,0,0,0,23.5,0,Barak,20.5,FALSE,7.22,0.352,1,11
Meghalaya,134.90968,278.9272766,373.3023717,20.5,1,Brahmaputra (Guwahati gauge),49.68,TRUE,58.37,1.175,1,6
Mizoram,0,0,0,17.7,1,Tlawng,9,FALSE,4.56,0.507,0,2
Assam,1.4068251,2.41498518,388.7529407,11.2,0,Brahmaputra (Dhubri gauge),28.62,TRUE,28.93,1.011,0,6
Arunachal Pradesh,13.207976,81.54991436,138.8632164,27.2,0,Brahmaputra (Dibrugarh gauge),105.7,TRUE,93.12,0.881,1,6
Sikkim,1.3879095,19.69591963,54.87387717,34.2,1,Teesta,15,FALSE,12.18,0.812,1,4
Arunachal Pradesh,0,0,0,31.5,1,Brahmaputra (Dibrugarh gauge),105.7,TRUE,116.8,1.105,1,8
Assam,64.802414,251.1831589,453.7580185,5.4,0,Manas,33,FALSE,37.46,1.135,1,6
Assam,4.537274,20.79339075,28.60292023,1.3,1,Brahmaputra (Tezpur gauge),65.23,TRUE,53.88,0.826,0,9
Tripura,0,0,0,17.3,0,Gomti,12,FALSE,5.3,0.442,1,4
Arunachal Pradesh,0,1.170578241,7.09634757,16.5,1,Dikrong,14,FALSE,5.89,0.421,1,3
Manipur,0,0,0,18.6,1,Imphal River,8,FALSE,3.36,0.42,0,1
Mizoram,59.933178,95.6107254,161.689642,17.7,1,Tlawng,9,FALSE,5.21,0.579,1,9
Tripura,0,0,45.94840288,13.7,0,Gomti,12,FALSE,4.07,0.339,1,4
Arunachal Pradesh,26.149952,35.92370796,54.9660424,33.6,2,Brahmaputra (Dibrugarh gauge),105.7,TRUE,104.54,0.989,1,6
Tripura,0,0,9.522481918,17.3,0,Khowai,10,FALSE,4.04,0.404,0,10
Arunachal Pradesh,31.15726,73.20007539,460.0722878,27.2,0,Brahmaputra (Dibrugarh gauge),105.7,TRUE,111.94,1.059,1,7
Sikkim,39.940228,44.60178411,65.157197,29.8,2,Teesta,15,FALSE,6.86,0.457,1,5
Tripura,69.610985,107.6947966,150.5248613,11.3,1,Tlawng,9,FALSE,6.97,0.774,1,6
Meghalaya,120.56212,331.4470291,391.0779437,16.4,0,Brahmaputra (Dhubri gauge),28.62,TRUE,26.79,0.936,1,10
Meghalaya,35.542957,213.3969727,806.9686356,21.6,0,Brahmaputra (Goalpara gauge),36.27,TRUE,39.97,1.102,1,8
Mizoram,29.371494,35.72031188,43.47907323,22.1,2,Tlawng,9,FALSE,5.9,0.655,1,8
Assam,0,1.634714007,9.615755469,9.2,1,Manas,33,FALSE,33.66,1.02,1,7
Mizoram,0,0,0,25.9,0,Barak,20.5,FALSE,17.75,0.866,1,2
Manipur,7.9764347,13.40436447,57.67275846,9.1,1,Doyang,18,FALSE,13.54,0.752,0,6
Meghalaya,83.48044,227.4253922,908.4087944,18.9,0,Brahmaputra (Guwahati gauge),49.68,TRUE,56.83,1.144,1,6
Meghalaya,0,117.7180443,245.7177937,18.6,2,Brahmaputra (Dhubri gauge),28.62,TRUE,26.7,0.933,1,8
Mizoram,72.30418,278.7105789,407.054894,20.3,0,Tlawng,9,FALSE,9.94,1.105,1,6
Tripura,46.164906,91.94002342,158.5804605,14.6,0,Gomti,12,FALSE,11.29,0.941,0,6
Nagaland,0,0,0.378924578,19.2,1,Dhansiri,40,FALSE,18.28,0.457,0,3
Mizoram,0,1.59483242,1.59483242,19.7,0,Barak,20.5,FALSE,10.52,0.513,1,4
Meghalaya,3.1837857,8.030125856,44.00252509,20.4,1,Barak,20.5,FALSE,10.02,0.489,0,5
Assam,0,1.264488459,9.265575767,7.7,1,Brahmaputra (Guwahati gauge),49.68,TRUE,14.51,0.292,0,10
Manipur,72.18434,85.70157206,121.3015882,11.2,0,Imphal River,8,FALSE,6.94,0.867,1,8
Arunachal Pradesh,28.402016,29.90174985,55.25079751,29.3,0,Brahmaputra (Dibrugarh gauge),105.7,TRUE,92.49,0.875,0,4
Tripura,107.905876,138.9739437,138.9739437,14.6,0,Gomti,12,FALSE,7.32,0.61,0,11
Mizoram,4.8218184,14.52790678,61.97816271,25,1,Tlawng,9,FALSE,7.62,0.847,0,8
Meghalaya,70.38162,82.68525529,130.2480129,21.3,1,Brahmaputra (Goalpara gauge),36.27,TRUE,26.33,0.726,1,8
Manipur,10.814933,15.31754994,62.06423163,17.5,1,Barak,20.5,FALSE,20.54,1.002,1,8
Arunachal Pradesh,41.22966,93.06187248,166.5379136,17.4,1,Dikrong,14,FALSE,14.57,1.041,0,6
Meghalaya,0,0,0,16.2,0,Brahmaputra (Guwahati gauge),49.68,TRUE,15.55,0.313,0,1
Sikkim,56.62909,84.20601565,171.4115763,34.2,1,Teesta,15,FALSE,12.22,0.815,1,8
Assam,70.56332,105.613281,223.6375756,4.7,2,Dikrong,14,FALSE,11.24,0.803,1,8
Tripura,3.7794447,6.20659399,130.5432773,20.2,1,Gomti,12,FALSE,9.85,0.821,1,8
Manipur,0,6.57511723,42.31184638,15.3,0,Imphal River,8,FALSE,3.22,0.403,1,10
Manipur,83.56986,148.8420334,149.4463305,16,0,Imphal River,8,FALSE,3.65,0.456,1,5
Arunachal Pradesh,56.34026,102.0279217,242.3678226,33.6,0,Brahmaputra (Dibrugarh gauge),105.7,TRUE,95.24,0.901,0,8
Arunachal Pradesh,0,16.56573522,27.06096417,18.6,0,Brahmaputra (Dibrugarh gauge),105.7,TRUE,46.61,0.441,1,2
Manipur,0,0,0,19.6,0,Imphal River,8,FALSE,3.25,0.406,0,3
Mizoram,0,0,0,25.4,3,Tlawng,9,FALSE,3.62,0.402,1,2
Assam,16.286627,73.28542233,73.28542233,7.7,3,Barak,20.5,FALSE,11.05,0.539,1,11
Arunachal Pradesh,9.9603615,43.16394997,63.23449345,17.6,1,Subansiri,42,FALSE,21.08,0.502,1,2
Nagaland,0,0,0,15.4,0,Dikrong,14,FALSE,5.88,0.42,0,1
Meghalaya,0,0,0,14.5,0,Brahmaputra (Dhubri gauge),28.62,TRUE,8.99,0.314,0,1
Arunachal Pradesh,0,0,0,29,0,Brahmaputra (Dibrugarh gauge),105.7,TRUE,44.92,0.425,1,12
Meghalaya,155.01944,165.5522259,184.1775287,22,0,Brahmaputra (Guwahati gauge),49.68,TRUE,28.72,0.578,1,5
Assam,55.586304,62.76247229,76.24428009,4.8,0,Brahmaputra (Tezpur gauge),65.23,TRUE,30.01,0.46,0,5
Tripura,18.135931,37.22161579,50.02095541,20.2,1,Gomti,12,FALSE,6.37,0.531,1,5
Manipur,0,0,0,20.7,2,Barak,20.5,FALSE,7.11,0.347,1,1
Sikkim,59.184364,90.77334881,107.7173504,29.2,0,Teesta,15,FALSE,9.56,0.637,1,6
Sikkim,28.176363,29.15588897,52.29417443,28,1,Teesta,15,FALSE,8.26,0.551,0,9
Manipur,5.2564697,55.35417986,267.3636403,13.9,1,Imphal River,8,FALSE,8.19,1.024,1,6
Manipur,3.9352777,9.150311232,11.32921191,9.7,0,Doyang,18,FALSE,5.11,0.284,0,3
Meghalaya,93.16175,111.7546897,111.7546897,20.6,0,Brahmaputra (Dhubri gauge),28.62,TRUE,22.52,0.787,1,9
Tripura,210.26866,270.2335224,324.8423899,14.9,0,Gomti,12,FALSE,13.32,1.11,1,8
Assam,3.45755,11.24408066,16.01053149,9.8,2,Brahmaputra (Guwahati gauge),49.68,TRUE,30.9,0.622,1,9
Tripura,0,0,1.524140239,20.2,1,Gomti,12,FALSE,4.74,0.395,0,11
Meghalaya,81.45511,85.49776697,98.882442,15.9,1,Brahmaputra (Dhubri gauge),28.62,TRUE,15.6,0.545,1,5
Sikkim,66.89762,104.3073368,160.7434077,29.8,2,Teesta,15,FALSE,14.13,0.942,1,8
Meghalaya,0.12474822,44.23898625,199.4130168,19.7,0,Brahmaputra (Goalpara gauge),36.27,TRUE,29.23,0.806,1,8
Manipur,68.09132,90.98615026,140.7525172,9.7,0,Doyang,18,FALSE,13.23,0.735,0,9
Tripura,0,0.567088187,0.567088187,20.2,1,Gomti,12,FALSE,9.95,0.829,1,1
Manipur,0,0.111986943,17.0626405,9.7,0,Doyang,18,FALSE,5.44,0.302,1,3
Assam,0,0,0,8.3,1,Brahmaputra (Goalpara gauge),36.27,TRUE,16.54,0.456,0,12
Arunachal Pradesh,0,25.48145324,53.42688888,15.3,1,Dikrong,14,FALSE,15.48,1.106,1,7
Arunachal Pradesh,0,0,0.104690976,31.9,1,Brahmaputra (Dibrugarh gauge),105.7,TRUE,43.55,0.412,0,1
Meghalaya,0,1.865987182,11.6131984,23,2,Brahmaputra (Guwahati gauge),49.68,TRUE,14.75,0.297,0,3
Arunachal Pradesh,1.9342002,10.68426502,31.76461923,15.9,0,Subansiri,42,FALSE,24.7,0.588,0,7
Arunachal Pradesh,0,11.01472139,16.32160285,27.7,5,Brahmaputra (Dibrugarh gauge),105.7,TRUE,36.15,0.342,0,3
Arunachal Pradesh,0.15729691,0.451359699,19.80892129,22.7,0,Brahmaputra (Dibrugarh gauge),105.7,TRUE,63.95,0.605,1,7
Manipur,0.119275846,4.918311395,64.29308347,19.2,0,Imphal River,8,FALSE,6.57,0.821,1,6
Arunachal Pradesh,85.59847,183.5806923,391.1659737,23.9,0,Brahmaputra (Dibrugarh gauge),105.7,TRUE,125.04,1.183,1,7
Sikkim,14.516208,20.47172213,52.34599769,32.4,0,Teesta,15,FALSE,6.06,0.404,1,4
Manipur,0,0.220910698,2.677607566,17.5,1,Imphal River,8,FALSE,4.77,0.596,1,6
Meghalaya,0,0,2.1016922,19.6,0,Kopili,30,FALSE,19.26,0.642,1,10
Meghalaya,9.327202,69.57667732,153.9082496,20.9,2,Barak,20.5,FALSE,18.45,0.9,0,5
Meghalaya,101.25091,203.143631,381.5119209,22.4,0,Brahmaputra (Dhubri gauge),28.62,TRUE,29.05,1.015,1,6
Assam,97.47359,203.190588,243.2902322,10.2,0,Manas,33,FALSE,26.33,0.798,1,7
Meghalaya,42.64289,115.5296097,155.2337546,17.7,1,Brahmaputra (Goalpara gauge),36.27,TRUE,27.31,0.753,1,7
Mizoram,5.286035,25.39226961,43.64191663,23.3,0,Tlawng,9,FALSE,5.16,0.573,1,8
Arunachal Pradesh,43.422134,69.2500174,182.1454275,28.6,0,Brahmaputra (Dibrugarh gauge),105.7,TRUE,74.52,0.705,1,8
Meghalaya,0,0,2.966643728,20.7,1,Barak,20.5,FALSE,9.61,0.469,1,11
Meghalaya,0,0,0,19.7,1,Brahmaputra (Goalpara gauge),36.27,TRUE,28.76,0.793,0,1
Nagaland,9.817714,9.817713737,9.817713737,19.3,0,Doyang,18,FALSE,9.25,0.514,0,3
Assam,4.8028016,14.01409793,32.7053206,6.9,0,Brahmaputra (Guwahati gauge),49.68,TRUE,17.19,0.346,1,7
Assam,2.207187,2.207186937,2.207186937,7.7,3,Barak,20.5,FALSE,19.54,0.953,1,1
Manipur,0,20.35245743,80.90997162,14.2,0,Imphal River,8,FALSE,4.22,0.528,0,8
Sikkim,0,0.325826973,1.050636321,31,1,Teesta,15,FALSE,4.59,0.306,1,12
Meghalaya,2.0419836,43.49373913,56.83566514,20,3,Barak,20.5,FALSE,8.61,0.42,0,5
Nagaland,18.758198,37.46558392,199.7765542,16.9,0,Dikrong,14,FALSE,9.83,0.702,0,6
Arunachal Pradesh,101.082565,338.9955978,403.3922609,26.2,0,Brahmaputra (Dibrugarh gauge),105.7,TRUE,105.28,0.996,1,7
Arunachal Pradesh,0,5.171285033,115.0994033,34,0,Brahmaputra (Dibrugarh gauge),105.7,TRUE,111.3,1.053,1,9
Sikkim,57.648346,180.09758,261.8047743,25.5,2,Teesta,15,FALSE,15.94,1.063,1,6
Nagaland,58.908443,84.29654622,102.7017274,13.7,0,Dhansiri,40,FALSE,27.28,0.682,1,6
Tripura,13.780883,37.76470137,49.07171659,13.5,0,Gomti,12,FALSE,7.97,0.664,1,7
Nagaland,0,0,0,13.3,0,Doyang,18,FALSE,7.85,0.436,0,1
Assam,53.029514,112.5751829,242.0815587,6.7,0,Brahmaputra (Dhubri gauge),28.62,TRUE,21.55,0.753,1,7
Meghalaya,112.57468,262.6801987,309.3591857,24.9,0,Brahmaputra (Guwahati gauge),49.68,TRUE,39.4,0.793,0,10
Sikkim,99.21908,122.6059713,162.4904056,28.8,0,Teesta,15,FALSE,11.92,0.795,0,8
Tripura,1.8547232,1.854723215,13.71366431,20.2,1,Gomti,12,FALSE,6.56,0.547,1,5
Nagaland,0,8.929101467,12.04858792,20.1,1,Dhansiri,40,FALSE,17.48,0.437,0,11
Manipur,0,0,0,17.7,0,Kopili,30,FALSE,10.2,0.34,1,2
Sikkim,26.469877,83.93526649,239.0052776,28,1,Teesta,15,FALSE,12.74,0.849,1,6
Arunachal Pradesh,150.13718,196.1742659,197.5962307,20.1,1,Subansiri,42,FALSE,26.92,0.641,1,5
Mizoram,0,0,0,27,2,Tlawng,9,FALSE,4.41,0.49,1,1
Meghalaya,0,0,0,25,1,Brahmaputra (Guwahati gauge),49.68,TRUE,18.83,0.379,1,12
Meghalaya,0,0.549068689,58.69607855,24.7,2,Brahmaputra (Goalpara gauge),36.27,TRUE,20.17,0.556,0,9
Manipur,21.639313,37.86704922,78.48001426,19.6,1,Barak,20.5,FALSE,20.46,0.998,1,8
Arunachal Pradesh,16.427605,38.39652777,38.97306442,27.2,0,Brahmaputra (Dibrugarh gauge),105.7,TRUE,48.41,0.458,1,5
Tripura,20.145418,88.8236866,171.5324687,20.2,1,Gomti,12,FALSE,7.94,0.662,0,6
Manipur,46.660828,124.687849,239.0685024,20.6,2,Barak,20.5,FALSE,14.62,0.713,1,8
Arunachal Pradesh,0,5.94400692,6.415364534,30.5,1,Brahmaputra (Dibrugarh gauge),105.7,TRUE,36.78,0.348,0,11
Meghalaya,179.7965,389.904953,482.8629048,15.7,1,Brahmaputra (Dhubri gauge),28.62,TRUE,34.09,1.191,1,6
Mizoram,58.832695,106.5221462,211.7359812,17.7,1,Tlawng,9,FALSE,5.41,0.601,1,5
Nagaland,20.198046,42.45696425,154.4894092,17.4,0,Doyang,18,FALSE,13.09,0.727,1,6
Sikkim,6.03915,34.38021159,42.16241652,28.8,0,Teesta,15,FALSE,6.62,0.441,0,5
Assam,119.866646,411.3935852,630.2728081,5.9,0,Brahmaputra (Dhubri gauge),28.62,TRUE,32.71,1.143,1,6
Sikkim,67.11891,97.52168989,236.2729983,29.8,2,Teesta,15,FALSE,12.15,0.81,0,7
Tripura,0,0,6.242281914,17.2,1,Khowai,10,FALSE,3.39,0.339,0,11
Meghalaya,62.05004,114.3206234,210.2789202,22.3,0,Brahmaputra (Guwahati gauge),49.68,TRUE,40.39,0.813,1,6
Arunachal Pradesh,2.000783,41.15964594,68.34019342,18,0,Dikrong,14,FALSE,15.18,1.084,1,7
Assam,108.697075,189.7865181,330.2256308,8.3,1,Brahmaputra (Goalpara gauge),36.27,TRUE,33.51,0.924,1,8
Arunachal Pradesh,0,0,1.206490517,9.4,0,Dikrong,14,FALSE,4.84,0.346,1,11
Manipur,2.2487597,11.96833515,36.61875582,8.4,2,Imphal River,8,FALSE,7.68,0.96,0,7
Mizoram,0,0,0,22.2,1,Tlawng,9,FALSE,3.61,0.401,1,3
Mizoram,0,0,0,20.2,0,Tlawng,9,FALSE,3.58,0.398,0,12
Arunachal Pradesh,118.84675,148.0289576,204.4839067,29.1,1,Brahmaputra (Dibrugarh gauge),105.7,TRUE,94.07,0.89,1,8
Mizoram,0,0,0,19.4,0,Tlawng,9,FALSE,7.22,0.802,1,12
Sikkim,86.904526,177.4437866,230.5688763,29.2,0,Teesta,15,FALSE,9.96,0.664,1,5
Meghalaya,0.18903482,24.14845788,43.67959031,24.2,0,Brahmaputra (Goalpara gauge),36.27,TRUE,19.33,0.533,1,5
Arunachal Pradesh,0.57334226,3.559528828,6.26161027,18,0,Dikrong,14,FALSE,4.98,0.356,1,12
Meghalaya,30.020222,30.94595178,30.94595178,18.6,2,Brahmaputra (Dhubri gauge),28.62,TRUE,11.3,0.395,0,4
Meghalaya,5.0193186,5.163830429,41.33129862,18.7,0,Brahmaputra (Guwahati gauge),49.68,TRUE,32.79,0.66,0,7
Assam,130.98355,173.2487311,177.9432413,8.4,0,Brahmaputra (Dibrugarh gauge),105.7,TRUE,73.25,0.693,0,5
Tripura,0,0,0,17.2,1,Khowai,10,FALSE,4.9,0.49,0,2
Assam,66.14942,104.0156355,278.0913734,7.2,0,Subansiri,42,FALSE,39.31,0.936,0,6
Meghalaya,0,0,0,18.7,0,Brahmaputra (Guwahati gauge),49.68,TRUE,24.19,0.487,1,1
Manipur,2.6848812,17.68040013,102.4128988,8.4,2,Imphal River,8,FALSE,6.78,0.848,0,8
Arunachal Pradesh,28.935879,118.214756,221.8667469,27.2,0,Brahmaputra (Dibrugarh gauge),105.7,TRUE,101.05,0.956,1,7
Manipur,13.049889,13.04988861,14.99776971,20.7,2,Barak,20.5,FALSE,16.44,0.802,0,10
Manipur,64.76807,67.97551179,105.5484752,23.5,0,Barak,20.5,FALSE,15.44,0.753,1,8
Meghalaya,0,0,0,18.2,1,Manas,33,FALSE,16.76,0.508,1,1
Tripura,89.28665,254.803566,283.2827105,12.8,1,Gomti,12,FALSE,15.6,1.3,1,8
Arunachal Pradesh,1.7189506,1.718950629,2.877662182,22.7,0,Brahmaputra (Dibrugarh gauge),105.7,TRUE,39.53,0.374,0,4
Meghalaya,240.05305,468.2260666,684.6640339,21.6,0,Brahmaputra (Goalpara gauge),36.27,TRUE,43.23,1.192,1,8
Arunachal Pradesh,10.398923,10.39892292,35.2558445,24.1,0,Brahmaputra (Dibrugarh gauge),105.7,TRUE,65.11,0.616,0,9
Manipur,81.379616,96.95679462,129.9792909,19.6,0,Imphal River,8,FALSE,5.44,0.68,1,9
Arunachal Pradesh,0,0,1.866002917,19.1,3,Brahmaputra (Dibrugarh gauge),105.7,TRUE,37.73,0.357,0,12
Assam,16.371357,20.17711353,25.59702688,7.7,1,Brahmaputra (Dibrugarh gauge),105.7,TRUE,100.42,0.95,1,5
Tripura,1.9132673,2.721582949,94.46498448,14.8,1,Khowai,10,FALSE,9.7,0.97,0,9
Sikkim,0,0,0,33.6,1,Teesta,15,FALSE,6.48,0.432,1,12
Mizoram,0,0,0,23.3,0,Tlawng,9,FALSE,3.76,0.418,0,12
Assam,0,3.347099781,3.347099781,7.7,1,Brahmaputra (Guwahati gauge),49.68,TRUE,18.48,0.372,0,4
Assam,92.272896,163.6618214,221.9441551,7,1,Brahmaputra (Dhubri gauge),28.62,TRUE,26.62,0.93,0,7
Manipur,0,0,0,20.7,2,Barak,20.5,FALSE,11.09,0.541,1,1
Meghalaya,67.40916,191.2832375,334.2626314,17.1,1,Manas,33,FALSE,31.68,0.96,1,6
Manipur,0,0,0,19.6,0,Imphal River,8,FALSE,6.98,0.873,1,12
Arunachal Pradesh,0.798062,68.10693616,133.3971843,19.6,3,Subansiri,42,FALSE,23.86,0.568,0,7
Tripura,136.2999,175.2057114,175.2057114,18,1,Gomti,12,FALSE,8.99,0.749,1,11
Tripura,3.0586798,31.19971824,89.95762593,20.2,1,Gomti,12,FALSE,8.27,0.689,0,8
Manipur,11.737862,13.68607152,17.78996059,9,0,Doyang,18,FALSE,10.3,0.572,1,9
Arunachal Pradesh,41.790882,120.3080454,202.6409965,31.1,1,Brahmaputra (Dibrugarh gauge),105.7,TRUE,124.41,1.177,0,8
Sikkim,53.29775,79.0936358,87.93361974,34.9,3,Teesta,15,FALSE,7.65,0.51,0,5
Assam,0,5.202011108,6.816689253,10.2,0,Manas,33,FALSE,13.23,0.401,0,10
Arunachal Pradesh,12.652135,65.83461285,270.1292825,15.9,0,Subansiri,42,FALSE,36.33,0.865,1,6
Mizoram,52.87576,116.0768785,119.1555033,23.1,2,Khowai,10,FALSE,7.44,0.744,1,6
Assam,40.974987,72.64279366,72.64279366,8.7,2,Manas,33,FALSE,12.31,0.373,0,5
Manipur,37.072212,72.29671097,122.3762093,6.7,0,Doyang,18,FALSE,6.43,0.357,0,5
Arunachal Pradesh,18.204123,36.2403965,46.06761071,20.7,2,Subansiri,42,FALSE,23.77,0.566,1,7
Arunachal Pradesh,0,2.583252192,94.56850138,30.2,1,Brahmaputra (Dibrugarh gauge),105.7,TRUE,103.9,0.983,1,10
Nagaland,25.252584,27.46517634,76.73598242,21.7,0,Dhansiri,40,FALSE,42.16,1.054,1,8
Nagaland,0,0,0,20.5,0,Kopili,30,FALSE,10.77,0.359,1,1
Tripura,8.32151,21.52363396,87.10293627,13.7,0,Gomti,12,FALSE,12.8,1.067,1,8
Manipur,0,0,0,9.7,0,Doyang,18,FALSE,4.63,0.257,0,4
Meghalaya,0,0,0,17.5,0,Brahmaputra (Dhubri gauge),28.62,TRUE,11.59,0.405,0,4
Nagaland,0,0,1.790658712,14.2,1,Doyang,18,FALSE,7.2,0.4,1,12
Arunachal Pradesh,9.43598,36.52905273,63.26286356,30.3,1,Brahmaputra (Dibrugarh gauge),105.7,TRUE,52.22,0.494,1,10
Meghalaya,54.992535,76.55155003,113.63463,17.3,0,Brahmaputra (Goalpara gauge),36.27,TRUE,26.22,0.723,1,7
Meghalaya,0,4.199897766,14.33758163,15.7,1,Brahmaputra (Dhubri gauge),28.62,TRUE,12.99,0.454,0,11
Meghalaya,9.499839,13.26494515,24.58842564,24.7,2,Brahmaputra (Goalpara gauge),36.27,TRUE,17.05,0.47,0,7
Arunachal Pradesh,71.91793,215.3294487,231.9286817,29.1,4,Brahmaputra (Dibrugarh gauge),105.7,TRUE,103.9,0.983,1,7
Nagaland,0,0,0,20.5,0,Kopili,30,FALSE,26.16,0.872,0,3
Tripura,56.461487,95.24735832,117.047575,12.8,1,Tlawng,9,FALSE,6.26,0.695,0,7
Arunachal Pradesh,141.09874,176.3346062,205.6389863,18.4,2,Subansiri,42,FALSE,40.7,0.969,1,6
Meghalaya,1.7368102,3.225504756,7.742942691,19.7,1,Brahmaputra (Goalpara gauge),36.27,TRUE,21.36,0.589,0,6
Arunachal Pradesh,22.976618,39.26448154,45.29201472,28.8,1,Brahmaputra (Dibrugarh gauge),105.7,TRUE,105.7,1,1,7
Mizoram,0,0,0.323016107,25,1,Tlawng,9,FALSE,5.27,0.586,1,6
Tripura,10.410917,99.38216209,162.8377743,13.3,2,Khowai,10,FALSE,8.58,0.858,1,7
Arunachal Pradesh,52.61103,133.6326046,208.8587604,33.6,0,Brahmaputra (Dibrugarh gauge),105.7,TRUE,87.73,0.83,1,7
Arunachal Pradesh,1.1332872,4.566071033,13.79089069,17.4,1,Dikrong,14,FALSE,6.58,0.47,1,3
Arunachal Pradesh,2.350262,15.56924272,15.9385801,18.6,0,Brahmaputra (Dibrugarh gauge),105.7,TRUE,50.1,0.474,1,4
Assam,0.23750725,0.237507254,1.020875603,6,0,Brahmaputra (Dibrugarh gauge),105.7,TRUE,37.73,0.357,0,10
Manipur,2.0750332,9.542160273,41.10784721,14.2,1,Imphal River,8,FALSE,4.35,0.544,1,7
Arunachal Pradesh,0.51056206,11.88615263,50.68320167,9.4,0,Dikrong,14,FALSE,7.07,0.505,0,3
Assam,3.3402603,4.020715058,37.06429379,8.1,2,Kopili,30,FALSE,13.23,0.441,0,3
Manipur,39.70354,67.77152014,73.30323052,14.6,2,Imphal River,8,FALSE,8.35,1.044,1,9
Assam,29.215557,61.48250294,158.4078875,5.1,1,Kopili,30,FALSE,26.1,0.87,0,6
Arunachal Pradesh,5.4749146,5.62218472,12.47971071,9.4,0,Dikrong,14,FALSE,8.39,0.599,0,8
Nagaland,59.437153,61.16935158,124.7028327,17.5,2,Dhansiri,40,FALSE,23.48,0.587,1,7
Meghalaya,77.783554,167.5100269,559.9099474,18.9,0,Brahmaputra (Guwahati gauge),49.68,TRUE,54.7,1.101,0,7
Mizoram,0,0,0,23.1,0,Tlawng,9,FALSE,2.74,0.305,0,2
Meghalaya,52.687485,571.1379395,768.7933134,20.2,0,Brahmaputra (Guwahati gauge),49.68,TRUE,48.54,0.977,1,6
Meghalaya,142.4554,147.5977244,179.8563385,25,1,Brahmaputra (Guwahati gauge),49.68,TRUE,43.42,0.874,1,5
Sikkim,27.942886,59.84053957,130.5233303,32.4,0,Teesta,15,FALSE,17.06,1.137,1,8
Mizoram,10.551135,42.76567364,347.972846,21.9,2,Tlawng,9,FALSE,8.16,0.907,1,6
Arunachal Pradesh,8.476125,15.35689592,48.90834999,28.9,1,Brahmaputra (Dibrugarh gauge),105.7,TRUE,56.23,0.532,0,3
Assam,54.549736,99.88988018,110.1160345,11.2,0,Brahmaputra (Dhubri gauge),28.62,TRUE,15.43,0.539,1,10
Assam,0,19.6258378,55.7748282,8.4,0,Brahmaputra (Dibrugarh gauge),105.7,TRUE,96.4,0.912,0,9
Meghalaya,76.94287,358.8776512,530.9746151,20.5,1,Brahmaputra (Guwahati gauge),49.68,TRUE,46.95,0.945,1,8
Arunachal Pradesh,0,0,33.91828728,9.4,0,Dikrong,14,FALSE,5.87,0.419,0,2
Arunachal Pradesh,57.16688,122.8542843,212.1663489,25.2,1,Brahmaputra (Dibrugarh gauge),105.7,TRUE,68.39,0.647,1,5
Nagaland,0,0,4.873149127,21.7,0,Dhansiri,40,FALSE,20.88,0.522,1,5
Nagaland,0,25.0003069,38.3411234,14.6,0,Brahmaputra (Neamatighat gauge),85.05,TRUE,34.79,0.409,0,5
Arunachal Pradesh,6.2400465,56.75422192,187.9333904,20.8,0,Brahmaputra (Dibrugarh gauge),105.7,TRUE,90.8,0.859,1,7
Arunachal Pradesh,0,1.421080589,1.421080589,27.8,0,Brahmaputra (Dibrugarh gauge),105.7,TRUE,42.07,0.398,0,2
Meghalaya,0,0,0.1073943,18.2,1,Manas,33,FALSE,10.59,0.321,0,11
Meghalaya,0,11.57742119,379.5523634,17.3,0,Brahmaputra (Goalpara gauge),36.27,TRUE,35.94,0.991,1,6
Nagaland,0.12796958,0.127969578,9.269657716,17.5,2,Dhansiri,40,FALSE,13.52,0.338,1,5
Tripura,122.22427,130.7754884,214.9816728,13.5,0,Gomti,12,FALSE,11.03,0.919,1,7
Nagaland,0,0,0.868190825,15.1,2,Brahmaputra (Neamatighat gauge),85.05,TRUE,32.91,0.387,0,3
Arunachal Pradesh,11.886073,22.0595504,73.82842171,30.3,1,Brahmaputra (Dibrugarh gauge),105.7,TRUE,33.08,0.313,0,4
Tripura,0.5042196,0.504219592,10.1156078,14.8,1,Khowai,10,FALSE,4.57,0.457,1,11
Manipur,0,0,0,17.1,2,Imphal River,8,FALSE,3.99,0.499,0,3
Assam,56.007088,115.3709984,180.2496397,6.9,0,Brahmaputra (Guwahati gauge),49.68,TRUE,39.94,0.804,0,8
Meghalaya,53.64873,107.9073696,261.8957844,22,0,Brahmaputra (Guwahati gauge),49.68,TRUE,46.9,0.944,1,7
Arunachal Pradesh,0,0.421089157,61.34773538,28.8,1,Brahmaputra (Dibrugarh gauge),105.7,TRUE,46.4,0.439,1,3
Assam,8.064228,14.69101334,44.82890511,6.7,0,Manas,33,FALSE,17.32,0.525,1,9
Nagaland,69.45778,178.6027088,362.8064995,16.9,0,Dikrong,14,FALSE,14.15,1.011,1,6
Tripura,0,5.081532955,74.70233154,12.8,1,Tlawng,9,FALSE,5.25,0.583,0,9
Meghalaya,0,0,10.29791737,20.9,2,Barak,20.5,FALSE,7.5,0.366,0,2
Sikkim,16.257107,62.27047634,95.2188921,29.2,0,Teesta,15,FALSE,13.41,0.894,0,7
Manipur,0,0,2.140115961,17.5,1,Imphal River,8,FALSE,3.71,0.464,1,5
Sikkim,12.97755,24.63003492,85.33163929,28,1,Teesta,15,FALSE,5.76,0.384,1,3
Meghalaya,7.2037635,108.5603614,204.1660066,17.7,1,Brahmaputra (Goalpara gauge),36.27,TRUE,27.38,0.755,1,7
Nagaland,81.77684,98.87922001,135.272603,16.4,0,Doyang,18,FALSE,9.38,0.521,1,4
Sikkim,101.042206,176.0583305,280.7881,25.5,2,Teesta,15,FALSE,12.63,0.842,1,8
Manipur,0.3226645,0.322664499,26.68444121,8.4,2,Imphal River,8,FALSE,4.37,0.546,0,10
Arunachal Pradesh,0.1703972,38.32477371,139.6996154,14.7,0,Dikrong,14,FALSE,9.3,0.664,1,7
Mizoram,110.45669,194.2317619,296.3815179,19.4,0,Tlawng,9,FALSE,8.42,0.936,1,5
Nagaland,0,10.79977536,36.59587875,21.7,0,Dhansiri,40,FALSE,33.12,0.828,1,8
Assam,2.2433999,30.16216493,46.07055971,5.9,0,Brahmaputra (Dibrugarh gauge),105.7,TRUE,59.09,0.559,0,10
Tripura,0,22.87016869,54.06988692,20.2,1,Gomti,12,FALSE,7.67,0.639,1,8
Nagaland,6.292624,102.4070764,126.8325534,19.2,1,Dhansiri,40,FALSE,23.2,0.58,1,9
Assam,6.5149093,42.93405759,68.03686702,9.6,1,Kopili,30,FALSE,19.23,0.641,0,7
Assam,58.916283,126.9937048,235.1898985,7,1,Brahmaputra (Dhubri gauge),28.62,TRUE,24.3,0.849,1,6
Assam,0,0,0,7.7,3,Barak,20.5,FALSE,17.42,0.85,1,2
Arunachal Pradesh,11.200001,19.20000076,28.60000134,26.4,0,Brahmaputra (Dibrugarh gauge),105.7,TRUE,38.26,0.362,1,3
Meghalaya,0,6.654975414,6.832008883,21.1,1,Kopili,30,FALSE,10.77,0.359,0,10
Mizoram,87.27849,108.4278159,114.9664681,24.2,1,Tlawng,9,FALSE,4.55,0.506,0,7
Sikkim,4.5944867,6.335953891,6.335953891,25.5,2,Teesta,15,FALSE,4.92,0.328,0,4
Arunachal Pradesh,0,0.186503932,1.434883609,9.4,0,Dikrong,14,FALSE,8.4,0.6,0,9
Assam,0.46052423,3.935653239,54.37313524,7.8,1,Brahmaputra (Dibrugarh gauge),105.7,TRUE,59.83,0.566,0,8
Meghalaya,151.54434,253.8619423,413.3780435,16.4,0,Brahmaputra (Dhubri gauge),28.62,TRUE,31.08,1.086,1,7
Sikkim,86.79519,196.3061695,262.6340632,35.2,1,Teesta,15,FALSE,14.06,0.937,1,6
Arunachal Pradesh,10.314511,11.56805694,46.99623764,9.4,0,Dikrong,14,FALSE,7.98,0.57,1,7
Sikkim,76.796394,167.7057571,237.1649246,34.2,1,Teesta,15,FALSE,12.21,0.814,1,6
Meghalaya,9.560481,40.68722439,88.85549289,22,0,Brahmaputra (Guwahati gauge),49.68,TRUE,48.14,0.969,0,9
Sikkim,90.442795,155.1913738,189.5291426,29.7,3,Teesta,15,FALSE,11.26,0.751,1,9
Arunachal Pradesh,0.8822209,22.99894065,219.0242516,30.5,1,Brahmaputra (Dibrugarh gauge),105.7,TRUE,130.86,1.238,1,7
Assam,7.889679,10.85418212,28.95166898,1.3,0,Brahmaputra (Tezpur gauge),65.23,TRUE,66.6,1.021,0,6
Arunachal Pradesh,0,38.30033112,71.25263453,31.9,1,Brahmaputra (Dibrugarh gauge),105.7,TRUE,105.28,0.996,1,10
Manipur,6.4514976,13.36242686,81.41950475,13.9,1,Imphal River,8,FALSE,7.62,0.952,0,8
Assam,0.77431726,90.95363533,179.6580616,8.3,0,Brahmaputra (Goalpara gauge),36.27,TRUE,35.07,0.967,1,10
Mizoram,0,0,18.968418,19.7,0,Barak,20.5,FALSE,16.5,0.805,1,10
Assam,48.98349,132.3350563,319.2042794,4.8,0,Dikrong,14,FALSE,13.52,0.966,1,6
Manipur,0,0,0.278511852,19.8,0,Doyang,18,FALSE,7.94,0.441,1,3
Mizoram,62.016754,62.44516659,144.5636908,17.7,1,Tlawng,9,FALSE,7.71,0.857,0,6
Arunachal Pradesh,12.526014,21.36730433,27.5385375,31.9,1,Brahmaputra (Dibrugarh gauge),105.7,TRUE,106.65,1.009,1,7
Meghalaya,62.581066,91.51699787,100.3700674,19.6,0,Kopili,30,FALSE,17.4,0.58,0,5
Nagaland,0,0,3.63048479,21.7,0,Dhansiri,40,FALSE,18.92,0.473,1,2
Sikkim,0,3.639035761,199.2070766,25.5,2,Teesta,15,FALSE,15.39,1.026,1,7
Arunachal Pradesh,7.6854773,17.24973869,73.0500145,17.4,0,Manas,33,FALSE,16.17,0.49,0,10
Sikkim,17.8511,21.9108969,42.32045746,28,1,Teesta,15,FALSE,13.12,0.875,1,4
Manipur,0,0,0,19.6,1,Barak,20.5,FALSE,8.55,0.417,0,12
Mizoram,57.91975,76.26596594,226.9327843,25,0,Tlawng,9,FALSE,8.11,0.901,1,7
Arunachal Pradesh,0,0,1.997629642,29,0,Brahmaputra (Dibrugarh gauge),105.7,TRUE,53.38,0.505,1,2
Sikkim,1.0119649,10.95527184,62.89641535,24.1,0,Teesta,15,FALSE,10.82,0.721,1,9
Assam,0,0,0,11.2,0,Brahmaputra (Dhubri gauge),28.62,TRUE,13.22,0.462,1,1
Mizoram,0,29.63432503,46.20272064,20.8,0,Tlawng,9,FALSE,5.95,0.661,1,9
Assam,43.530388,182.8859577,264.6560236,10.2,0,Manas,33,FALSE,31.61,0.958,0,6
Meghalaya,25.27545,25.70018914,42.3430503,22.4,0,Brahmaputra (Dhubri gauge),28.62,TRUE,13.82,0.483,1,7
Assam,17.83289,105.256752,327.5364593,7.4,0,Brahmaputra (Dibrugarh gauge),105.7,TRUE,94.07,0.89,1,7
Tripura,0,0,0,17.2,1,Khowai,10,FALSE,3.39,0.339,1,3
Assam,37.847275,38.52913103,97.239009,6.6,1,Brahmaputra (Dibrugarh gauge),105.7,TRUE,89.74,0.849,1,5
Mizoram,0,0,0.092161927,23.4,1,Tlawng,9,FALSE,2.08,0.231,1,11
Mizoram,82.43065,142.524025,182.3471843,25,0,Tlawng,9,FALSE,7.62,0.847,1,8
Sikkim,16.677052,33.26709843,55.22459602,31.9,1,Teesta,15,FALSE,9.1,0.607,1,9
Arunachal Pradesh,0,0,0,27.3,1,Brahmaputra (Dibrugarh gauge),105.7,TRUE,37.84,0.358,0,12
Nagaland,0.6265044,2.435332865,2.435332865,21.7,0,Dhansiri,40,FALSE,20.76,0.519,0,2
Sikkim,53.98477,78.07536888,141.68928,29.8,2,Teesta,15,FALSE,9.78,0.652,1,8
Mizoram,0,0,0,17.7,1,Tlawng,9,FALSE,3.46,0.385,1,11
Sikkim,55.550907,119.0315037,366.3884296,32.4,0,Teesta,15,FALSE,16.93,1.129,1,6
Arunachal Pradesh,8.462489,17.12836552,29.66205788,31.1,1,Brahmaputra (Dibrugarh gauge),105.7,TRUE,50.1,0.474,1,3
Nagaland,0,27.71365511,51.00069964,13.7,0,Dhansiri,40,FALSE,40.76,1.019,1,7
Sikkim,0,5.735596657,14.7384938,31.9,1,Teesta,15,FALSE,5.38,0.359,1,11
Arunachal Pradesh,0.19619207,60.42715244,315.8906754,31.1,1,Brahmaputra (Dibrugarh gauge),105.7,TRUE,102.21,0.967,1,8
Tripura,5.6188703,53.91267872,97.02783389,14.8,2,Khowai,10,FALSE,9.6,0.96,1,8
Mizoram,30.996582,35.04836506,89.63265783,20.2,1,Tlawng,9,FALSE,5.17,0.574,1,6
Mizoram,0,0,0.343632229,24.7,1,Tlawng,9,FALSE,5.92,0.658,1,12
Arunachal Pradesh,12.873423,120.9835567,221.2709236,26.1,0,Brahmaputra (Dibrugarh gauge),105.7,TRUE,84.77,0.802,0,7
Arunachal Pradesh,4.2067204,7.1445539,7.1445539,20.7,2,Subansiri,42,FALSE,16.8,0.4,0,11
Manipur,0,0.321115047,24.3040078,17.5,1,Imphal River,8,FALSE,2.87,0.359,1,10
Meghalaya,245.11087,533.4946136,573.5721115,24.9,0,Brahmaputra (Guwahati gauge),49.68,TRUE,46,0.926,1,5
Manipur,0.4708935,3.728695989,3.728695989,13.1,1,Imphal River,8,FALSE,6.77,0.846,0,11
Arunachal Pradesh,57.335434,105.9823979,133.1261169,30.5,1,Brahmaputra (Dibrugarh gauge),105.7,TRUE,63.95,0.605,1,8
Meghalaya,110.39616,205.1157227,383.7942734,17.5,0,Brahmaputra (Dhubri gauge),28.62,TRUE,31.63,1.105,1,6
Meghalaya,0.032959163,3.764403254,141.4815231,19.7,0,Brahmaputra (Goalpara gauge),36.27,TRUE,22.23,0.613,0,9
Sikkim,1.0325153,52.22041917,180.7426703,29.7,3,Teesta,15,FALSE,12.28,0.819,1,8
Assam,48.408154,59.16686726,78.34984767,5,0,Brahmaputra (Tezpur gauge),65.23,TRUE,37.38,0.573,1,5
Arunachal Pradesh,0,1.708434224,40.27021515,20.4,0,Brahmaputra (Tezpur gauge),65.23,TRUE,63.47,0.973,1,3
Assam,0,0,4.851856977,3.3,0,Brahmaputra (Tezpur gauge),65.23,TRUE,27.66,0.424,1,3
Sikkim,53.68901,81.39782906,138.1248009,34.2,1,Teesta,15,FALSE,10.54,0.703,1,6
Assam,84.89731,141.157867,161.5942452,1.4,1,Brahmaputra (Tezpur gauge),65.23,TRUE,41.23,0.632,1,5
Mizoram,0,0,0,22.9,0,Barak,20.5,FALSE,7.87,0.384,0,1
Nagaland,0,0,2.828300714,21.7,0,Dhansiri,40,FALSE,16.4,0.41,0,5
Nagaland,38.07364,64.71877623,114.8062067,16.4,0,Doyang,18,FALSE,15.3,0.85,0,5
Nagaland,0.6119813,0.766314477,0.766314477,17.2,0,Brahmaputra (Neamatighat gauge),85.05,TRUE,36.23,0.426,0,11
Arunachal Pradesh,0,15.00024593,29.84243965,21,2,Brahmaputra (Dibrugarh gauge),105.7,TRUE,106.12,1.004,1,3
Arunachal Pradesh,0,0,0,29.1,4,Brahmaputra (Dibrugarh gauge),105.7,TRUE,56.34,0.533,0,11
Nagaland,37.947758,65.27192307,132.127882,13,0,Doyang,18,FALSE,11.12,0.618,0,7
Manipur,21.271622,31.35624528,62.05800843,13.5,0,Doyang,18,FALSE,9.67,0.537,1,6
Assam,36.708202,72.4172473,212.1584783,11.2,0,Brahmaputra (Dhubri gauge),28.62,TRUE,24.3,0.849,0,7
Sikkim,57.00599,59.30703872,67.11134619,33.6,1,Teesta,15,FALSE,5.38,0.359,1,10
Manipur,7.23763,24.86185265,63.67396577,20.6,2,Barak,20.5,FALSE,11.52,0.562,0,6
Meghalaya,20.395727,77.32185364,229.9962587,23.5,1,Barak,20.5,FALSE,18.76,0.915,1,6
Manipur,1.4196423,26.26469898,41.47409146,17.5,0,Kopili,30,FALSE,19.5,0.65,1,8
Mizoram,9.814066,9.814065933,9.814065933,22.2,1,Tlawng,9,FALSE,4.62,0.513,0,3
Assam,93.305595,249.1549644,326.2703857,6.7,0,Brahmaputra (Dhubri gauge),28.62,TRUE,31.88,1.114,0,6
Manipur,3.686572,6.075875163,7.889856219,13.7,0,Imphal River,8,FALSE,7.72,0.965,0,9
Arunachal Pradesh,6.197707,35.87238455,83.51786375,15.9,0,Subansiri,42,FALSE,18.31,0.436,0,7
Arunachal Pradesh,7.310461,13.23449278,56.00963485,29.6,0,Brahmaputra (Dibrugarh gauge),105.7,TRUE,30.23,0.286,1,2
Arunachal Pradesh,0,0,0,28.4,0,Brahmaputra (Dibrugarh gauge),105.7,TRUE,17.97,0.17,0,12
Nagaland,0.18829626,0.815190196,0.815190196,13,0,Doyang,18,FALSE,7.67,0.426,1,1
Arunachal Pradesh,1.5475377,144.4066838,481.18922,26.3,0,Brahmaputra (Dibrugarh gauge),105.7,TRUE,97.14,0.919,0,7
Arunachal Pradesh,0,0.426376164,42.13037568,17.5,0,Subansiri,42,FALSE,22.26,0.53,1,4
Meghalaya,0,0,0,21.7,2,Barak,20.5,FALSE,8.59,0.419,0,2
Arunachal Pradesh,17.765274,18.14786905,37.96277708,20.6,2,Dikrong,14,FALSE,7.7,0.55,0,7
Arunachal Pradesh,131.77791,163.4341698,187.7090685,22.5,2,Brahmaputra (Dibrugarh gauge),105.7,TRUE,94.6,0.895,1,6
Arunachal Pradesh,19.643393,84.09034348,134.9564929,16.8,0,Dikrong,14,FALSE,11.56,0.826,1,7
Arunachal Pradesh,115.607285,275.5585785,432.0714531,27.4,0,Brahmaputra (Dibrugarh gauge),105.7,TRUE,118.49,1.121,1,6
Arunachal Pradesh,1.9618939,18.29020333,91.28115654,24.7,1,Brahmaputra (Dibrugarh gauge),105.7,TRUE,89.84,0.85,0,2
Assam,0,0,0,11.2,0,Brahmaputra (Dhubri gauge),28.62,TRUE,7.33,0.256,0,12
Arunachal Pradesh,0,0,0,9.4,0,Dikrong,14,FALSE,12.01,0.858,1,1
Sikkim,77.03399,237.9355621,301.4169974,27.7,0,Teesta,15,FALSE,15.78,1.052,1,6
Tripura,0,22.77769756,437.6633644,14.6,0,Gomti,12,FALSE,12.1,1.008,0,8
Arunachal Pradesh,14.614551,14.87321672,14.87321672,23.1,1,Subansiri,42,FALSE,18.61,0.443,0,10
Meghalaya,93.2714,150.7078991,298.0660944,19.6,1,Brahmaputra (Goalpara gauge),36.27,TRUE,30.29,0.835,1,5
Manipur,0,3.051906824,3.051906824,23.5,0,Barak,20.5,FALSE,7.87,0.384,1,3
Tripura,110.23663,210.479393,221.1476372,17.1,0,Gomti,12,FALSE,12.96,1.08,1,8
Assam,104.98781,442.6449509,689.3226566,11.2,0,Brahmaputra (Dhubri gauge),28.62,TRUE,31.17,1.089,1,6
Meghalaya,0,0,0,22.4,0,Brahmaputra (Dhubri gauge),28.62,TRUE,12.51,0.437,0,3
Arunachal Pradesh,0,0,0,15.9,0,Subansiri,42,FALSE,22.22,0.529,1,12
Meghalaya,0,0,0,19.6,1,Brahmaputra (Goalpara gauge),36.27,TRUE,19.22,0.53,0,1
Assam,0.18154083,0.181540832,0.181540832,5.5,1,Brahmaputra (Guwahati gauge),49.68,TRUE,14.11,0.284,1,4
Arunachal Pradesh,0,0,0,27.8,0,Brahmaputra (Dibrugarh gauge),105.7,TRUE,40.38,0.382,1,1
Tripura,96.72811,107.108222,189.9262199,20.2,1,Gomti,12,FALSE,13.96,1.163,1,7
Manipur,3.5503867,8.07469058,8.07469058,9,0,Doyang,18,FALSE,5.2,0.289,1,11
Assam,101.125496,185.2858715,285.8747194,4.9,1,Manas,33,FALSE,32.21,0.976,1,8
Tripura,69.81902,112.8913727,185.4852396,17.3,0,Khowai,10,FALSE,9.42,0.942,1,5
Arunachal Pradesh,104.27415,164.3792648,191.9378223,28.5,0,Brahmaputra (Dibrugarh gauge),105.7,TRUE,68.92,0.652,1,5
Arunachal Pradesh,0,11.4222765,29.97325844,23.4,1,Brahmaputra (Dibrugarh gauge),105.7,TRUE,100.94,0.955,1,6
Tripura,67.9543,366.7948303,459.5684433,13.5,0,Gomti,12,FALSE,12,1,0,8
Manipur,64.05737,81.32308483,81.74889208,20.6,2,Barak,20.5,FALSE,8.3,0.405,0,5
Nagaland,12.280179,60.62870884,157.8128278,18.8,0,Brahmaputra (Dibrugarh gauge),105.7,TRUE,87.31,0.826,0,7
Mizoram,57.05639,61.20533943,61.20533943,22.2,1,Tlawng,9,FALSE,3.21,0.357,1,12
Assam,0.41922668,0.419226676,38.30872837,6.7,0,Kopili,30,FALSE,28.77,0.959,0,8
Meghalaya,90.208435,117.828403,152.293859,19.6,1,Brahmaputra (Goalpara gauge),36.27,TRUE,20.38,0.562,1,10
Mizoram,0,0,0,17.7,1,Tlawng,9,FALSE,3,0.333,1,12
Meghalaya,52.777283,157.9760284,164.2499751,15.9,1,Brahmaputra (Dhubri gauge),28.62,TRUE,21.38,0.747,1,9
Arunachal Pradesh,1.5793959,16.75826609,53.19261515,15.3,1,Dikrong,14,FALSE,12.87,0.919,1,8
Sikkim,12.961918,103.5753517,297.6571484,34.2,1,Teesta,15,FALSE,13.23,0.882,1,6
Mizoram,66.87403,116.9354982,140.3231229,23.1,2,Khowai,10,FALSE,8.2,0.82,0,7
Meghalaya,0,0,49.31053641,16.4,0,Brahmaputra (Dhubri gauge),28.62,TRUE,11.65,0.407,0,5
Sikkim,16.544596,17.52204776,43.07682395,32.4,0,Teesta,15,FALSE,10.1,0.673,0,9
Assam,0,165.9505694,625.3562472,10.2,0,Manas,33,FALSE,37.32,1.131,1,6
Meghalaya,2.1147866,28.99877501,28.99877501,19.7,1,Brahmaputra (Goalpara gauge),36.27,TRUE,16.65,0.459,0,10
Tripura,86.25966,109.1733329,122.1220407,14.2,0,Khowai,10,FALSE,8.89,0.889,0,9
Assam,35.466732,83.24740028,272.2465878,5.9,2,Subansiri,42,FALSE,39.4,0.938,1,8
Nagaland,2.3682456,42.22091913,134.1642177,12.7,1,Brahmaputra (Neamatighat gauge),85.05,TRUE,75.78,0.891,1,6
Tripura,0,0,9.690006256,14.8,1,Khowai,10,FALSE,4.62,0.462,1,4
Tripura,0,0,0,16.1,0,Gomti,12,FALSE,6.79,0.566,1,2
Meghalaya,62.861748,96.59082675,257.4390514,16,0,Brahmaputra (Goalpara gauge),36.27,TRUE,33.01,0.91,1,8
Nagaland,0,0,36.76386523,18.8,0,Brahmaputra (Dibrugarh gauge),105.7,TRUE,42.39,0.401,1,4
Tripura,0.116597176,0.921452284,0.921452284,14.9,0,Gomti,12,FALSE,4.24,0.353,0,4
Arunachal Pradesh,0,0,2.046425581,28.8,1,Brahmaputra (Dibrugarh gauge),105.7,TRUE,92.17,0.872,1,9
Nagaland,0,0,0,13,0,Doyang,18,FALSE,15.23,0.846,0,1
Mizoram,0,0,70.66374159,24,1,Tlawng,9,FALSE,3.57,0.397,1,5
Assam,0.09660751,11.65067321,41.70224698,7.4,0,Brahmaputra (Dibrugarh gauge),105.7,TRUE,26.32,0.249,0,3
Nagaland,2.8022697,23.09188533,23.24410839,20.5,0,Kopili,30,FALSE,24.03,0.801,1,7
Meghalaya,0,0,0.377837151,17.5,0,Brahmaputra (Dhubri gauge),28.62,TRUE,14.85,0.519,0,4
Arunachal Pradesh,103.02718,162.3794632,190.4725409,29,0,Brahmaputra (Dibrugarh gauge),105.7,TRUE,69.97,0.662,1,5
Mizoram,6.663516,31.4801321,53.91585319,19.4,0,Tlawng,9,FALSE,7.66,0.851,1,8
Mizoram,0,0,0.238130212,23,2,Khowai,10,FALSE,4.75,0.475,0,5
Meghalaya,21.481302,136.6853962,483.7741823,16.4,0,Brahmaputra (Dhubri gauge),28.62,TRUE,29.39,1.027,0,7
Nagaland,0,0,15.77827418,20.5,0,Kopili,30,FALSE,16.59,0.553,0,9
Assam,0,8.927513123,46.36857849,6,0,Brahmaputra (Dibrugarh gauge),105.7,TRUE,94.07,0.89,1,9
Mizoram,0,2.316285074,16.54388529,22.9,1,Tlawng,9,FALSE,8.76,0.973,0,8
Assam,0,0,0,6.4,0,Brahmaputra (Dhubri gauge),28.62,TRUE,12.22,0.427,1,11
Sikkim,69.77514,126.5850925,355.3937531,29.8,2,Teesta,15,FALSE,15.66,1.044,1,6
Sikkim,77.15985,156.0796299,280.0730057,33.6,1,Teesta,15,FALSE,15.26,1.017,1,6
Nagaland,31.504654,41.38850665,45.94039118,16.7,3,Dhansiri,40,FALSE,36.08,0.902,1,7
Arunachal Pradesh,13.804602,76.21454811,87.28064275,17.4,1,Dikrong,14,FALSE,12.92,0.923,1,6
Tripura,57.72506,148.7427673,151.4749436,17.3,0,Khowai,10,FALSE,7.28,0.728,0,9
Sikkim,0,0,0,32.4,0,Teesta,15,FALSE,5.66,0.377,1,11
Meghalaya,43.568775,146.9291496,395.1431503,22.7,1,Barak,20.5,FALSE,19.39,0.946,1,6
Arunachal Pradesh,0.18278728,0.182787284,6.33205907,15.9,0,Subansiri,42,FALSE,39.56,0.942,1,9
Nagaland,0,0,29.11026144,13.7,1,Brahmaputra (Neamatighat gauge),85.05,TRUE,60.3,0.709,0,9
Tripura,0,2.896400571,3.665310144,13.3,2,Khowai,10,FALSE,4.98,0.498,0,3
Tripura,77.43113,120.2993332,163.6727802,15.2,0,Tlawng,9,FALSE,5.72,0.636,0,7
Sikkim,0,2.436810732,2.436810732,35.2,1,Teesta,15,FALSE,5.85,0.39,1,2
Arunachal Pradesh,41.64165,120.898922,205.6437864,17.4,1,Dikrong,14,FALSE,13.3,0.95,1,6
Meghalaya,0,0,0,25.6,0,Brahmaputra (Guwahati gauge),49.68,TRUE,18.23,0.367,0,2
Arunachal Pradesh,78.48465,194.664257,345.6007214,32.5,1,Brahmaputra (Dibrugarh gauge),105.7,TRUE,103.48,0.979,1,7
Assam,66.473015,75.93497074,212.2079238,11.2,0,Brahmaputra (Dhubri gauge),28.62,TRUE,28.19,0.985,1,5
Tripura,67.6471,109.7638407,155.7856278,14.8,2,Khowai,10,FALSE,7.51,0.751,1,7
Mizoram,93.85081,195.3188343,205.0389219,27,2,Tlawng,9,FALSE,5.64,0.627,1,5
Manipur,0,0,0,20.6,2,Barak,20.5,FALSE,9.06,0.442,1,11
Sikkim,86.860954,136.3499889,199.2603369,23.3,0,Teesta,15,FALSE,11.76,0.784,1,7
Mizoram,21.449202,48.64688778,129.1841254,20.7,0,Tlawng,9,FALSE,7.97,0.886,1,9
Assam,76.41982,83.86599302,158.1730533,7.2,0,Subansiri,42,FALSE,33.85,0.806,0,9
Meghalaya,23.879969,23.87996864,358.1673908,18.6,2,Brahmaputra (Dhubri gauge),28.62,TRUE,26.67,0.932,0,6
Manipur,4.037745,23.62526846,60.95821881,13.5,0,Doyang,18,FALSE,10.58,0.588,1,7
Assam,114.3735,187.5459614,222.3507601,10.2,0,Manas,33,FALSE,27.59,0.836,1,6
Assam,12.695205,12.69520473,12.69520473,6.5,0,Manas,33,FALSE,12.94,0.392,1,5
Assam,64.04675,220.4520645,349.0883904,5.9,0,Brahmaputra (Dhubri gauge),28.62,TRUE,27.7,0.968,0,6
Arunachal Pradesh,23.953594,27.52524935,206.223915,34,0,Brahmaputra (Dibrugarh gauge),105.7,TRUE,93.44,0.884,1,6
Meghalaya,0,0,0,18.8,0,Brahmaputra (Guwahati gauge),49.68,TRUE,18.08,0.364,1,1
Tripura,21.261438,33.89827921,42.69186028,15.2,0,Tlawng,9,FALSE,3.78,0.42,0,3
Mizoram,0,23.08895969,97.17181367,20.4,0,Tlawng,9,FALSE,4.69,0.521,0,8
Meghalaya,0,0,0,21.6,0,Brahmaputra (Goalpara gauge),36.27,TRUE,20.17,0.556,0,1
Arunachal Pradesh,34.14486,94.25514221,170.7848284,33.6,0,Brahmaputra (Dibrugarh gauge),105.7,TRUE,88.47,0.837,1,6
Meghalaya,55.307636,118.2298126,194.8278713,19.7,1,Brahmaputra (Goalpara gauge),36.27,TRUE,27.53,0.759,1,7
Manipur,1.9867822,10.7848798,24.6943258,18.6,1,Imphal River,8,FALSE,4.78,0.597,0,9
Meghalaya,0,23.73672295,294.8574982,19.7,1,Brahmaputra (Goalpara gauge),36.27,TRUE,34.82,0.96,0,6
Meghalaya,2.1047893,87.49859285,320.2059865,24.9,0,Brahmaputra (Guwahati gauge),49.68,TRUE,43.52,0.876,0,7
Meghalaya,0,0.818683445,1.825944364,19.6,1,Brahmaputra (Goalpara gauge),36.27,TRUE,14.51,0.4,1,5
Arunachal Pradesh,113.63826,142.1771502,193.6061327,30.3,1,Brahmaputra (Dibrugarh gauge),105.7,TRUE,78.22,0.74,1,8
Arunachal Pradesh,7.208567,8.484119236,49.94200903,29.4,1,Brahmaputra (Dibrugarh gauge),105.7,TRUE,31.82,0.301,1,4
Meghalaya,24.178087,193.9112682,217.0572957,21.6,0,Brahmaputra (Goalpara gauge),36.27,TRUE,31.3,0.863,1,6
Meghalaya,1.2542688,121.8519365,252.3892272,18.6,2,Brahmaputra (Dhubri gauge),28.62,TRUE,27.5,0.961,1,8
Nagaland,58.27929,97.4666394,97.48458716,15.4,0,Dikrong,14,FALSE,6.99,0.499,0,5
Assam,0,0,6.834104419,7.7,1,Brahmaputra (Dibrugarh gauge),105.7,TRUE,54.44,0.515,0,5
Mizoram,24.611372,34.35120344,60.98181242,23,2,Khowai,10,FALSE,5.2,0.52,1,6
Arunachal Pradesh,93.66371,122.1977649,173.0955675,30.5,1,Brahmaputra (Dibrugarh gauge),105.7,TRUE,91.75,0.868,1,8
Arunachal Pradesh,0.5729413,2.608109415,59.60206157,33.6,0,Brahmaputra (Dibrugarh gauge),105.7,TRUE,130.22,1.232,1,7
Meghalaya,0,1.782765761,14.87095453,17.5,0,Brahmaputra (Dhubri gauge),28.62,TRUE,11.85,0.414,1,2
Meghalaya,122.21362,233.1005554,300.8652958,20.2,0,Brahmaputra (Guwahati gauge),49.68,TRUE,53.56,1.078,1,6
Nagaland,31.920855,50.3839159,63.43169475,12.5,0,Doyang,18,FALSE,14.44,0.802,1,10
Manipur,25.9431,54.91947865,81.87481856,6.7,0,Doyang,18,FALSE,11.97,0.665,0,8
Assam,88.301315,189.0139694,224.0286722,4.3,0,Manas,33,FALSE,30.92,0.937,1,7
Mizoram,0,11.80545521,12.08907193,19.7,0,Barak,20.5,FALSE,7.03,0.343,0,5
Sikkim,80.467804,123.4869432,205.4681082,25.7,0,Teesta,15,FALSE,12.68,0.845,1,9
Mizoram,1.2569629,5.904704481,18.24855777,25.4,3,Tlawng,9,FALSE,4.26,0.473,0,8
Nagaland,62.335426,106.0937347,319.6304016,16.6,1,Brahmaputra (Dibrugarh gauge),105.7,TRUE,98.62,0.933,0,7
Assam,23.435516,103.7930918,149.9548424,7.9,0,Brahmaputra (Guwahati gauge),49.68,TRUE,49.58,0.998,1,6
Sikkim,0,0,0,34.9,3,Teesta,15,FALSE,6.38,0.425,0,11
Nagaland,1.1243963,57.39934635,58.06843209,17.4,0,Doyang,18,FALSE,10.53,0.585,0,9
Assam,0.14462276,0.559208021,1.606638655,10.2,0,Manas,33,FALSE,17.36,0.526,0,7
Manipur,0,0,0,19.2,0,Imphal River,8,FALSE,2.8,0.35,1,3
Arunachal Pradesh,13.581867,274.755352,417.3853861,33.6,2,Brahmaputra (Dibrugarh gauge),105.7,TRUE,109.4,1.035,1,7
Nagaland,0,0,0,16.8,2,Brahmaputra (Dibrugarh gauge),105.7,TRUE,85.72,0.811,1,9
Sikkim,0,0,0,29.8,2,Teesta,15,FALSE,5.54,0.369,1,1
Manipur,0,0.771684051,0.771684051,13.5,0,Doyang,18,FALSE,17.35,0.964,1,3
Manipur,0.18987563,3.97075811,74.37318721,20.6,2,Barak,20.5,FALSE,12.79,0.624,0,6
Meghalaya,73.1465,341.4147415,441.0723438,18.9,0,Brahmaputra (Guwahati gauge),49.68,TRUE,54.85,1.104,1,7
Assam,0,0,34.88001394,6.3,0,Brahmaputra (Tezpur gauge),65.23,TRUE,50.1,0.768,0,7
Assam,13.188708,17.54467344,31.84119618,6,1,Manas,33,FALSE,15.84,0.48,1,10
Meghalaya,51.80544,177.9846268,229.4192155,19.2,1,Kopili,30,FALSE,26.43,0.881,0,5
Tripura,0,0,0,16.3,0,Gomti,12,FALSE,5.38,0.448,1,1
Tripura,51.232224,82.97880268,151.0119439,14.8,2,Khowai,10,FALSE,9.58,0.958,1,7
Mizoram,9.0616,30.74100637,146.1537652,23.3,0,Tlawng,9,FALSE,9.41,1.046,0,9
Tripura,106.20812,118.5238352,159.7460409,17.1,0,Gomti,12,FALSE,11.26,0.938,1,7
Mizoram,60.899624,76.23272467,87.12671793,17.7,1,Tlawng,9,FALSE,5.4,0.6,0,9
Sikkim,19.760738,59.9005475,140.674753,34.9,3,Teesta,15,FALSE,9.44,0.629,1,7
Assam,0,8.152949333,36.64428914,7.2,0,Subansiri,42,FALSE,40.66,0.968,0,8
Tripura,0.43390846,62.26383972,104.142117,14.8,1,Khowai,10,FALSE,9.83,0.983,0,7
Mizoram,0,16.52148722,144.6154275,19.7,0,Barak,20.5,FALSE,20.4,0.995,1,6
Assam,55.25052,66.92066813,199.412086,6.7,0,Brahmaputra (Dhubri gauge),28.62,TRUE,20.72,0.724,0,7
Manipur,0,0,1.663161397,13.5,0,Doyang,18,FALSE,7.72,0.429,0,3
Assam,32.061474,206.4606972,248.4380932,9.1,1,Khowai,10,FALSE,8.75,0.875,1,6
Arunachal Pradesh,92.01013,112.2400559,115.0848409,31.1,1,Brahmaputra (Dibrugarh gauge),105.7,TRUE,61.41,0.581,0,8
Arunachal Pradesh,8.070967,16.89626169,237.1660857,18,0,Dikrong,14,FALSE,15.4,1.1,0,6
Mizoram,64.20903,121.0082207,203.9805403,20.4,0,Tlawng,9,FALSE,10.13,1.126,1,5
Arunachal Pradesh,9.119139,19.31763136,44.90536821,34,0,Brahmaputra (Dibrugarh gauge),105.7,TRUE,58.66,0.555,0,9
Nagaland,43.98832,48.8071928,85.43766978,19.2,1,Dhansiri,40,FALSE,32.48,0.812,0,9
Meghalaya,0,0,91.10517204,14.5,0,Brahmaputra (Dhubri gauge),28.62,TRUE,12.96,0.453,0,6
Nagaland,0,0,0.048083708,16.4,0,Doyang,18,FALSE,14.65,0.814,1,12
Meghalaya,132.98824,190.6583786,231.2894405,24.2,0,Brahmaputra (Goalpara gauge),36.27,TRUE,23.76,0.655,1,5
Manipur,0,0,0,13.7,0,Imphal River,8,FALSE,3.38,0.423,0,12
Assam,40.51198,40.51197815,223.1350557,6.5,0,Manas,33,FALSE,27.56,0.835,1,6
Arunachal Pradesh,50.75486,91.19436491,148.3127599,33.6,0,Brahmaputra (Dibrugarh gauge),105.7,TRUE,54.75,0.518,1,10
Sikkim,10.737985,19.30752635,277.9351404,33.6,1,Teesta,15,FALSE,17.96,1.197,0,7
Manipur,2.3738596,11.75666237,110.872756,16.8,0,Barak,20.5,FALSE,11.97,0.584,0,9
Manipur,19.850262,21.16608,25.32731962,20.6,2,Barak,20.5,FALSE,10.54,0.514,1,11
Nagaland,0.048627313,1.361564752,1.361564752,15.7,1,Doyang,18,FALSE,14.78,0.821,0,9
Sikkim,30.752333,54.31091595,72.1897397,33.4,1,Teesta,15,FALSE,7.4,0.493,0,4
Arunachal Pradesh,35.28192,74.85391116,634.0833232,31.1,1,Brahmaputra (Dibrugarh gauge),105.7,TRUE,115.64,1.094,1,7
Nagaland,6.9866853,16.32995272,36.32867289,20.1,1,Dhansiri,40,FALSE,21.52,0.538,1,8
Mizoram,9.990402,47.1161046,81.37520838,27,2,Tlawng,9,FALSE,8.76,0.973,1,8
Arunachal Pradesh,2.7278302,13.99450207,35.69429231,28.4,0,Brahmaputra (Dibrugarh gauge),105.7,TRUE,82.97,0.785,1,8
Manipur,0,0,0,10.7,0,Imphal River,8,FALSE,2.28,0.285,0,1
Mizoram,1.6213788,14.63849223,52.50391066,24.2,1,Tlawng,9,FALSE,5.3,0.589,1,7
Mizoram,0,0,10.5627259,24,1,Tlawng,9,FALSE,2.82,0.313,1,10
Arunachal Pradesh,0,0.694170579,6.61569415,33.2,2,Brahmaputra (Dibrugarh gauge),105.7,TRUE,58.98,0.558,0,3
Assam,0,6.330228329,121.9317064,4.2,0,Brahmaputra (Dibrugarh gauge),105.7,TRUE,109.08,1.032,1,6
Mizoram,0,0,0,20.3,0,Tlawng,9,FALSE,4.71,0.523,1,2
Arunachal Pradesh,0,13.79999876,225.7999854,35.6,1,Brahmaputra (Dibrugarh gauge),105.7,TRUE,96.61,0.914,1,6
Mizoram,3.6361978,4.208096147,19.09193587,19.7,0,Barak,20.5,FALSE,21.4,1.044,1,9
Tripura,4.6802735,28.90281916,94.40091306,12.6,1,Gomti,12,FALSE,10.82,0.902,1,5
Sikkim,24.084686,138.2827129,199.5335852,25.7,0,Teesta,15,FALSE,16.1,1.073,0,6
Arunachal Pradesh,0,0,0,35.3,0,Brahmaputra (Dibrugarh gauge),105.7,TRUE,49.78,0.471,1,6
Assam,163.83476,358.4731903,526.131495,11.2,0,Brahmaputra (Dhubri gauge),28.62,TRUE,37.21,1.3,1,6
Nagaland,0,1.088147879,3.193434354,11.6,1,Brahmaputra (Dibrugarh gauge),105.7,TRUE,29.07,0.275,0,2
Arunachal Pradesh,4.783629,38.51128626,94.4209094,23.4,1,Brahmaputra (Dibrugarh gauge),105.7,TRUE,49.04,0.464,0,10
Assam,69.9961,134.455759,236.1699522,4.7,2,Dikrong,14,FALSE,13.3,0.95,1,7
Arunachal Pradesh,50.37447,55.97686982,61.99255181,27.8,0,Brahmaputra (Dibrugarh gauge),105.7,TRUE,60.78,0.575,1,8
Arunachal Pradesh,28.139286,156.230072,181.3186316,25.2,1,Brahmaputra (Dibrugarh gauge),105.7,TRUE,102.32,0.968,0,6
Nagaland,85.29692,89.33893156,123.274638,17.9,0,Dhansiri,40,FALSE,31.44,0.786,1,8
Nagaland,0,0,0,12.2,1,Dikrong,14,FALSE,4.83,0.345,0,11
Sikkim,0,0,3.299519628,29.8,2,Teesta,15,FALSE,12.33,0.822,1,11
Sikkim,72.11449,89.6124661,110.789571,24.1,0,Teesta,15,FALSE,6.74,0.449,0,5
Assam,2.6877904,13.46238375,61.23353371,5.7,1,Manas,33,FALSE,12.97,0.393,0,5
Meghalaya,376.3759,650.7549534,744.1582273,21.6,0,Brahmaputra (Goalpara gauge),36.27,TRUE,43.96,1.212,1,5
Meghalaya,120.226845,394.9434891,691.6908798,14.7,0,Brahmaputra (Dhubri gauge),28.62,TRUE,33.74,1.179,1,6
Meghalaya,0,4.577621937,4.577621937,17.5,0,Brahmaputra (Dhubri gauge),28.62,TRUE,9.99,0.349,0,4
Meghalaya,0,0,0,17.3,0,Brahmaputra (Goalpara gauge),36.27,TRUE,17.08,0.471,0,3
Arunachal Pradesh,75.148796,149.5280704,244.7123483,31.1,1,Brahmaputra (Dibrugarh gauge),105.7,TRUE,101.79,0.963,1,7
Nagaland,93.269905,118.5505923,119.0751779,12.2,1,Dikrong,14,FALSE,16.76,1.197,0,6
Tripura,81.14933,85.33828428,101.3383534,20.2,1,Gomti,12,FALSE,9.78,0.815,1,9
Assam,0,0,7.144000053,6.2,0,Brahmaputra (Tezpur gauge),65.23,TRUE,21.98,0.337,1,5
Sikkim,98.21545,119.3751507,278.2556377,25.5,2,Teesta,15,FALSE,13.77,0.918,1,7
Arunachal Pradesh,2.380284,11.46221137,14.30475795,34,0,Brahmaputra (Dibrugarh gauge),105.7,TRUE,95.34,0.902,1,2
Arunachal Pradesh,0,0,0,17.4,1,Dikrong,14,FALSE,12.26,0.876,0,12
Manipur,4.401376,61.7268858,120.1895413,20.7,2,Barak,20.5,FALSE,12.98,0.633,1,8
Sikkim,110.44799,134.8412142,301.0095816,29.8,2,Teesta,15,FALSE,13.52,0.901,1,7
Manipur,0,0,0,15,1,Barak,20.5,FALSE,6.85,0.334,1,1
Meghalaya,273.27008,431.332962,471.639802,21.6,0,Brahmaputra (Goalpara gauge),36.27,TRUE,33.88,0.934,1,4
Manipur,9.523843,34.13019562,87.03685093,9.7,0,Doyang,18,FALSE,11.03,0.613,0,7
Manipur,0,0,3.083698034,9,0,Doyang,18,FALSE,9,0.5,1,4
Tripura,12.048822,34.25563264,76.24518418,13.5,0,Gomti,12,FALSE,7.42,0.618,1,7
Arunachal Pradesh,114.97994,273.094574,429.5136795,20.4,3,Brahmaputra (Dibrugarh gauge),105.7,TRUE,112.15,1.061,1,6
Meghalaya,0,0,0,24.7,2,Brahmaputra (Goalpara gauge),36.27,TRUE,14.62,0.403,0,1
Meghalaya,9.92279,22.46883857,162.4139827,21.9,1,Brahmaputra (Guwahati gauge),49.68,TRUE,31.55,0.635,0,6
Meghalaya,161.46329,176.2795839,233.4548564,18.7,0,Brahmaputra (Guwahati gauge),49.68,TRUE,39.89,0.803,1,5
Assam,117.30391,183.0657349,195.9077504,8.7,1,Manas,33,FALSE,22.37,0.678,1,5
Tripura,0,0.63970238,1.450011551,20.2,1,Gomti,12,FALSE,5.71,0.476,0,12
Arunachal Pradesh,2.2738652,21.19699717,43.12560833,17.1,2,Brahmaputra (Tezpur gauge),65.23,TRUE,31.18,0.478,0,5
Mizoram,13.715807,48.86049175,59.08667099,22.2,1,Tlawng,9,FALSE,9.18,1.02,1,8
Tripura,62.833862,99.59782505,206.0151978,17.2,1,Khowai,10,FALSE,6.36,0.636,1,9
Arunachal Pradesh,66.512215,83.88085079,121.0461649,31.1,1,Brahmaputra (Dibrugarh gauge),105.7,TRUE,82.55,0.781,1,6
Assam,20.197428,87.24393654,244.0796841,7.7,3,Barak,20.5,FALSE,16.71,0.815,0,6
Arunachal Pradesh,0,0.199999988,59.19999927,35.6,1,Brahmaputra (Dibrugarh gauge),105.7,TRUE,43.34,0.41,0,11
Assam,0,93.10622883,588.9756823,7,1,Brahmaputra (Dhubri gauge),28.62,TRUE,32.03,1.119,1,6
Sikkim,72.693665,167.274437,169.3714637,28.8,0,Teesta,15,FALSE,13.22,0.881,0,9
Arunachal Pradesh,0,0,0.300000012,31.1,1,Brahmaputra (Dibrugarh gauge),105.7,TRUE,58.66,0.555,0,1
Sikkim,25.233885,27.59642148,64.57960987,31,1,Teesta,15,FALSE,13.38,0.892,1,2
Arunachal Pradesh,71.10206,137.6972427,203.4667878,27.7,5,Brahmaputra (Dibrugarh gauge),105.7,TRUE,90.8,0.859,1,8
Arunachal Pradesh,0,0,0,35.3,0,Brahmaputra (Dibrugarh gauge),105.7,TRUE,84.67,0.801,1,10
Sikkim,62.38825,205.2071152,293.2611542,31.5,1,Teesta,15,FALSE,13.74,0.916,1,6
Meghalaya,5.9871573,7.265217304,65.26243114,20.5,1,Brahmaputra (Guwahati gauge),49.68,TRUE,17.74,0.357,0,2
Nagaland,0,0,0.266275108,17.5,2,Dhansiri,40,FALSE,15.84,0.396,1,11
Arunachal Pradesh,28.978983,42.02954149,57.05776545,25.1,1,Brahmaputra (Dibrugarh gauge),105.7,TRUE,101.26,0.958,1,10
Meghalaya,68.33172,240.7248154,353.7621746,19.7,0,Brahmaputra (Goalpara gauge),36.27,TRUE,30.32,0.836,1,6
Manipur,13.846057,30.25644445,95.35018158,17.5,1,Barak,20.5,FALSE,21.85,1.066,0,8
Assam,92.613304,227.273201,339.7643621,6.8,1,Brahmaputra (Goalpara gauge),36.27,TRUE,32.75,0.903,1,6
Meghalaya,0,0,0.29973945,18.7,0,Brahmaputra (Guwahati gauge),49.68,TRUE,46.8,0.942,1,9
Assam,0,7.164172649,120.7436938,7.1,1,Brahmaputra (Dibrugarh gauge),105.7,TRUE,50.31,0.476,0,9
Assam,37.42783,38.36504441,130.8047121,7.1,2,Barak,20.5,FALSE,20.6,1.005,1,8
Assam,57.695496,84.58924627,239.381515,8.1,2,Kopili,30,FALSE,28.41,0.947,0,6
Assam,0,0,0.936839759,7.7,1,Brahmaputra (Dibrugarh gauge),105.7,TRUE,40.69,0.385,1,12
Arunachal Pradesh,1.3629451,3.954354048,7.654128253,28.1,0,Brahmaputra (Dibrugarh gauge),105.7,TRUE,50.63,0.479,0,5
Meghalaya,2.7430606,2.743060589,2.743060589,16.2,0,Brahmaputra (Guwahati gauge),49.68,TRUE,17.39,0.35,1,3
Sikkim,0,0,0,25.7,0,Teesta,15,FALSE,6.16,0.411,1,12
Manipur,0.08222218,0.442604888,6.067699958,13.2,1,Doyang,18,FALSE,8.26,0.459,0,10
Mizoram,16.351036,40.39485645,112.8735051,21.6,1,Tlawng,9,FALSE,6.05,0.672,0,9
Sikkim,57.286076,62.74339914,74.62743616,25.5,2,Teesta,15,FALSE,16.83,1.122,1,9
Manipur,0,0,0,9.1,1,Doyang,18,FALSE,7.36,0.409,0,1
Arunachal Pradesh,26.871014,85.86118126,382.0772479,25.2,1,Brahmaputra (Dibrugarh gauge),105.7,TRUE,102.74,0.972,1,7
Tripura,4.4820166,15.53812981,35.47303987,14.9,0,Gomti,12,FALSE,12.13,1.011,1,9
Nagaland,0,0,2.423382759,15.7,1,Doyang,18,FALSE,6.95,0.386,0,11
Assam,51.253784,356.2447968,595.1248989,6.7,0,Brahmaputra (Dhubri gauge),28.62,TRUE,28.51,0.996,1,6
Tripura,0,0,8.165565878,20.2,1,Gomti,12,FALSE,4.54,0.378,1,4
Arunachal Pradesh,81.8,218.4999924,453.3400683,35.6,1,Brahmaputra (Dibrugarh gauge),105.7,TRUE,122.19,1.156,1,7
Sikkim,57.858456,125.9074631,375.7051764,27.7,0,Teesta,15,FALSE,15.6,1.04,1,6
Meghalaya,93.97467,395.9704208,611.9201479,21.6,0,Brahmaputra (Goalpara gauge),36.27,TRUE,41.6,1.147,1,8
Manipur,0.19313787,39.77781688,133.1056062,9,0,Doyang,18,FALSE,10.71,0.595,1,8
Assam,71.6496,132.2289772,156.9866568,6.2,0,Brahmaputra (Dibrugarh gauge),105.7,TRUE,77.48,0.733,0,6
Sikkim,4.5422688,21.96446848,53.63893938,31.9,1,Teesta,15,FALSE,6.1,0.407,0,4
Meghalaya,127.975555,203.8007774,426.778759,14.5,0,Brahmaputra (Dhubri gauge),28.62,TRUE,26.3,0.919,0,5
Sikkim,51.35374,90.13999796,167.195662,34.2,1,Teesta,15,FALSE,10.04,0.669,1,6
Manipur,0,0.058440886,1.344140373,20.7,2,Barak,20.5,FALSE,18.9,0.922,1,5
Nagaland,1.0638287,5.857644495,8.109052118,16.8,2,Brahmaputra (Dibrugarh gauge),105.7,TRUE,56.34,0.533,0,6
Assam,0,0,15.24457273,8.3,0,Brahmaputra (Dibrugarh gauge),105.7,TRUE,43.23,0.409,1,4
Meghalaya,121.984,187.7399311,224.3484416,18.9,0,Brahmaputra (Guwahati gauge),49.68,TRUE,48.44,0.975,1,7
Sikkim,0,24.63682938,91.71861553,28,1,Teesta,15,FALSE,4.8,0.32,1,4
Nagaland,123.49845,153.5865314,205.6202193,16.6,0,Brahmaputra (Neamatighat gauge),85.05,TRUE,79.78,0.938,1,8
Arunachal Pradesh,20.044514,46.92808437,256.3445148,30.2,1,Brahmaputra (Dibrugarh gauge),105.7,TRUE,135.93,1.286,1,7
Arunachal Pradesh,41.793774,69.33069563,164.8585558,27.2,0,Brahmaputra (Dibrugarh gauge),105.7,TRUE,88.15,0.834,1,8
Assam,12.411871,88.7212944,181.0292673,3,0,Dikrong,14,FALSE,9.55,0.682,0,7
Assam,1.1443534,1.309638157,18.22852929,7.9,0,Brahmaputra (Guwahati gauge),49.68,TRUE,48.69,0.98,0,8
Arunachal Pradesh,64.2722,111.6058712,130.1081301,27.4,0,Brahmaputra (Dibrugarh gauge),105.7,TRUE,56.44,0.534,1,10
Mizoram,0,0,0,19.4,0,Tlawng,9,FALSE,7.41,0.823,0,3
Manipur,47.160976,92.28124619,118.3568397,20.6,2,Barak,20.5,FALSE,19.56,0.954,1,9
Tripura,54.881145,77.90336108,136.4346468,12.6,1,Gomti,12,FALSE,5.62,0.468,1,5
Manipur,93.29796,205.0857391,254.7961926,16,0,Imphal River,8,FALSE,6.1,0.763,0,5
Assam,7.9550943,10.2985363,22.61398666,8.7,2,Manas,33,FALSE,9.87,0.299,1,4
Nagaland,12.515931,36.77825165,87.63663816,19.3,0,Doyang,18,FALSE,17.35,0.964,1,6
Meghalaya,116.10388,440.6313782,757.5537605,17.5,0,Brahmaputra (Dhubri gauge),28.62,TRUE,32.57,1.138,1,6
Arunachal Pradesh,14.816451,143.8503408,356.2579374,17.6,1,Subansiri,42,FALSE,41.54,0.989,1,6
Tripura,68.73216,107.3546247,117.0911762,18,1,Gomti,12,FALSE,7.46,0.622,1,6
Nagaland,0.21091656,9.830154464,80.52181344,13.7,0,Dhansiri,40,FALSE,14.56,0.364,0,5
Arunachal Pradesh,0,0,0,29.3,0,Brahmaputra (Dibrugarh gauge),105.7,TRUE,28.75,0.272,1,2
Nagaland,0,0,2.706559911,13.7,0,Dhansiri,40,FALSE,25.64,0.641,1,9
Mizoram,46.201576,63.8784008,65.43156296,21.6,1,Tlawng,9,FALSE,5.55,0.617,1,8
Manipur,0,5.879034996,5.879034996,15,1,Barak,20.5,FALSE,6.89,0.336,1,3
Arunachal Pradesh,6.290293,48.80407,73.77823675,31.6,1,Brahmaputra (Dibrugarh gauge),105.7,TRUE,69.87,0.661,1,7
Nagaland,187.15933,193.8091859,256.3754239,17.8,0,Subansiri,42,FALSE,33.18,0.79,1,5
Assam,55.16238,136.7528658,148.6648678,4.8,0,Brahmaputra (Tezpur gauge),65.23,TRUE,49.9,0.765,1,6
Assam,1.3507649,1.350764871,72.10356295,6.3,1,Brahmaputra (Goalpara gauge),36.27,TRUE,12.66,0.349,0,11
Arunachal Pradesh,0,0,0.00017645,21,2,Brahmaputra (Dibrugarh gauge),105.7,TRUE,50.52,0.478,0,10
Assam,0,42.58132839,109.5220914,9.2,1,Manas,33,FALSE,17.03,0.516,1,10
Assam,5.4810534,56.46766949,57.2104497,3.3,0,Subansiri,42,FALSE,21.97,0.523,0,5
Meghalaya,0.44705936,0.943249762,26.74761805,22,0,Brahmaputra (Guwahati gauge),49.68,TRUE,32.14,0.647,1,8
Nagaland,6.787486,18.07392758,35.03703097,13,1,Doyang,18,FALSE,16.87,0.937,0,4
Assam,0,29.82952523,121.7494471,7.7,1,Brahmaputra (Guwahati gauge),49.68,TRUE,50.92,1.025,1,8
Sikkim,4.873766,26.65203571,144.5602856,29.7,3,Teesta,15,FALSE,9.09,0.606,1,7
Meghalaya,119.54592,139.748085,291.3628247,18.9,0,Brahmaputra (Guwahati gauge),49.68,TRUE,36.91,0.743,1,5
Mizoram,92.444145,92.80822802,146.6200508,23.1,2,Khowai,10,FALSE,8.25,0.825,1,9
Arunachal Pradesh,0,0.747081995,0.747081995,17.9,0,Brahmaputra (Dibrugarh gauge),105.7,TRUE,37.42,0.354,1,10
Assam,0,0,0,4.3,0,Manas,33,FALSE,13.36,0.405,0,12
Assam,9.301409,133.568615,358.2210274,4.9,1,Manas,33,FALSE,33.3,1.009,1,6
Arunachal Pradesh,62.42322,86.41117764,123.9222693,27.3,1,Brahmaputra (Dibrugarh gauge),105.7,TRUE,99.57,0.942,1,8
Meghalaya,54.38004,121.6632156,185.2032151,19.7,0,Brahmaputra (Goalpara gauge),36.27,TRUE,31.88,0.879,1,8
Meghalaya,64.35288,191.2080789,221.60463,23.4,0,Barak,20.5,FALSE,14.1,0.688,1,5
Meghalaya,116.275925,191.8478279,280.0756063,24.2,0,Brahmaputra (Goalpara gauge),36.27,TRUE,37.21,1.026,1,8
Manipur,1.2212918,1.22129178,2.331670761,15.3,0,Imphal River,8,FALSE,5.64,0.705,0,6
Meghalaya,11.928216,85.15581417,276.1052618,21.3,1,Brahmaputra (Goalpara gauge),36.27,TRUE,34.17,0.942,0,7
Arunachal Pradesh,2.6862051,16.25038695,18.58439922,18.6,0,Brahmaputra (Dibrugarh gauge),105.7,TRUE,37.63,0.356,1,11
Sikkim,90.1094,118.6678638,261.4469547,29.7,3,Teesta,15,FALSE,10.35,0.69,0,5
Assam,3.6127338,13.50254488,88.42928052,3.3,1,Brahmaputra (Dibrugarh gauge),105.7,TRUE,62.26,0.589,0,8
Sikkim,1.3310978,18.88188672,97.08972859,29.8,2,Teesta,15,FALSE,15.84,1.056,1,6
Assam,0,0.646821797,3.094641328,6,1,Manas,33,FALSE,27.42,0.831,1,9
Assam,0,0,1.026469707,5,0,Brahmaputra (Dibrugarh gauge),105.7,TRUE,38.58,0.365,1,1
Arunachal Pradesh,0,0,0,29.3,2,Brahmaputra (Dibrugarh gauge),105.7,TRUE,41.22,0.39,0,11
Arunachal Pradesh,0.26663962,12.71683574,32.84525988,30.3,0,Brahmaputra (Dibrugarh gauge),105.7,TRUE,77.27,0.731,1,8
Manipur,0,0,0,14.2,1,Imphal River,8,FALSE,4.01,0.501,1,1
Assam,188.11462,203.4419165,286.0004089,7.3,0,Manas,33,FALSE,35.31,1.07,1,8
Arunachal Pradesh,195.44604,385.6185951,446.5054024,29.3,2,Brahmaputra (Dibrugarh gauge),105.7,TRUE,133.5,1.263,1,6
Manipur,0,0,0,11.2,0,Imphal River,8,FALSE,3.22,0.402,0,3
Assam,53.65648,86.83605111,100.0687658,10.2,0,Manas,33,FALSE,22.41,0.679,0,8
Arunachal Pradesh,0,7.456723213,7.456723213,15.9,0,Subansiri,42,FALSE,21.13,0.503,1,1
Mizoram,30.189466,39.90849304,42.58427167,22.9,0,Barak,20.5,FALSE,9.08,0.443,0,6
Assam,190.97113,378.1469116,546.8893054,6.7,0,Brahmaputra (Dhubri gauge),28.62,TRUE,35.72,1.248,1,6
Arunachal Pradesh,0,0,3.345017672,17.9,0,Brahmaputra (Dibrugarh gauge),105.7,TRUE,87.52,0.828,0,11
Meghalaya,84.07821,179.334837,244.9788389,24.2,0,Brahmaputra (Goalpara gauge),36.27,TRUE,32.06,0.884,1,8
Meghalaya,14.810945,15.08073792,35.30308451,18.7,0,Brahmaputra (Guwahati gauge),49.68,TRUE,23.2,0.467,0,4
Meghalaya,0,0,16.82808185,16,0,Brahmaputra (Goalpara gauge),36.27,TRUE,14.47,0.399,1,2
Mizoram,50.99339,66.68836021,170.747869,25.8,0,Tlawng,9,FALSE,7.21,0.801,0,7
Assam,27.340475,143.3534031,366.3621845,5.9,2,Subansiri,42,FALSE,41.54,0.989,1,7
Sikkim,3.0780709,16.69815901,21.29873416,31.9,1,Teesta,15,FALSE,6.04,0.403,1,4
Nagaland,0,0,2.232255377,16.8,2,Brahmaputra (Dibrugarh gauge),105.7,TRUE,48.62,0.46,0,1
Manipur,30.520498,33.96333289,57.11736608,23.5,0,Barak,20.5,FALSE,16.3,0.795,1,9
Manipur,40.743553,81.80200768,183.389544,20.6,2,Barak,20.5,FALSE,14.14,0.69,1,6
Assam,0,0,2.397049338,1.3,0,Dikrong,14,FALSE,6.54,0.467,0,3
Assam,61.575844,161.5222054,401.8983994,1.3,0,Dikrong,14,FALSE,13.96,0.997,1,6
Manipur,0,0,0,8.4,2,Imphal River,8,FALSE,6.5,0.813,1,4
Mizoram,65.71098,74.97893417,101.9798771,24.2,1,Tlawng,9,FALSE,4.33,0.481,1,7
Meghalaya,9.087198,53.92706394,873.4417658,21.6,0,Brahmaputra (Goalpara gauge),36.27,TRUE,34.78,0.959,1,6
Manipur,7.914733,7.914732933,36.00491095,19.6,1,Barak,20.5,FALSE,21.48,1.048,1,9
Mizoram,2.2122393,3.63167119,31.56941484,19.7,0,Barak,20.5,FALSE,13.37,0.652,0,5
Arunachal Pradesh,31.029276,102.127327,195.2656436,28.9,1,Brahmaputra (Dibrugarh gauge),105.7,TRUE,94.39,0.893,1,7
Assam,79.86007,106.8734932,264.7417984,4.7,2,Dikrong,14,FALSE,13.57,0.969,1,6
Tripura,103.19103,143.7856555,186.1688395,14.5,0,Khowai,10,FALSE,5.78,0.578,1,10
Assam,101.256226,110.6754336,218.4954998,5.7,1,Manas,33,FALSE,26.73,0.81,0,8
Meghalaya,0,8.542724192,39.5487801,17.5,0,Brahmaputra (Dhubri gauge),28.62,TRUE,25.13,0.878,1,7
Tripura,9.719109,31.83497238,62.83811778,20.2,1,Gomti,12,FALSE,13.03,1.086,1,6
Manipur,11.972539,23.03141212,27.58436537,16,2,Imphal River,8,FALSE,5.12,0.64,0,9
Tripura,2.719807,9.146958351,39.74681191,13.3,2,Khowai,10,FALSE,3.27,0.327,1,3
Manipur,0,0,0.061365731,16.8,0,Barak,20.5,FALSE,12.42,0.606,0,3
Meghalaya,15.607051,34.80535793,55.18832824,16,0,Brahmaputra (Goalpara gauge),36.27,TRUE,19.3,0.532,0,6
Nagaland,54.7177,67.05273509,68.18737876,10.6,0,Brahmaputra (Neamatighat gauge),85.05,TRUE,50.6,0.595,0,9
Mizoram,0,0.976432502,0.976432502,25,1,Tlawng,9,FALSE,3.48,0.387,0,3
Arunachal Pradesh,0,0,0,15.3,1,Dikrong,14,FALSE,5.73,0.409,1,1
Manipur,5.6317587,19.87381649,106.7580957,20.7,2,Barak,20.5,FALSE,18.41,0.898,0,8
Assam,4.235057,8.724799156,219.9552832,11.2,0,Brahmaputra (Dhubri gauge),28.62,TRUE,23.15,0.809,0,9
Meghalaya,0,0,12.75392056,16.2,0,Brahmaputra (Guwahati gauge),49.68,TRUE,18.83,0.379,0,11
Assam,6.1734567,16.05740547,72.39200354,4.3,0,Brahmaputra (Tezpur gauge),65.23,TRUE,25.64,0.393,1,3
Nagaland,14.222074,14.54206541,87.74747993,15.1,2,Brahmaputra (Neamatighat gauge),85.05,TRUE,95.68,1.125,1,9
Mizoram,17.543848,130.4475307,392.9809637,22.2,1,Tlawng,9,FALSE,8.75,0.972,1,6
Mizoram,164.39458,249.853754,358.6169176,24,1,Tlawng,9,FALSE,8.4,0.933,1,5
Nagaland,9.308165,15.27932423,92.65509909,13.8,0,Dhansiri,40,FALSE,19.56,0.489,1,8
Tripura,127.36394,195.9914017,207.9770911,15.2,0,Tlawng,9,FALSE,4.79,0.532,0,5
Tripura,1.6312141,29.44638371,407.486892,14.5,0,Khowai,10,FALSE,10.18,1.018,0,6
Meghalaya,208.62909,337.2136879,388.5064023,16.4,0,Brahmaputra (Dhubri gauge),28.62,TRUE,31.4,1.097,1,7
Sikkim,0.38983402,0.389834017,0.389834017,25.5,2,Teesta,15,FALSE,3.93,0.262,1,2
Assam,0,0,0,6.7,0,Manas,33,FALSE,15.64,0.474,1,11
Meghalaya,0,4.266265392,11.37670708,14.5,0,Brahmaputra (Dhubri gauge),28.62,TRUE,14.42,0.504,1,6
Meghalaya,0,0,0,15.7,1,Brahmaputra (Dhubri gauge),28.62,TRUE,5.95,0.208,0,12
Assam,5.894579,8.303014189,8.303014189,7.8,1,Brahmaputra (Dibrugarh gauge),105.7,TRUE,64.37,0.609,1,11
Mizoram,0.052228168,6.179728344,16.49481457,19.7,0,Barak,20.5,FALSE,7.24,0.353,1,3
Arunachal Pradesh,5.906116,14.15608454,15.17470491,30.3,1,Brahmaputra (Dibrugarh gauge),105.7,TRUE,57.71,0.546,0,8
Assam,1.9848471,7.404564023,67.13981926,4.6,1,Brahmaputra (Goalpara gauge),36.27,TRUE,21,0.579,0,5
Assam,2.3524187,17.50085759,25.26847859,3.3,0,Brahmaputra (Tezpur gauge),65.23,TRUE,38.42,0.589,1,7
Mizoram,0,0,1.813493848,19.7,0,Barak,20.5,FALSE,6.5,0.317,0,12
Arunachal Pradesh,2.396309,52.27430439,126.9205291,29.3,0,Brahmaputra (Dibrugarh gauge),105.7,TRUE,70.92,0.671,1,6
Assam,1.9512175,39.30174816,55.49422181,7.7,3,Barak,20.5,FALSE,12.55,0.612,0,8
Arunachal Pradesh,0,13.99951506,16.02635426,28.9,1,Brahmaputra (Dibrugarh gauge),105.7,TRUE,42.91,0.406,0,3
Nagaland,84.79957,174.1740088,206.7877831,19.2,1,Dhansiri,40,FALSE,34.32,0.858,1,4
Meghalaya,0,0,0,20.4,1,Barak,20.5,FALSE,10.7,0.522,0,12
Meghalaya,13.77757,28.28444099,43.61011451,20.9,2,Barak,20.5,FALSE,13.32,0.65,0,8
Mizoram,0,0,85.20373535,17.7,1,Tlawng,9,FALSE,2.73,0.303,0,11
Meghalaya,5.034024,11.6741519,91.68676662,20.7,1,Barak,20.5,FALSE,10.41,0.508,1,8
Mizoram,51.523838,240.2784691,330.4286716,23.4,0,Tlawng,9,FALSE,7.9,0.878,1,6
Mizoram,0,0,0,20.7,0,Tlawng,9,FALSE,4.5,0.5,1,3
Assam,0,0,0,5.9,2,Subansiri,42,FALSE,19.19,0.457,0,1
Assam,121.72732,166.0663862,177.1720825,4.4,1,Brahmaputra (Tezpur gauge),65.23,TRUE,39.4,0.604,1,5
Arunachal Pradesh,0,0,24.22895813,30.3,0,Brahmaputra (Dibrugarh gauge),105.7,TRUE,37.73,0.357,1,11
Tripura,0,2.354730844,48.28369136,11.3,1,Tlawng,9,FALSE,3.36,0.373,1,5
Manipur,2.1661313,2.709046543,13.08674842,8.4,2,Imphal River,8,FALSE,7.64,0.955,1,2
Tripura,0,56.24287987,98.35929227,12.8,1,Tlawng,9,FALSE,3.82,0.424,1,5
Meghalaya,57.466923,140.9296913,146.484049,21.9,1,Brahmaputra (Guwahati gauge),49.68,TRUE,41.88,0.843,1,6
Assam,0,0,0,3.9,1,Dikrong,14,FALSE,12.14,0.867,1,12
Nagaland,4.079158,31.56084584,66.5720527,17.8,0,Subansiri,42,FALSE,36.92,0.879,1,7
Sikkim,40.655003,149.5148163,376.2168717,33.6,1,Teesta,15,FALSE,15.56,1.037,1,7
Assam,81.76476,105.0031004,177.5890427,5,0,Subansiri,42,FALSE,45.86,1.092,0,8
Nagaland,7.5294485,31.93487453,117.5272485,21.7,0,Dhansiri,40,FALSE,25.6,0.64,1,9
Meghalaya,67.68094,183.6941833,687.6371822,21.6,0,Brahmaputra (Goalpara gauge),36.27,TRUE,39.28,1.083,1,8
Meghalaya,2.6089683,27.01179552,84.66713393,18.8,0,Brahmaputra (Guwahati gauge),49.68,TRUE,50.03,1.007,0,8
Meghalaya,177.35129,346.8399658,383.1280123,24.2,0,Brahmaputra (Goalpara gauge),36.27,TRUE,41.09,1.133,1,7
Arunachal Pradesh,128.28993,426.1918564,509.3661619,26.3,0,Brahmaputra (Dibrugarh gauge),105.7,TRUE,127.26,1.204,1,7
Tripura,132.85083,165.799271,194.5841245,12.8,1,Gomti,12,FALSE,8.94,0.745,0,8
Meghalaya,36.25902,59.45965481,159.9050045,15.9,1,Brahmaputra (Dhubri gauge),28.62,TRUE,17.97,0.628,1,7
Tripura,4.391255,52.86367083,85.85908079,20.2,1,Gomti,12,FALSE,6.59,0.549,1,4
Manipur,1.7827628,23.68458962,57.32648775,8.4,2,Imphal River,8,FALSE,4.1,0.512,1,6
Arunachal Pradesh,2.2982697,3.053168429,62.38868202,9.4,0,Dikrong,14,FALSE,13.05,0.932,1,2
Meghalaya,195.61632,344.4937172,366.7261403,20.5,1,Brahmaputra (Guwahati gauge),49.68,TRUE,47.49,0.956,1,4
Arunachal Pradesh,129.56189,210.9082527,217.8981213,18,0,Dikrong,14,FALSE,11.61,0.829,1,5
Arunachal Pradesh,0,0.288591295,0.432083756,16.8,0,Dikrong,14,FALSE,4.76,0.34,0,1
Meghalaya,1.771995,36.77689683,51.08995673,20,3,Barak,20.5,FALSE,11.77,0.574,0,7
Nagaland,37.157215,42.9648397,54.22380579,20.5,0,Kopili,30,FALSE,18.69,0.623,0,6
Mizoram,15.90782,48.69494522,66.11052614,23.4,0,Tlawng,9,FALSE,8.8,0.978,1,8
Meghalaya,80.663155,229.742691,298.1354356,16.4,0,Brahmaputra (Dhubri gauge),28.62,TRUE,27.56,0.963,1,8
Tripura,24.387163,35.45549881,178.4376451,12.6,1,Gomti,12,FALSE,9.79,0.816,0,7
Mizoram,0,0,0,19.7,0,Barak,20.5,FALSE,6.48,0.316,0,4
Mizoram,0.9597268,11.9877038,41.10050797,25,2,Tlawng,9,FALSE,9.1,1.011,0,7
Mizoram,23.071093,39.67327642,124.3388357,23.3,0,Tlawng,9,FALSE,5.32,0.591,0,9
Manipur,0,0,15.18494925,17.5,1,Imphal River,8,FALSE,7.41,0.926,1,9
Meghalaya,40.454773,82.39199066,327.0182219,18.9,0,Brahmaputra (Guwahati gauge),49.68,TRUE,42.82,0.862,1,10
Meghalaya,94.60353,350.3160553,676.1355209,19.7,1,Brahmaputra (Goalpara gauge),36.27,TRUE,34.82,0.96,1,6
Manipur,0,0,0,15,1,Barak,20.5,FALSE,8.16,0.398,0,10
Arunachal Pradesh,0,29.84266949,63.43745482,27.2,0,Brahmaputra (Dibrugarh gauge),105.7,TRUE,61.31,0.58,0,6
Tripura,75.25515,133.7608795,287.0757446,15.2,0,Tlawng,9,FALSE,7.44,0.827,0,8
Meghalaya,25.669384,69.27742565,263.7419547,27.5,3,Brahmaputra (Guwahati gauge),49.68,TRUE,40.39,0.813,1,8
Sikkim,1.9378682,3.730538011,42.92833006,34.9,3,Teesta,15,FALSE,12.9,0.86,1,8
Meghalaya,91.28114,132.3691053,143.225698,17.7,1,Brahmaputra (Goalpara gauge),36.27,TRUE,25.5,0.703,1,6
Manipur,0,0,0,23.5,0,Barak,20.5,FALSE,19.41,0.947,1,1
Mizoram,71.92802,286.6492882,411.2214794,19.4,0,Tlawng,9,FALSE,9.28,1.031,1,6
Assam,7.63746,67.25046587,126.7001665,5,0,Brahmaputra (Tezpur gauge),65.23,TRUE,42.73,0.655,0,8
Manipur,0.5761554,0.576155424,0.576155424,9,0,Doyang,18,FALSE,16.36,0.909,0,3
Arunachal Pradesh,45.840725,190.3131065,202.4237803,28,1,Brahmaputra (Dibrugarh gauge),105.7,TRUE,108.24,1.024,1,6
Arunachal Pradesh,7.41496,23.67214918,63.61785519,13.8,0,Dikrong,14,FALSE,13.47,0.962,1,8
Nagaland,6.4580364,41.12247825,44.29750812,13.3,0,Doyang,18,FALSE,11.39,0.633,1,9
Mizoram,3.4407055,4.72229743,8.086063266,21.9,2,Tlawng,9,FALSE,3.28,0.365,1,4
Meghalaya,142.67377,221.4518661,252.0632536,17.7,1,Brahmaputra (Goalpara gauge),36.27,TRUE,29.02,0.8,0,4
Arunachal Pradesh,102.25237,161.1139832,189.5356808,33.2,2,Brahmaputra (Dibrugarh gauge),105.7,TRUE,73.57,0.696,1,5
Manipur,3.034292,42.01225257,163.4370873,13.1,1,Imphal River,8,FALSE,6.77,0.846,0,9
Meghalaya,0,0,0,24.7,2,Brahmaputra (Goalpara gauge),36.27,TRUE,14.54,0.401,1,1
Arunachal Pradesh,7.5523906,28.14934874,32.14218903,9.4,0,Dikrong,14,FALSE,7.81,0.558,0,6
Mizoram,74.853096,158.2397251,229.4186205,23.1,0,Tlawng,9,FALSE,5.44,0.604,1,5
Meghalaya,1.6731205,1.673120499,8.379919052,24.9,0,Brahmaputra (Guwahati gauge),49.68,TRUE,18.88,0.38,0,10
Sikkim,0.5434362,10.91290396,10.91290396,34.2,1,Teesta,15,FALSE,5.5,0.367,1,3
Arunachal Pradesh,1.8400319,4.809112549,26.53701258,23.7,1,Brahmaputra (Dibrugarh gauge),105.7,TRUE,37.42,0.354,1,2
Nagaland,53.58686,56.94922674,57.18398236,18.8,0,Brahmaputra (Dibrugarh gauge),105.7,TRUE,40.38,0.382,1,4
Arunachal Pradesh,58.280678,58.28188521,82.95626265,25.5,0,Brahmaputra (Dibrugarh gauge),105.7,TRUE,66.91,0.633,0,4
Sikkim,96.99109,188.2476349,248.7866676,23.3,0,Teesta,15,FALSE,14.04,0.936,1,9
Assam,30.632816,34.12959915,48.76399952,6.3,1,Brahmaputra (Goalpara gauge),36.27,TRUE,17.74,0.489,0,5
Tripura,0,0,0,17.2,0,Gomti,12,FALSE,9.8,0.817,0,12
Meghalaya,3.387007,6.245106816,122.7447845,27.5,3,Brahmaputra (Guwahati gauge),49.68,TRUE,35.07,0.706,1,6
Manipur,0,8.649360299,39.49220788,9.7,0,Doyang,18,FALSE,6.86,0.381,1,10
Tripura,15.98209,25.9223597,63.4002254,20.2,1,Gomti,12,FALSE,5.68,0.473,0,7
Mizoram,51.214546,53.4715693,66.50188923,23,2,Khowai,10,FALSE,5.01,0.501,0,5
Arunachal Pradesh,0,0,0.19085989,31.9,1,Brahmaputra (Dibrugarh gauge),105.7,TRUE,31.6,0.299,1,10
Tripura,2.7451172,25.37624645,105.3272934,12.8,1,Gomti,12,FALSE,11.51,0.959,1,9
Sikkim,43.361977,191.8133698,369.7891331,29.7,3,Teesta,15,FALSE,14.61,0.974,1,6
Sikkim,17.165907,109.2715321,372.6692429,31.9,1,Teesta,15,FALSE,15.12,1.008,1,6
Nagaland,0.8355371,0.989429906,0.989429906,21.7,0,Dhansiri,40,FALSE,15.04,0.376,0,2
Meghalaya,0.11529218,0.231590964,495.4112785,14.5,0,Brahmaputra (Dhubri gauge),28.62,TRUE,37.21,1.3,0,6
Sikkim,4.732457,25.75164223,40.61918068,34.2,1,Teesta,15,FALSE,4.27,0.285,1,10
Manipur,0,0,0.085427023,14.6,2,Imphal River,8,FALSE,3.04,0.38,0,6
Assam,5.8214765,55.3525424,77.57012868,6.2,0,Brahmaputra (Dibrugarh gauge),105.7,TRUE,48.3,0.457,0,10
Nagaland,4.0585876,19.03782439,53.99368906,10.6,0,Brahmaputra (Neamatighat gauge),85.05,TRUE,45.42,0.534,0,5
Assam,0,0,0,10.2,0,Manas,33,FALSE,26.5,0.803,1,4
Mizoram,0.4993758,5.153896183,177.9894885,27,2,Tlawng,9,FALSE,9.2,1.022,1,6
Arunachal Pradesh,18.627048,18.62704849,59.32740593,30.3,0,Brahmaputra (Dibrugarh gauge),105.7,TRUE,45.35,0.429,1,3
Assam,105.08542,202.4959774,254.0736094,4.7,0,Subansiri,42,FALSE,30.74,0.732,0,4
Manipur,22.81775,38.76921272,76.33180952,23.5,0,Barak,20.5,FALSE,8.36,0.408,1,5
Meghalaya,134.42386,282.8849478,328.7457825,22,0,Brahmaputra (Guwahati gauge),49.68,TRUE,44.36,0.893,1,5
Manipur,37.394806,47.7672509,185.8045977,6.7,0,Doyang,18,FALSE,14.4,0.8,0,9
Sikkim,0,2.07621026,2.07621026,34.2,1,Teesta,15,FALSE,10.64,0.709,1,10
Arunachal Pradesh,15.22436,15.56157401,234.1017695,25.1,1,Brahmaputra (Dibrugarh gauge),105.7,TRUE,87.41,0.827,1,7
Assam,0,0,0,5.5,0,Manas,33,FALSE,16.63,0.504,0,1
Tripura,0,8.783015251,52.30174261,16.1,0,Gomti,12,FALSE,5.58,0.465,0,10
Meghalaya,1.8193338,18.3976047,52.44478774,18.8,2,Brahmaputra (Guwahati gauge),49.68,TRUE,22.75,0.458,0,5
Mizoram,16.13971,104.5065441,403.5667286,19.4,0,Tlawng,9,FALSE,8.53,0.948,1,6
Tripura,0,3.15170598,138.2325422,13.5,0,Gomti,12,FALSE,9.88,0.823,1,8
Manipur,30.842392,65.43924904,145.0275831,17.5,1,Barak,20.5,FALSE,20.68,1.009,1,8
Assam,1.1663307,161.1321682,413.1504883,10.2,0,Manas,33,FALSE,34.75,1.053,1,6
Nagaland,0,1.104941487,50.03441823,15.4,0,Dikrong,14,FALSE,8.86,0.633,0,9
Assam,17.78011,97.3172226,172.1553081,11.2,0,Brahmaputra (Dhubri gauge),28.62,TRUE,14.91,0.521,0,4
Manipur,0.10490668,40.97498381,40.97498381,9,0,Doyang,18,FALSE,7.42,0.412,0,11
Meghalaya,0,0,0,19.6,0,Kopili,30,FALSE,10.71,0.357,0,11
Assam,0,64.19577837,616.7844548,11.2,0,Brahmaputra (Dhubri gauge),28.62,TRUE,29.94,1.046,1,6
Sikkim,0,0.302291125,4.216026321,33.4,1,Teesta,15,FALSE,5.2,0.347,0,3
Assam,90.329926,113.632405,114.1389401,6.7,1,Brahmaputra (Dhubri gauge),28.62,TRUE,9.13,0.319,1,5
Meghalaya,59.66969,82.430444,83.65522924,18.8,2,Brahmaputra (Guwahati gauge),49.68,TRUE,25.49,0.513,1,9
Assam,54.149643,55.32227904,280.4676228,5.4,0,Dikrong,14,FALSE,11.23,0.802,0,7
Arunachal Pradesh,0.43980002,51.51854682,65.61543745,17.6,1,Subansiri,42,FALSE,16.8,0.4,1,4
Manipur,0,6.690915108,15.32430357,11.2,0,Imphal River,8,FALSE,8.26,1.032,1,9
Mizoram,50.39931,67.43697357,67.43697357,19.4,0,Tlawng,9,FALSE,4.49,0.499,0,11
Nagaland,0,11.89347669,11.89347669,18,1,Dhansiri,40,FALSE,18.64,0.466,1,10
Sikkim,5.4297028,7.128643155,7.128643155,28,1,Teesta,15,FALSE,5.78,0.385,0,10
Manipur,7.628512,24.17728162,141.2828381,6.7,0,Doyang,18,FALSE,14.62,0.812,1,6
Sikkim,5.0447354,14.00256491,57.40002137,28.8,0,Teesta,15,FALSE,6.09,0.406,0,5
Arunachal Pradesh,0,0,9.346258733,23.2,0,Subansiri,42,FALSE,33.85,0.806,0,4
Sikkim,59.22045,139.2431793,206.3786569,33.6,1,Teesta,15,FALSE,13.06,0.871,1,8
Manipur,0,0,0,17.5,1,Imphal River,8,FALSE,6.74,0.842,0,11
Meghalaya,23.827728,210.5672417,545.2372074,18.6,2,Brahmaputra (Dhubri gauge),28.62,TRUE,27.42,0.958,1,6
Tripura,0,8.653087616,101.7816282,14.8,1,Khowai,10,FALSE,7.37,0.737,1,9
Arunachal Pradesh,44.92049,188.1599159,302.5100818,19.1,3,Brahmaputra (Dibrugarh gauge),105.7,TRUE,108.98,1.031,1,7
Assam,109.795334,198.7204685,386.1897626,10.2,0,Manas,33,FALSE,32.51,0.985,1,8
Manipur,0.59454983,7.356672943,8.631351948,20.7,2,Barak,20.5,FALSE,13.92,0.679,0,5
Assam,44.748653,198.8846607,215.3397679,5.9,1,Brahmaputra (Dibrugarh gauge),105.7,TRUE,86.04,0.814,0,6
Sikkim,53.110264,89.05140305,144.5281553,23.3,0,Teesta,15,FALSE,9.88,0.659,0,9
Nagaland,0,7.498991966,10.9253248,16.7,3,Dhansiri,40,FALSE,34.08,0.852,0,2
Nagaland,0.15053357,0.821057454,29.61234559,16.4,0,Doyang,18,FALSE,15.79,0.877,1,3
Arunachal Pradesh,115.49456,177.4148011,198.5959191,17.9,0,Brahmaputra (Dibrugarh gauge),105.7,TRUE,91.01,0.861,1,5
Nagaland,50.749126,82.05388069,183.8230827,13.2,1,Brahmaputra (Neamatighat gauge),85.05,TRUE,52.48,0.617,0,5
Mizoram,0,0,19.56316382,24.2,1,Tlawng,9,FALSE,3.49,0.388,0,10
Mizoram,20.974228,36.8289063,36.8289063,20.3,0,Tlawng,9,FALSE,4.12,0.458,0,10
Arunachal Pradesh,0,5.81E-07,25.99984799,32.1,1,Brahmaputra (Dibrugarh gauge),105.7,TRUE,101.58,0.961,1,11
Sikkim,22.721478,41.54812908,100.3734713,33.4,1,Teesta,15,FALSE,14.8,0.987,0,8
Mizoram,0,2.957178116,38.52005482,23.1,0,Tlawng,9,FALSE,8.57,0.952,0,4
Manipur,2.630778,10.18850756,21.71463346,9.1,1,Doyang,18,FALSE,8.98,0.499,1,9
Tripura,0,0,0,13.7,0,Gomti,12,FALSE,7.28,0.607,1,10
Meghalaya,14.346166,27.58219862,76.37513494,18.9,0,Brahmaputra (Guwahati gauge),49.68,TRUE,21.61,0.435,1,4
Meghalaya,0,5.9636693,5.9636693,18.7,0,Brahmaputra (Guwahati gauge),49.68,TRUE,13.31,0.268,0,11
Mizoram,0,20.54741049,28.13867497,19.7,0,Barak,20.5,FALSE,7.01,0.342,0,4
Manipur,57.549767,131.8482513,161.5005507,9.1,1,Doyang,18,FALSE,11.3,0.628,1,5
Meghalaya,197.34311,534.8476563,730.9306698,18.9,0,Brahmaputra (Guwahati gauge),49.68,TRUE,48.64,0.979,1,10
Mizoram,109.60462,191.9028931,292.1461291,25.8,0,Tlawng,9,FALSE,7.26,0.807,0,5
Nagaland,82.08949,99.25454426,99.69833606,17.5,2,Dhansiri,40,FALSE,26.36,0.659,1,6
Mizoram,6.150686,22.73175144,29.52244842,22.2,1,Tlawng,9,FALSE,3.36,0.373,1,3
Mizoram,23.74706,45.61344528,125.0832181,25,0,Tlawng,9,FALSE,7.7,0.856,0,6
Arunachal Pradesh,64.93215,75.78544521,80.15445352,15.9,0,Subansiri,42,FALSE,19.91,0.474,0,10
Meghalaya,23.410713,62.26462173,187.1005864,24.9,0,Brahmaputra (Guwahati gauge),49.68,TRUE,40.29,0.811,0,8
Nagaland,1.3955654,19.02117908,40.41340572,21.7,0,Dhansiri,40,FALSE,20.12,0.503,0,7
Meghalaya,64.34986,123.8344975,136.4315083,23,2,Brahmaputra (Guwahati gauge),49.68,TRUE,29.11,0.586,0,5
Sikkim,0,0,0,25.7,0,Teesta,15,FALSE,5.19,0.346,0,1
Manipur,2.5068536,112.9889264,226.2682014,14.6,2,Imphal River,8,FALSE,5.29,0.661,1,5
Sikkim,2.6799643,28.95141244,96.7735455,33.4,1,Teesta,15,FALSE,6.5,0.433,1,5
Arunachal Pradesh,13.400956,137.0223551,176.5122838,23.1,1,Brahmaputra (Dibrugarh gauge),105.7,TRUE,61.73,0.584,1,10
Mizoram,57.976807,82.48230648,109.6553655,23.4,0,Tlawng,9,FALSE,8.9,0.989,1,7
Meghalaya,201.19406,237.0882893,496.5598803,17.5,0,Brahmaputra (Dhubri gauge),28.62,TRUE,28.05,0.98,1,5
Meghalaya,24.178377,139.9481258,180.8795814,16.4,0,Brahmaputra (Dhubri gauge),28.62,TRUE,24.81,0.867,0,8
Arunachal Pradesh,0,0,0,21,2,Brahmaputra (Dibrugarh gauge),105.7,TRUE,76.95,0.728,0,1
Manipur,3.5384688,5.545188755,53.93801197,23.5,0,Barak,20.5,FALSE,21.81,1.064,0,8
Nagaland,0,0,0,14.2,1,Doyang,18,FALSE,15.86,0.881,0,12
Arunachal Pradesh,66.66784,160.4399633,164.9404398,28.9,1,Brahmaputra (Dibrugarh gauge),105.7,TRUE,91.85,0.869,1,6
Nagaland,51.999355,91.02639008,104.086544,20.1,1,Dhansiri,40,FALSE,19.72,0.493,1,7
Meghalaya,0,0,3.298391819,22.1,0,Brahmaputra (Guwahati gauge),49.68,TRUE,27.17,0.547,0,9
Assam,0,0,0,11.2,0,Brahmaputra (Dhubri gauge),28.62,TRUE,10.99,0.384,1,1
Arunachal Pradesh,52.610718,115.3308258,137.3111668,21,2,Brahmaputra (Dibrugarh gauge),105.7,TRUE,55.18,0.522,0,4
Nagaland,0,0,0,12.5,0,Doyang,18,FALSE,8.44,0.469,0,3
Mizoram,2.1641598,4.353397846,25.43430352,25,0,Tlawng,9,FALSE,3.25,0.361,0,5
Assam,193.88898,239.0920957,240.0438781,7.3,0,Manas,33,FALSE,30.2,0.915,0,8
Meghalaya,173.63884,410.0844574,497.1263595,18.9,0,Brahmaputra (Guwahati gauge),49.68,TRUE,58.27,1.173,1,6
Tripura,179.53636,192.4597025,292.753701,16.3,0,Gomti,12,FALSE,12.23,1.019,1,8
Arunachal Pradesh,0,5.973033905,5.973033905,28,1,Brahmaputra (Dibrugarh gauge),105.7,TRUE,31.82,0.301,1,11
Manipur,0,0,2.329715729,23.5,0,Barak,20.5,FALSE,8.84,0.431,0,11
Assam,121.67908,151.0176516,177.7314217,9.1,1,Khowai,10,FALSE,7.9,0.79,1,8
Mizoram,83.02777,143.6605835,183.6650037,24.8,0,Tlawng,9,FALSE,6.09,0.677,1,8
Meghalaya,0,0,7.104703538,22,0,Brahmaputra (Guwahati gauge),49.68,TRUE,23.15,0.466,1,4
Assam,86.27503,250.7583389,324.7892634,6.2,0,Brahmaputra (Dibrugarh gauge),105.7,TRUE,98.2,0.929,1,7
Manipur,0,0.198544264,5.111595988,9.1,1,Doyang,18,FALSE,5.6,0.311,1,10
Meghalaya,0,0.177748278,169.9618121,21.3,1,Brahmaputra (Goalpara gauge),36.27,TRUE,19.69,0.543,1,8
Assam,108.948,133.5019078,206.9536722,6.7,0,Manas,33,FALSE,41.35,1.253,1,8
Arunachal Pradesh,44.508053,74.2540369,111.4040251,27.3,1,Brahmaputra (Dibrugarh gauge),105.7,TRUE,58.87,0.557,1,6
Mizoram,0.77739996,4.152194351,5.900848597,25.4,3,Tlawng,9,FALSE,4.32,0.48,1,9
Arunachal Pradesh,0,0.956801027,1.442252129,29.7,1,Brahmaputra (Dibrugarh gauge),105.7,TRUE,42.39,0.401,1,1
Mizoram,0,0,0,25,2,Tlawng,9,FALSE,2.95,0.328,0,12
Meghalaya,16.813562,179.0283527,281.0652275,18.9,0,Brahmaputra (Guwahati gauge),49.68,TRUE,42.23,0.85,0,7
Assam,42.801,262.2201881,509.6926289,7.3,0,Manas,33,FALSE,38.51,1.167,0,6
Arunachal Pradesh,0,0,0,32.1,1,Brahmaputra (Dibrugarh gauge),105.7,TRUE,54.22,0.513,1,7
Sikkim,92.924255,143.4093103,199.2103963,29.8,2,Teesta,15,FALSE,15.37,1.025,1,7
Nagaland,0,0,0,20.5,0,Kopili,30,FALSE,8.97,0.299,0,1
Manipur,0,0,0,15.8,1,Doyang,18,FALSE,8.6,0.478,1,12
Meghalaya,149.95528,325.4267273,463.2713585,19.7,0,Brahmaputra (Goalpara gauge),36.27,TRUE,40.99,1.13,1,6
Assam,0.69861776,14.09859544,14.32035033,10.2,0,Manas,33,FALSE,17.66,0.535,0,9
Nagaland,1.6710742,10.28583264,13.07696342,21.7,0,Dhansiri,40,FALSE,18.32,0.458,0,2
Meghalaya,0,0,1.089238316,20.6,0,Brahmaputra (Dhubri gauge),28.62,TRUE,13.34,0.466,0,9
Assam,4.617621,6.750756979,10.83135134,11.2,0,Brahmaputra (Dhubri gauge),28.62,TRUE,25.99,0.908,1,9
Arunachal Pradesh,1.2064905,14.21022892,16.64562839,9.4,0,Dikrong,14,FALSE,6.9,0.493,0,2
Meghalaya,32.440884,214.9534302,459.2196426,14.5,0,Brahmaputra (Dhubri gauge),28.62,TRUE,33.29,1.163,1,6
Manipur,0,0,1.102453932,8.4,2,Imphal River,8,FALSE,3.11,0.389,1,11
Meghalaya,15.587209,60.0191679,318.06071,15.7,1,Brahmaputra (Dhubri gauge),28.62,TRUE,24.16,0.844,1,7
Sikkim,14.810797,42.03695107,108.229084,33.6,1,Teesta,15,FALSE,8.9,0.593,0,3
Assam,7.1262736,7.126273632,61.02619696,3.9,0,Brahmaputra (Guwahati gauge),49.68,TRUE,25.04,0.504,0,8
Arunachal Pradesh,15.456054,84.09208584,113.420795,17.5,0,Subansiri,42,FALSE,21.97,0.523,1,5
Arunachal Pradesh,4.3195596,95.50115061,200.4573808,27.8,0,Brahmaputra (Dibrugarh gauge),105.7,TRUE,102.42,0.969,1,10
Assam,0,5.996189594,5.996189594,10.2,0,Manas,33,FALSE,22.04,0.668,0,11
Tripura,0.25760046,0.515200913,18.33002597,20.2,1,Gomti,12,FALSE,5.44,0.453,1,10
Arunachal Pradesh,0,0,0,16.8,0,Dikrong,14,FALSE,6.8,0.486,1,1
Manipur,8.06709,29.50771618,256.5108976,19.2,0,Imphal River,8,FALSE,6.58,0.823,0,6
Arunachal Pradesh,51.108265,102.670969,110.0413078,25.2,1,Brahmaputra (Dibrugarh gauge),105.7,TRUE,107.29,1.015,1,9
Sikkim,0.07710652,14.32249944,31.00383921,23.3,0,Teesta,15,FALSE,4.53,0.302,0,2
Assam,109.11479,111.3392868,120.2773739,6.7,0,Manas,33,FALSE,29.5,0.894,1,7
Sikkim,114.22735,221.647789,334.9587669,33.6,1,Teesta,15,FALSE,14.92,0.995,1,7
Meghalaya,0,0,34.67267179,20.6,0,Brahmaputra (Dhubri gauge),28.62,TRUE,8.07,0.282,1,4
Arunachal Pradesh,50.231518,60.9915123,81.54462254,16.8,0,Dikrong,14,FALSE,5.32,0.38,0,5
Meghalaya,93.60444,409.1043549,544.6872168,20.2,0,Brahmaputra (Guwahati gauge),49.68,TRUE,55.59,1.119,1,8
Sikkim,0.97570986,23.87324136,50.85237879,25.5,2,Teesta,15,FALSE,14.54,0.969,1,9
Meghalaya,0,0,0,23.5,1,Barak,20.5,FALSE,8.94,0.436,1,1
Assam,105.59413,207.098753,254.8643382,6.5,0,Manas,33,FALSE,32.04,0.971,1,6
Nagaland,55.168495,70.46814036,73.38986039,15.4,0,Dikrong,14,FALSE,5.75,0.411,0,3
Sikkim,5.0601616,9.443241194,104.3165456,31.9,1,Teesta,15,FALSE,13.08,0.872,1,6
Meghalaya,0.98112315,169.2336103,320.2981722,24.2,0,Brahmaputra (Goalpara gauge),36.27,TRUE,33.11,0.913,1,8
Meghalaya,0,61.03504562,150.927866,22.4,0,Brahmaputra (Dhubri gauge),28.62,TRUE,22.9,0.8,0,6
Meghalaya,109.41767,149.8829222,185.6433281,15.9,1,Brahmaputra (Dhubri gauge),28.62,TRUE,19.4,0.678,0,7
Meghalaya,0,3.047559977,3.94120267,19.6,1,Brahmaputra (Goalpara gauge),36.27,TRUE,14.8,0.408,1,3
Nagaland,0,0.448018491,2.462381065,16.7,2,Brahmaputra (Tezpur gauge),65.23,TRUE,61.06,0.936,1,7
Arunachal Pradesh,13.748465,27.60062408,82.2835905,34,0,Brahmaputra (Dibrugarh gauge),105.7,TRUE,54.75,0.518,0,4
Tripura,0.40787303,0.509841293,0.509841293,20.2,1,Gomti,12,FALSE,2.29,0.191,0,2
Tripura,0,33.39935017,52.15166283,15.2,0,Tlawng,9,FALSE,4.03,0.448,0,11
Nagaland,0,0,0,14.6,1,Brahmaputra (Neamatighat gauge),85.05,TRUE,43.29,0.509,0,1
Mizoram,89.127106,170.2406731,249.4356589,24.2,1,Tlawng,9,FALSE,6.85,0.761,1,5
Assam,76.63721,415.9102707,609.3445947,7.3,0,Manas,33,FALSE,38.28,1.16,0,6
Tripura,60.629707,101.1678763,171.2281353,13.5,0,Khowai,10,FALSE,5.94,0.594,1,5
Meghalaya,270.55557,401.338768,464.1452811,18.9,0,Brahmaputra (Guwahati gauge),49.68,TRUE,64.58,1.3,1,6
Assam,3.0729685,4.148462743,22.10211036,4.8,0,Dikrong,14,FALSE,8.76,0.626,1,8
Meghalaya,45.008587,46.66022435,325.9952048,18.9,0,Brahmaputra (Guwahati gauge),49.68,TRUE,40.19,0.809,0,5
Assam,0,0,2.61141856,1.4,1,Brahmaputra (Tezpur gauge),65.23,TRUE,16.96,0.26,0,10
Meghalaya,382.68616,880.2068634,1560.928425,20.5,1,Brahmaputra (Guwahati gauge),49.68,TRUE,62.85,1.265,1,6
Sikkim,4.7630963,24.15859079,42.19744599,31.9,1,Teesta,15,FALSE,7.65,0.51,1,4
Mizoram,100.393654,145.2843666,244.0868607,20.3,0,Tlawng,9,FALSE,9.29,1.032,1,7
Arunachal Pradesh,0,73.69998932,496.7999611,35.6,1,Brahmaputra (Dibrugarh gauge),105.7,TRUE,111.62,1.056,1,7
Assam,137.42233,146.0072458,160.4430568,7,1,Brahmaputra (Dhubri gauge),28.62,TRUE,22.32,0.78,1,10
Mizoram,7.054781,10.33821282,10.33821282,25.9,0,Barak,20.5,FALSE,8.77,0.428,0,3
Mizoram,24.574226,37.29845786,37.29845786,25.4,3,Tlawng,9,FALSE,4.08,0.453,0,4
Nagaland,7.788317,8.574813426,15.801117,18,1,Brahmaputra (Tezpur gauge),65.23,TRUE,41.09,0.63,1,9
Tripura,0,16.24424171,57.81329131,16.3,0,Gomti,12,FALSE,6.55,0.546,0,9
Sikkim,41.28063,78.03115559,196.402668,33.4,1,Teesta,15,FALSE,10.62,0.708,0,6
Manipur,1.0485219,6.477889538,52.58704618,9.7,0,Doyang,18,FALSE,9.76,0.542,0,7
Manipur,3.5758142,11.20250249,31.52399184,9.1,1,Doyang,18,FALSE,12.29,0.683,0,7
Mizoram,16.283318,57.60316658,67.42541087,24,1,Tlawng,9,FALSE,4.21,0.468,1,10
Mizoram,0,0,80.35071564,21.9,2,Tlawng,9,FALSE,4.59,0.51,0,4
Sikkim,0,8.099467278,95.00512409,29.7,3,Teesta,15,FALSE,6.81,0.454,1,2
Nagaland,0.39297724,56.29230356,89.58893394,11.6,1,Brahmaputra (Dibrugarh gauge),105.7,TRUE,117.43,1.111,1,8
Nagaland,18.312525,25.00532317,56.57707882,15.7,1,Doyang,18,FALSE,8.17,0.454,1,5
Nagaland,10.144573,10.14457321,59.26120996,12.2,1,Dikrong,14,FALSE,8.18,0.584,1,8
Arunachal Pradesh,71.668335,205.7089539,219.2745729,28.5,1,Brahmaputra (Dibrugarh gauge),105.7,TRUE,76.1,0.72,1,7
Mizoram,17.270115,37.74708569,52.61107326,24.7,1,Tlawng,9,FALSE,5.11,0.568,0,7
Sikkim,27.80116,148.2193661,284.1847134,29.8,2,Teesta,15,FALSE,14.46,0.964,1,6
Assam,83.16978,83.61014333,94.34253564,5,0,Subansiri,42,FALSE,26.42,0.629,1,9
Meghalaya,67.92477,682.0842514,806.5300522,17.7,1,Brahmaputra (Goalpara gauge),36.27,TRUE,40.01,1.103,1,6
Arunachal Pradesh,33.8,138.5000019,298.5999904,35.6,1,Brahmaputra (Dibrugarh gauge),105.7,TRUE,103.48,0.979,1,8
Meghalaya,17.905033,80.06022072,111.671,14.7,0,Brahmaputra (Dhubri gauge),28.62,TRUE,23.33,0.815,0,8
Manipur,0,0,0,6.7,0,Doyang,18,FALSE,15.86,0.881,0,12
Meghalaya,0,0,0,14.5,0,Brahmaputra (Dhubri gauge),28.62,TRUE,25.5,0.891,1,4
Meghalaya,128.51122,382.9540024,1140.582314,20.5,1,Brahmaputra (Guwahati gauge),49.68,TRUE,48.74,0.981,1,6
Sikkim,0,2.970168114,23.9438653,25.5,2,Teesta,15,FALSE,7.26,0.484,1,3
Arunachal Pradesh,0,0,0,32.5,1,Brahmaputra (Dibrugarh gauge),105.7,TRUE,45.66,0.432,0,11
Arunachal Pradesh,100.29889,128.6227527,134.5128955,29.3,0,Brahmaputra (Dibrugarh gauge),105.7,TRUE,47.25,0.447,1,5
Arunachal Pradesh,105.48392,143.4341066,186.9854036,31.1,1,Brahmaputra (Dibrugarh gauge),105.7,TRUE,84.67,0.801,1,7
Arunachal Pradesh,8.025366,46.85176468,74.47693443,16.9,2,Dikrong,14,FALSE,14.18,1.013,1,8
Nagaland,0,0.167881757,49.27558783,13,0,Doyang,18,FALSE,13.57,0.754,1,9
Meghalaya,104.44259,114.5947924,128.9436709,27.5,3,Brahmaputra (Guwahati gauge),49.68,TRUE,34.08,0.686,0,8
Manipur,0,0,0,15.9,3,Imphal River,8,FALSE,4.46,0.557,0,2
Nagaland,57.751125,64.18189645,136.6774514,16.6,1,Brahmaputra (Dibrugarh gauge),105.7,TRUE,100.94,0.955,1,6
Meghalaya,63.203384,193.4189453,242.3524331,18.9,0,Brahmaputra (Guwahati gauge),49.68,TRUE,34.08,0.686,0,3
Manipur,0,0,0,23.5,0,Barak,20.5,FALSE,8.88,0.433,0,1
Meghalaya,79.81392,540.8295441,601.3828033,19.7,0,Brahmaputra (Goalpara gauge),36.27,TRUE,38.26,1.055,0,7
Assam,0,17.03665566,17.03665566,9.2,1,Manas,33,FALSE,32.08,0.972,1,3
Arunachal Pradesh,12.879308,46.57441807,111.279726,17.1,2,Brahmaputra (Tezpur gauge),65.23,TRUE,50.36,0.772,1,7
Assam,42.397522,190.215519,200.9291122,7.7,1,Brahmaputra (Dibrugarh gauge),105.7,TRUE,70.82,0.67,0,6
Meghalaya,18.502235,18.50223541,32.77481088,18.7,0,Brahmaputra (Guwahati gauge),49.68,TRUE,26.98,0.543,0,4
Arunachal Pradesh,0,1.158100724,42.6789273,31.3,0,Brahmaputra (Dibrugarh gauge),105.7,TRUE,38.47,0.364,0,3
Assam,3.3616717,362.2829211,683.098305,10.2,0,Manas,33,FALSE,34.72,1.052,1,6
Tripura,0.93811816,38.73846,46.06681186,14.6,0,Gomti,12,FALSE,10.36,0.863,1,6
Meghalaya,8.096021,26.98167825,27.09778405,25.6,0,Brahmaputra (Guwahati gauge),49.68,TRUE,29.76,0.599,0,6
Assam,0,0,0,7.9,0,Brahmaputra (Guwahati gauge),49.68,TRUE,24.54,0.494,0,12
Sikkim,0,0,0,35.2,1,Teesta,15,FALSE,5.08,0.339,1,1
Arunachal Pradesh,0,0,0,16.5,1,Dikrong,14,FALSE,5.67,0.405,1,10
Meghalaya,79.768036,399.8837051,417.1284468,18.9,0,Brahmaputra (Guwahati gauge),49.68,TRUE,45.31,0.912,1,10
Arunachal Pradesh,0,0,0,32.1,1,Brahmaputra (Dibrugarh gauge),105.7,TRUE,48.62,0.46,1,9
Sikkim,41.154552,84.11379433,92.30066257,32.4,0,Teesta,15,FALSE,14.34,0.956,1,10
Tripura,0,0,0,20.2,1,Gomti,12,FALSE,3.18,0.265,0,1
Manipur,0,0,0,20.7,2,Barak,20.5,FALSE,9.53,0.465,1,11
Sikkim,51.70811,67.88949299,95.04049134,31,1,Teesta,15,FALSE,4.51,0.301,1,4
Meghalaya,190.39958,827.6779785,1126.215704,21.6,0,Brahmaputra (Goalpara gauge),36.27,TRUE,43.56,1.201,1,7
Tripura,0,0,0,14.5,0,Khowai,10,FALSE,4.97,0.497,1,2
Tripura,70.79938,232.0962906,331.395768,11.3,1,Tlawng,9,FALSE,10.45,1.161,1,6
Nagaland,1.9026493,4.107141614,13.54940921,13.2,1,Brahmaputra (Neamatighat gauge),85.05,TRUE,27.56,0.324,0,4
Arunachal Pradesh,60.440884,166.2331924,173.2104793,17.9,0,Brahmaputra (Dibrugarh gauge),105.7,TRUE,92.7,0.877,1,6
Meghalaya,0,0.248601682,0.248601682,16.2,0,Brahmaputra (Guwahati gauge),49.68,TRUE,24.14,0.486,0,9
Manipur,0,0,0,14,0,Imphal River,8,FALSE,3.01,0.376,1,3
Assam,24.163153,51.97770309,109.2700429,2.4,0,Subansiri,42,FALSE,31.58,0.752,0,6
Arunachal Pradesh,0,1.981148839,15.55087823,30.3,1,Brahmaputra (Dibrugarh gauge),105.7,TRUE,85.09,0.805,0,5
Manipur,87.3464,207.6100082,219.0197612,14.6,2,Imphal River,8,FALSE,5.81,0.726,1,5
Sikkim,120.29918,181.3506317,259.2477667,31.9,1,Teesta,15,FALSE,14.88,0.992,1,6
Arunachal Pradesh,13.997568,38.89211369,107.4348249,23.7,1,Brahmaputra (Dibrugarh gauge),105.7,TRUE,88.68,0.839,0,7
Assam,162.89929,350.5203934,657.5514374,6.5,0,Manas,33,FALSE,41.05,1.244,1,6
Arunachal Pradesh,65.727165,153.2514343,252.4182053,27.4,0,Brahmaputra (Dibrugarh gauge),105.7,TRUE,89.95,0.851,0,7
Assam,0,0,0,6.7,0,Brahmaputra (Dhubri gauge),28.62,TRUE,12.88,0.45,1,11
Arunachal Pradesh,9.584631,12.79975629,15.46280503,26.3,0,Brahmaputra (Dibrugarh gauge),105.7,TRUE,39.43,0.373,0,2
Manipur,3.194132,18.06355977,301.6631119,19.6,0,Imphal River,8,FALSE,6.75,0.844,0,6
Meghalaya,9.130778,24.72764635,44.02908221,17.5,0,Brahmaputra (Dhubri gauge),28.62,TRUE,12.13,0.424,1,8
Tripura,0.39843595,8.548357368,36.44529355,20.2,1,Gomti,12,FALSE,9.83,0.819,0,8
Mizoram,51.35683,69.61766815,69.61766815,20.4,0,Tlawng,9,FALSE,3.62,0.402,1,11
Manipur,7.0044546,9.050497651,129.9931742,20.6,2,Barak,20.5,FALSE,19.13,0.933,1,7
Arunachal Pradesh,34.997562,208.0587959,388.0324669,20.7,1,Subansiri,42,FALSE,41.71,0.993,1,6
Tripura,8.975723,21.51789904,335.6030679,13.7,0,Gomti,12,FALSE,12.4,1.033,1,8
Manipur,3.3752403,3.375240326,13.95430481,9.1,1,Doyang,18,FALSE,16.65,0.925,1,4
Sikkim,17.34348,155.528717,265.9915695,29.2,0,Teesta,15,FALSE,13.17,0.878,1,8
Manipur,1.1116421,7.897750378,8.428731881,11.2,0,Imphal River,8,FALSE,7.49,0.936,1,9
Assam,60.984825,131.5274754,335.3046484,6,1,Brahmaputra (Dhubri gauge),28.62,TRUE,28.68,1.002,1,6
Arunachal Pradesh,66.03864,141.4757824,203.4836338,18.4,2,Subansiri,42,FALSE,28.1,0.669,0,6
Assam,59.35843,59.61246669,173.1570915,7.4,0,Brahmaputra (Dibrugarh gauge),105.7,TRUE,84.56,0.8,1,8
Manipur,13.048176,29.81825972,59.38880801,9,0,Doyang,18,FALSE,12.08,0.671,1,6
Sikkim,52.98196,128.0301552,323.2416496,25.7,0,Teesta,15,FALSE,12.38,0.825,1,7
Meghalaya,47.214355,159.1427231,296.0274124,20,3,Barak,20.5,FALSE,19.58,0.955,0,6
Mizoram,34.999256,76.8215065,99.03763586,17.7,1,Tlawng,9,FALSE,4.98,0.553,1,8
Arunachal Pradesh,1.6001973,13.44468096,55.12068442,23.4,1,Brahmaputra (Dibrugarh gauge),105.7,TRUE,109.4,1.035,1,8
Tripura,120.83721,162.7144413,167.5581808,17.1,0,Gomti,12,FALSE,5.89,0.491,1,5
Arunachal Pradesh,4.9364457,60.38616419,269.6585622,31.3,0,Brahmaputra (Dibrugarh gauge),105.7,TRUE,89,0.842,0,6
Manipur,3.6830316,3.683031559,12.91131742,14,0,Imphal River,8,FALSE,4.39,0.549,1,9
Manipur,0.5405782,0.540578187,0.540578187,20.7,2,Barak,20.5,FALSE,6.31,0.308,0,12
Assam,77.450226,104.76826,222.3158846,5,0,Subansiri,42,FALSE,40.78,0.971,1,7
Nagaland,0,0,0.919547498,17.2,0,Brahmaputra (Neamatighat gauge),85.05,TRUE,28.32,0.333,0,2
Meghalaya,68.11089,118.0203485,515.5210142,18.7,0,Brahmaputra (Guwahati gauge),49.68,TRUE,47.25,0.951,1,6
Assam,139.02184,188.1354065,260.9418635,4.5,0,Brahmaputra (Dibrugarh gauge),105.7,TRUE,88.58,0.838,1,8
Arunachal Pradesh,0,0,8.10844779,15.3,1,Dikrong,14,FALSE,5.99,0.428,1,1
Meghalaya,53.40325,85.1723001,349.7061889,15.7,1,Brahmaputra (Dhubri gauge),28.62,TRUE,24.61,0.86,1,6
Assam,0.22730394,0.227303937,5.017857149,5,0,Brahmaputra (Tezpur gauge),65.23,TRUE,18.2,0.279,0,4
Arunachal Pradesh,34.026123,94.63718128,191.6404061,28.1,0,Brahmaputra (Dibrugarh gauge),105.7,TRUE,89.32,0.845,0,8
Arunachal Pradesh,0,0,12.63461781,33.2,2,Brahmaputra (Dibrugarh gauge),105.7,TRUE,32.03,0.303,0,12
Assam,1.6771711,16.13196504,22.11111259,6.9,0,Brahmaputra (Guwahati gauge),49.68,TRUE,22.85,0.46,1,5
Arunachal Pradesh,55.63192,204.8626938,227.0828087,29.7,0,Brahmaputra (Dibrugarh gauge),105.7,TRUE,86.15,0.815,1,6
Arunachal Pradesh,3.4786909,4.325951338,34.68380272,28.9,1,Brahmaputra (Dibrugarh gauge),105.7,TRUE,112.78,1.067,1,8
Mizoram,0,10.75018311,10.75018311,23,0,Tlawng,9,FALSE,4.45,0.494,1,4
Nagaland,19.315569,72.61767006,180.5402713,10.6,0,Brahmaputra (Neamatighat gauge),85.05,TRUE,51.54,0.606,1,9
Manipur,0.74313366,7.486318298,34.09517235,10.7,0,Imphal River,8,FALSE,3.75,0.469,1,7
Nagaland,0,0,0,16.7,3,Dhansiri,40,FALSE,29.68,0.742,1,2
Sikkim,15.528187,36.93210888,117.4256136,29.2,0,Teesta,15,FALSE,16.05,1.07,1,7
Nagaland,57.25881,97.81918555,128.8130766,20.1,1,Dhansiri,40,FALSE,24.84,0.621,1,5
Meghalaya,72.971176,144.4831505,183.2980917,24.9,0,Brahmaputra (Guwahati gauge),49.68,TRUE,40.09,0.807,0,6
Assam,29.2864,157.794754,369.7076087,5.4,0,Dikrong,14,FALSE,13.57,0.969,1,7
Assam,19.622015,82.2201786,127.3708348,5.7,1,Manas,33,FALSE,33.96,1.029,1,7
Arunachal Pradesh,0,0,0,17.1,2,Brahmaputra (Tezpur gauge),65.23,TRUE,33.2,0.509,1,1
Tripura,0.5670882,0.567088187,0.567088187,20.2,1,Gomti,12,FALSE,4.37,0.364,0,1
Meghalaya,275.64966,308.721817,392.7693676,19.7,0,Brahmaputra (Goalpara gauge),36.27,TRUE,44.14,1.217,1,5
Meghalaya,216.15656,456.160675,556.2781133,18.6,2,Brahmaputra (Dhubri gauge),28.62,TRUE,31.11,1.087,1,6
Manipur,0.5032731,20.30418745,33.03814796,23.5,0,Barak,20.5,FALSE,19.56,0.954,1,9
Meghalaya,0,0,550.4439774,18.6,2,Brahmaputra (Dhubri gauge),28.62,TRUE,32.71,1.143,1,6
Tripura,3.620989,8.2110129,33.81814486,20.2,1,Gomti,12,FALSE,11.21,0.934,0,8
Assam,0,6.669877052,9.180000067,5.9,0,Brahmaputra (Dhubri gauge),28.62,TRUE,18.4,0.643,0,9
Arunachal Pradesh,0,0,0,28.8,1,Brahmaputra (Dibrugarh gauge),105.7,TRUE,88.79,0.84,1,3
Sikkim,88.898094,129.6901007,233.1439981,25.7,0,Teesta,15,FALSE,12.09,0.806,1,8
Manipur,6.5723953,23.2971859,117.1143646,17.5,1,Barak,20.5,FALSE,21.85,1.066,1,8
Manipur,0,23.69157982,32.69053587,17.5,1,Imphal River,8,FALSE,4.47,0.559,0,9
Arunachal Pradesh,0,13.4213171,62.89745456,27.8,0,Brahmaputra (Dibrugarh gauge),105.7,TRUE,106.55,1.008,1,8
Assam,138.14673,297.8674574,310.3383436,9.1,1,Khowai,10,FALSE,9.04,0.904,1,5
Arunachal Pradesh,0,0,0,15.9,0,Subansiri,42,FALSE,15.12,0.36,1,12
Meghalaya,118.62878,229.2010841,250.7363536,20.2,0,Brahmaputra (Guwahati gauge),49.68,TRUE,46.75,0.941,1,7
Sikkim,0,0,11.18079019,27.7,0,Teesta,15,FALSE,6.54,0.436,1,4
Sikkim,72.959885,107.9276085,146.7988575,29.2,0,Teesta,15,FALSE,7.74,0.516,1,5
Arunachal Pradesh,0.22851442,4.222339854,5.565595254,28.5,0,Brahmaputra (Dibrugarh gauge),105.7,TRUE,101.37,0.959,1,8
Nagaland,16.816547,24.19548035,125.5185814,14.6,1,Brahmaputra (Neamatighat gauge),85.05,TRUE,68.72,0.808,0,7
Tripura,14.63874,112.6133184,301.0009441,16,0,Gomti,12,FALSE,11.18,0.932,1,8
Assam,101.766884,119.3175728,288.1529972,7.1,1,Brahmaputra (Dibrugarh gauge),105.7,TRUE,111.94,1.059,1,7
Arunachal Pradesh,25.831156,48.76335621,56.37604296,29.1,1,Brahmaputra (Dibrugarh gauge),105.7,TRUE,99.25,0.939,1,11
Assam,98.89344,197.5391731,290.7566011,6.7,1,Brahmaputra (Dhubri gauge),28.62,TRUE,29.97,1.047,1,6
Nagaland,7.731211,37.12343168,72.35080099,12.7,1,Brahmaputra (Neamatighat gauge),85.05,TRUE,82.33,0.968,1,9
Tripura,82.204285,82.20428467,83.93590713,17.2,0,Gomti,12,FALSE,6.98,0.582,1,5
Meghalaya,57.590702,83.87925911,195.1073824,16.4,0,Brahmaputra (Dhubri gauge),28.62,TRUE,19.18,0.67,0,5
Arunachal Pradesh,28.314497,88.57844353,119.2747777,31.6,1,Brahmaputra (Dibrugarh gauge),105.7,TRUE,105.7,1,1,8
Meghalaya,161.32082,240.2977676,251.9363203,16.4,0,Brahmaputra (Dhubri gauge),28.62,TRUE,21.67,0.757,1,5
Tripura,23.514093,49.22695303,180.0210805,13.3,2,Khowai,10,FALSE,6.3,0.63,0,8
Sikkim,64.81836,167.735672,167.735672,25.5,2,Teesta,15,FALSE,11.46,0.764,1,9
Meghalaya,0,0,0,15.7,1,Brahmaputra (Dhubri gauge),28.62,TRUE,11.79,0.412,0,3
Nagaland,0,4.611048222,25.53356409,20.5,0,Kopili,30,FALSE,14.19,0.473,0,4
Meghalaya,74.021454,401.8478012,446.5818325,24.7,2,Brahmaputra (Goalpara gauge),36.27,TRUE,39.97,1.102,1,7
Assam,2.7620535,9.532870054,14.64727506,2,0,Dikrong,14,FALSE,6.64,0.474,1,5
Assam,0.13201202,2.244204417,24.37901084,6.7,0,Kopili,30,FALSE,31.2,1.04,1,6
Nagaland,0,0,0.483766139,13.6,0,Doyang,18,FALSE,7.96,0.442,0,12
Arunachal Pradesh,0.6645427,3.073509932,20.28602755,24.8,0,Brahmaputra (Dibrugarh gauge),105.7,TRUE,59.19,0.56,1,8
Manipur,0,0,0,17.5,1,Imphal River,8,FALSE,2.67,0.334,0,2
Mizoram,13.493569,69.95914173,99.09758854,19.7,0,Barak,20.5,FALSE,19,0.927,1,7
Arunachal Pradesh,67.55142,131.8518372,161.7145082,34,0,Brahmaputra (Dibrugarh gauge),105.7,TRUE,66.17,0.626,1,10
Arunachal Pradesh,0.015689887,13.02789978,57.77683321,30.3,0,Brahmaputra (Dibrugarh gauge),105.7,TRUE,42.7,0.404,0,10
Sikkim,15.668738,37.56346226,76.28324318,31,1,Teesta,15,FALSE,10.41,0.694,0,7
Assam,0,0,0,4.4,1,Brahmaputra (Tezpur gauge),65.23,TRUE,47.75,0.732,0,11
Sikkim,0,7.844236374,31.53520012,32.4,0,Teesta,15,FALSE,8.42,0.561,0,9
Manipur,0,0,0,13.2,1,Doyang,18,FALSE,8.03,0.446,0,1
Nagaland,0,1.777218938,2.528059721,17.8,0,Dikrong,14,FALSE,7.27,0.519,1,3
Manipur,55.082237,91.98833227,111.0738578,20.6,2,Barak,20.5,FALSE,12.26,0.598,1,6
Tripura,55.166107,106.7022449,178.4716765,18,1,Gomti,12,FALSE,8.57,0.714,0,8
Sikkim,52.965588,119.7770462,370.3948517,31,1,Teesta,15,FALSE,15.06,1.004,1,6
Arunachal Pradesh,0,0,0,33.2,2,Brahmaputra (Dibrugarh gauge),105.7,TRUE,38.37,0.363,0,12
Mizoram,0.6168507,0.616850674,30.08865815,20.2,0,Tlawng,9,FALSE,8.22,0.913,0,11
Assam,0,0,0,9.1,1,Khowai,10,FALSE,2.96,0.296,1,3
Manipur,0,0,0,17.3,1,Barak,20.5,FALSE,6.29,0.307,1,1
Nagaland,0,0.285800964,47.09303787,21.7,0,Dhansiri,40,FALSE,26.4,0.66,0,6
Arunachal Pradesh,15.820979,357.1984205,528.6098127,29.4,1,Brahmaputra (Dibrugarh gauge),105.7,TRUE,108.87,1.03,0,7
Assam,0,0,0,4.6,1,Brahmaputra (Goalpara gauge),36.27,TRUE,14.29,0.394,0,1
Tripura,0,0,0,13.5,0,Khowai,10,FALSE,9.51,0.951,1,1
Sikkim,55.86011,117.9623528,361.8023052,29.8,2,Teesta,15,FALSE,14.92,0.995,1,6
Manipur,0,0,0.086301848,20.7,2,Barak,20.5,FALSE,6.48,0.316,1,12
Arunachal Pradesh,8.043755,53.55653572,61.1169804,9.4,0,Dikrong,14,FALSE,11.34,0.81,0,8
Sikkim,104.75963,215.7974815,286.7401643,25.5,2,Teesta,15,FALSE,14.25,0.95,1,8
Manipur,0.4332461,0.433246106,0.433246106,13.2,1,Doyang,18,FALSE,5.53,0.307,0,2
Meghalaya,0,0,0,19.2,1,Kopili,30,FALSE,13.86,0.462,1,2
Meghalaya,0,0,42.58121403,20.2,0,Brahmaputra (Guwahati gauge),49.68,TRUE,20.82,0.419,0,12
Sikkim,44.370403,99.11009026,248.8514881,29.8,2,Teesta,15,FALSE,18.08,1.205,1,7
Tripura,19.854534,31.70780277,55.83300257,16,0,Gomti,12,FALSE,4.97,0.414,0,8
Nagaland,0,5.854883432,10.67334628,16.8,2,Brahmaputra (Dibrugarh gauge),105.7,TRUE,42.49,0.402,1,3
Mizoram,0,2.670013428,7.661864877,19.7,0,Barak,20.5,FALSE,18.51,0.903,0,9
Assam,112.92089,152.8269539,288.7705765,6.8,1,Brahmaputra (Goalpara gauge),36.27,TRUE,34.82,0.96,1,6
Assam,5.94967,53.55873966,70.18635404,11.2,0,Brahmaputra (Dhubri gauge),28.62,TRUE,15.94,0.557,1,9
Manipur,55.94791,65.2246244,75.72564018,15.9,3,Imphal River,8,FALSE,3.24,0.405,0,5
Arunachal Pradesh,5.2198596,5.2198596,7.043080032,16.9,2,Dikrong,14,FALSE,9.49,0.678,1,3
Meghalaya,18.320288,37.00257683,300.7382755,21.6,0,Brahmaputra (Goalpara gauge),36.27,TRUE,30.83,0.85,1,7
Mizoram,122.79881,188.4194546,204.5674571,25.4,3,Tlawng,9,FALSE,6.89,0.766,0,5
Assam,0,2.133136034,8.95979315,11.2,0,Brahmaputra (Dhubri gauge),28.62,TRUE,16.83,0.588,0,9
Meghalaya,132.43427,202.9951572,214.2313696,15.9,1,Brahmaputra (Dhubri gauge),28.62,TRUE,15.54,0.543,1,5
Arunachal Pradesh,11.017356,11.01735592,15.3653698,23,0,Brahmaputra (Dibrugarh gauge),105.7,TRUE,105.91,1.002,0,6
Meghalaya,40.750317,216.0957489,393.9242735,27.5,3,Brahmaputra (Guwahati gauge),49.68,TRUE,49.38,0.994,0,6
Nagaland,22.887604,51.17784595,62.95206547,10.6,0,Brahmaputra (Neamatighat gauge),85.05,TRUE,49.07,0.577,0,9
Meghalaya,56.794647,173.2062912,506.8754664,24.9,0,Brahmaputra (Guwahati gauge),49.68,TRUE,54.9,1.105,0,6
Arunachal Pradesh,63.020893,141.4806614,294.1935358,28.6,0,Brahmaputra (Dibrugarh gauge),105.7,TRUE,99.89,0.945,0,7
Arunachal Pradesh,1.5456237,3.309372783,3.309372783,27.1,0,Brahmaputra (Dibrugarh gauge),105.7,TRUE,86.57,0.819,1,9
Arunachal Pradesh,0,22.99999809,161.5,35.6,1,Brahmaputra (Dibrugarh gauge),105.7,TRUE,109.08,1.032,1,9
Meghalaya,3.497341,96.22907424,236.4253874,19.7,0,Brahmaputra (Goalpara gauge),36.27,TRUE,42.44,1.17,0,8
Arunachal Pradesh,10.442396,26.00344324,37.08113198,28.6,1,Brahmaputra (Dibrugarh gauge),105.7,TRUE,90.37,0.855,0,9
Tripura,105.97327,238.3235855,348.7558587,13.5,0,Khowai,10,FALSE,11.51,1.151,0,6
Arunachal Pradesh,56.582718,62.46527016,429.2830077,28.6,1,Brahmaputra (Dibrugarh gauge),105.7,TRUE,108.34,1.025,1,7
Meghalaya,178.35977,252.1019573,281.9432013,19.7,1,Brahmaputra (Goalpara gauge),36.27,TRUE,38.16,1.052,1,7
Assam,0,10.48133349,29.18106866,3.8,0,Subansiri,42,FALSE,19.32,0.46,0,10
Manipur,36.792015,41.44390929,55.62864804,9.7,0,Doyang,18,FALSE,11.14,0.619,1,9
Tripura,0,0,0,17.3,0,Gomti,12,FALSE,4.69,0.391,1,4
Meghalaya,0,0,2.819740772,19.1,1,Barak,20.5,FALSE,9.35,0.456,1,4
Arunachal Pradesh,66.53294,140.1844425,275.3552999,18.6,0,Brahmaputra (Dibrugarh gauge),105.7,TRUE,99.99,0.946,1,7
Manipur,20.337772,23.45895219,27.39710505,13.9,1,Imphal River,8,FALSE,4.14,0.517,1,4
Assam,0,0,1.830910802,6.5,0,Manas,33,FALSE,14.45,0.438,0,12
Tripura,4.212399,23.03335905,190.6762552,14.9,0,Gomti,12,FALSE,9.83,0.819,1,7
Meghalaya,0,3.582216382,14.82291412,18.7,0,Brahmaputra (Guwahati gauge),49.68,TRUE,21.01,0.423,0,4
Arunachal Pradesh,0,1.559491396,49.82679629,16.5,1,Dikrong,14,FALSE,8.48,0.606,0,6
Assam,3.184622,34.927953,88.32915807,7.1,1,Brahmaputra (Dibrugarh gauge),105.7,TRUE,63.74,0.603,0,9
Assam,0,0,0.804839671,8.1,2,Kopili,30,FALSE,10.74,0.358,1,3
Mizoram,15.18942,76.43324375,194.2933915,23.3,0,Tlawng,9,FALSE,7.55,0.839,1,6
Mizoram,15.883006,50.50720215,125.5418594,25,1,Tlawng,9,FALSE,5.7,0.633,0,8
Sikkim,34.842506,70.85822582,99.56571388,29.8,2,Teesta,15,FALSE,11.76,0.784,1,5
Arunachal Pradesh,4.7363677,17.32106543,20.37275511,26.2,0,Brahmaputra (Dibrugarh gauge),105.7,TRUE,45.56,0.431,0,4
Arunachal Pradesh,64.93993,187.7968502,254.3631191,29.3,2,Brahmaputra (Dibrugarh gauge),105.7,TRUE,108.34,1.025,1,7
Arunachal Pradesh,95.00129,230.9392281,454.2011709,22.5,2,Brahmaputra (Dibrugarh gauge),105.7,TRUE,108.55,1.027,0,7
Assam,50.866863,64.21314049,193.5471554,4.7,0,Subansiri,42,FALSE,30.28,0.721,1,8
Arunachal Pradesh,1.7817658,2.26420003,54.1906572,18.4,2,Subansiri,42,FALSE,21.04,0.501,1,10
Assam,0,0,3.543831587,4.6,1,Brahmaputra (Goalpara gauge),36.27,TRUE,17.7,0.488,1,9
Arunachal Pradesh,0.6519706,1.020395428,40.39493766,20.6,2,Dikrong,14,FALSE,7.81,0.558,1,6
Arunachal Pradesh,24.37168,103.7393093,415.8580125,28.1,0,Brahmaputra (Dibrugarh gauge),105.7,TRUE,104.22,0.986,1,7
Assam,61.239548,143.6520996,170.3903848,5.1,1,Kopili,30,FALSE,24.24,0.808,1,6
Arunachal Pradesh,112.31638,176.3958664,200.0064888,25.5,0,Brahmaputra (Dibrugarh gauge),105.7,TRUE,68.39,0.647,1,5
Mizoram,0.9028377,6.831292927,25.39517719,24.7,1,Tlawng,9,FALSE,8.59,0.954,0,7
Arunachal Pradesh,0,44.59586239,44.59586239,24.8,1,Brahmaputra (Dibrugarh gauge),105.7,TRUE,35.62,0.337,1,3
Meghalaya,0,0,0,20.4,1,Barak,20.5,FALSE,7.38,0.36,1,1
Meghalaya,60.76784,84.49899673,103.8262889,25.6,0,Brahmaputra (Guwahati gauge),49.68,TRUE,29.16,0.587,1,6
Mizoram,0,0,0,23.3,0,Tlawng,9,FALSE,3.23,0.359,0,3
Manipur,0.3455079,7.863926083,118.6219474,16.8,0,Barak,20.5,FALSE,20.58,1.004,0,7
Arunachal Pradesh,63.60414,84.99040371,138.6195339,29.7,0,Brahmaputra (Dibrugarh gauge),105.7,TRUE,56.23,0.532,1,3
Manipur,62.01071,69.02008867,77.64530265,17.1,2,Imphal River,8,FALSE,4.7,0.587,1,8
Assam,0,0.382251501,0.382251501,5.4,0,Manas,33,FALSE,14.29,0.433,0,1
Mizoram,16.640848,16.64084816,16.64084816,23,2,Khowai,10,FALSE,3.3,0.33,0,4
Assam,0.17862104,17.43879889,86.4369316,3.3,0,Subansiri,42,FALSE,19.24,0.458,0,4
Mizoram,0,0,0,23.3,0,Tlawng,9,FALSE,3.89,0.432,1,12
Manipur,4.9616685,13.53466153,270.2933323,10.7,0,Imphal River,8,FALSE,10.11,1.264,1,6
Nagaland,0,0,0,12.7,1,Brahmaputra (Neamatighat gauge),85.05,TRUE,61.32,0.721,1,12
Meghalaya,38.69356,209.1371574,249.1548176,22.4,0,Brahmaputra (Dhubri gauge),28.62,TRUE,25.39,0.887,1,5
Arunachal Pradesh,28.341621,92.02596283,134.0006771,27.2,0,Brahmaputra (Dibrugarh gauge),105.7,TRUE,38.9,0.368,1,5
Meghalaya,0,1.505375504,20.15201914,23.4,0,Barak,20.5,FALSE,7.97,0.389,0,4
Meghalaya,0,0,0,16.4,0,Brahmaputra (Dhubri gauge),28.62,TRUE,10.7,0.374,0,1
Tripura,63.852516,362.8624878,427.1436708,16,0,Gomti,12,FALSE,14.59,1.216,1,8
Tripura,50.548203,104.0432835,257.5832176,16.3,0,Gomti,12,FALSE,9.78,0.815,1,6
Mizoram,9.301816,29.66974378,150.4064419,24.8,0,Tlawng,9,FALSE,7.79,0.866,1,9
Assam,0.018434437,0.018434437,5.635179067,5,0,Brahmaputra (Tezpur gauge),65.23,TRUE,28.24,0.433,0,4
Assam,61.2652,210.2931786,249.1913263,7.7,1,Brahmaputra (Dibrugarh gauge),105.7,TRUE,104.22,0.986,1,7
Mizoram,16.253424,129.593565,369.2665749,17.7,1,Tlawng,9,FALSE,9.94,1.104,1,6
Meghalaya,0,0,7.920146704,19.6,0,Kopili,30,FALSE,14.46,0.482,0,4
Tripura,14.450685,76.71509075,167.6008263,13.5,0,Gomti,12,FALSE,10.24,0.853,1,8
Arunachal Pradesh,0,13.6546142,199.3421295,26.3,0,Brahmaputra (Dibrugarh gauge),105.7,TRUE,64.05,0.606,1,5
Arunachal Pradesh,0,0,0.006619435,29.9,1,Brahmaputra (Dibrugarh gauge),105.7,TRUE,28.96,0.274,1,10
Sikkim,3.538136,44.50106764,110.4412423,27.7,0,Teesta,15,FALSE,9.68,0.645,0,6
Tripura,13.812175,28.96786499,214.7486229,14.8,2,Khowai,10,FALSE,6.89,0.689,0,6
Nagaland,0,0,0,21.7,0,Dhansiri,40,FALSE,16.16,0.404,1,12
Sikkim,0,5.661068439,43.25379825,31,1,Teesta,15,FALSE,6.5,0.433,1,3
Mizoram,0,0,0,20.3,0,Tlawng,9,FALSE,3.34,0.371,0,1
Arunachal Pradesh,0,0,0,15.3,1,Dikrong,14,FALSE,5.87,0.419,0,11
Manipur,9.121759,42.20979214,85.347682,17.3,1,Barak,20.5,FALSE,21.26,1.037,1,6
Arunachal Pradesh,67.00383,103.6201181,217.6211874,31.1,1,Brahmaputra (Dibrugarh gauge),105.7,TRUE,86.36,0.817,1,8
Mizoram,55.8653,65.32476234,65.92807215,23.1,2,Khowai,10,FALSE,4.79,0.479,1,9
Sikkim,0,0,0,31,1,Teesta,15,FALSE,6.96,0.464,0,10
Arunachal Pradesh,2.6553125,6.035881639,18.492823,29.9,1,Brahmaputra (Dibrugarh gauge),105.7,TRUE,65.96,0.624,1,6
Arunachal Pradesh,63.118645,104.0024624,142.5143104,27.4,0,Brahmaputra (Dibrugarh gauge),105.7,TRUE,45.35,0.429,0,4
Arunachal Pradesh,12.527973,39.4370203,251.4100771,18.1,0,Subansiri,42,FALSE,35.15,0.837,1,6
Sikkim,71.31293,190.517067,310.5679684,25.5,2,Teesta,15,FALSE,14.61,0.974,1,6
Tripura,0,17.84733582,92.00041647,17.1,0,Gomti,12,FALSE,6.38,0.532,0,7
Arunachal Pradesh,0,0,0,28.6,1,Brahmaputra (Dibrugarh gauge),105.7,TRUE,36.57,0.346,1,12
Manipur,15.867583,77.59894967,237.4069648,15.3,0,Imphal River,8,FALSE,6.84,0.855,0,6
Arunachal Pradesh,0.08726593,64.80335327,76.16346156,25.9,0,Brahmaputra (Dibrugarh gauge),105.7,TRUE,42.28,0.4,0,3
Manipur,0,0.179629907,3.620654985,20.7,2,Barak,20.5,FALSE,7.05,0.344,0,4
Arunachal Pradesh,2.4929087,2.555508323,3.895948477,15.9,0,Subansiri,42,FALSE,24.74,0.589,1,9
Arunachal Pradesh,92.63756,145.852932,195.7967793,26.3,0,Brahmaputra (Dibrugarh gauge),105.7,TRUE,61.31,0.58,1,5
Arunachal Pradesh,56.199997,56.59999692,113.7999929,35.6,1,Brahmaputra (Dibrugarh gauge),105.7,TRUE,69.87,0.661,1,7
Arunachal Pradesh,0,32.10647964,40.67458153,30.5,1,Brahmaputra (Dibrugarh gauge),105.7,TRUE,36.26,0.343,0,1
Tripura,0,4.90394634,10.09695572,20.2,1,Gomti,12,FALSE,9.18,0.765,1,9
Assam,67.233345,74.17288923,74.17288923,11.2,0,Brahmaputra (Dhubri gauge),28.62,TRUE,14.6,0.51,1,9
Sikkim,11.211742,113.8521905,344.8848443,33.6,1,Teesta,15,FALSE,13,0.867,1,7
Manipur,0,0,0,11.2,0,Imphal River,8,FALSE,2.9,0.363,1,1
Arunachal Pradesh,0,0,0.395546809,30.3,0,Brahmaputra (Dibrugarh gauge),105.7,TRUE,117.33,1.11,1,6
Mizoram,72.909256,240.5050278,343.5850196,24.2,1,Tlawng,9,FALSE,9.67,1.074,1,6
Mizoram,1.515184,2.751156032,38.03635535,19.7,0,Barak,20.5,FALSE,20.07,0.979,0,7
Sikkim,0,0,0,33.6,1,Teesta,15,FALSE,5.38,0.359,1,2
Arunachal Pradesh,0,0,0,9.4,0,Dikrong,14,FALSE,3.04,0.217,0,1
Nagaland,0,2.106585085,13.73216236,19.5,0,Kopili,30,FALSE,12.36,0.412,0,10
Manipur,55.99459,151.5274658,207.8163328,20.6,2,Barak,20.5,FALSE,15.11,0.737,1,7
Meghalaya,122.0107,122.1338869,161.5586324,22.4,0,Brahmaputra (Dhubri gauge),28.62,TRUE,21.44,0.749,0,8
Arunachal Pradesh,4.8921194,7.507664084,16.33492825,17.4,1,Dikrong,14,FALSE,6.83,0.488,0,8
Assam,45.566017,46.91326764,76.32196191,8.4,0,Brahmaputra (Dibrugarh gauge),105.7,TRUE,106.44,1.007,0,8
Nagaland,0.85478234,13.21968007,35.35487723,21.7,0,Dhansiri,40,FALSE,17.04,0.426,1,10
Arunachal Pradesh,93.50351,147.5795181,192.8752404,30.3,1,Brahmaputra (Dibrugarh gauge),105.7,TRUE,54.33,0.514,1,5
Nagaland,25.91438,57.72010136,72.46163481,13.3,0,Doyang,18,FALSE,15.12,0.84,0,9
Assam,17.166256,103.3248405,240.3279762,7.6,2,Brahmaputra (Tezpur gauge),65.23,TRUE,57.92,0.888,0,6
Arunachal Pradesh,0,0,0,24.8,1,Brahmaputra (Dibrugarh gauge),105.7,TRUE,52.85,0.5,0,6
Mizoram,87.006836,220.3354111,310.8108053,23.4,1,Tlawng,9,FALSE,7.88,0.875,1,6
Assam,81.37634,235.5085182,364.2526569,6.5,0,Brahmaputra (Dhubri gauge),28.62,TRUE,27.36,0.956,1,6
Assam,22.36466,26.16283655,30.55338234,11.2,0,Brahmaputra (Dhubri gauge),28.62,TRUE,14.4,0.503,0,8
Manipur,10.290428,18.11096144,75.46986341,18,0,Imphal River,8,FALSE,8.56,1.07,1,6
Arunachal Pradesh,45.848213,82.26405716,126.1437922,30.3,1,Brahmaputra (Dibrugarh gauge),105.7,TRUE,101.79,0.963,1,6
Meghalaya,30.629112,66.88599014,206.6562424,20.2,0,Brahmaputra (Guwahati gauge),49.68,TRUE,30.8,0.62,1,6
Mizoram,0.038864855,0.244624335,82.53373929,23.4,0,Tlawng,9,FALSE,9.03,1.003,1,11
Tripura,0,2.898410946,27.29297742,14.6,0,Gomti,12,FALSE,4.09,0.341,0,4
Arunachal Pradesh,2.4167507,8.164737463,10.1239661,9.4,0,Dikrong,14,FALSE,5.33,0.381,1,3
Assam,84.671776,168.2534981,215.4670231,5,0,Subansiri,42,FALSE,34.82,0.829,0,6
Assam,88.825325,177.9212427,282.3163223,7.2,0,Subansiri,42,FALSE,37.84,0.901,1,6
Meghalaya,55.768578,69.55306298,77.65711385,20.5,1,Brahmaputra (Guwahati gauge),49.68,TRUE,30.6,0.616,1,6
Arunachal Pradesh,1.2110463,7.183989227,10.83281523,15.3,1,Dikrong,14,FALSE,5.81,0.415,1,2
Assam,35.932922,37.25942713,72.09329267,4.9,1,Manas,33,FALSE,36.33,1.101,0,8
Mizoram,99.27392,161.9858921,191.4229436,25.9,0,Barak,20.5,FALSE,12.26,0.598,1,5
Arunachal Pradesh,0,8.382526875,26.5696891,19.6,3,Subansiri,42,FALSE,16.3,0.388,0,2
Arunachal Pradesh,0.3490052,1.254521698,132.013101,22.5,2,Brahmaputra (Dibrugarh gauge),105.7,TRUE,61.62,0.583,0,6
Manipur,12.057993,23.86371183,45.85564351,16,0,Imphal River,8,FALSE,7.22,0.902,1,4
Nagaland,0,0,2.053465128,17.9,0,Dhansiri,40,FALSE,14.2,0.355,0,2
Meghalaya,0,0,0,18.7,0,Brahmaputra (Guwahati gauge),49.68,TRUE,21.01,0.423,0,1
Assam,66.479034,112.476162,375.2826157,6.5,0,Manas,33,FALSE,32.47,0.984,1,7
Meghalaya,78.939644,109.8697209,116.6002802,16.2,0,Brahmaputra (Guwahati gauge),49.68,TRUE,28.52,0.574,1,5
Arunachal Pradesh,116.50236,226.1557083,262.7288871,25.3,0,Brahmaputra (Dibrugarh gauge),105.7,TRUE,99.68,0.943,1,6
Manipur,66.808815,107.5849352,151.7689142,6.7,0,Doyang,18,FALSE,12.13,0.674,0,9
Sikkim,2.452599,2.452599049,26.42098451,29.7,3,Teesta,15,FALSE,6.42,0.428,1,11
Assam,11.925249,21.73616147,78.29481116,4.8,0,Dikrong,14,FALSE,8.41,0.601,0,6
Tripura,28.331175,123.4108448,245.1480494,12.8,1,Tlawng,9,FALSE,9.55,1.061,1,8
Meghalaya,0.8620496,10.64726186,10.64726186,24.9,0,Brahmaputra (Guwahati gauge),49.68,TRUE,18.88,0.38,0,2
Sikkim,53.6803,109.7006922,303.2042761,23.3,0,Teesta,15,FALSE,14.4,0.96,0,6
Manipur,0,0,3.775484517,23.5,0,Barak,20.5,FALSE,7.85,0.383,1,11
Manipur,0,0,0.42263934,9,0,Doyang,18,FALSE,4.39,0.244,1,11
Assam,5.8137636,9.352373123,22.03080511,4.5,0,Brahmaputra (Dibrugarh gauge),105.7,TRUE,52.22,0.494,0,8
Meghalaya,82.992004,92.36010838,117.0756609,18.6,2,Brahmaputra (Dhubri gauge),28.62,TRUE,20.09,0.702,1,7
Tripura,4.26025,17.00974965,36.36186337,16.1,0,Gomti,12,FALSE,5.36,0.447,1,9
Arunachal Pradesh,0,42.77205372,58.19749039,30.3,0,Brahmaputra (Dibrugarh gauge),105.7,TRUE,48.3,0.457,1,10
Assam,81.08005,203.3081741,282.5832337,7,1,Brahmaputra (Dhubri gauge),28.62,TRUE,27.53,0.962,0,6
Assam,2.1308348,4.76651974,50.63511772,6.7,0,Brahmaputra (Dhubri gauge),28.62,TRUE,12.54,0.438,1,8
Sikkim,0,0,3.89811182,32.4,0,Teesta,15,FALSE,6.87,0.458,0,10
Meghalaya,0,0,0,17.5,0,Brahmaputra (Dhubri gauge),28.62,TRUE,12.31,0.43,0,2
Nagaland,64.07801,165.0156116,414.8189001,16.9,0,Dikrong,14,FALSE,16.94,1.21,0,6
Sikkim,96.961655,119.9677235,188.7829934,25.5,2,Teesta,15,FALSE,12.34,0.823,1,7
Tripura,0,0.49783501,0.49783501,17.2,1,Khowai,10,FALSE,3.26,0.326,0,3
Nagaland,0.12999189,36.63576734,36.63576734,15.7,1,Doyang,18,FALSE,8.75,0.486,0,4
Manipur,95.543625,140.3937874,174.0137847,15,1,Barak,20.5,FALSE,14.33,0.699,1,5
Manipur,0,6.204417482,85.2499478,20.6,2,Barak,20.5,FALSE,19.39,0.946,1,8
Nagaland,0,0,3.272178113,20.5,0,Kopili,30,FALSE,11.31,0.377,1,6
Manipur,76.23898,136.1529716,142.6466472,15.3,0,Imphal River,8,FALSE,4.87,0.609,1,8
Manipur,0,9.641129643,14.18576536,20.6,2,Barak,20.5,FALSE,10.13,0.494,0,6
Mizoram,0,8.074668527,19.34468162,20.2,0,Tlawng,9,FALSE,4.49,0.499,1,7
Assam,114.05877,174.3805656,210.9366174,8.7,2,Manas,33,FALSE,28.02,0.849,1,6
Mizoram,0,0,0,22.2,1,Tlawng,9,FALSE,3.75,0.417,0,3
Meghalaya,133.6735,227.0787048,260.5769545,16.4,0,Brahmaputra (Dhubri gauge),28.62,TRUE,27.56,0.963,1,6
Meghalaya,120.727936,164.3226357,368.2379026,19.6,1,Brahmaputra (Goalpara gauge),36.27,TRUE,32.86,0.906,1,5
Arunachal Pradesh,0.46309853,0.463098526,0.463098526,31.9,1,Brahmaputra (Dibrugarh gauge),105.7,TRUE,43.87,0.415,0,12
Manipur,1.1424823,17.42286015,40.06172436,23.5,0,Barak,20.5,FALSE,9.92,0.484,1,9
Arunachal Pradesh,84.3315,314.5607224,435.4619782,28.6,1,Brahmaputra (Dibrugarh gauge),105.7,TRUE,118.6,1.122,1,7
Arunachal Pradesh,71.71627,123.4676542,150.0487976,20.7,1,Subansiri,42,FALSE,22.51,0.536,1,4
Assam,0.23375307,1.400083765,274.0286715,10.2,0,Manas,33,FALSE,32.57,0.987,0,6
Manipur,0,0,0,8.4,2,Imphal River,8,FALSE,1.98,0.248,0,12
Nagaland,80.59576,137.868125,164.9688972,13.3,0,Doyang,18,FALSE,12.76,0.709,1,9
Arunachal Pradesh,0,0,0,35.3,0,Brahmaputra (Dibrugarh gauge),105.7,TRUE,87.94,0.832,0,8
Mizoram,6.1485662,35.52028275,105.8971415,19.7,0,Barak,20.5,FALSE,18.29,0.892,1,9
Manipur,0,28.00216341,28.18476601,15,1,Barak,20.5,FALSE,8.49,0.414,1,12
Nagaland,0,0,1.371230006,19.3,0,Doyang,18,FALSE,5.94,0.33,1,11
Mizoram,9.241225,30.38846302,66.30226851,24.7,1,Tlawng,9,FALSE,8.57,0.952,1,7
Assam,93.7829,111.3888599,274.8624737,8.4,0,Brahmaputra (Dibrugarh gauge),105.7,TRUE,96.82,0.916,1,7
Meghalaya,65.68465,103.9397535,346.2821503,20.2,0,Brahmaputra (Guwahati gauge),49.68,TRUE,45.56,0.917,0,7
Assam,6.8740473,9.416596889,11.36596918,5.2,0,Dikrong,14,FALSE,8.81,0.629,0,6
Tripura,0.5510093,10.24645054,107.6613001,17.2,1,Khowai,10,FALSE,4.34,0.434,0,5
Arunachal Pradesh,0.564184,3.519171298,8.263601601,26.4,0,Brahmaputra (Dibrugarh gauge),105.7,TRUE,102.95,0.974,1,8
Tripura,0,0,0,14.2,0,Khowai,10,FALSE,4.73,0.473,1,3
Sikkim,128.58054,283.3960838,333.0944061,35.2,1,Teesta,15,FALSE,15.16,1.011,1,9
Tripura,0,0,13.49859917,12.6,1,Gomti,12,FALSE,5.77,0.481,0,4
Meghalaya,2.9338467,11.63202322,29.70648015,19.6,1,Brahmaputra (Goalpara gauge),36.27,TRUE,18.03,0.497,1,9
Arunachal Pradesh,0,0,18.01258659,23.1,1,Brahmaputra (Dibrugarh gauge),105.7,TRUE,37.21,0.352,0,2
Meghalaya,72.7478,229.4619675,370.7258396,14.7,0,Brahmaputra (Dhubri gauge),28.62,TRUE,28.73,1.004,1,6
Nagaland,2.155477,16.99745226,70.28234753,14.2,1,Doyang,18,FALSE,11.07,0.615,0,9
Arunachal Pradesh,0.7177528,0.717752814,3.505846381,25.1,1,Brahmaputra (Dibrugarh gauge),105.7,TRUE,26,0.246,1,3
Tripura,47.8222,102.5798817,280.9242687,17.3,0,Khowai,10,FALSE,9.84,0.984,0,6
Arunachal Pradesh,9.242768,18.89697647,20.26464897,31.9,1,Brahmaputra (Dibrugarh gauge),105.7,TRUE,39.43,0.373,0,2
Meghalaya,0,0,0,20.7,1,Barak,20.5,FALSE,5.12,0.25,0,11
Mizoram,0,1.001019532,1.001019532,25,1,Tlawng,9,FALSE,8.13,0.903,0,6
Meghalaya,109.03504,391.1914215,686.3747978,20.5,1,Brahmaputra (Guwahati gauge),49.68,TRUE,57.43,1.156,1,8
Tripura,0,0,0,17.2,1,Khowai,10,FALSE,3.75,0.375,0,1
Meghalaya,99.889984,293.0970764,418.7444175,24.9,0,Brahmaputra (Guwahati gauge),49.68,TRUE,55.94,1.126,0,6
Arunachal Pradesh,0,0,0,22.7,0,Brahmaputra (Dibrugarh gauge),105.7,TRUE,53.48,0.506,0,2
Nagaland,6.556521,24.86944199,45.31991971,19.3,0,Doyang,18,FALSE,8.23,0.457,0,5
Manipur,0,0,0,20.6,2,Barak,20.5,FALSE,7.32,0.357,0,3
Sikkim,0,5.986137152,8.753970623,31.5,1,Teesta,15,FALSE,8.07,0.538,0,1
Arunachal Pradesh,20.884789,21.26039216,21.26039216,32.5,1,Brahmaputra (Dibrugarh gauge),105.7,TRUE,49.89,0.472,1,6
Manipur,7.433661,28.42192602,119.2872425,12.6,1,Imphal River,8,FALSE,7.13,0.891,0,8
Nagaland,0,2.43614167,52.18881768,19,6,Brahmaputra (Neamatighat gauge),85.05,TRUE,28.32,0.333,0,4
Meghalaya,117.671135,297.0579758,582.985302,17.3,0,Brahmaputra (Goalpara gauge),36.27,TRUE,36.67,1.011,0,6
Assam,140.13173,388.1747208,730.5899506,7,1,Brahmaputra (Dhubri gauge),28.62,TRUE,37.15,1.298,1,6
Arunachal Pradesh,2.3372254,22.34258986,57.38351822,15.9,0,Subansiri,42,FALSE,37.38,0.89,0,10
Arunachal Pradesh,71.376526,158.7584324,261.477356,30.5,1,Brahmaputra (Dibrugarh gauge),105.7,TRUE,86.57,0.819,1,6
Meghalaya,17.190065,127.7176189,512.4134426,19.7,1,Brahmaputra (Goalpara gauge),36.27,TRUE,36.92,1.018,0,6
Meghalaya,68.555984,87.21867752,132.2880981,19.7,1,Brahmaputra (Goalpara gauge),36.27,TRUE,26.62,0.734,1,8
Meghalaya,57.242077,66.98168707,193.9377666,17.1,1,Manas,33,FALSE,27.32,0.828,0,7
Nagaland,55.231068,101.8412962,185.9944782,11.6,1,Brahmaputra (Dibrugarh gauge),105.7,TRUE,83.08,0.786,1,6
Meghalaya,95.72294,214.7193966,517.2286663,16,0,Brahmaputra (Goalpara gauge),36.27,TRUE,37.97,1.047,0,6
Sikkim,1.1671933,74.6336869,205.7143544,31,1,Teesta,15,FALSE,17.5,1.167,1,6
Assam,66.00387,79.48194218,258.5240107,4.6,1,Brahmaputra (Goalpara gauge),36.27,TRUE,42.91,1.183,1,7
Arunachal Pradesh,78.2,153.3999939,230.7999907,35.6,1,Brahmaputra (Dibrugarh gauge),105.7,TRUE,89.84,0.85,0,6
Manipur,0,0,0,8.4,2,Imphal River,8,FALSE,3.22,0.402,0,3
Sikkim,5.8991942,38.74166477,67.90339792,34.9,3,Teesta,15,FALSE,6.64,0.443,0,5
Tripura,0,0,0,17.2,0,Gomti,12,FALSE,4.22,0.352,0,1
Arunachal Pradesh,0,8.813623428,8.979705319,29.9,1,Brahmaputra (Dibrugarh gauge),105.7,TRUE,53.8,0.509,1,8
Assam,35.950985,50.37553596,65.15428615,11.2,0,Brahmaputra (Dhubri gauge),28.62,TRUE,24.36,0.851,0,7
Nagaland,0,0,0,13,0,Doyang,18,FALSE,13.5,0.75,1,1
Arunachal Pradesh,1.2950748,3.373544991,10.11947478,33.6,2,Brahmaputra (Dibrugarh gauge),105.7,TRUE,48.73,0.461,1,8
Arunachal Pradesh,0,0.264498264,0.264498264,31.3,0,Brahmaputra (Dibrugarh gauge),105.7,TRUE,51.48,0.487,1,12
Mizoram,9.912099,9.912098885,10.94046915,23.1,2,Khowai,10,FALSE,4.05,0.405,1,10
Tripura,0,7.464791775,27.2369597,13.5,0,Khowai,10,FALSE,4.75,0.475,0,10
Nagaland,0,0,0,18,1,Brahmaputra (Tezpur gauge),65.23,TRUE,18.66,0.286,0,12
Manipur,0,0,0,6.7,0,Doyang,18,FALSE,8.39,0.466,1,12
Sikkim,86.69729,143.703146,266.8575315,29.8,2,Teesta,15,FALSE,14.35,0.957,1,7
Meghalaya,0,0,0,18.2,1,Manas,33,FALSE,26.4,0.8,1,11
Nagaland,0,1.081359118,4.17617318,12.2,1,Dikrong,14,FALSE,5.19,0.371,1,4
Arunachal Pradesh,0,4.754404306,4.754404306,26.4,0,Brahmaputra (Dibrugarh gauge),105.7,TRUE,54.96,0.52,1,7
Manipur,35.729313,111.1635761,246.0464611,20.6,2,Barak,20.5,FALSE,14.96,0.73,0,7
Sikkim,56.418446,83.50925827,147.5520954,29.8,2,Teesta,15,FALSE,11.5,0.767,1,7
Arunachal Pradesh,16.406004,45.95810127,70.99985933,9.4,0,Dikrong,14,FALSE,8.9,0.636,0,7
Manipur,10.592124,15.887743,53.08921397,15.8,1,Doyang,18,FALSE,10.87,0.604,1,7
Arunachal Pradesh,0.24159482,39.27121124,129.9776439,30.2,1,Brahmaputra (Dibrugarh gauge),105.7,TRUE,112.57,1.065,0,8
Arunachal Pradesh,39.854378,75.27494144,138.9290261,29.4,1,Brahmaputra (Dibrugarh gauge),105.7,TRUE,97.03,0.918,1,8
Mizoram,0,0,0,24.8,0,Tlawng,9,FALSE,3.56,0.395,0,12
