date,latitude,longitude,state,district,rainfall_mm,temperature,humidity,elevation_m,slope_degree,soil_type,river_level,road_condition,traffic_level,historical_incidents,incident_type,incident_severity,road_blocked,delay_minutes
2023-01-01,25.9928,92.3603,Meghalaya,Ri Bhoi,0.9,27.1,54.7,1658,4.9,Laterite,3.36,Fair,Low,0,None,None,False,13
2023-01-01,26.3257,94.2549,Assam,Sonitpur,2.0,7.0,62.5,93,0.0,Red Loamy,4.57,Good,Low,1,None,None,False,9
2023-01-01,24.7893,93.9286,Manipur,Senapati,4.1,14.6,41.8,1097,2.6,Laterite,5.01,Good,Low,0,None,None,False,7
2023-01-01,25.593,95.0527,Assam,Dibrugarh,0.5,15.9,72.4,159,5.5,Alluvial,2.85,Good,Low,1,None,None,False,1
2023-01-01,25.2916,94.6123,Manipur,Tamenglong,2.0,10.3,36.8,1967,11.4,Clayey,6.46,Fair,Moderate,1,None,None,False,6
2023-01-01,27.233,90.2802,Assam,Sonitpur,4.1,19.7,54.4,91,0.0,Laterite,2.34,Good,Moderate,0,None,None,False,6
2023-01-02,24.8595,92.914,Assam,Kamrup,0.0,34.3,53.2,125,12.8,Mountain Soil,3.84,Damaged,Moderate,6,Traffic Jam,High,True,311
2023-01-02,27.447,88.4366,Sikkim,West Sikkim,4.5,13.5,62.2,2571,24.8,Laterite,3.1,Fair,High,0,None,None,False,22
2023-01-02,23.8478,91.2152,Tripura,Khowai,0.3,28.3,57.0,731,4.4,Laterite,4.02,Good,Low,0,None,None,False,5
2023-01-02,25.2344,93.9877,Assam,Kamrup,0.2,28.5,66.1,50,0.0,Sandy Loam,4.1,Fair,Low,0,None,None,False,2
2023-01-02,27.5782,88.0197,Sikkim,East Sikkim,0.9,19.4,52.6,2006,23.6,Clayey,0.56,Fair,Moderate,0,None,None,False,11
2023-01-02,25.1236,93.8923,Manipur,Senapati,1.2,10.5,55.4,1916,18.8,Laterite,4.85,Good,Moderate,0,None,None,False,9
2023-01-03,25.6865,93.7094,Nagaland,Tuensang,2.4,24.1,63.6,839,0.5,Laterite,3.17,Fair,Moderate,0,None,None,False,4
2023-01-03,22.8256,92.5406,Mizoram,Champhai,4.0,11.7,54.7,1192,3.5,Mountain Soil,2.77,Good,Low,0,None,None,False,0
2023-01-03,27.4774,95.4411,Arunachal Pradesh,East Siang,2.5,21.6,55.1,1861,35.3,Clayey,5.06,Fair,Low,0,None,None,False,0
2023-01-03,27.0528,88.7064,Sikkim,East Sikkim,0.2,20.2,58.3,1915,21.7,Sandy Loam,3.61,Fair,High,0,None,None,False,2
2023-01-04,25.7404,91.5465,Meghalaya,East Khasi Hills,2.3,12.0,61.5,1782,14.3,Laterite,1.53,Good,Moderate,1,None,None,False,11
2023-01-04,28.0238,88.622,Sikkim,East Sikkim,0.0,10.0,47.7,3132,12.6,Sandy Loam,5.85,Good,Low,3,None,None,False,31
2023-01-05,25.4717,92.0754,Meghalaya,West Garo Hills,0.5,20.9,54.4,800,10.3,Laterite,3.24,Good,Low,0,None,None,False,3
2023-01-05,27.7812,88.5724,Sikkim,East Sikkim,0.4,9.3,69.2,4274,38.3,Forest Soil,5.11,Fair,Moderate,0,None,None,False,4
2023-01-05,23.4195,92.4772,Mizoram,Serchhip,2.9,27.8,33.9,626,11.4,Laterite,4.28,Good,High,0,None,None,False,28
2023-01-05,23.5678,91.5522,Tripura,Dhalai,6.7,12.7,46.3,790,2.8,Clayey,5.16,Fair,Moderate,0,None,None,False,2
2023-01-05,25.2862,92.559,Meghalaya,Ri Bhoi,1.8,15.8,71.8,1478,19.2,Forest Soil,2.51,Fair,High,3,None,None,False,10
2023-01-06,25.7781,93.065,Assam,Nagaon,4.3,26.7,47.2,51,0.0,Sandy Loam,4.01,Fair,Low,1,None,None,False,0
2023-01-07,25.2655,92.068,Meghalaya,East Khasi Hills,1.1,24.6,58.6,443,3.2,Clayey,4.25,Good,Moderate,0,None,None,False,18
2023-01-07,28.4469,95.1218,Arunachal Pradesh,East Siang,0.3,13.0,76.0,1687,22.9,Forest Soil,2.88,Fair,Moderate,0,None,None,False,2
2023-01-07,27.5837,91.5662,Arunachal Pradesh,Changlang,5.2,28.4,46.0,2113,14.4,Alluvial,3.78,Good,Moderate,3,None,None,False,8
2023-01-07,25.3212,93.9146,Manipur,Tamenglong,8.2,18.2,30.9,1344,5.1,Forest Soil,3.5,Good,Low,1,None,None,False,6
2023-01-07,23.878,92.416,Mizoram,Mamit,0.4,23.8,47.1,735,17.3,Laterite,3.79,Good,Moderate,1,None,None,False,22
2023-01-07,23.0145,92.1496,Tripura,Khowai,1.3,18.3,57.4,288,15.1,Red Loamy,3.73,Good,Moderate,0,None,None,False,13
2023-01-08,23.012,91.8969,Tripura,North Tripura,4.7,23.2,47.9,482,10.9,Mountain Soil,4.4,Fair,Low,0,None,None,False,5
2023-01-08,27.6252,88.6142,Sikkim,South Sikkim,2.3,21.5,73.6,658,4.7,Mountain Soil,4.53,Good,Low,2,None,None,False,7
2023-01-08,27.7236,88.2794,Sikkim,North Sikkim,3.5,18.0,51.1,1086,0.0,Red Loamy,3.49,Good,Low,1,None,None,False,0
2023-01-08,24.3639,94.682,Manipur,Churachandpur,9.5,20.6,67.6,1651,14.2,Laterite,4.65,Good,Moderate,0,None,None,False,9
2023-01-09,24.0696,93.1783,Mizoram,Champhai,1.2,13.2,45.0,1144,3.8,Forest Soil,4.13,Fair,Moderate,0,None,None,False,5
2023-01-09,24.091,93.0177,Manipur,Senapati,4.5,12.1,48.7,1047,4.1,Alluvial,4.67,Good,Moderate,0,None,None,False,18
2023-01-09,26.7073,94.8074,Nagaland,Tuensang,0.7,19.2,63.3,748,0.0,Alluvial,2.94,Fair,Moderate,1,None,None,False,0
2023-01-10,25.4729,91.9582,Meghalaya,Ri Bhoi,0.3,20.0,36.7,1129,6.8,Clayey,3.61,Fair,Moderate,1,None,None,False,6
2023-01-10,23.0227,92.2203,Tripura,North Tripura,7.9,29.1,32.9,543,0.0,Laterite,4.81,Good,Moderate,3,None,None,False,16
2023-01-10,22.9646,92.1811,Tripura,Dhalai,6.6,17.7,49.0,394,8.4,Red Loamy,5.23,Fair,High,1,None,None,False,25
2023-01-10,25.7836,93.8546,Nagaland,Mon,0.3,34.3,69.9,677,2.1,Sandy Loam,3.66,Good,Low,0,None,None,False,7
2023-01-11,25.5364,93.9533,Assam,Cachar,0.2,24.0,23.8,131,2.7,Alluvial,2.25,Good,Low,0,None,None,False,0
2023-01-11,25.5495,91.6735,Meghalaya,South Garo Hills,4.3,20.2,46.8,391,0.0,Laterite,1.65,Fair,Moderate,0,None,None,False,9
2023-01-11,25.0058,90.2733,Meghalaya,East Khasi Hills,2.6,17.6,51.6,909,5.8,Alluvial,4.31,Fair,Moderate,1,None,None,False,0
2023-01-11,26.0466,91.2282,Meghalaya,Jaintia Hills,0.1,15.9,52.4,1661,0.9,Mountain Soil,4.56,Fair,Low,0,None,None,False,8
2023-01-12,25.3526,95.1741,Nagaland,Dimapur,3.0,14.5,83.0,1356,7.4,Red Loamy,4.97,Good,Low,1,None,None,False,27
2023-01-12,27.9998,88.1791,Sikkim,East Sikkim,6.0,6.5,42.1,3422,20.1,Red Loamy,4.41,Good,Moderate,0,None,None,False,8
2023-01-12,24.987,92.6931,Assam,Barpeta,5.0,15.8,49.7,169,6.5,Laterite,1.96,Under Construction,High,7,Fog/Visibility,Medium,False,53
2023-01-12,25.3369,94.6778,Nagaland,Mon,0.8,12.4,52.8,1480,2.8,Mountain Soil,2.82,Good,Moderate,1,None,None,False,8
2023-01-12,25.6189,95.3163,Assam,Nagaon,0.1,16.7,56.1,164,0.0,Clayey,3.84,Fair,Moderate,1,None,None,False,6
2023-01-12,22.3925,92.3528,Mizoram,Lunglei,4.0,24.1,49.2,1673,0.0,Sandy Loam,4.64,Good,Moderate,0,None,None,False,10
2023-01-12,27.7634,88.8569,Sikkim,North Sikkim,0.5,25.6,57.8,1540,2.0,Mountain Soil,6.36,Poor,High,3,Flood,Medium,False,62
2023-01-12,22.9596,91.9952,Tripura,Dhalai,0.7,15.0,58.5,879,0.0,Clayey,4.36,Fair,Low,2,None,None,False,0
2023-01-12,27.402,88.7523,Sikkim,North Sikkim,0.7,6.1,68.3,3572,26.8,Laterite,1.44,Good,High,0,None,None,False,5
2023-01-13,24.6476,94.3939,Manipur,Tamenglong,0.3,21.5,44.7,1209,22.8,Mountain Soil,3.19,Good,Moderate,0,None,None,False,17
2023-01-14,27.0088,92.138,Arunachal Pradesh,Tawang,0.2,9.2,67.8,2608,13.7,Mountain Soil,4.16,Poor,Low,3,Fallen Tree,Medium,True,205
2023-01-14,25.1017,90.9825,Assam,Dibrugarh,1.2,19.1,68.3,31,0.0,Forest Soil,4.32,Good,Moderate,0,None,None,False,13
2023-01-14,28.5599,97.3222,Arunachal Pradesh,Papum Pare,1.8,11.9,46.5,2510,14.9,Sandy Loam,4.08,Poor,Moderate,2,Fallen Tree,Low,True,340
2023-01-15,26.4385,93.5287,Nagaland,Wokha,0.4,12.1,42.7,1889,0.0,Forest Soil,5.02,Good,Moderate,0,None,None,False,17
2023-01-15,24.9458,94.4686,Manipur,Imphal West,0.5,20.0,43.0,1140,12.1,Mountain Soil,2.2,Fair,Low,2,None,None,False,9
2023-01-15,24.5601,90.0938,Assam,Kamrup,2.0,19.7,83.2,95,0.0,Laterite,4.33,Fair,Low,0,None,None,False,2
2023-01-15,27.6188,88.5405,Sikkim,East Sikkim,0.1,0.3,40.1,2712,13.9,Forest Soil,3.09,Good,Moderate,0,None,None,False,5
2023-01-15,26.7959,93.4327,Assam,Sonitpur,0.0,27.5,61.6,70,7.7,Clayey,4.97,Fair,Moderate,0,None,None,False,13
2023-01-16,23.047,91.8422,Tripura,West Tripura,2.5,26.5,48.9,507,8.2,Mountain Soil,4.6,Good,Low,2,None,None,False,27
2023-01-16,23.3048,92.2707,Tripura,Dhalai,4.4,15.6,63.3,778,0.0,Forest Soil,1.31,Good,Low,1,None,None,False,5
2023-01-16,25.4392,92.2739,Meghalaya,East Khasi Hills,20.0,10.4,49.3,1628,10.5,Mountain Soil,1.65,Fair,Moderate,0,None,None,False,11
2023-01-17,26.793,93.4327,Arunachal Pradesh,Lohit,0.8,10.6,57.0,2028,11.8,Laterite,2.96,Good,Low,0,None,None,False,0
2023-01-17,23.4461,91.9342,Tripura,West Tripura,0.6,32.0,48.9,732,10.1,Red Loamy,5.62,Poor,High,6,Fallen Tree,Medium,False,55
2023-01-17,24.1542,93.0043,Manipur,Ukhrul,2.2,13.7,56.5,886,0.0,Forest Soil,4.01,Good,Moderate,1,None,None,False,11
2023-01-17,27.5631,93.3314,Arunachal Pradesh,Lohit,0.5,27.0,55.8,932,7.0,Alluvial,1.71,Good,Low,0,None,None,False,16
2023-01-17,25.1293,90.1669,Assam,Barpeta,2.2,24.8,55.8,109,1.5,Forest Soil,2.95,Good,Moderate,0,None,None,False,0
2023-01-17,22.9363,92.1442,Tripura,Khowai,0.7,12.0,52.3,555,0.0,Sandy Loam,3.12,Good,Low,0,None,None,False,18
2023-01-18,27.4543,88.8058,Sikkim,East Sikkim,0.6,25.5,57.7,1809,0.4,Red Loamy,5.32,Good,Moderate,0,None,None,False,10
2023-01-18,27.1979,88.823,Sikkim,South Sikkim,8.0,9.6,61.8,3454,29.2,Sandy Loam,5.59,Good,Low,0,None,None,False,7
2023-01-19,25.4193,94.0743,Manipur,Senapati,2.6,12.8,63.2,1474,12.9,Sandy Loam,3.52,Damaged,Moderate,5,Fallen Tree,Medium,False,64
2023-01-19,25.6461,93.5562,Nagaland,Mon,14.6,21.3,52.7,262,0.0,Mountain Soil,5.61,Fair,Low,0,None,None,False,19
2023-01-19,25.9751,95.1975,Assam,Sonitpur,0.3,27.4,61.3,81,5.8,Mountain Soil,3.58,Good,High,0,None,None,False,6
2023-01-20,26.0567,95.1133,Nagaland,Wokha,3.3,17.8,33.0,645,10.8,Laterite,2.45,Fair,High,0,None,None,False,5
2023-01-20,25.0921,92.5841,Meghalaya,Ri Bhoi,3.6,18.8,43.5,924,0.7,Laterite,4.68,Good,Low,0,None,None,False,19
2023-01-20,24.3496,93.2016,Manipur,Churachandpur,3.4,14.2,28.1,1941,12.4,Alluvial,4.48,Good,Moderate,0,None,None,False,3
2023-01-21,25.517,94.3117,Nagaland,Wokha,13.5,12.5,62.7,1190,9.8,Red Loamy,2.71,Good,Moderate,0,None,None,False,15
2023-01-21,25.0758,91.8902,Meghalaya,South Garo Hills,0.1,26.8,61.3,783,11.5,Alluvial,2.57,Good,Moderate,1,None,None,False,0
2023-01-21,23.1411,91.5109,Tripura,North Tripura,3.6,23.6,44.7,380,4.5,Clayey,4.48,Good,Low,1,None,None,False,13
2023-01-21,25.233,93.7347,Nagaland,Tuensang,1.9,5.2,56.9,1041,14.7,Clayey,2.52,Good,Moderate,0,None,None,False,2
2023-01-21,23.1652,91.6346,Tripura,North Tripura,0.1,22.3,49.8,200,6.0,Sandy Loam,3.85,Fair,Moderate,0,None,None,False,3
2023-01-22,28.8573,96.9713,Arunachal Pradesh,Lohit,1.1,14.1,51.6,2907,5.5,Clayey,3.96,Good,Low,0,None,None,False,15
2023-01-22,25.4222,91.1687,Meghalaya,Ri Bhoi,0.2,23.8,53.4,795,5.9,Laterite,4.87,Fair,Moderate,1,None,None,False,3
2023-01-22,23.4666,91.7602,Tripura,Dhalai,3.2,21.0,41.1,125,0.0,Forest Soil,3.92,Fair,Low,1,None,None,False,15
2023-01-22,24.1615,93.1721,Mizoram,Aizawl,3.7,19.3,43.6,983,0.9,Red Loamy,4.04,Good,Moderate,0,None,None,False,17
2023-01-22,22.6606,93.0891,Mizoram,Mamit,0.2,23.6,55.4,1612,3.5,Clayey,3.12,Fair,Low,1,None,None,False,5
2023-01-23,25.0021,94.6333,Manipur,Ukhrul,2.3,19.5,56.3,1235,3.7,Laterite,1.39,Fair,Low,1,None,None,False,2
2023-01-23,22.9293,91.5675,Tripura,Dhalai,2.9,15.4,57.6,626,19.7,Mountain Soil,4.15,Fair,Moderate,0,None,None,False,5
2023-01-23,24.7598,94.6109,Manipur,Senapati,3.5,17.3,60.8,1849,5.8,Clayey,3.16,Good,Low,1,None,None,False,17
2023-01-23,27.9861,88.5269,Sikkim,South Sikkim,0.8,6.9,61.0,4224,18.2,Red Loamy,4.53,Fair,Moderate,0,None,None,False,0
2023-01-24,25.5781,95.0585,Assam,Jorhat,0.1,12.6,64.2,39,5.2,Red Loamy,3.45,Damaged,High,5,Bridge Damage,Medium,True,220
2023-01-25,25.2766,94.3604,Manipur,Tamenglong,0.5,17.0,71.4,1770,2.3,Laterite,4.18,Good,Moderate,2,None,None,False,2
2023-01-25,26.0499,91.8572,Meghalaya,Ri Bhoi,4.0,10.6,34.1,1771,5.0,Clayey,4.26,Good,Low,0,None,None,False,1
2023-01-25,26.4858,93.9208,Nagaland,Dimapur,1.6,20.0,73.5,721,7.9,Clayey,0.5,Good,Moderate,0,None,None,False,17
2023-01-25,22.7008,92.6737,Mizoram,Serchhip,0.3,18.2,61.8,1882,2.1,Clayey,4.92,Good,Moderate,1,None,None,False,6
2023-01-25,26.1195,93.5699,Assam,Barpeta,15.6,24.9,71.1,120,0.0,Laterite,4.28,Good,Moderate,0,None,None,False,0
2023-01-26,25.5654,93.4945,Manipur,Imphal West,0.1,14.9,58.1,1415,9.0,Laterite,4.43,Good,Moderate,0,None,None,False,11
2023-01-26,25.6553,94.3249,Nagaland,Mon,1.1,13.0,65.2,1151,8.2,Clayey,4.58,Fair,Low,0,None,None,False,15
2023-01-26,27.0859,88.7927,Sikkim,East Sikkim,0.5,13.5,46.3,1603,12.2,Red Loamy,4.6,Good,Moderate,0,None,None,False,16
2023-01-27,22.925,92.2206,Tripura,Dhalai,4.9,23.2,76.8,731,4.2,Sandy Loam,4.38,Good,Low,0,None,None,False,13
2023-01-27,22.885,92.479,Mizoram,Lunglei,1.6,16.0,59.6,1188,9.8,Clayey,2.66,Fair,High,0,None,None,False,11
2023-01-27,25.3765,92.7577,Meghalaya,Jaintia Hills,4.6,21.1,59.4,1827,10.5,Red Loamy,4.18,Fair,Low,0,None,None,False,1
2023-01-28,24.2309,94.1997,Manipur,Churachandpur,1.2,22.0,48.8,850,1.3,Clayey,1.53,Good,Low,2,None,None,False,21
2023-01-28,25.5558,92.5107,Assam,Jorhat,0.8,20.4,55.8,144,1.9,Sandy Loam,5.68,Good,Low,0,None,None,False,13
2023-01-28,23.3955,92.0827,Tripura,West Tripura,0.6,15.0,52.7,594,3.9,Alluvial,3.62,Good,Low,2,None,None,False,20
2023-01-28,22.6322,92.861,Mizoram,Aizawl,2.7,22.1,46.3,711,0.0,Sandy Loam,4.21,Fair,High,1,None,None,False,7
2023-01-28,25.9053,95.4705,Assam,Jorhat,0.4,20.9,64.4,129,0.0,Alluvial,6.31,Good,High,0,None,None,False,23
2023-01-29,24.5873,92.973,Assam,Cachar,4.9,22.7,52.3,190,0.0,Laterite,4.68,Fair,Low,1,None,None,False,11
2023-01-29,23.1521,91.5998,Tripura,Gomati,0.1,23.8,65.7,282,0.0,Laterite,4.73,Fair,Moderate,0,None,None,False,18
2023-01-29,25.9508,92.7364,Assam,Cachar,4.2,17.1,60.2,44,3.7,Laterite,0.57,Good,Low,0,None,None,False,5
2023-01-29,26.9226,94.1774,Nagaland,Kohima,0.8,24.5,43.6,252,0.6,Forest Soil,3.92,Good,Low,0,None,None,False,11
2023-01-29,26.7377,91.4795,Assam,Kamrup,0.3,24.0,66.8,132,4.0,Mountain Soil,3.69,Good,Moderate,1,None,None,False,2
2023-01-29,22.8187,93.2494,Mizoram,Mamit,1.0,14.4,66.7,1208,5.2,Clayey,3.34,Good,Moderate,1,None,None,False,17
2023-01-31,24.299,92.8272,Mizoram,Aizawl,1.7,17.2,47.9,1095,4.9,Mountain Soil,4.07,Good,Low,1,None,None,False,5
2023-02-01,23.9362,91.926,Tripura,North Tripura,0.4,22.9,62.6,684,5.5,Laterite,4.33,Good,Low,0,None,None,False,10
2023-02-02,27.7433,88.5567,Sikkim,South Sikkim,0.1,17.0,34.2,2687,33.0,Mountain Soil,5.14,Good,Moderate,0,None,None,False,0
2023-02-02,25.4659,94.1134,Nagaland,Kohima,0.0,24.0,72.9,552,9.0,Forest Soil,2.83,Good,Moderate,1,None,None,False,10
2023-02-02,26.0614,91.7753,Assam,Sonitpur,0.0,24.2,44.2,124,6.9,Laterite,4.46,Good,Low,2,None,None,False,21
2023-02-03,25.924,91.0995,Meghalaya,Ri Bhoi,1.0,20.0,46.4,382,0.0,Alluvial,3.79,Good,Low,1,None,None,False,13
2023-02-03,27.6551,88.7073,Sikkim,East Sikkim,0.9,5.4,55.0,3530,37.9,Mountain Soil,3.23,Fair,Moderate,0,None,None,False,0
2023-02-03,24.2082,91.2311,Tripura,North Tripura,1.2,18.9,60.6,382,4.5,Sandy Loam,2.53,Good,High,0,None,None,False,0
2023-02-04,27.4981,88.1627,Sikkim,East Sikkim,5.8,14.6,53.7,361,0.0,Red Loamy,4.99,Good,Moderate,1,None,None,False,23
2023-02-04,26.8622,92.5624,Assam,Dibrugarh,0.5,20.2,35.6,137,0.0,Forest Soil,3.97,Fair,Moderate,0,None,None,False,6
2023-02-04,26.9175,95.1819,Nagaland,Tuensang,0.4,13.1,39.6,1653,2.0,Red Loamy,2.58,Good,Low,0,None,None,False,4
2023-02-04,27.2489,91.8404,Assam,Dibrugarh,0.3,24.9,61.7,35,1.1,Forest Soil,2.76,Fair,Moderate,2,None,None,False,7
2023-02-05,24.1234,91.3015,Tripura,West Tripura,1.4,11.5,58.0,386,0.1,Alluvial,5.86,Fair,Moderate,2,None,None,False,15
2023-02-05,24.6732,95.0236,Assam,Cachar,0.6,19.2,51.8,40,0.0,Sandy Loam,3.98,Good,Low,0,None,None,False,21
2023-02-05,25.2794,94.8416,Nagaland,Tuensang,0.7,15.4,74.9,1667,9.4,Red Loamy,4.25,Fair,Low,0,None,None,False,0
2023-02-05,25.849,91.8929,Assam,Nagaon,2.2,31.2,70.0,138,0.0,Forest Soil,4.04,Good,Low,0,None,None,False,11
2023-02-06,23.8164,93.1237,Manipur,Imphal East,1.2,15.5,52.9,1690,15.4,Alluvial,4.08,Good,Low,0,None,None,False,5
2023-02-06,23.2195,91.7076,Tripura,West Tripura,7.0,20.0,68.5,609,1.1,Alluvial,3.07,Good,Low,0,None,None,False,4
2023-02-06,24.0221,94.0901,Manipur,Churachandpur,0.5,18.5,51.4,1979,2.6,Red Loamy,4.02,Damaged,Moderate,2,Fog/Visibility,Medium,False,33
2023-02-06,25.212,92.3819,Meghalaya,East Khasi Hills,0.2,24.5,70.5,179,0.0,Red Loamy,3.08,Good,Low,0,None,None,False,4
2023-02-06,26.7354,91.0455,Assam,Nagaon,3.8,22.7,47.8,31,10.1,Alluvial,2.96,Good,High,0,None,None,False,11
2023-02-07,24.0031,94.1882,Manipur,Senapati,3.1,19.3,67.3,1795,18.8,Mountain Soil,4.96,Good,High,0,None,None,False,3
2023-02-07,23.9573,92.1033,Tripura,Gomati,6.1,23.8,45.2,493,18.0,Clayey,2.66,Good,Low,1,None,None,False,4
2023-02-08,23.4467,91.4324,Tripura,West Tripura,2.4,13.4,54.1,312,9.0,Laterite,3.28,Under Construction,Low,2,Bridge Damage,Low,True,119
2023-02-08,26.3135,94.8119,Nagaland,Tuensang,1.0,17.3,51.6,811,23.1,Sandy Loam,3.54,Fair,Moderate,0,None,None,False,18
2023-02-08,24.3648,91.5411,Tripura,North Tripura,0.3,15.7,32.5,478,18.3,Clayey,5.29,Fair,High,1,None,None,False,5
2023-02-08,26.7096,93.4968,Nagaland,Mokokchung,2.4,18.6,52.0,1707,17.3,Red Loamy,0.5,Fair,High,1,None,None,False,10
2023-02-08,27.6738,88.0627,Sikkim,North Sikkim,2.5,16.3,44.0,2096,0.9,Alluvial,4.51,Good,Low,1,None,None,False,19
2023-02-08,27.1922,88.7569,Sikkim,North Sikkim,0.6,24.8,61.1,1675,18.6,Laterite,3.25,Poor,High,6,Bridge Damage,High,True,316
2023-02-08,26.8597,96.0984,Arunachal Pradesh,East Siang,1.5,26.9,55.4,289,0.0,Alluvial,5.54,Good,Low,2,None,None,False,28
2023-02-08,23.7283,91.8104,Tripura,North Tripura,0.1,29.1,63.5,695,0.0,Sandy Loam,1.44,Good,Low,1,None,None,False,22
2023-02-08,25.1004,94.1186,Manipur,Imphal West,1.9,19.3,32.5,1697,11.0,Forest Soil,3.14,Fair,Moderate,0,None,None,False,13
2023-02-08,26.0158,94.7487,Nagaland,Kohima,0.1,28.2,38.4,337,0.0,Mountain Soil,2.64,Poor,Moderate,7,Traffic Jam,Medium,False,78
2023-02-08,25.7199,94.6333,Assam,Nagaon,1.3,17.8,63.5,172,1.6,Sandy Loam,4.77,Good,Low,0,None,None,False,19
2023-02-09,24.0803,92.3365,Mizoram,Champhai,2.9,23.9,35.5,1004,0.0,Mountain Soil,2.94,Good,Low,0,None,None,False,8
2023-02-09,25.1892,90.265,Meghalaya,South Garo Hills,0.5,18.4,53.6,838,0.0,Clayey,5.3,Poor,Moderate,7,Traffic Jam,Critical,False,46
2023-02-09,23.3293,92.6889,Mizoram,Mamit,3.7,20.4,59.4,678,0.0,Red Loamy,0.54,Good,Low,0,None,None,False,19
2023-02-09,25.7728,91.0015,Meghalaya,Ri Bhoi,1.2,11.9,43.9,653,0.2,Laterite,4.09,Fair,Moderate,0,None,None,False,14
2023-02-09,22.6412,92.9231,Mizoram,Kolasib,0.5,19.5,57.3,572,9.0,Alluvial,3.49,Good,Moderate,0,None,None,False,10
2023-02-10,24.9247,93.8505,Manipur,Imphal East,5.4,14.4,69.4,1120,6.7,Mountain Soil,5.31,Good,Low,2,None,None,False,20
2023-02-10,26.684,93.5782,Nagaland,Dimapur,1.7,25.4,31.4,1699,2.4,Clayey,0.5,Good,High,0,None,None,False,10
2023-02-10,25.3884,92.1994,Meghalaya,Ri Bhoi,4.7,20.6,71.2,1120,11.6,Sandy Loam,3.48,Good,Low,0,None,None,False,13
2023-02-10,28.788,95.9968,Arunachal Pradesh,Lohit,0.3,13.8,55.8,2411,16.9,Clayey,2.7,Good,Moderate,1,None,None,False,19
2023-02-11,23.8249,91.6691,Tripura,Dhalai,1.7,17.5,61.3,775,9.6,Forest Soil,3.67,Good,Low,2,None,None,False,4
2023-02-11,27.8729,88.1249,Sikkim,West Sikkim,10.9,4.7,83.9,2606,21.9,Forest Soil,1.7,Good,Low,0,None,None,False,4
2023-02-11,24.6171,93.5827,Manipur,Ukhrul,1.9,21.2,54.8,1567,2.9,Forest Soil,2.99,Good,Moderate,0,None,None,False,10
2023-02-11,27.2673,94.1929,Assam,Nagaon,6.6,16.5,72.4,129,0.0,Alluvial,2.98,Good,Moderate,1,None,None,False,16
2023-02-11,25.3166,90.7573,Assam,Cachar,4.2,22.5,37.5,51,9.4,Mountain Soil,1.1,Good,Moderate,0,None,None,False,5
2023-02-12,29.0473,92.9749,Arunachal Pradesh,Changlang,2.0,13.1,74.9,2379,17.5,Laterite,2.83,Under Construction,Severe,4,Traffic Jam,Low,False,8
2023-02-12,24.4547,93.0999,Mizoram,Kolasib,0.6,18.8,56.7,1029,4.1,Laterite,4.44,Poor,High,8,Fog/Visibility,Medium,False,57
2023-02-12,22.9613,92.9478,Mizoram,Aizawl,1.5,22.2,69.9,1432,6.8,Red Loamy,1.6,Good,Moderate,1,None,None,False,10
2023-02-12,25.5067,90.5553,Meghalaya,South Garo Hills,4.2,11.8,51.4,805,0.0,Laterite,4.51,Fair,High,0,None,None,False,12
2023-02-13,27.6824,95.7027,Arunachal Pradesh,East Siang,1.0,6.9,50.7,2963,10.8,Forest Soil,2.83,Good,Low,0,None,None,False,3
2023-02-15,27.599,88.7245,Sikkim,North Sikkim,0.4,17.6,50.1,1605,5.1,Sandy Loam,7.78,Good,Low,0,None,None,False,16
2023-02-15,25.7954,89.8507,Meghalaya,South Garo Hills,3.7,16.0,43.2,1272,15.5,Clayey,4.27,Fair,Moderate,0,None,None,False,4
2023-02-15,27.7596,88.0912,Sikkim,West Sikkim,0.4,11.1,52.2,3011,10.8,Mountain Soil,3.76,Fair,Low,1,None,None,False,15
2023-02-15,24.6473,93.4044,Manipur,Imphal West,3.0,15.2,55.5,1658,18.2,Mountain Soil,3.49,Good,Low,1,None,None,False,0
2023-02-16,25.7175,90.7178,Meghalaya,Ri Bhoi,0.1,19.1,57.7,585,6.9,Laterite,4.55,Good,Low,0,None,None,False,0
2023-02-16,22.1716,92.2848,Mizoram,Champhai,5.6,13.6,47.6,1340,0.0,Alluvial,0.95,Fair,Moderate,0,None,None,False,0
2023-02-16,24.1256,92.0786,Tripura,Khowai,0.0,21.0,59.4,42,0.0,Forest Soil,1.46,Good,Moderate,2,None,None,False,2
2023-02-16,24.2302,92.5543,Mizoram,Champhai,4.7,19.9,41.5,1781,5.9,Alluvial,4.25,Poor,Severe,3,Bridge Damage,Medium,False,36
2023-02-16,24.5898,94.4165,Manipur,Imphal East,1.8,18.0,36.8,1432,4.2,Mountain Soil,4.37,Good,Moderate,0,None,None,False,7
2023-02-16,23.8699,94.4675,Manipur,Ukhrul,0.9,27.3,49.0,910,0.0,Red Loamy,4.43,Good,Moderate,1,None,None,False,21
2023-02-16,25.0588,92.7398,Meghalaya,West Garo Hills,1.4,13.7,56.8,1216,9.6,Alluvial,4.29,Fair,Low,1,None,None,False,5
2023-02-17,23.9494,91.3386,Tripura,West Tripura,4.7,18.0,54.6,293,0.0,Mountain Soil,5.07,Good,Low,1,None,None,False,6
2023-02-17,24.3487,94.4151,Manipur,Senapati,1.2,26.6,46.0,1043,15.6,Alluvial,3.58,Fair,Low,0,None,None,False,13
2023-02-18,23.3878,92.2882,Tripura,Khowai,2.6,19.1,33.9,82,0.0,Alluvial,3.58,Fair,High,0,None,None,False,17
2023-02-18,26.3674,95.8587,Assam,Nagaon,8.8,19.2,53.6,103,3.3,Clayey,3.52,Fair,High,2,None,None,False,11
2023-02-18,29.0265,93.0453,Arunachal Pradesh,West Kameng,2.0,22.3,45.8,1926,13.1,Laterite,5.56,Good,Low,0,None,None,False,22
2023-02-19,23.7807,93.4606,Mizoram,Lunglei,2.8,14.1,48.1,1156,10.1,Mountain Soil,4.32,Fair,High,0,None,None,False,21
2023-02-20,23.9621,92.4869,Mizoram,Champhai,0.0,18.0,59.6,1407,23.6,Mountain Soil,3.62,Good,Low,1,None,None,False,6
2023-02-20,24.0981,94.5357,Manipur,Imphal East,4.3,14.7,52.5,1534,8.2,Laterite,1.67,Good,Low,0,None,None,False,10
2023-02-20,25.9691,94.8415,Nagaland,Tuensang,0.0,17.9,50.1,1407,0.0,Forest Soil,3.69,Good,Low,1,None,None,False,7
2023-02-20,27.3033,94.068,Arunachal Pradesh,West Kameng,5.2,18.8,53.6,1774,20.4,Red Loamy,2.8,Fair,Moderate,1,None,None,False,1
2023-02-20,26.3202,94.5572,Nagaland,Tuensang,0.8,17.5,57.0,759,0.0,Forest Soil,4.36,Poor,Severe,6,Traffic Jam,Medium,False,53
2023-02-20,23.9686,92.8945,Mizoram,Champhai,0.1,14.2,37.1,810,18.4,Laterite,0.5,Good,Moderate,1,None,None,False,1
2023-02-22,25.8073,91.6967,Meghalaya,Ri Bhoi,1.0,8.8,55.5,1171,5.8,Mountain Soil,3.84,Good,Low,1,None,None,False,20
2023-02-22,23.8646,92.3748,Mizoram,Lunglei,1.0,17.2,49.1,1310,2.6,Sandy Loam,2.86,Good,Low,0,None,None,False,0
2023-02-22,25.4264,92.284,Assam,Kamrup,3.2,16.3,43.2,89,0.0,Alluvial,4.09,Damaged,High,3,Bridge Damage,Low,False,40
2023-02-22,27.8131,96.2182,Arunachal Pradesh,Lohit,1.2,19.8,46.4,2270,14.2,Mountain Soil,5.25,Poor,High,8,Bridge Damage,High,True,170
2023-02-22,28.6678,92.153,Arunachal Pradesh,Changlang,0.6,6.6,61.1,2678,0.0,Alluvial,3.78,Good,Low,0,None,None,False,17
2023-02-22,24.861,91.5506,Assam,Nagaon,1.2,25.2,67.3,196,1.3,Alluvial,4.24,Good,High,0,None,None,False,5
2023-02-23,27.1167,88.6198,Sikkim,South Sikkim,3.2,9.8,49.5,4410,32.7,Mountain Soil,3.22,Good,Moderate,0,None,None,False,16
2023-02-23,27.3298,95.2549,Assam,Cachar,0.7,20.4,82.0,182,3.6,Laterite,2.72,Good,Low,1,None,None,False,25
2023-02-23,25.6832,92.6182,Meghalaya,South Garo Hills,3.6,22.5,63.6,765,2.6,Forest Soil,2.35,Good,Low,0,None,None,False,14
2023-02-23,24.0242,92.2313,Tripura,Gomati,1.2,20.8,44.4,251,3.7,Red Loamy,2.96,Good,Moderate,0,None,None,False,10
2023-02-23,27.9493,88.7825,Sikkim,North Sikkim,0.0,16.2,75.0,2276,25.6,Alluvial,3.44,Fair,Moderate,1,None,None,False,9
2023-02-24,22.7499,92.3118,Mizoram,Serchhip,1.9,19.7,44.6,1025,0.0,Forest Soil,4.14,Fair,Low,1,None,None,False,17
2023-02-24,24.4312,91.4743,Tripura,Dhalai,3.1,15.8,43.6,156,0.0,Alluvial,1.87,Good,Moderate,0,None,None,False,0
2023-02-24,25.4365,93.5493,Nagaland,Kohima,3.0,17.7,47.2,1365,0.0,Alluvial,5.6,Good,Low,0,None,None,False,22
2023-02-24,27.7079,92.347,Arunachal Pradesh,Changlang,1.5,15.8,47.4,2535,16.8,Red Loamy,4.09,Good,Moderate,0,None,None,False,0
2023-02-25,22.374,92.5722,Mizoram,Aizawl,0.1,7.4,61.3,1513,12.9,Sandy Loam,4.35,Good,High,0,None,None,False,15
2023-02-25,27.9331,95.1756,Arunachal Pradesh,West Kameng,0.9,24.3,42.0,1833,17.2,Red Loamy,2.98,Fair,High,1,None,None,False,2
2023-02-25,22.9972,92.5459,Mizoram,Mamit,5.0,32.2,48.7,1117,8.2,Red Loamy,1.57,Good,Moderate,0,None,None,False,1
2023-02-27,22.8733,93.3033,Mizoram,Aizawl,0.9,22.2,61.6,728,13.7,Alluvial,6.41,Good,Low,2,None,None,False,13
2023-02-27,28.0769,88.2124,Sikkim,North Sikkim,0.8,23.6,44.5,1007,0.0,Alluvial,3.02,Fair,Moderate,0,None,None,False,7
2023-02-27,25.7405,93.3466,Nagaland,Tuensang,12.4,10.2,53.3,1809,0.0,Alluvial,3.46,Good,Low,1,None,None,False,8
2023-02-27,27.2835,88.6766,Sikkim,South Sikkim,0.8,14.4,59.6,698,3.4,Mountain Soil,4.85,Good,Low,1,None,None,False,0
2023-02-27,27.3366,88.1147,Sikkim,North Sikkim,5.3,9.8,61.4,2591,3.1,Forest Soil,4.86,Poor,Severe,6,Bridge Damage,Critical,True,203
2023-02-28,26.6678,94.3558,Nagaland,Kohima,6.9,20.2,35.4,1898,12.5,Clayey,6.1,Good,High,1,None,None,False,4
2023-02-28,25.4398,89.9675,Meghalaya,Ri Bhoi,1.7,23.6,70.4,1406,8.3,Mountain Soil,4.9,Good,Low,1,None,None,False,0
2023-02-28,22.7611,92.5348,Mizoram,Kolasib,4.1,16.3,73.8,1232,6.0,Forest Soil,1.84,Good,Moderate,1,None,None,False,17
2023-02-28,25.2141,89.9729,Meghalaya,South Garo Hills,0.6,24.6,31.2,749,11.0,Forest Soil,3.9,Good,Low,1,None,None,False,7
2023-03-01,24.7271,93.0662,Manipur,Tamenglong,1.3,17.5,70.1,832,8.4,Forest Soil,3.69,Good,Low,0,None,None,False,27
2023-03-01,25.5375,92.4675,Meghalaya,West Garo Hills,0.2,11.3,51.6,409,7.9,Alluvial,3.36,Good,High,0,None,None,False,12
2023-03-01,23.2674,92.916,Mizoram,Serchhip,5.9,13.4,41.1,1493,8.9,Alluvial,3.77,Good,High,0,None,None,False,0
2023-03-02,23.3284,91.4543,Tripura,Dhalai,1.1,24.3,68.1,346,3.4,Red Loamy,3.31,Good,Moderate,1,None,None,False,19
2023-03-02,24.54,95.9933,Assam,Nagaon,0.4,16.6,58.9,128,0.0,Sandy Loam,4.85,Fair,Low,1,None,None,False,9
2023-03-02,27.1293,88.7544,Sikkim,West Sikkim,14.0,15.2,74.7,1154,16.3,Sandy Loam,1.85,Fair,Moderate,0,None,None,False,0
2023-03-03,24.3947,94.0576,Manipur,Tamenglong,0.3,14.6,53.1,1599,0.1,Sandy Loam,4.81,Fair,Moderate,0,None,None,False,5
2023-03-03,26.1594,94.3897,Nagaland,Mon,9.0,20.6,70.1,1499,4.9,Laterite,5.79,Damaged,Moderate,3,Traffic Jam,Low,True,251
2023-03-03,25.7045,93.3247,Nagaland,Dimapur,1.2,12.5,76.4,1898,13.2,Sandy Loam,3.04,Fair,Moderate,1,None,None,False,6
2023-03-04,23.9516,92.2724,Tripura,Gomati,1.2,26.8,59.9,65,0.0,Red Loamy,2.27,Good,Moderate,1,None,None,False,11
2023-03-04,24.1617,91.9533,Tripura,West Tripura,1.5,18.3,64.1,297,3.8,Laterite,4.62,Damaged,High,2,Fog/Visibility,Medium,True,362
2023-03-04,24.5347,94.1046,Assam,Cachar,0.8,23.1,45.7,77,9.3,Alluvial,1.78,Poor,Severe,6,Traffic Jam,High,False,25
2023-03-04,28.4587,97.1953,Arunachal Pradesh,West Kameng,6.2,21.8,55.1,341,25.2,Laterite,5.08,Damaged,Severe,4,Fog/Visibility,Low,False,83
2023-03-05,26.4157,90.7136,Assam,Jorhat,0.9,23.7,42.2,186,0.0,Laterite,4.26,Good,High,1,None,None,False,15
2023-03-06,28.2474,93.8463,Arunachal Pradesh,West Kameng,1.8,7.1,66.2,2926,17.6,Sandy Loam,4.47,Good,Low,0,None,None,False,4
2023-03-06,24.1652,93.8099,Manipur,Senapati,1.8,14.5,48.3,946,1.2,Red Loamy,3.37,Fair,Low,1,None,None,False,12
2023-03-06,25.7195,91.5546,Assam,Dibrugarh,0.7,15.4,68.7,103,0.0,Sandy Loam,2.03,Good,Low,1,None,None,False,22
2023-03-07,23.2241,91.8072,Tripura,North Tripura,13.1,9.6,71.6,670,17.6,Sandy Loam,5.63,Poor,Low,3,Fallen Tree,Low,False,74
2023-03-08,26.12,94.5876,Nagaland,Mokokchung,0.2,17.3,63.4,769,0.0,Red Loamy,3.32,Good,Low,0,None,None,False,12
2023-03-08,26.9074,94.4485,Assam,Nagaon,5.6,26.6,51.4,64,0.0,Clayey,1.35,Good,Low,1,None,None,False,0
2023-03-08,27.2616,88.0871,Sikkim,South Sikkim,1.7,7.3,45.9,3665,24.0,Clayey,5.62,Damaged,Low,3,Bridge Damage,Low,False,91
2023-03-10,27.3244,88.815,Sikkim,West Sikkim,0.7,12.9,57.2,2153,5.6,Alluvial,4.31,Good,Low,1,None,None,False,28
2023-03-10,24.872,95.608,Assam,Sonitpur,0.0,24.1,85.5,166,6.2,Clayey,2.49,Good,Moderate,0,None,None,False,11
2023-03-10,26.0124,95.0071,Nagaland,Mokokchung,1.0,21.3,38.9,738,15.7,Red Loamy,2.87,Good,Low,1,None,None,False,1
2023-03-10,26.006,90.4393,Assam,Nagaon,1.4,22.1,59.1,178,0.0,Laterite,2.99,Fair,Low,2,None,None,False,11
2023-03-10,26.3788,94.0139,Nagaland,Tuensang,2.6,17.3,51.3,1968,13.6,Clayey,2.08,Fair,Moderate,1,None,None,False,7
2023-03-10,23.1608,92.8096,Mizoram,Lunglei,7.4,14.3,48.6,866,0.0,Laterite,3.39,Good,Moderate,0,None,None,False,19
2023-03-11,26.4508,93.8392,Nagaland,Mokokchung,2.1,14.2,65.7,1538,11.9,Forest Soil,6.59,Good,Moderate,0,None,None,False,15
2023-03-11,25.2541,90.9975,Meghalaya,Jaintia Hills,1.8,12.2,56.3,1188,4.2,Forest Soil,4.3,Good,Low,1,None,None,False,10
2023-03-13,25.8426,94.8349,Nagaland,Mokokchung,0.1,17.8,63.7,1411,23.7,Alluvial,3.18,Fair,Low,1,None,None,False,4
2023-03-13,26.9532,92.9102,Assam,Kamrup,0.5,19.0,81.7,153,0.0,Laterite,1.52,Good,Low,0,None,None,False,3
2023-03-13,27.7221,88.1153,Sikkim,South Sikkim,7.7,18.8,42.5,1720,0.0,Forest Soil,2.32,Good,High,2,None,None,False,7
2023-03-14,27.8211,93.2,Arunachal Pradesh,Changlang,1.1,13.6,40.4,2402,13.4,Clayey,5.38,Fair,Moderate,0,None,None,False,13
2023-03-14,27.8041,88.194,Sikkim,East Sikkim,3.5,1.9,54.3,4441,21.8,Laterite,4.56,Fair,Moderate,0,None,None,False,29
2023-03-14,24.8162,92.2711,Assam,Dibrugarh,1.9,28.4,58.7,144,10.3,Sandy Loam,2.33,Poor,High,5,Traffic Jam,Low,False,70
2023-03-14,28.8716,96.3082,Arunachal Pradesh,Tawang,0.0,13.6,61.6,1848,8.6,Clayey,4.23,Good,Low,2,None,None,False,0
2023-03-14,23.0532,92.2285,Tripura,West Tripura,0.2,22.2,48.3,586,4.7,Red Loamy,3.05,Fair,Low,1,None,None,False,7
2023-03-15,27.4112,94.7853,Assam,Cachar,1.4,18.8,73.9,91,6.2,Alluvial,4.64,Good,Low,0,None,None,False,14
2023-03-16,25.1971,91.8101,Assam,Kamrup,3.3,22.4,58.4,68,0.0,Forest Soil,5.02,Fair,High,1,None,None,False,10
2023-03-16,23.9276,93.3774,Manipur,Ukhrul,4.5,16.8,49.1,1717,13.2,Sandy Loam,3.67,Good,Moderate,0,None,None,False,11
2023-03-16,24.7658,93.789,Manipur,Imphal West,0.3,17.7,48.1,967,5.3,Laterite,3.67,Fair,High,0,None,None,False,4
2023-03-16,25.486,94.4144,Nagaland,Mon,1.3,19.8,35.5,553,11.9,Mountain Soil,0.51,Good,Low,0,None,None,False,0
2023-03-16,25.681,91.6539,Meghalaya,West Garo Hills,1.0,13.3,50.8,1345,0.0,Laterite,5.13,Fair,High,1,None,None,False,14
2023-03-16,28.0015,88.4525,Sikkim,South Sikkim,2.1,17.8,57.6,1429,1.0,Clayey,5.06,Fair,Low,1,None,None,False,5
2023-03-17,25.7877,93.4479,Nagaland,Mon,0.3,25.7,49.7,1095,8.0,Alluvial,4.22,Fair,Moderate,0,None,None,False,7
2023-03-17,27.5939,96.7668,Arunachal Pradesh,West Kameng,2.5,22.0,52.1,1606,6.7,Mountain Soil,1.98,Good,Moderate,1,None,None,False,2
2023-03-17,24.227,92.3909,Mizoram,Mamit,7.5,24.0,35.4,1627,17.1,Clayey,5.21,Fair,Moderate,1,None,None,False,9
2023-03-18,25.5011,92.7874,Assam,Sonitpur,0.7,18.9,45.1,80,0.0,Laterite,3.78,Good,Low,0,None,None,False,7
2023-03-19,25.0273,89.9979,Meghalaya,Ri Bhoi,10.4,13.7,30.9,1285,9.2,Sandy Loam,3.82,Good,Moderate,1,None,None,False,5
2023-03-19,25.0817,93.1277,Manipur,Imphal West,0.5,15.2,48.4,1494,13.8,Alluvial,4.83,Good,Low,2,None,None,False,13
2023-03-19,26.3582,95.0509,Nagaland,Mokokchung,2.0,17.8,51.9,739,6.0,Red Loamy,4.09,Under Construction,High,3,Traffic Jam,Medium,False,65
2023-03-19,24.3481,92.3712,Mizoram,Lunglei,1.2,22.6,60.5,827,0.0,Clayey,2.34,Good,Low,0,None,None,False,21
2023-03-19,23.3758,91.6687,Tripura,Khowai,0.2,25.4,61.2,110,0.0,Laterite,6.66,Good,Moderate,0,None,None,False,19
2023-03-20,23.0251,92.6821,Mizoram,Kolasib,2.8,9.3,47.9,1769,5.0,Sandy Loam,4.45,Fair,High,0,None,None,False,11
2023-03-20,22.0303,92.8676,Mizoram,Champhai,1.4,20.3,78.8,1774,10.9,Forest Soil,2.32,Fair,Moderate,3,None,None,False,13
2023-03-21,25.5542,92.3574,Meghalaya,South Garo Hills,11.3,23.0,76.8,1807,2.5,Red Loamy,3.59,Good,Moderate,0,None,None,False,22
2023-03-21,24.3568,93.0049,Mizoram,Aizawl,2.7,17.0,50.6,1523,9.4,Red Loamy,4.22,Good,Low,2,None,None,False,13
2023-03-22,25.6499,94.2785,Nagaland,Mon,0.9,20.5,61.6,1163,12.1,Mountain Soil,3.21,Good,High,0,None,None,False,18
2023-03-22,26.0135,95.0869,Nagaland,Wokha,0.2,16.0,57.9,1606,4.2,Clayey,3.07,Fair,Low,0,None,None,False,23
2023-03-22,26.2664,94.6766,Assam,Nagaon,0.4,17.2,63.1,69,0.0,Red Loamy,3.4,Fair,Moderate,0,None,None,False,9
2023-03-22,24.5343,93.7564,Manipur,Tamenglong,0.0,12.2,60.5,1452,11.5,Forest Soil,4.3,Fair,Moderate,1,None,None,False,8
2023-03-23,24.8292,94.8628,Assam,Dibrugarh,0.6,18.8,57.8,192,0.0,Mountain Soil,4.74,Damaged,Severe,6,Fallen Tree,Medium,True,175
2023-03-23,24.1026,93.6331,Manipur,Ukhrul,1.6,18.3,38.4,1293,3.7,Alluvial,0.54,Good,Low,0,None,None,False,10
2023-03-24,24.452,93.0122,Mizoram,Mamit,1.0,10.4,39.4,1200,0.0,Clayey,3.18,Good,Moderate,0,None,None,False,14
2023-03-24,25.011,91.884,Meghalaya,South Garo Hills,2.3,18.8,55.1,1402,8.7,Alluvial,1.26,Good,Moderate,1,None,None,False,18
2023-03-25,27.501,94.2063,Arunachal Pradesh,Changlang,0.0,16.1,49.5,1213,8.5,Mountain Soil,2.24,Damaged,Severe,3,Traffic Jam,Low,False,121
2023-03-25,28.646,96.7482,Arunachal Pradesh,Tawang,0.8,23.6,59.6,692,0.0,Red Loamy,5.06,Good,Low,0,None,None,False,13
2023-03-25,27.6545,93.0621,Arunachal Pradesh,Tawang,3.4,19.2,44.6,1917,13.9,Sandy Loam,3.45,Fair,Moderate,0,None,None,False,0
2023-03-25,23.0872,92.2019,Tripura,Gomati,6.4,15.6,50.4,57,2.8,Red Loamy,1.31,Good,Low,2,None,None,False,11
2023-03-25,25.8446,92.4952,Meghalaya,East Khasi Hills,0.0,22.8,43.7,986,0.0,Laterite,2.87,Good,Low,1,None,None,False,8
2023-03-25,25.8316,93.158,Assam,Cachar,2.0,19.1,61.1,131,0.0,Forest Soil,2.89,Good,Low,1,None,None,False,9
2023-03-25,23.3304,91.2945,Tripura,Khowai,0.3,19.8,41.7,508,0.0,Sandy Loam,3.09,Good,Low,0,None,None,False,20
2023-03-25,25.5281,92.5294,Meghalaya,Ri Bhoi,0.6,24.5,56.5,1273,11.8,Forest Soil,4.49,Good,High,0,None,None,False,19
2023-03-26,22.2275,92.446,Mizoram,Kolasib,6.2,24.7,55.5,905,12.5,Sandy Loam,3.93,Good,Low,1,None,None,False,25
2023-03-26,26.0254,89.9882,Meghalaya,South Garo Hills,2.2,16.8,59.8,838,0.0,Mountain Soil,4.72,Good,Low,1,None,None,False,8
2023-03-26,25.2339,95.5755,Assam,Dibrugarh,1.8,21.6,54.1,171,1.7,Red Loamy,2.3,Good,Low,0,None,None,False,14
2023-03-27,25.9187,94.7173,Nagaland,Mokokchung,0.7,15.3,80.5,441,0.0,Mountain Soil,5.31,Good,High,1,None,None,False,35
2023-03-27,25.797,93.6448,Nagaland,Mon,4.8,19.7,53.4,640,5.9,Alluvial,3.6,Fair,Moderate,1,None,None,False,8
2023-03-27,23.408,91.6153,Tripura,North Tripura,2.3,24.8,65.4,669,9.1,Mountain Soil,5.03,Fair,Moderate,0,None,None,False,0
2023-03-27,27.6946,97.2611,Arunachal Pradesh,Lohit,4.2,15.9,52.6,2873,15.4,Clayey,3.01,Poor,Moderate,5,Fog/Visibility,High,True,250
2023-03-27,25.8392,90.8199,Meghalaya,Ri Bhoi,2.8,20.9,32.4,336,6.3,Mountain Soil,3.82,Good,Low,1,None,None,False,0
2023-03-27,26.1472,94.9253,Nagaland,Dimapur,2.3,17.0,75.9,1814,10.4,Laterite,2.27,Fair,Low,1,None,None,False,23
2023-03-28,29.0079,92.1063,Arunachal Pradesh,Tawang,0.1,19.6,62.4,200,5.3,Sandy Loam,1.24,Good,Moderate,1,None,None,False,11
2023-03-28,25.2304,93.6619,Assam,Sonitpur,1.0,20.4,46.8,67,4.2,Mountain Soil,3.73,Good,High,1,None,None,False,10
2023-03-29,24.5211,90.0609,Assam,Kamrup,0.2,30.6,54.4,68,7.0,Mountain Soil,2.33,Good,Moderate,1,None,None,False,2
2023-03-29,24.0086,92.2579,Tripura,Gomati,0.3,15.8,47.4,713,0.0,Forest Soil,2.65,Good,Low,1,None,None,False,10
2023-03-29,23.2041,92.4174,Mizoram,Mamit,3.6,13.9,58.3,1456,12.0,Clayey,2.37,Good,High,1,None,None,False,13
2023-03-30,27.7517,88.077,Sikkim,East Sikkim,2.1,6.8,58.8,3954,32.6,Red Loamy,3.14,Fair,High,0,None,None,False,0
2023-03-30,27.6003,88.8206,Sikkim,West Sikkim,7.0,18.6,52.6,1705,16.2,Clayey,4.07,Good,High,2,None,None,False,6
2023-03-30,26.6695,93.3875,Nagaland,Tuensang,3.2,18.6,49.2,1476,3.6,Sandy Loam,2.13,Fair,Moderate,0,None,None,False,0
2023-03-30,27.8868,95.5795,Arunachal Pradesh,Changlang,2.0,21.9,60.8,207,3.8,Clayey,1.32,Fair,Moderate,1,None,None,False,6
2023-03-31,25.325,91.5107,Meghalaya,East Khasi Hills,2.0,19.3,36.2,1559,16.1,Clayey,4.03,Fair,Low,0,None,None,False,9
2023-03-31,27.0107,88.6065,Sikkim,South Sikkim,2.3,-0.6,62.3,3292,27.6,Alluvial,5.57,Good,Low,0,None,None,False,4
2023-03-31,23.8577,94.2873,Manipur,Tamenglong,10.6,22.0,70.6,864,4.6,Sandy Loam,1.55,Good,Moderate,1,None,None,False,18
2023-03-31,27.2727,93.0528,Arunachal Pradesh,Tawang,0.2,18.6,46.6,1146,1.1,Laterite,2.34,Fair,Moderate,1,None,None,False,2
2023-03-31,25.4279,94.0025,Nagaland,Kohima,0.7,12.1,52.4,1529,19.9,Sandy Loam,2.42,Fair,Moderate,0,None,None,False,12
2023-04-01,22.9577,92.5505,Mizoram,Kolasib,2.4,26.4,46.2,636,3.1,Red Loamy,4.19,Good,Moderate,0,None,None,False,5
2023-04-02,25.9635,94.1502,Nagaland,Tuensang,5.8,14.9,57.6,406,0.1,Sandy Loam,5.35,Fair,Low,2,None,None,False,13
2023-04-02,24.0932,94.3485,Manipur,Tamenglong,2.1,17.7,61.0,1466,16.6,Laterite,4.38,Good,Moderate,1,None,None,False,17
2023-04-02,25.8751,91.0342,Meghalaya,Jaintia Hills,5.0,11.9,62.3,1873,18.6,Red Loamy,2.3,Good,Low,1,None,None,False,7
2023-04-02,22.9615,91.582,Tripura,Dhalai,16.4,15.1,56.4,722,7.9,Laterite,2.85,Good,Low,0,None,None,False,19
2023-04-02,24.1564,91.8213,Tripura,North Tripura,7.3,18.9,51.8,891,9.0,Alluvial,3.69,Good,Low,1,None,None,False,3
2023-04-03,23.1934,91.3641,Tripura,Gomati,2.5,17.8,56.0,352,0.0,Alluvial,3.65,Good,Moderate,1,None,None,False,13
2023-04-03,27.2393,94.6851,Assam,Sonitpur,6.3,19.1,52.4,81,16.8,Mountain Soil,3.13,Good,Low,0,None,None,False,15
2023-04-04,28.3269,95.1928,Arunachal Pradesh,Lohit,16.7,16.7,50.3,1029,6.7,Clayey,2.49,Good,Moderate,1,None,None,False,9
2023-04-05,28.3186,94.3939,Arunachal Pradesh,Lohit,8.1,13.3,71.4,2224,31.4,Red Loamy,3.53,Good,Low,1,None,None,False,5
2023-04-05,26.2997,93.3776,Nagaland,Mon,4.1,19.1,67.3,1945,12.2,Laterite,4.99,Good,Low,1,None,None,False,4
2023-04-05,23.0575,93.3837,Mizoram,Champhai,7.1,11.0,61.6,644,5.6,Clayey,1.67,Fair,Low,1,None,None,False,7
2023-04-05,23.6457,91.651,Tripura,Gomati,8.3,13.8,58.4,895,0.0,Alluvial,2.06,Poor,Moderate,4,Fog/Visibility,Medium,False,56
2023-04-05,25.8729,91.3431,Meghalaya,Ri Bhoi,10.8,17.7,44.6,426,4.0,Clayey,4.56,Good,Low,0,None,None,False,17
2023-04-06,23.9822,91.4612,Tripura,Dhalai,4.3,29.5,49.6,177,2.1,Mountain Soil,1.64,Fair,Low,1,None,None,False,7
2023-04-06,26.1175,94.0668,Nagaland,Kohima,5.5,19.1,51.4,927,1.1,Red Loamy,2.86,Good,High,1,None,None,False,6
2023-04-06,27.6348,88.1465,Sikkim,North Sikkim,5.4,23.5,65.1,927,3.9,Alluvial,3.37,Good,Moderate,1,None,None,False,12
2023-04-06,22.3714,92.8185,Mizoram,Lunglei,1.4,14.7,48.3,1414,3.3,Mountain Soil,2.65,Fair,Low,0,None,None,False,13
2023-04-07,26.4015,93.3907,Nagaland,Mon,0.7,16.3,60.2,798,0.0,Alluvial,2.89,Fair,Low,0,None,None,False,24
2023-04-08,25.3252,91.877,Meghalaya,Jaintia Hills,23.2,24.6,41.7,210,7.2,Mountain Soil,2.08,Good,Low,1,None,None,False,10
2023-04-08,28.1092,94.0319,Arunachal Pradesh,Tawang,9.5,14.6,71.4,2056,26.2,Mountain Soil,6.08,Good,High,1,None,None,False,0
2023-04-08,26.3446,94.7943,Nagaland,Tuensang,5.9,22.5,43.5,1481,2.0,Mountain Soil,6.18,Good,Low,0,None,None,False,18
2023-04-09,24.3703,92.0195,Tripura,Dhalai,6.1,23.9,56.6,493,0.0,Mountain Soil,2.1,Good,Moderate,0,None,None,False,6
2023-04-09,27.2933,88.8864,Sikkim,South Sikkim,4.7,6.4,58.1,4126,33.8,Laterite,2.91,Under Construction,Moderate,8,Traffic Jam,High,False,128
2023-04-09,28.0084,88.0734,Sikkim,South Sikkim,9.5,7.5,59.2,3785,24.8,Red Loamy,3.67,Fair,High,1,None,None,False,25
2023-04-09,25.6339,93.7707,Manipur,Imphal West,1.8,23.8,47.2,1540,2.1,Mountain Soil,2.93,Fair,High,0,None,None,False,0
2023-04-09,25.3522,92.5403,Meghalaya,Jaintia Hills,2.9,20.7,62.2,866,11.4,Alluvial,2.04,Good,Low,1,None,None,False,13
2023-04-09,27.7356,88.1919,Sikkim,East Sikkim,3.1,4.8,41.6,2297,15.8,Red Loamy,2.89,Fair,High,1,None,None,False,9
2023-04-09,25.2479,91.1168,Assam,Nagaon,0.1,27.1,60.9,118,0.0,Red Loamy,3.98,Good,Low,0,None,None,False,22
2023-04-09,29.2569,91.8586,Arunachal Pradesh,East Siang,7.3,-0.7,55.1,2715,14.4,Alluvial,2.37,Good,Moderate,0,None,None,False,3
2023-04-09,24.6233,94.9257,Assam,Cachar,1.1,27.1,61.8,155,4.2,Alluvial,0.63,Fair,Low,1,None,None,False,0
2023-04-09,25.264,93.5598,Nagaland,Tuensang,1.5,17.2,55.8,1575,2.7,Mountain Soil,2.05,Fair,Moderate,0,None,None,False,15
2023-04-09,24.468,92.1586,Tripura,North Tripura,0.3,14.0,65.1,523,0.0,Mountain Soil,4.49,Fair,Low,2,None,None,False,2
2023-04-10,27.3966,93.0199,Assam,Dibrugarh,6.6,25.4,55.2,124,0.0,Sandy Loam,2.88,Good,Low,0,None,None,False,33
2023-04-10,27.6869,88.445,Sikkim,South Sikkim,3.4,3.1,62.3,4414,19.3,Mountain Soil,2.28,Good,Low,0,None,None,False,4
2023-04-10,23.2915,91.8727,Tripura,North Tripura,12.6,20.6,63.8,713,0.0,Clayey,1.72,Good,Low,1,None,None,False,0
2023-04-11,23.6329,92.8191,Mizoram,Serchhip,1.7,13.5,57.0,1413,14.8,Mountain Soil,3.68,Poor,High,4,Fallen Tree,High,True,230
2023-04-12,27.0668,88.103,Sikkim,North Sikkim,4.0,6.0,33.1,3563,22.5,Sandy Loam,3.58,Good,Moderate,0,None,None,False,22
2023-04-12,26.0318,91.4776,Meghalaya,Jaintia Hills,1.4,22.2,73.1,852,2.2,Alluvial,5.37,Fair,Low,0,None,None,False,0
2023-04-12,27.0514,88.1099,Sikkim,South Sikkim,11.8,12.2,56.9,1544,15.2,Red Loamy,3.34,Damaged,High,11,Fog/Visibility,High,True,236
2023-04-12,23.4258,91.4054,Tripura,Dhalai,3.3,21.5,47.2,40,8.5,Alluvial,2.13,Good,Moderate,0,None,None,False,13
2023-04-12,26.5539,94.006,Nagaland,Wokha,18.2,23.0,47.8,647,17.6,Clayey,2.35,Poor,Moderate,6,Traffic Jam,High,True,239
2023-04-13,26.0343,94.2917,Nagaland,Tuensang,1.5,10.7,58.3,1915,11.0,Mountain Soil,4.72,Good,Low,1,None,None,False,10
2023-04-13,28.5824,96.6239,Arunachal Pradesh,Lohit,2.5,16.9,54.5,1273,1.5,Mountain Soil,5.11,Damaged,Moderate,5,Bridge Damage,Critical,False,40
2023-04-13,26.3996,91.142,Assam,Nagaon,2.5,19.2,60.6,69,6.3,Mountain Soil,3.4,Good,Moderate,0,None,None,False,17
2023-04-13,25.7503,92.9977,Assam,Sonitpur,23.1,6.8,45.2,95,0.0,Laterite,4.59,Good,High,1,None,None,False,2
2023-04-14,24.8028,94.7995,Manipur,Tamenglong,3.7,20.9,70.9,1804,6.4,Mountain Soil,3.47,Fair,Moderate,0,None,None,False,0
2023-04-14,24.3123,93.2546,Mizoram,Mamit,14.4,12.2,57.1,962,10.3,Clayey,1.82,Good,High,0,None,None,False,6
2023-04-14,24.3246,91.5589,Tripura,North Tripura,5.8,22.1,68.3,45,4.4,Sandy Loam,4.6,Good,Low,0,None,None,False,0
2023-04-14,25.9823,94.2274,Nagaland,Kohima,8.4,29.2,49.9,1869,7.1,Alluvial,4.05,Fair,Low,0,None,None,False,12
2023-04-15,23.8388,91.8916,Tripura,Khowai,2.2,12.6,45.8,30,2.1,Alluvial,3.93,Good,Low,0,None,None,False,14
2023-04-16,25.6795,93.4168,Manipur,Senapati,4.8,12.7,63.5,1928,24.8,Clayey,2.87,Good,Low,1,None,None,False,0
2023-04-16,25.7039,92.6818,Meghalaya,South Garo Hills,0.8,11.7,46.4,1296,0.0,Alluvial,3.63,Good,Low,1,None,None,False,8
2023-04-16,23.0043,91.1599,Tripura,West Tripura,1.1,21.2,74.3,117,0.0,Laterite,1.35,Good,Moderate,0,None,None,False,18
2023-04-16,27.1988,88.6421,Sikkim,North Sikkim,12.2,6.5,62.7,3024,33.8,Sandy Loam,4.88,Good,Low,0,None,None,False,15
2023-04-16,25.817,95.2857,Assam,Cachar,3.5,31.7,67.7,154,0.0,Forest Soil,4.14,Good,Low,0,None,None,False,10
2023-04-16,22.7605,92.2396,Mizoram,Lunglei,30.4,15.8,40.9,1659,5.8,Mountain Soil,4.09,Good,Moderate,1,None,None,False,20
2023-04-17,21.9758,93.4256,Mizoram,Kolasib,3.0,14.0,46.5,1822,2.9,Laterite,4.19,Fair,Low,0,None,None,False,1
2023-04-17,26.3729,93.8642,Nagaland,Tuensang,2.2,11.6,37.4,1873,20.2,Alluvial,3.59,Damaged,Severe,3,Fog/Visibility,Medium,False,62
2023-04-17,23.8333,92.0012,Tripura,Dhalai,4.1,22.3,69.3,878,1.9,Mountain Soil,2.76,Good,Moderate,0,None,None,False,13
2023-04-17,27.9888,88.7042,Sikkim,South Sikkim,4.4,13.5,44.4,1256,16.1,Laterite,3.52,Fair,Moderate,0,None,None,False,22
2023-04-18,26.0663,89.8219,Assam,Dibrugarh,1.0,14.6,52.8,153,0.0,Red Loamy,2.94,Good,Moderate,0,None,None,False,19
2023-04-18,23.5831,92.1797,Tripura,Gomati,0.9,16.0,77.3,875,0.0,Alluvial,2.05,Good,Low,0,None,None,False,5
2023-04-18,22.5454,92.6487,Mizoram,Lunglei,9.4,19.0,33.9,730,0.0,Sandy Loam,3.15,Good,Low,0,None,None,False,9
2023-04-18,25.5444,93.4283,Manipur,Churachandpur,22.0,18.5,67.3,1590,10.0,Clayey,2.76,Good,Low,3,None,None,False,0
2023-04-19,25.6911,91.152,Meghalaya,Jaintia Hills,1.7,23.0,55.3,287,5.1,Forest Soil,3.33,Good,Low,1,None,None,False,15
2023-04-19,25.4398,92.7622,Assam,Kamrup,5.1,25.1,43.1,131,0.6,Mountain Soil,3.09,Fair,Low,0,None,None,False,12
2023-04-19,26.1991,93.4432,Nagaland,Dimapur,0.1,16.5,45.0,1021,2.6,Clayey,5.84,Fair,Moderate,0,None,None,False,17
2023-04-20,27.6312,88.2704,Sikkim,North Sikkim,6.8,16.1,54.7,1857,0.0,Mountain Soil,1.72,Fair,Moderate,0,None,None,False,10
2023-04-21,22.8052,92.5542,Mizoram,Serchhip,2.5,17.3,64.3,816,0.0,Laterite,2.27,Good,Moderate,0,None,None,False,0
2023-04-21,27.3977,95.4042,Assam,Kamrup,0.6,26.5,53.0,62,2.0,Clayey,6.1,Fair,High,1,None,None,False,22
2023-04-21,25.2488,92.3506,Meghalaya,East Khasi Hills,1.2,16.8,45.3,690,0.0,Clayey,3.26,Good,Low,0,None,None,False,0
2023-04-21,27.1783,88.5191,Sikkim,West Sikkim,7.0,14.0,54.2,4127,20.6,Clayey,2.12,Good,Low,1,None,None,False,4
2023-04-22,25.5453,93.9342,Nagaland,Wokha,0.3,17.5,52.8,1509,10.6,Laterite,2.72,Fair,Low,1,None,None,False,15
2023-04-23,23.9794,93.2263,Manipur,Imphal West,2.2,19.2,63.4,1268,10.9,Sandy Loam,2.69,Good,Low,0,None,None,False,10
2023-04-23,23.9528,91.5619,Tripura,Gomati,14.0,7.8,59.9,899,0.0,Red Loamy,6.18,Fair,High,0,None,None,False,22
2023-04-23,25.4734,92.1574,Meghalaya,West Garo Hills,9.0,15.1,60.5,938,11.2,Sandy Loam,4.11,Poor,Moderate,4,Traffic Jam,High,False,41
2023-04-23,27.9299,88.6544,Sikkim,West Sikkim,18.0,3.8,47.1,4419,24.9,Mountain Soil,4.5,Good,Low,1,None,None,False,6
2023-04-23,26.4569,92.2314,Assam,Sonitpur,0.5,16.8,60.1,134,11.0,Mountain Soil,3.11,Good,High,1,None,None,False,10
2023-04-23,25.5981,94.7848,Assam,Barpeta,34.1,22.1,42.1,118,0.0,Clayey,4.66,Poor,High,2,Fallen Tree,Low,False,109
2023-04-23,26.7001,94.638,Assam,Cachar,8.7,21.2,48.3,149,4.4,Laterite,1.93,Good,Moderate,0,None,None,False,23
2023-04-24,26.0651,94.6214,Nagaland,Mon,16.6,18.0,62.4,1030,0.0,Mountain Soil,3.01,Fair,Moderate,0,None,None,False,8
2023-04-24,26.4939,95.0366,Nagaland,Kohima,15.1,22.2,68.8,1356,11.3,Sandy Loam,3.66,Good,Moderate,0,None,None,False,10
2023-04-24,25.1768,89.7053,Assam,Nagaon,13.8,23.1,31.7,143,15.5,Clayey,4.42,Good,Low,1,None,None,False,19
2023-04-24,25.1919,90.918,Meghalaya,Ri Bhoi,14.3,15.6,61.6,1085,0.0,Alluvial,3.04,Damaged,Moderate,9,Bridge Damage,Critical,False,67
2023-04-25,22.2543,93.4658,Mizoram,Kolasib,4.9,21.3,62.5,1117,14.3,Laterite,3.38,Good,Low,0,None,None,False,15
2023-04-25,25.9943,89.933,Meghalaya,West Garo Hills,10.1,33.1,36.4,714,6.0,Forest Soil,1.12,Good,Moderate,1,None,None,False,11
2023-04-25,27.6766,88.6006,Sikkim,South Sikkim,12.4,17.2,74.4,759,12.3,Red Loamy,4.23,Good,Low,2,None,None,False,15
2023-04-26,25.692,93.4971,Manipur,Ukhrul,2.4,23.3,60.3,1096,11.9,Alluvial,3.02,Fair,Moderate,1,None,None,False,9
2023-04-26,24.1317,93.5149,Manipur,Senapati,3.6,19.6,39.1,1396,20.7,Laterite,2.59,Fair,Low,1,None,None,False,3
2023-04-26,25.7387,90.7739,Meghalaya,West Garo Hills,7.4,20.2,54.9,1810,15.6,Sandy Loam,4.62,Fair,High,2,None,None,False,5
2023-04-27,28.0017,88.0133,Sikkim,East Sikkim,5.5,8.8,54.6,3698,25.8,Mountain Soil,2.99,Fair,Low,0,None,None,False,9
2023-04-27,24.2905,91.1989,Tripura,Khowai,5.7,20.8,40.0,853,6.3,Clayey,5.34,Under Construction,Low,11,Fog/Visibility,Medium,True,166
2023-04-27,25.7447,91.2093,Assam,Sonitpur,12.6,21.0,65.9,71,6.1,Forest Soil,3.16,Damaged,Severe,2,Fog/Visibility,Low,True,135
2023-04-27,26.6568,93.7193,Nagaland,Mon,2.3,20.3,58.5,949,0.0,Mountain Soil,3.23,Good,Low,2,None,None,False,4
2023-04-27,25.4024,92.7608,Meghalaya,West Garo Hills,0.7,26.9,50.3,267,1.5,Mountain Soil,4.06,Good,Moderate,3,None,None,False,6
2023-04-27,25.4179,94.1217,Manipur,Ukhrul,16.2,27.1,67.6,1184,10.8,Mountain Soil,2.89,Fair,High,0,None,None,False,6
2023-04-27,23.5696,91.9027,Tripura,West Tripura,6.0,13.1,58.8,560,14.9,Red Loamy,3.88,Good,Moderate,0,None,None,False,16
2023-04-28,25.4906,91.0833,Meghalaya,East Khasi Hills,18.5,20.9,69.1,1245,13.2,Red Loamy,3.77,Good,Low,1,None,None,False,1
2023-04-28,24.0213,94.144,Manipur,Tamenglong,2.6,28.7,45.5,1086,1.6,Clayey,4.58,Fair,Low,1,None,None,False,23
2023-04-28,22.9465,91.98,Tripura,Dhalai,13.0,17.6,54.4,715,15.3,Red Loamy,4.16,Good,High,0,None,None,False,8
2023-04-28,25.7518,91.7974,Meghalaya,Ri Bhoi,1.7,19.0,51.7,626,1.6,Clayey,4.44,Fair,Moderate,1,None,None,False,7
2023-04-28,24.9631,93.9887,Manipur,Senapati,0.6,12.4,60.3,1091,8.7,Forest Soil,3.33,Poor,High,5,Bridge Damage,High,False,61
2023-04-28,25.2984,93.7809,Manipur,Tamenglong,5.5,11.3,38.5,1291,13.6,Clayey,1.69,Good,Low,1,None,None,False,7
2023-04-29,26.6648,94.2285,Nagaland,Wokha,3.4,15.8,73.5,1221,8.8,Mountain Soil,2.3,Good,Moderate,2,None,None,False,15
2023-04-29,25.5988,94.9371,Nagaland,Mokokchung,0.4,18.2,53.5,1265,16.3,Clayey,2.78,Fair,Moderate,0,None,None,False,21
2023-04-29,27.0758,96.7474,Arunachal Pradesh,Changlang,1.3,15.5,23.7,650,10.0,Clayey,3.24,Good,Moderate,0,None,None,False,9
2023-04-29,23.3992,92.2058,Tripura,North Tripura,12.1,16.0,41.9,489,8.6,Sandy Loam,5.9,Good,High,0,None,None,False,25
2023-04-30,26.7362,94.2267,Nagaland,Mon,11.5,24.1,60.9,1278,20.2,Clayey,4.78,Good,Low,0,None,None,False,7
2023-04-30,25.2671,94.6704,Manipur,Senapati,3.1,8.2,54.8,1076,0.0,Sandy Loam,5.91,Good,Low,0,None,None,False,15
2023-04-30,22.4278,92.7874,Mizoram,Kolasib,1.7,17.6,66.5,1615,16.1,Forest Soil,4.96,Fair,Low,0,None,None,False,0
2023-04-30,23.8791,93.9007,Manipur,Imphal West,2.6,19.4,47.3,1865,12.2,Laterite,7.04,Under Construction,Moderate,9,Flood,Low,True,306
2023-04-30,23.8859,91.3142,Tripura,West Tripura,13.6,30.3,74.5,284,8.3,Mountain Soil,3.76,Fair,Low,2,None,None,False,12
2023-05-01,28.6161,91.9747,Arunachal Pradesh,Changlang,11.3,23.6,47.0,321,13.2,Sandy Loam,3.14,Fair,Low,1,None,None,False,13
2023-05-01,28.3207,92.0784,Arunachal Pradesh,Tawang,8.8,6.6,66.1,2706,19.1,Sandy Loam,4.96,Good,Low,2,None,None,False,9
2023-05-02,26.2312,94.9557,Nagaland,Mon,10.1,17.7,48.2,1977,13.1,Forest Soil,3.87,Good,Low,0,None,None,False,9
2023-05-02,25.8203,90.4074,Meghalaya,Ri Bhoi,0.6,10.4,63.7,1826,9.2,Mountain Soil,3.17,Good,Moderate,1,None,None,False,2
2023-05-02,25.5659,93.13,Manipur,Senapati,3.2,25.2,48.6,768,0.0,Laterite,3.01,Fair,Low,0,None,None,False,21
2023-05-02,27.0195,88.7903,Sikkim,East Sikkim,6.0,11.6,55.6,3698,15.0,Forest Soil,5.2,Fair,Low,2,None,None,False,5
2023-05-03,26.4001,93.8401,Nagaland,Mokokchung,5.9,23.9,52.6,1254,5.4,Mountain Soil,1.61,Good,Moderate,0,None,None,False,11
2023-05-04,26.7272,94.2736,Arunachal Pradesh,Papum Pare,6.1,23.6,58.2,2356,16.0,Red Loamy,2.15,Good,Moderate,0,None,None,False,0
2023-05-04,27.0247,88.5233,Sikkim,North Sikkim,0.3,19.8,50.3,1274,7.9,Forest Soil,2.1,Good,Low,0,None,None,False,18
2023-05-04,23.7065,91.7539,Tripura,West Tripura,3.3,22.1,40.1,265,1.6,Laterite,3.92,Good,Low,2,None,None,False,16
2023-05-05,24.2066,92.537,Mizoram,Champhai,0.2,17.8,47.8,671,8.4,Alluvial,4.83,Good,High,0,None,None,False,14
2023-05-06,22.293,93.3892,Mizoram,Lunglei,5.1,25.4,72.6,1578,14.1,Mountain Soil,4.73,Fair,Low,1,None,None,False,0
2023-05-06,24.7796,95.6081,Assam,Cachar,14.2,20.0,68.8,170,7.5,Forest Soil,4.3,Fair,High,0,None,None,False,21
2023-05-06,25.4498,93.6511,Nagaland,Dimapur,2.1,21.4,85.2,1151,3.4,Red Loamy,3.8,Good,Moderate,0,None,None,False,9
2023-05-06,22.7291,93.2915,Mizoram,Aizawl,21.2,11.6,57.0,1589,10.8,Clayey,4.34,Fair,Low,0,None,None,False,0
2023-05-07,25.5384,94.7805,Manipur,Tamenglong,9.6,13.5,51.3,1842,10.6,Forest Soil,4.03,Fair,Moderate,0,None,None,False,6
2023-05-07,25.6879,93.2941,Manipur,Churachandpur,19.5,18.4,54.6,1686,14.9,Red Loamy,4.87,Good,Moderate,0,None,None,False,5
2023-05-07,23.0555,92.3669,Mizoram,Mamit,13.0,17.0,57.9,1770,9.8,Forest Soil,3.71,Good,Low,0,None,None,False,24
2023-05-08,23.4921,91.7928,Tripura,Gomati,36.2,18.6,66.3,801,20.3,Laterite,5.4,Good,Moderate,2,None,None,False,0
2023-05-08,23.4792,91.1557,Tripura,Gomati,2.3,23.0,50.6,873,13.3,Mountain Soil,4.77,Good,Low,0,None,None,False,7
2023-05-08,22.8244,92.7495,Mizoram,Aizawl,4.8,29.8,72.5,1881,13.4,Forest Soil,5.47,Fair,Low,0,None,None,False,14
2023-05-08,24.163,92.9257,Mizoram,Aizawl,4.1,25.4,71.0,954,5.4,Forest Soil,3.29,Good,Moderate,0,None,None,False,11
2023-05-09,25.3633,91.4927,Meghalaya,West Garo Hills,12.3,19.3,43.6,1638,5.5,Laterite,4.3,Good,Low,0,None,None,False,20
2023-05-09,23.7941,93.0567,Mizoram,Serchhip,2.6,14.4,53.8,721,0.9,Forest Soil,5.21,Damaged,Severe,4,Traffic Jam,High,False,52
2023-05-10,24.7818,95.9969,Assam,Sonitpur,20.1,16.4,20.5,132,0.0,Laterite,4.64,Good,Low,1,None,None,False,18
2023-05-10,25.1331,89.8512,Meghalaya,South Garo Hills,9.6,4.7,48.2,1512,9.1,Red Loamy,2.21,Good,Moderate,4,None,None,False,10
2023-05-10,27.8648,88.3657,Sikkim,East Sikkim,6.7,19.4,47.7,1293,3.8,Laterite,1.63,Good,Low,0,None,None,False,11
2023-05-10,25.3355,95.3268,Assam,Nagaon,11.7,18.4,44.5,196,0.0,Alluvial,4.47,Fair,High,0,None,None,False,7
2023-05-10,26.1043,95.0038,Nagaland,Wokha,1.5,15.9,67.2,1631,15.7,Laterite,2.65,Good,Moderate,0,None,None,False,0
2023-05-10,27.3529,88.389,Sikkim,North Sikkim,3.5,0.7,55.8,4354,33.0,Mountain Soil,2.24,Good,Moderate,0,None,None,False,4
2023-05-10,24.4059,92.1343,Tripura,West Tripura,0.3,15.6,58.8,514,0.0,Clayey,2.75,Good,Low,0,None,None,False,7
2023-05-10,27.4179,88.5336,Sikkim,North Sikkim,14.5,9.8,60.5,3121,14.6,Alluvial,4.11,Good,Moderate,0,None,None,False,8
2023-05-11,25.4627,91.2428,Meghalaya,East Khasi Hills,2.9,18.6,38.9,808,3.1,Forest Soil,2.21,Fair,Low,1,None,None,False,14
2023-05-11,23.9981,93.472,Manipur,Imphal East,4.7,12.6,44.0,1677,2.6,Laterite,3.79,Fair,Moderate,0,None,None,False,6
2023-05-11,25.4208,90.9032,Meghalaya,Jaintia Hills,14.1,14.4,39.6,468,0.0,Alluvial,4.66,Good,Moderate,0,None,None,False,15
2023-05-11,23.615,92.4101,Mizoram,Serchhip,5.7,22.3,76.9,857,21.9,Sandy Loam,2.07,Good,Low,1,None,None,False,2
2023-05-11,26.2864,93.9574,Nagaland,Mon,6.3,23.0,56.7,233,12.3,Mountain Soil,2.68,Good,High,1,None,None,False,4
2023-05-12,22.5809,92.8551,Mizoram,Serchhip,8.6,20.4,49.7,1153,11.2,Clayey,3.0,Poor,Low,4,Fallen Tree,High,True,378
2023-05-12,24.2135,94.4827,Manipur,Imphal East,10.5,19.2,46.4,1477,5.3,Red Loamy,3.58,Fair,Low,0,None,None,False,16
2023-05-13,24.5838,94.3936,Manipur,Senapati,0.2,20.1,41.0,1509,13.4,Red Loamy,4.53,Good,Low,0,None,None,False,4
2023-05-13,22.9989,91.6637,Tripura,Dhalai,2.0,19.8,45.7,250,0.0,Clayey,4.48,Damaged,Low,3,Bridge Damage,Low,False,63
2023-05-13,23.3972,91.9225,Tripura,Gomati,0.5,14.0,65.0,318,0.0,Alluvial,5.33,Good,High,0,None,None,False,6
2023-05-13,25.4812,91.8169,Meghalaya,Ri Bhoi,2.3,13.2,61.1,943,3.2,Sandy Loam,3.3,Fair,Moderate,0,None,None,False,11
2023-05-13,26.5969,94.466,Nagaland,Tuensang,8.6,21.9,50.7,325,7.0,Alluvial,3.75,Good,Low,0,None,None,False,5
2023-05-13,25.5042,92.777,Assam,Jorhat,1.0,13.4,53.1,80,0.0,Forest Soil,3.32,Good,Low,0,None,None,False,0
2023-05-14,25.081,91.9541,Meghalaya,West Garo Hills,5.9,21.9,52.5,1030,12.8,Clayey,3.6,Good,Low,0,None,None,False,9
2023-05-14,23.9182,94.6157,Manipur,Churachandpur,6.0,21.2,20.0,797,0.0,Clayey,2.78,Fair,Moderate,2,None,None,False,14
2023-05-14,25.008,94.0748,Manipur,Senapati,3.0,13.3,56.6,1996,8.4,Mountain Soil,2.04,Good,Low,1,None,None,False,11
2023-05-15,26.6723,94.7644,Arunachal Pradesh,Lohit,2.8,14.9,62.3,1657,15.2,Sandy Loam,6.08,Poor,High,4,Flood,Low,True,209
2023-05-15,24.1784,92.2248,Mizoram,Serchhip,6.6,13.1,78.3,1525,6.3,Alluvial,3.6,Fair,Low,0,None,None,False,3
2023-05-17,23.083,92.4164,Mizoram,Lunglei,0.3,18.1,57.3,957,0.6,Mountain Soil,5.0,Good,Moderate,1,None,None,False,5
2023-05-17,28.2203,94.4136,Arunachal Pradesh,Lohit,4.0,20.8,67.3,1218,28.7,Forest Soil,4.03,Damaged,Severe,3,Fog/Visibility,High,False,69
2023-05-17,27.4032,88.8821,Sikkim,West Sikkim,2.1,10.4,50.2,2577,16.9,Clayey,2.98,Fair,Low,0,None,None,False,12
2023-05-17,26.1344,95.0049,Assam,Jorhat,1.5,26.4,49.7,157,0.0,Sandy Loam,5.03,Good,Low,0,None,None,False,0
2023-05-18,25.755,94.4748,Nagaland,Mon,1.3,15.2,47.8,1110,12.4,Alluvial,4.51,Good,Moderate,2,None,None,False,10
2023-05-19,24.4125,92.1674,Tripura,Dhalai,12.0,18.7,41.6,680,5.3,Red Loamy,6.22,Fair,Low,0,None,None,False,1
2023-05-19,27.0126,93.5713,Assam,Kamrup,11.5,17.5,52.3,128,5.2,Red Loamy,3.44,Fair,Moderate,0,None,None,False,10
2023-05-20,27.4189,88.6562,Sikkim,North Sikkim,0.2,18.5,47.4,1889,8.5,Laterite,1.57,Good,Low,1,None,None,False,9
2023-05-20,26.8195,90.5553,Assam,Dibrugarh,0.2,17.0,62.5,166,0.6,Laterite,3.55,Fair,Low,0,None,None,False,16
2023-05-21,25.6825,89.9685,Meghalaya,West Garo Hills,2.9,6.9,57.5,1037,4.1,Alluvial,4.15,Under Construction,High,4,Bridge Damage,Low,False,5
2023-05-21,24.0131,94.1785,Manipur,Imphal East,12.0,21.1,51.7,1204,0.0,Mountain Soil,3.92,Fair,Moderate,0,None,None,False,23
2023-05-21,22.5199,93.1535,Mizoram,Kolasib,1.5,20.1,76.3,1598,15.4,Laterite,2.68,Good,Low,0,None,None,False,4
2023-05-21,23.0256,92.1675,Tripura,Dhalai,3.9,19.6,64.1,560,1.8,Sandy Loam,2.99,Fair,Moderate,1,None,None,False,9
2023-05-21,23.51,91.4961,Tripura,Dhalai,3.2,16.8,79.3,177,0.0,Alluvial,3.81,Fair,Low,0,None,None,False,0
2023-05-22,27.0981,88.7997,Sikkim,East Sikkim,0.1,22.4,78.1,311,0.0,Mountain Soil,3.99,Good,Low,2,None,None,False,0
2023-05-23,25.4945,91.4934,Assam,Sonitpur,3.2,11.0,60.3,57,0.0,Alluvial,1.62,Good,Low,0,None,None,False,24
2023-05-23,26.9302,94.694,Nagaland,Tuensang,1.8,27.4,50.8,1742,9.6,Red Loamy,3.23,Fair,Low,1,None,None,False,4
2023-05-23,26.0921,91.7532,Meghalaya,South Garo Hills,2.4,15.0,41.3,530,10.7,Laterite,2.58,Good,Low,0,None,None,False,7
2023-05-23,24.1832,93.7735,Manipur,Senapati,6.3,17.7,78.1,1367,9.8,Sandy Loam,5.04,Fair,Moderate,0,None,None,False,0
2023-05-23,22.1915,92.6251,Mizoram,Mamit,6.5,15.3,52.5,1677,9.4,Sandy Loam,4.0,Good,Low,1,None,None,False,0
2023-05-23,27.1694,88.706,Sikkim,West Sikkim,7.9,9.5,71.3,2453,21.6,Laterite,5.12,Fair,Low,0,None,None,False,11
2023-05-24,24.8381,94.0251,Manipur,Imphal East,2.0,18.6,62.3,1178,5.2,Forest Soil,6.36,Fair,High,1,None,None,False,5
2023-05-24,25.9294,93.5385,Nagaland,Kohima,0.8,26.8,59.3,1664,10.2,Alluvial,5.0,Good,Low,0,None,None,False,13
2023-05-24,27.5123,96.1351,Arunachal Pradesh,West Kameng,11.7,6.1,74.1,2721,18.0,Alluvial,4.07,Good,Low,1,None,None,False,0
2023-05-24,27.2713,92.0901,Arunachal Pradesh,Lohit,5.7,13.2,61.7,2137,3.6,Sandy Loam,3.66,Damaged,Moderate,6,Bridge Damage,Critical,True,246
2023-05-24,26.263,94.8659,Nagaland,Mokokchung,27.9,17.3,44.1,1381,9.3,Sandy Loam,2.08,Good,Low,1,None,None,False,0
2023-05-24,25.3679,93.8019,Nagaland,Mokokchung,2.0,20.2,50.5,686,0.0,Red Loamy,3.13,Good,Moderate,0,None,None,False,10
2023-05-25,25.7914,92.4908,Meghalaya,West Garo Hills,12.7,11.3,51.0,413,6.2,Laterite,4.04,Good,Low,0,None,None,False,17
2023-05-25,25.4075,93.9043,Nagaland,Mon,1.7,17.6,20.0,256,0.0,Clayey,3.15,Good,Moderate,0,None,None,False,18
2023-05-25,29.0451,93.4115,Arunachal Pradesh,Tawang,0.3,21.3,46.5,532,0.0,Red Loamy,5.42,Fair,Low,1,None,None,False,3
2023-05-25,25.3398,90.6394,Meghalaya,West Garo Hills,5.7,17.8,60.2,747,14.3,Clayey,3.14,Good,Low,0,None,None,False,3
2023-05-25,25.326,90.2121,Meghalaya,East Khasi Hills,13.4,11.3,52.6,967,0.0,Mountain Soil,4.02,Good,Low,3,None,None,False,0
2023-05-25,29.244,96.896,Arunachal Pradesh,Lohit,12.7,14.2,64.8,1735,14.8,Forest Soil,2.55,Good,Low,0,None,None,False,3
2023-05-25,28.0963,88.8766,Sikkim,East Sikkim,11.7,14.4,51.0,3709,19.2,Laterite,4.18,Good,Low,0,None,None,False,16
2023-05-26,27.273,88.6915,Sikkim,East Sikkim,0.4,1.7,63.2,3237,21.0,Alluvial,4.02,Good,Low,0,None,None,False,17
2023-05-26,27.3245,88.0081,Sikkim,North Sikkim,7.2,8.2,48.7,2960,28.6,Forest Soil,5.75,Good,Moderate,0,None,None,False,7
2023-05-26,28.0124,88.8727,Sikkim,North Sikkim,7.7,14.3,75.1,1497,20.0,Forest Soil,3.85,Good,Moderate,0,None,None,False,16
2023-05-26,24.9803,95.123,Assam,Sonitpur,2.3,34.3,56.5,95,0.0,Clayey,3.67,Good,Low,0,None,None,False,10
2023-05-26,26.9517,93.3937,Nagaland,Mon,21.1,19.4,56.1,349,0.0,Red Loamy,3.48,Good,Low,0,None,None,False,13
2023-05-27,26.3698,93.8489,Nagaland,Dimapur,1.9,21.8,53.6,1057,8.0,Alluvial,2.22,Good,Low,0,None,None,False,6
2023-05-27,24.4715,93.4388,Manipur,Tamenglong,10.4,12.5,62.0,1971,5.6,Clayey,5.59,Damaged,Severe,3,Bridge Damage,Low,False,52
2023-05-27,27.0654,88.3986,Sikkim,North Sikkim,12.3,6.9,53.0,3050,21.8,Red Loamy,3.86,Good,Moderate,0,None,None,False,11
2023-05-27,25.1521,91.1184,Meghalaya,Ri Bhoi,13.7,14.7,76.3,1018,7.6,Forest Soil,4.34,Good,Low,1,None,None,False,13
2023-05-27,22.7225,93.0049,Mizoram,Kolasib,16.6,16.6,55.0,655,10.2,Mountain Soil,5.16,Good,High,0,None,None,False,5
2023-05-28,27.9402,88.6695,Sikkim,West Sikkim,3.5,9.3,55.0,4148,33.7,Clayey,4.0,Good,Low,0,None,None,False,20
2023-05-28,27.1012,95.7018,Assam,Cachar,0.8,18.5,63.2,98,0.0,Laterite,4.51,Good,Low,0,None,None,False,0
2023-05-28,25.0462,93.2621,Assam,Sonitpur,7.6,20.9,71.5,35,0.0,Mountain Soil,2.27,Good,Moderate,0,None,None,False,8
2023-05-29,24.2268,92.8756,Mizoram,Serchhip,3.9,17.0,54.2,1242,2.3,Laterite,2.66,Fair,Moderate,0,None,None,False,0
2023-05-29,23.82,93.819,Manipur,Imphal East,3.9,25.1,61.4,1692,26.8,Red Loamy,1.95,Fair,Low,0,None,None,False,0
2023-05-29,24.5988,94.8184,Assam,Nagaon,9.1,21.9,50.1,125,8.6,Forest Soil,4.29,Good,Low,1,None,None,False,16
2023-05-29,25.2327,91.2354,Meghalaya,Ri Bhoi,5.2,19.0,52.2,1114,6.1,Red Loamy,3.95,Good,High,1,None,None,False,3
2023-05-29,27.0493,88.7482,Sikkim,South Sikkim,8.5,14.9,61.3,2749,10.8,Laterite,5.63,Fair,High,0,None,None,False,5
2023-05-30,25.1635,94.359,Manipur,Imphal West,6.9,20.7,56.4,861,0.0,Red Loamy,1.18,Fair,Low,1,None,None,False,15
2023-05-31,26.5205,94.9949,Nagaland,Mon,16.9,28.3,50.9,493,2.3,Forest Soil,2.26,Good,High,0,None,None,False,2
2023-05-31,26.0302,90.2722,Meghalaya,East Khasi Hills,10.1,18.8,51.5,268,2.9,Mountain Soil,4.01,Good,Moderate,0,None,None,False,6
2023-05-31,24.8527,94.6755,Manipur,Churachandpur,7.8,20.7,53.0,756,0.0,Clayey,5.31,Good,High,1,None,None,False,8
2023-05-31,27.685,88.1388,Sikkim,West Sikkim,6.2,20.3,36.8,1798,1.0,Alluvial,1.69,Fair,Moderate,1,None,None,False,14
2023-06-01,24.491,93.006,Manipur,Imphal West,16.5,25.6,78.5,1806,4.9,Mountain Soil,2.96,Good,Moderate,1,None,None,False,17
2023-06-01,24.2523,94.7923,Manipur,Imphal West,16.5,23.4,82.0,1729,15.8,Alluvial,3.02,Fair,Moderate,0,None,None,False,2
2023-06-01,26.8773,93.7852,Nagaland,Mon,51.8,25.1,70.4,1575,5.4,Red Loamy,4.87,Fair,Moderate,0,None,None,False,13
2023-06-01,27.3185,88.5195,Sikkim,East Sikkim,10.2,29.4,73.3,576,15.9,Sandy Loam,2.35,Fair,Moderate,1,None,None,False,12
2023-06-02,25.1391,94.3913,Manipur,Tamenglong,26.3,18.9,72.6,1461,0.0,Alluvial,4.56,Fair,Moderate,0,None,None,False,0
2023-06-02,26.4289,93.3009,Nagaland,Tuensang,48.4,17.5,63.9,791,0.0,Mountain Soil,5.53,Good,Low,1,None,None,False,0
2023-06-02,24.9528,94.1459,Manipur,Imphal West,32.0,24.7,92.6,1848,11.1,Forest Soil,3.24,Fair,Low,0,None,None,False,14
2023-06-02,23.6962,93.2231,Mizoram,Serchhip,28.6,25.2,87.1,662,2.3,Mountain Soil,2.75,Fair,Low,0,None,None,False,0
2023-06-03,26.6601,94.8794,Nagaland,Wokha,13.8,28.3,81.9,1318,15.7,Laterite,3.26,Good,Low,0,None,None,False,7
2023-06-03,25.1544,90.2122,Meghalaya,East Khasi Hills,30.3,21.4,46.0,280,10.2,Alluvial,0.91,Good,Moderate,0,None,None,False,2
2023-06-03,25.5508,91.2687,Meghalaya,East Khasi Hills,39.4,23.3,94.0,948,9.5,Alluvial,4.49,Good,Moderate,0,None,None,False,12
2023-06-03,27.4761,88.5046,Sikkim,North Sikkim,6.6,15.9,60.5,4133,28.4,Sandy Loam,2.44,Good,Low,1,None,None,False,13
2023-06-03,25.3134,90.7029,Meghalaya,South Garo Hills,10.9,21.1,72.0,811,0.0,Clayey,4.89,Good,Low,1,None,None,False,8
2023-06-04,26.8476,97.1308,Arunachal Pradesh,Changlang,27.5,24.3,69.0,2779,29.1,Laterite,4.69,Damaged,Severe,1,Traffic Jam,Medium,True,350
2023-06-05,26.1166,93.7022,Nagaland,Dimapur,22.1,26.2,70.3,1498,0.7,Clayey,3.47,Good,Low,1,None,None,False,5
2023-06-05,27.4224,88.4154,Sikkim,North Sikkim,19.7,24.0,67.7,1441,26.9,Sandy Loam,2.62,Good,Low,1,None,None,False,7
2023-06-05,24.9258,93.7078,Manipur,Ukhrul,9.1,21.3,77.6,1478,7.6,Clayey,4.86,Good,Low,2,None,None,False,8
2023-06-05,23.5344,92.7432,Mizoram,Mamit,4.4,31.7,83.3,567,8.7,Forest Soil,2.88,Good,Low,0,None,None,False,11
2023-06-06,27.5217,88.7738,Sikkim,South Sikkim,46.8,26.2,70.5,1000,2.1,Alluvial,3.9,Good,Low,0,None,None,False,0
2023-06-06,23.3545,93.277,Mizoram,Champhai,9.5,29.0,80.4,1497,7.1,Sandy Loam,2.4,Fair,High,1,None,None,False,8
2023-06-06,26.3318,91.793,Assam,Dibrugarh,43.2,28.2,94.6,60,0.0,Sandy Loam,1.56,Good,Low,0,None,None,False,0
2023-06-06,27.2648,88.2915,Sikkim,West Sikkim,17.2,22.5,71.4,1277,0.0,Mountain Soil,4.55,Fair,Low,1,None,None,False,9
2023-06-06,25.6566,91.7295,Meghalaya,Jaintia Hills,58.3,31.2,82.2,1204,0.0,Laterite,4.49,Fair,Low,3,None,None,False,0
2023-06-07,24.0031,93.9086,Manipur,Imphal East,60.1,24.3,98.0,1621,0.0,Alluvial,3.32,Good,High,1,None,None,False,6
2023-06-07,22.5511,92.418,Mizoram,Mamit,5.8,23.9,72.5,1190,0.0,Red Loamy,3.77,Good,Low,0,None,None,False,10
2023-06-07,25.7607,90.6732,Meghalaya,East Khasi Hills,85.2,31.2,51.7,503,7.1,Mountain Soil,3.71,Fair,Low,0,None,None,False,20
2023-06-08,27.2846,92.1548,Arunachal Pradesh,Papum Pare,12.8,23.3,63.5,1557,1.5,Alluvial,4.62,Good,Low,0,None,None,False,16
2023-06-08,23.6848,92.1381,Tripura,Gomati,68.9,29.0,83.8,725,0.0,Alluvial,5.36,Fair,Low,0,None,None,False,5
2023-06-08,26.8128,94.812,Arunachal Pradesh,Lohit,14.2,17.5,74.5,1320,16.2,Clayey,4.45,Good,Low,2,None,None,False,0
2023-06-08,25.0768,90.5906,Meghalaya,South Garo Hills,25.0,31.3,61.1,1706,21.0,Alluvial,4.96,Fair,Moderate,1,None,None,False,25
2023-06-08,27.6712,88.1659,Sikkim,South Sikkim,72.7,24.3,76.5,2274,18.1,Mountain Soil,4.24,Fair,Moderate,0,None,None,False,9
2023-06-09,25.7096,95.1427,Nagaland,Wokha,20.7,34.4,89.1,269,8.2,Laterite,4.86,Good,High,1,None,None,False,8
2023-06-09,25.1521,92.5784,Meghalaya,Ri Bhoi,3.9,29.5,77.2,688,13.6,Sandy Loam,2.71,Fair,Low,0,None,None,False,6
2023-06-09,28.1938,96.6211,Arunachal Pradesh,Papum Pare,17.2,18.1,72.1,1832,0.0,Red Loamy,2.76,Good,Moderate,0,None,None,False,25
2023-06-09,25.6997,94.3837,Nagaland,Mokokchung,45.1,23.6,80.4,650,0.0,Red Loamy,4.99,Good,Low,3,None,None,False,11
2023-06-09,25.2291,93.5844,Assam,Nagaon,31.4,27.3,92.7,163,15.5,Red Loamy,4.97,Good,Low,0,None,None,False,5
2023-06-09,25.3048,89.9582,Assam,Kamrup,24.1,29.0,68.1,149,8.8,Alluvial,4.73,Good,Low,0,None,None,False,0
2023-06-10,29.0687,93.8285,Arunachal Pradesh,East Siang,79.0,15.8,81.5,2122,33.4,Laterite,3.58,Under Construction,High,1,Fog/Visibility,Medium,True,286
2023-06-10,24.9294,94.2589,Manipur,Ukhrul,59.4,27.2,93.1,1208,13.3,Clayey,4.06,Good,High,1,None,None,False,8
2023-06-10,24.9477,94.6333,Manipur,Ukhrul,1.1,16.8,68.2,1048,25.2,Mountain Soil,6.5,Fair,Moderate,1,None,None,False,4
2023-06-10,24.9494,94.1054,Manipur,Imphal East,16.5,20.0,71.1,1414,25.4,Clayey,3.46,Good,Moderate,1,None,None,False,1
2023-06-10,27.5663,88.433,Sikkim,South Sikkim,50.7,11.4,71.6,4483,28.4,Alluvial,4.07,Fair,Moderate,2,None,None,False,0
2023-06-10,26.4321,93.4974,Nagaland,Mokokchung,27.4,34.5,85.6,1751,10.7,Laterite,5.89,Good,Low,0,None,None,False,12
2023-06-10,26.9493,93.9684,Nagaland,Mon,56.2,30.4,68.0,1676,21.5,Clayey,4.87,Good,High,1,None,None,False,4
2023-06-10,27.6081,96.1137,Arunachal Pradesh,Papum Pare,15.0,26.6,50.8,2286,18.1,Mountain Soil,4.2,Good,Low,1,None,None,False,8
2023-06-11,28.0248,88.7625,Sikkim,South Sikkim,38.5,16.8,80.5,3879,27.2,Laterite,5.09,Fair,Moderate,2,None,None,False,14
2023-06-11,25.9471,91.1835,Meghalaya,Ri Bhoi,39.9,22.0,86.3,1794,9.1,Clayey,4.54,Poor,High,4,Traffic Jam,Medium,False,93
2023-06-11,25.5373,94.0584,Nagaland,Wokha,54.1,23.6,74.5,1703,17.3,Red Loamy,3.55,Good,Moderate,0,None,None,False,5
2023-06-12,23.9122,92.7809,Mizoram,Lunglei,22.6,25.8,64.9,1157,13.9,Mountain Soil,3.38,Good,High,0,None,None,False,8
2023-06-12,21.9905,92.732,Mizoram,Serchhip,36.9,27.8,93.5,904,18.6,Red Loamy,2.75,Good,Low,0,None,None,False,0
2023-06-12,25.5944,91.9168,Meghalaya,Jaintia Hills,10.1,21.7,100.0,775,0.3,Mountain Soil,2.56,Poor,High,3,Traffic Jam,Medium,False,69
2023-06-12,24.9621,93.0222,Manipur,Imphal West,16.1,12.0,71.7,840,15.9,Clayey,3.26,Fair,Moderate,0,None,None,False,0
2023-06-13,27.167,91.7179,Assam,Sonitpur,42.8,24.9,64.7,100,17.4,Laterite,4.49,Good,High,1,None,None,False,17
2023-06-14,24.0937,94.5507,Manipur,Senapati,18.1,23.6,70.0,1161,7.1,Alluvial,5.18,Good,Low,1,None,None,False,0
2023-06-14,25.6358,94.7094,Nagaland,Wokha,74.6,28.0,90.3,1635,13.6,Sandy Loam,4.17,Good,Low,0,None,None,False,4
2023-06-14,27.5515,91.5693,Arunachal Pradesh,Papum Pare,8.9,22.1,70.6,542,13.6,Laterite,4.19,Good,Low,0,None,None,False,10
2023-06-14,25.635,93.6928,Nagaland,Tuensang,31.2,23.9,60.1,914,10.6,Laterite,4.86,Damaged,Moderate,6,Bridge Damage,Medium,False,88
2023-06-15,27.9664,88.5616,Sikkim,North Sikkim,9.6,12.2,63.8,4195,41.7,Mountain Soil,3.89,Poor,High,1,Fog/Visibility,High,True,316
2023-06-15,25.7822,94.6389,Nagaland,Mokokchung,17.0,22.1,78.2,1117,22.0,Sandy Loam,2.76,Damaged,Moderate,6,Traffic Jam,Low,False,86
2023-06-15,25.7491,94.7657,Nagaland,Wokha,8.4,29.4,67.9,237,0.9,Red Loamy,5.39,Good,Low,3,None,None,False,7
2023-06-16,25.4067,90.3013,Meghalaya,South Garo Hills,44.5,19.1,64.8,170,1.0,Mountain Soil,4.78,Damaged,Severe,1,Fallen Tree,Medium,False,28
2023-06-16,28.1822,96.0526,Arunachal Pradesh,Tawang,39.0,21.6,60.0,1596,15.5,Forest Soil,4.35,Good,Low,0,None,None,False,0
2023-06-16,24.2735,91.3675,Tripura,Khowai,11.3,22.8,80.9,325,0.0,Laterite,4.47,Under Construction,Moderate,8,Fallen Tree,Low,False,85
2023-06-16,25.8419,93.751,Nagaland,Kohima,39.0,28.4,69.4,596,2.2,Alluvial,3.06,Good,Low,1,None,None,False,19
2023-06-16,25.3054,94.649,Manipur,Tamenglong,14.1,20.8,80.8,1901,8.2,Red Loamy,1.05,Fair,Moderate,1,None,None,False,0
2023-06-17,24.1467,91.7514,Tripura,Khowai,46.0,18.4,90.1,244,8.8,Alluvial,4.1,Good,Moderate,0,None,None,False,6
2023-06-17,25.6425,93.2325,Manipur,Imphal East,56.5,11.1,85.6,1472,0.0,Red Loamy,5.66,Fair,Moderate,1,None,None,False,2
2023-06-17,26.4378,92.4499,Assam,Jorhat,44.7,29.4,73.7,72,0.0,Forest Soil,6.08,Good,High,1,None,None,False,1
2023-06-17,24.3045,93.8018,Manipur,Imphal West,21.4,29.7,64.4,1640,16.3,Red Loamy,2.51,Poor,Moderate,6,Fog/Visibility,High,True,331
2023-06-17,22.9765,92.2689,Tripura,North Tripura,26.1,26.5,82.3,455,5.9,Mountain Soil,4.04,Good,Low,0,None,None,False,9
2023-06-19,26.3145,94.8596,Nagaland,Tuensang,44.2,30.1,54.3,520,0.0,Forest Soil,5.9,Good,High,1,None,None,False,2
2023-06-19,29.0669,93.5665,Arunachal Pradesh,Changlang,18.3,24.9,93.7,769,0.0,Mountain Soil,1.83,Good,Moderate,1,None,None,False,10
2023-06-19,25.3353,92.7524,Meghalaya,South Garo Hills,31.3,24.7,71.5,1633,5.0,Forest Soil,3.62,Fair,Moderate,0,None,None,False,4
2023-06-19,25.0455,90.3216,Meghalaya,South Garo Hills,8.2,29.2,66.6,603,0.0,Clayey,1.77,Good,Moderate,2,None,None,False,5
2023-06-20,27.2338,88.211,Sikkim,West Sikkim,29.4,27.1,77.6,1671,0.8,Red Loamy,4.91,Damaged,Moderate,4,Fallen Tree,Medium,True,211
2023-06-20,25.5074,93.5749,Assam,Barpeta,25.2,30.2,77.9,187,0.0,Sandy Loam,4.83,Good,Moderate,0,None,None,False,23
2023-06-21,25.5485,94.6824,Nagaland,Kohima,32.8,22.5,77.5,1614,24.6,Alluvial,6.05,Fair,Moderate,0,None,None,False,0
2023-06-21,24.1839,92.2169,Tripura,Gomati,56.1,22.0,75.4,124,0.0,Red Loamy,4.64,Good,Moderate,0,None,None,False,20
2023-06-21,26.0145,92.0465,Meghalaya,Ri Bhoi,22.0,24.1,72.7,733,6.6,Alluvial,3.1,Fair,High,0,None,None,False,0
2023-06-21,25.535,92.3378,Meghalaya,West Garo Hills,21.1,23.5,85.6,326,12.0,Alluvial,5.25,Fair,Low,0,None,None,False,24
2023-06-21,25.7924,91.3883,Meghalaya,South Garo Hills,35.2,28.2,76.8,842,1.3,Forest Soil,4.47,Good,Moderate,1,None,None,False,4
2023-06-22,28.099,88.8056,Sikkim,East Sikkim,27.3,15.1,63.6,2075,0.0,Laterite,4.18,Fair,Moderate,1,None,None,False,17
2023-06-22,22.5527,92.498,Mizoram,Mamit,9.6,14.6,70.7,544,6.5,Alluvial,4.87,Good,Moderate,0,None,None,False,2
2023-06-22,26.6455,95.5479,Assam,Dibrugarh,9.6,25.7,67.3,165,3.3,Forest Soil,3.05,Good,Low,1,None,None,False,11
2023-06-22,28.0629,88.4593,Sikkim,North Sikkim,8.7,5.1,64.0,4444,28.4,Red Loamy,2.61,Good,Low,0,None,None,False,21
2023-06-23,26.3018,93.5778,Nagaland,Wokha,6.2,20.4,96.9,1706,1.1,Red Loamy,4.81,Fair,Moderate,0,None,None,False,9
2023-06-24,23.1805,91.4393,Tripura,Khowai,55.1,27.4,65.3,232,0.0,Clayey,3.83,Fair,High,0,None,None,False,14
2023-06-24,25.7947,93.8125,Nagaland,Mokokchung,38.9,13.4,96.7,1187,21.7,Sandy Loam,5.21,Fair,Moderate,1,None,None,False,11
2023-06-25,24.4205,91.1869,Tripura,Dhalai,32.3,16.5,86.7,276,5.2,Sandy Loam,2.94,Good,Low,0,None,None,False,14
2023-06-25,23.7285,91.1828,Tripura,Gomati,8.5,30.4,61.0,322,2.0,Sandy Loam,2.88,Good,Moderate,0,None,None,False,0
2023-06-26,23.634,92.2778,Tripura,North Tripura,23.4,32.8,81.1,191,7.0,Forest Soil,5.46,Good,Low,2,None,None,False,16
2023-06-26,25.8172,93.4348,Nagaland,Tuensang,38.4,25.1,72.7,797,7.6,Laterite,3.92,Fair,Moderate,0,None,None,False,1
2023-06-26,26.4184,93.5728,Nagaland,Mon,29.5,24.8,69.5,418,14.9,Red Loamy,4.52,Good,Moderate,1,None,None,False,5
2023-06-27,27.0708,88.2423,Sikkim,East Sikkim,23.5,13.2,69.8,2849,23.5,Alluvial,6.5,Fair,Low,0,None,None,False,11
2023-06-27,28.535,93.2317,Arunachal Pradesh,Papum Pare,13.0,29.1,87.6,602,0.5,Mountain Soil,1.77,Good,Low,1,None,None,False,12
2023-06-27,27.0567,96.0227,Arunachal Pradesh,Tawang,20.8,25.4,79.9,1829,12.7,Red Loamy,3.3,Good,Low,2,None,None,False,10
2023-06-28,28.4567,95.752,Arunachal Pradesh,Changlang,24.8,26.1,83.3,1031,2.8,Sandy Loam,4.2,Fair,Moderate,1,None,None,False,10
2023-06-28,25.2259,95.0979,Nagaland,Dimapur,83.0,38.6,67.3,547,0.0,Forest Soil,4.18,Good,Low,0,None,None,False,0
2023-06-29,23.5456,91.4336,Tripura,Gomati,65.7,20.8,73.6,868,2.0,Red Loamy,7.33,Damaged,Severe,5,Flood,Critical,False,108
2023-06-29,27.881,88.2401,Sikkim,North Sikkim,4.8,13.1,76.2,3867,34.4,Forest Soil,2.87,Good,Moderate,1,None,None,False,0
2023-06-29,25.6402,91.8084,Meghalaya,East Khasi Hills,19.7,21.8,55.8,720,0.0,Red Loamy,4.85,Good,High,1,None,None,False,7
2023-06-30,26.789,93.3828,Assam,Kamrup,80.6,27.4,72.7,36,4.1,Red Loamy,4.7,Fair,Moderate,0,None,None,False,7
2023-07-01,24.7042,94.1176,Manipur,Tamenglong,85.1,30.7,65.7,759,16.5,Alluvial,6.64,Good,Low,0,None,None,False,0
2023-07-01,25.4375,90.6809,Meghalaya,West Garo Hills,17.9,18.9,66.4,702,7.7,Red Loamy,5.39,Good,Low,0,None,None,False,10
2023-07-01,24.1213,91.4631,Tripura,Khowai,186.0,26.0,47.4,887,12.7,Sandy Loam,8.66,Good,Low,0,None,None,False,1
2023-07-01,25.1852,93.4363,Manipur,Imphal West,6.5,24.2,77.0,1493,4.4,Forest Soil,2.89,Good,Moderate,1,None,None,False,0
2023-07-02,24.7986,90.9916,Assam,Sonitpur,6.2,23.5,71.1,30,1.7,Mountain Soil,2.2,Under Construction,High,6,Bridge Damage,Medium,False,84
2023-07-02,24.0487,93.4355,Manipur,Imphal East,56.8,32.4,95.9,947,15.2,Alluvial,5.24,Good,Low,0,None,None,False,8
2023-07-03,23.8294,93.3002,Manipur,Churachandpur,14.0,21.8,79.1,1508,3.1,Red Loamy,5.1,Good,Low,0,None,None,False,9
2023-07-03,27.4879,95.9372,Assam,Sonitpur,14.8,30.1,78.6,69,7.4,Sandy Loam,4.26,Fair,Low,0,None,None,False,10
2023-07-03,26.1312,92.1322,Assam,Jorhat,9.3,28.0,70.9,105,0.0,Laterite,2.34,Good,Low,0,None,None,False,9
2023-07-04,24.8124,93.2241,Manipur,Ukhrul,20.8,23.1,71.7,1003,2.6,Alluvial,3.74,Damaged,High,3,Traffic Jam,Low,False,65
2023-07-05,28.7789,94.78,Arunachal Pradesh,Changlang,10.8,15.1,71.0,2051,11.5,Laterite,3.85,Fair,High,0,None,None,False,12
2023-07-05,25.1005,94.1211,Manipur,Churachandpur,18.3,27.0,85.1,941,0.0,Laterite,4.02,Good,Moderate,0,None,None,False,0
2023-07-06,24.7159,91.3171,Assam,Nagaon,1.1,24.9,93.0,151,0.0,Red Loamy,2.82,Fair,Low,0,None,None,False,8
2023-07-06,26.5874,94.3995,Nagaland,Mokokchung,20.5,23.1,90.7,1881,0.0,Laterite,4.3,Good,High,0,None,None,False,19
2023-07-06,22.9824,92.2327,Tripura,North Tripura,14.5,27.0,61.5,445,1.3,Red Loamy,2.73,Good,High,0,None,None,False,7
2023-07-07,23.9455,93.7574,Manipur,Tamenglong,21.7,25.0,89.3,1502,22.3,Forest Soil,6.0,Poor,High,4,Bridge Damage,Medium,False,101
2023-07-07,22.7086,92.3946,Mizoram,Champhai,9.7,15.0,62.9,1868,8.7,Clayey,3.89,Fair,Low,0,None,None,False,16
2023-07-08,24.2354,92.6338,Mizoram,Mamit,24.4,20.9,72.4,1888,12.8,Alluvial,4.08,Good,Moderate,0,None,None,False,15
2023-07-09,28.708,94.4502,Arunachal Pradesh,Papum Pare,4.5,29.6,86.6,557,6.6,Sandy Loam,4.1,Good,Moderate,0,None,None,False,20
2023-07-09,26.9058,93.4374,Nagaland,Tuensang,3.3,22.7,92.5,1919,12.8,Sandy Loam,1.64,Fair,High,0,None,None,False,3
2023-07-09,27.0342,88.8059,Sikkim,West Sikkim,27.0,27.3,70.1,512,0.0,Clayey,3.95,Poor,Moderate,2,Traffic Jam,Medium,True,156
2023-07-09,23.8662,91.9518,Tripura,Khowai,28.3,33.4,79.3,356,3.8,Red Loamy,6.28,Good,Moderate,1,None,None,False,14
2023-07-09,27.1948,88.4755,Sikkim,South Sikkim,27.9,8.3,79.6,3674,36.8,Laterite,4.85,Poor,High,6,Bridge Damage,Medium,True,250
2023-07-09,26.8641,94.026,Arunachal Pradesh,East Siang,19.2,22.7,79.9,2953,19.1,Clayey,2.93,Fair,Moderate,3,None,None,False,13
2023-07-10,26.08,94.3201,Nagaland,Mon,10.0,19.9,75.3,1699,16.8,Laterite,3.41,Good,Low,0,None,None,False,16
2023-07-10,26.5976,94.0323,Nagaland,Kohima,22.3,21.7,90.8,1693,14.9,Forest Soil,3.83,Good,Low,0,None,None,False,0
2023-07-10,23.1886,91.763,Tripura,Dhalai,63.8,31.2,82.9,205,1.9,Laterite,5.32,Good,Low,0,None,None,False,11
2023-07-11,26.7564,95.0594,Nagaland,Mokokchung,53.3,25.8,86.5,242,0.0,Mountain Soil,3.78,Fair,High,0,None,None,False,16
2023-07-11,28.3364,94.6775,Arunachal Pradesh,Lohit,16.1,18.3,88.3,1243,14.6,Mountain Soil,2.92,Good,Low,0,None,None,False,16
2023-07-11,23.4153,93.4941,Mizoram,Kolasib,14.4,17.7,77.9,1697,19.1,Alluvial,4.39,Poor,High,4,Traffic Jam,Medium,False,110
2023-07-11,24.3672,92.0062,Tripura,North Tripura,45.4,20.8,84.1,594,0.0,Red Loamy,4.26,Good,High,0,None,None,False,12
2023-07-11,23.7596,92.4225,Mizoram,Mamit,42.8,23.5,47.1,646,0.0,Forest Soil,5.77,Good,Low,1,None,None,False,11
2023-07-12,27.8978,88.2614,Sikkim,North Sikkim,20.2,25.1,57.9,1406,10.7,Mountain Soil,3.51,Fair,Low,0,None,None,False,13
2023-07-13,24.4467,91.4392,Tripura,Khowai,44.2,20.0,72.8,151,7.6,Red Loamy,6.21,Poor,Severe,6,Flood,Low,False,68
2023-07-13,22.744,92.7448,Mizoram,Lunglei,22.2,27.5,78.5,1455,5.7,Alluvial,5.43,Fair,Low,1,None,None,False,16
2023-07-13,27.2511,94.3686,Arunachal Pradesh,Tawang,11.8,18.4,49.1,609,0.0,Alluvial,3.98,Good,Low,0,None,None,False,11
2023-07-13,24.0715,91.2056,Tripura,Khowai,18.2,21.4,81.2,658,4.4,Laterite,5.47,Fair,Low,0,None,None,False,6
2023-07-14,23.151,93.2256,Mizoram,Lunglei,29.6,19.2,80.0,602,0.0,Alluvial,3.35,Fair,Low,1,None,None,False,2
2023-07-14,27.9638,88.0009,Sikkim,South Sikkim,6.6,7.2,92.5,4399,41.1,Mountain Soil,4.29,Good,Low,1,None,None,False,10
2023-07-14,25.1135,92.7057,Meghalaya,West Garo Hills,26.2,22.5,81.1,1510,2.9,Mountain Soil,4.82,Damaged,Moderate,3,Bridge Damage,Medium,False,82
2023-07-14,24.0245,93.3193,Mizoram,Champhai,29.8,19.9,95.5,1361,24.6,Clayey,5.12,Good,High,1,None,None,False,0
2023-07-15,23.4602,93.0472,Mizoram,Kolasib,13.0,18.8,84.4,599,0.0,Red Loamy,5.15,Good,Low,0,None,None,False,11
2023-07-15,27.1652,88.2375,Sikkim,West Sikkim,13.5,31.0,92.9,1748,8.9,Clayey,3.18,Fair,High,1,None,None,False,0
2023-07-15,25.7924,91.9057,Meghalaya,South Garo Hills,87.7,38.6,75.6,939,5.4,Red Loamy,5.54,Fair,Moderate,0,None,None,False,1
2023-07-15,26.8555,94.1057,Assam,Cachar,7.9,28.2,88.3,164,3.0,Mountain Soil,1.82,Fair,Low,0,None,None,False,1
2023-07-15,25.478,94.747,Manipur,Senapati,47.5,22.7,100.0,1280,16.2,Sandy Loam,3.65,Poor,Moderate,3,Fallen Tree,Medium,False,60
2023-07-17,26.8711,94.3087,Arunachal Pradesh,West Kameng,46.0,18.1,57.3,2976,15.9,Mountain Soil,2.7,Good,Low,0,None,None,False,7
2023-07-17,29.2215,92.8996,Arunachal Pradesh,West Kameng,46.9,16.4,92.9,956,0.0,Alluvial,4.42,Good,Moderate,0,None,None,False,31
2023-07-17,23.9203,92.3306,Mizoram,Aizawl,7.3,20.9,84.8,1706,19.7,Mountain Soil,4.09,Fair,Low,1,None,None,False,5
2023-07-18,27.2676,88.2301,Sikkim,South Sikkim,20.7,15.7,80.4,4296,20.3,Clayey,4.62,Good,Low,0,None,None,False,16
2023-07-19,25.3023,91.9161,Meghalaya,West Garo Hills,7.1,22.6,75.6,1262,8.5,Laterite,3.51,Fair,Low,0,None,None,False,3
2023-07-20,27.4685,94.0112,Assam,Barpeta,19.1,22.3,88.8,191,12.4,Red Loamy,3.32,Good,High,0,None,None,False,21
2023-07-20,23.808,92.9008,Mizoram,Aizawl,7.1,26.2,72.9,778,16.5,Red Loamy,2.64,Good,High,0,None,None,False,14
2023-07-20,22.1071,92.2631,Mizoram,Mamit,48.0,23.6,65.3,1127,22.6,Mountain Soil,5.16,Good,Moderate,0,None,None,False,21
2023-07-20,27.9728,88.7779,Sikkim,West Sikkim,29.6,21.3,69.1,1339,12.4,Laterite,2.25,Good,Low,3,None,None,False,3
2023-07-20,28.6214,95.5193,Arunachal Pradesh,Changlang,17.5,20.8,65.7,2635,20.6,Red Loamy,3.63,Good,Moderate,1,None,None,False,17
2023-07-21,23.6362,93.2886,Mizoram,Lunglei,68.8,29.8,63.2,737,29.4,Sandy Loam,5.13,Fair,Low,1,None,None,False,17
2023-07-21,26.3236,93.9002,Nagaland,Dimapur,36.9,19.5,71.4,1384,31.9,Alluvial,3.67,Fair,Low,1,None,None,False,0
2023-07-21,27.9246,88.8641,Sikkim,North Sikkim,22.8,22.2,70.6,2048,14.0,Mountain Soil,5.29,Fair,Moderate,0,None,None,False,12
2023-07-22,23.4073,93.0671,Mizoram,Kolasib,22.4,20.0,76.3,1776,15.4,Clayey,3.45,Good,Moderate,0,None,None,False,12
2023-07-22,25.0552,92.2901,Meghalaya,South Garo Hills,27.2,25.9,73.8,1736,8.0,Red Loamy,3.13,Good,Moderate,0,None,None,False,10
2023-07-23,25.4079,93.9792,Nagaland,Mon,29.8,19.1,83.0,1839,20.5,Clayey,6.13,Good,High,2,None,None,False,11
2023-07-23,24.9886,93.8914,Manipur,Imphal West,68.0,23.6,69.5,1093,24.3,Red Loamy,2.05,Good,High,0,None,None,False,5
2023-07-24,22.005,92.629,Mizoram,Serchhip,20.8,29.3,70.9,1521,15.9,Red Loamy,4.73,Good,Low,0,None,None,False,14
2023-07-25,24.9214,93.7337,Manipur,Ukhrul,49.2,18.5,83.8,1336,7.6,Mountain Soil,5.14,Good,Low,1,None,None,False,1
2023-07-25,27.7044,88.7927,Sikkim,West Sikkim,107.9,25.3,76.6,2042,8.5,Laterite,7.44,Poor,Moderate,4,Flood,Medium,False,103
2023-07-25,24.5055,95.207,Assam,Kamrup,10.7,30.0,72.6,43,13.1,Sandy Loam,5.51,Good,Moderate,1,None,None,False,8
2023-07-25,23.4422,91.9734,Tripura,Khowai,5.5,19.4,76.5,231,21.5,Sandy Loam,2.73,Good,Low,0,None,None,False,3
2023-07-26,27.2505,91.7874,Arunachal Pradesh,Lohit,39.5,30.7,81.1,1014,3.7,Mountain Soil,1.71,Good,Low,1,None,None,False,0
2023-07-26,29.1682,94.766,Arunachal Pradesh,West Kameng,3.9,21.2,81.1,1037,10.5,Forest Soil,4.13,Good,Moderate,0,None,None,False,20
2023-07-26,24.2667,91.9577,Tripura,West Tripura,6.8,19.7,70.0,746,5.3,Forest Soil,2.56,Good,Moderate,2,None,None,False,11
2023-07-27,22.9389,92.9224,Mizoram,Lunglei,48.8,21.4,83.8,1030,11.8,Red Loamy,3.31,Under Construction,High,1,Fallen Tree,Medium,False,67
2023-07-27,24.3724,92.2289,Mizoram,Mamit,20.8,27.7,90.6,925,7.3,Red Loamy,4.6,Fair,High,0,None,None,False,3
2023-07-27,23.9177,92.7416,Mizoram,Aizawl,70.7,22.4,67.8,756,15.4,Sandy Loam,5.17,Good,Low,0,None,None,False,20
2023-07-27,25.7204,91.2753,Meghalaya,West Garo Hills,28.5,23.7,72.4,1644,0.4,Clayey,2.0,Fair,High,0,None,None,False,10
2023-07-28,23.7688,92.6775,Mizoram,Mamit,16.9,28.7,76.7,1817,17.6,Mountain Soil,0.64,Good,High,1,None,None,False,10
2023-07-28,27.9799,88.4521,Sikkim,West Sikkim,29.2,9.4,62.6,3575,23.6,Mountain Soil,4.49,Good,Low,0,None,None,False,0
2023-07-29,22.9149,92.2498,Tripura,North Tripura,22.0,21.8,74.0,670,0.0,Laterite,4.98,Under Construction,Severe,5,Bridge Damage,High,False,104
2023-07-29,24.1153,93.1065,Manipur,Imphal West,14.1,21.9,91.1,1620,17.8,Laterite,5.92,Good,Low,0,None,None,False,7
2023-07-29,25.4041,95.0438,Nagaland,Kohima,20.8,24.5,45.6,606,3.3,Mountain Soil,5.72,Good,Low,0,None,None,False,11
2023-07-31,27.5991,88.3917,Sikkim,North Sikkim,25.3,19.5,83.1,2195,0.0,Forest Soil,3.97,Fair,Low,0,None,None,False,0
2023-08-01,27.5801,88.1528,Sikkim,South Sikkim,32.1,10.2,77.8,3661,17.4,Clayey,2.08,Good,Low,0,None,None,False,7
2023-08-02,25.7451,91.4736,Meghalaya,East Khasi Hills,21.5,28.3,95.2,1787,6.5,Alluvial,4.43,Damaged,Low,5,Fog/Visibility,Critical,False,85
2023-08-02,25.3707,91.3709,Meghalaya,Ri Bhoi,57.9,17.3,87.5,1672,11.4,Red Loamy,3.79,Good,Low,1,None,None,False,11
2023-08-03,27.2272,88.0034,Sikkim,North Sikkim,23.0,14.3,81.6,4418,42.4,Mountain Soil,3.93,Good,Low,0,None,None,False,21
2023-08-03,29.0277,92.1202,Arunachal Pradesh,Papum Pare,5.7,14.9,77.9,1197,3.3,Red Loamy,4.67,Poor,High,2,Bridge Damage,High,False,64
2023-08-03,24.2201,91.6979,Tripura,Dhalai,21.8,25.5,86.4,83,6.0,Red Loamy,2.57,Good,Low,0,None,None,False,8
2023-08-04,27.0362,92.1265,Assam,Barpeta,64.4,30.2,61.4,134,0.0,Forest Soil,4.83,Poor,Moderate,3,Traffic Jam,Medium,True,216
2023-08-04,25.8168,94.1488,Nagaland,Mon,17.5,23.6,92.5,589,15.2,Laterite,3.17,Good,Low,0,None,None,False,11
2023-08-04,23.28,92.94,Mizoram,Aizawl,32.0,31.0,58.3,1670,20.9,Sandy Loam,5.06,Good,Low,0,None,None,False,19
2023-08-04,28.1982,94.9802,Arunachal Pradesh,East Siang,15.0,26.1,85.2,450,15.2,Alluvial,3.21,Good,Low,1,None,None,False,1
2023-08-04,22.9021,91.3878,Tripura,Dhalai,12.6,36.0,58.5,453,0.0,Alluvial,4.31,Good,Low,1,None,None,False,15
2023-08-04,24.2762,94.684,Manipur,Imphal West,49.3,23.3,79.0,1076,10.4,Forest Soil,4.96,Under Construction,High,8,Fallen Tree,Medium,False,64
2023-08-04,27.4206,94.4788,Assam,Cachar,23.9,27.3,79.3,196,0.0,Mountain Soil,3.32,Poor,Severe,4,Bridge Damage,High,True,254
2023-08-05,24.4841,91.487,Tripura,North Tripura,30.8,24.6,67.8,761,2.0,Red Loamy,4.7,Fair,High,1,None,None,False,7
2023-08-05,24.1262,91.5915,Tripura,Khowai,26.4,31.0,80.3,800,0.0,Mountain Soil,1.68,Good,High,0,None,None,False,19
2023-08-05,23.59,91.517,Tripura,Gomati,18.7,25.7,97.7,59,4.8,Alluvial,2.27,Good,High,2,None,None,False,6
2023-08-05,27.1236,88.4067,Sikkim,East Sikkim,10.8,24.2,81.5,1108,8.8,Alluvial,3.41,Fair,Low,0,None,None,False,3
2023-08-05,23.8984,91.6269,Tripura,Dhalai,15.6,23.8,78.8,445,6.3,Alluvial,4.08,Good,Low,0,None,None,False,16
2023-08-05,24.7304,93.1773,Assam,Kamrup,20.4,34.3,68.5,100,0.0,Sandy Loam,3.77,Good,Moderate,0,None,None,False,13
2023-08-06,24.2151,92.551,Mizoram,Mamit,11.4,21.4,67.2,548,5.5,Forest Soil,4.95,Fair,Low,1,None,None,False,11
2023-08-06,27.7897,88.2552,Sikkim,West Sikkim,74.9,21.6,65.5,1670,0.0,Laterite,6.88,Good,Low,3,None,None,False,10
2023-08-06,23.5097,93.1689,Mizoram,Lunglei,22.6,29.1,92.4,1552,0.0,Clayey,4.36,Good,Moderate,0,None,None,False,0
2023-08-06,23.9328,93.3269,Manipur,Senapati,12.6,25.7,61.9,939,7.3,Laterite,3.62,Good,Low,0,None,None,False,7
2023-08-06,27.2601,88.1053,Sikkim,North Sikkim,67.4,27.7,72.2,2333,17.9,Alluvial,4.02,Good,Low,0,None,None,False,17
2023-08-06,27.2393,88.0104,Sikkim,East Sikkim,22.1,19.6,62.8,2041,7.1,Clayey,4.04,Good,Moderate,0,None,None,False,1
2023-08-08,26.3123,93.9254,Assam,Jorhat,13.6,32.3,66.7,132,0.0,Laterite,1.62,Fair,Moderate,1,None,None,False,21
2023-08-08,27.4328,88.0577,Sikkim,West Sikkim,38.3,26.7,64.7,1250,5.3,Clayey,3.98,Fair,Low,1,None,None,False,14
2023-08-08,27.2633,88.3762,Sikkim,West Sikkim,44.4,21.4,66.1,1355,0.0,Laterite,6.82,Good,High,1,None,None,False,20
2023-08-08,24.4317,92.8139,Mizoram,Kolasib,55.8,16.9,69.7,1051,10.6,Laterite,1.92,Under Construction,High,3,Fallen Tree,Low,False,67
2023-08-08,25.8153,90.898,Meghalaya,East Khasi Hills,24.7,25.5,53.3,519,6.5,Forest Soil,3.28,Good,High,0,None,None,False,0
2023-08-08,26.0642,89.8369,Meghalaya,Jaintia Hills,21.4,23.0,65.2,793,7.1,Laterite,3.96,Fair,Low,0,None,None,False,8
2023-08-09,27.56,88.1331,Sikkim,North Sikkim,22.4,24.0,69.6,2293,7.9,Clayey,5.2,Good,Moderate,0,None,None,False,9
2023-08-10,27.0755,90.8798,Assam,Dibrugarh,3.4,26.6,85.0,89,0.0,Laterite,3.27,Fair,High,1,None,None,False,16
2023-08-10,25.6788,94.0611,Manipur,Imphal West,19.7,27.3,85.5,1159,7.6,Alluvial,4.67,Good,Moderate,0,None,None,False,11
2023-08-11,25.9518,90.2134,Meghalaya,West Garo Hills,15.6,25.6,100.0,1099,9.8,Mountain Soil,2.42,Fair,Low,1,None,None,False,18
2023-08-11,29.3294,93.7192,Arunachal Pradesh,West Kameng,14.6,28.3,63.5,843,21.8,Red Loamy,3.04,Good,Low,0,None,None,False,13
2023-08-11,25.3942,91.1216,Meghalaya,Ri Bhoi,6.5,23.4,91.7,1059,8.2,Laterite,5.23,Poor,High,3,Bridge Damage,Low,True,238
2023-08-11,27.7441,88.0052,Sikkim,East Sikkim,75.8,17.1,82.4,2395,17.8,Mountain Soil,4.62,Good,Low,2,None,None,False,24
2023-08-11,25.8793,90.1431,Meghalaya,Jaintia Hills,49.0,24.7,78.9,287,5.4,Mountain Soil,7.11,Good,High,1,None,None,False,9
2023-08-11,24.0595,91.6344,Tripura,Khowai,26.1,28.0,60.3,68,0.0,Alluvial,6.76,Good,High,2,None,None,False,32
2023-08-11,26.955,94.5631,Nagaland,Tuensang,43.3,18.4,76.5,1014,0.0,Mountain Soil,2.59,Good,Moderate,1,None,None,False,0
2023-08-12,24.0045,92.7143,Mizoram,Champhai,52.7,27.0,78.9,1413,17.7,Forest Soil,6.01,Fair,Moderate,0,None,None,False,14
2023-08-12,25.5743,92.5419,Meghalaya,Jaintia Hills,16.0,21.4,62.4,1288,0.0,Laterite,2.38,Fair,Low,1,None,None,False,3
2023-08-12,29.3851,95.3885,Arunachal Pradesh,East Siang,13.5,18.0,60.5,2423,22.9,Sandy Loam,4.97,Good,Low,0,None,None,False,10
2023-08-12,26.8815,94.6695,Nagaland,Dimapur,11.1,25.1,99.6,346,0.0,Sandy Loam,5.14,Good,High,1,None,None,False,4
2023-08-13,27.2156,88.8494,Sikkim,West Sikkim,7.1,13.8,84.6,4401,36.7,Forest Soil,2.38,Fair,Moderate,0,None,None,False,8
2023-08-13,23.6739,92.7017,Mizoram,Aizawl,17.9,15.4,78.8,1385,5.8,Sandy Loam,3.88,Fair,Moderate,0,None,None,False,6
2023-08-13,24.2692,92.1773,Tripura,North Tripura,13.6,27.4,79.9,122,5.2,Mountain Soil,0.5,Poor,Low,5,Fallen Tree,Low,False,83
2023-08-13,25.1587,90.0807,Meghalaya,West Garo Hills,18.9,29.8,64.5,179,10.4,Laterite,5.61,Poor,Severe,5,Traffic Jam,High,False,66
2023-08-13,25.2636,93.7923,Manipur,Senapati,37.5,26.6,96.6,1587,6.9,Laterite,4.74,Good,Moderate,1,None,None,False,13
2023-08-13,25.485,94.5999,Manipur,Imphal East,26.5,20.0,75.4,1682,8.5,Laterite,3.81,Good,Moderate,1,None,None,False,20
2023-08-14,24.8196,95.5242,Assam,Dibrugarh,75.4,19.6,70.4,34,0.0,Laterite,4.73,Fair,Moderate,0,None,None,False,7
2023-08-14,27.246,91.7097,Arunachal Pradesh,Lohit,38.4,23.5,100.0,2787,21.7,Alluvial,5.01,Good,Moderate,0,None,None,False,9
2023-08-14,27.0963,88.3747,Sikkim,East Sikkim,27.7,24.3,78.3,1379,6.2,Alluvial,2.78,Fair,Moderate,0,None,None,False,9
2023-08-14,26.2375,94.5792,Nagaland,Dimapur,30.9,24.9,87.3,1073,7.8,Laterite,4.14,Good,Moderate,0,None,None,False,21
2023-08-14,27.2764,94.7737,Arunachal Pradesh,Tawang,29.2,26.2,95.5,2429,12.1,Sandy Loam,1.79,Good,Moderate,0,None,None,False,0
2023-08-14,24.389,94.4622,Manipur,Tamenglong,8.5,36.0,85.3,1170,20.4,Laterite,2.18,Good,Low,0,None,None,False,5
2023-08-15,23.8953,91.1964,Tripura,West Tripura,40.7,18.1,89.8,629,4.5,Clayey,3.73,Good,Low,0,None,None,False,11
2023-08-15,26.0139,93.5537,Nagaland,Mokokchung,31.7,34.6,79.9,286,3.8,Sandy Loam,2.77,Fair,Low,1,None,None,False,9
2023-08-15,25.8015,92.7428,Assam,Cachar,31.6,26.4,65.2,115,5.2,Sandy Loam,4.15,Good,Low,1,None,None,False,11
2023-08-15,23.0418,91.4735,Tripura,West Tripura,17.6,24.0,69.8,703,12.6,Clayey,5.73,Damaged,High,9,Traffic Jam,Low,False,76
2023-08-16,25.7324,89.9993,Meghalaya,West Garo Hills,28.2,25.4,78.5,1682,8.3,Mountain Soil,3.39,Fair,Low,0,None,None,False,16
2023-08-16,28.439,93.4551,Arunachal Pradesh,West Kameng,28.7,23.7,89.6,2068,32.3,Mountain Soil,2.8,Fair,Low,0,None,None,False,14
2023-08-17,26.8244,95.6811,Arunachal Pradesh,East Siang,31.1,13.9,41.2,1609,17.3,Clayey,4.29,Good,Moderate,0,None,None,False,7
2023-08-17,25.5116,92.6075,Meghalaya,South Garo Hills,14.9,14.6,68.8,1416,9.1,Clayey,4.05,Poor,Moderate,3,Fog/Visibility,Low,True,126
2023-08-17,24.6233,94.7334,Manipur,Churachandpur,73.4,18.9,92.6,1238,15.7,Alluvial,4.27,Good,Low,0,None,None,False,27
2023-08-17,23.7478,91.428,Tripura,North Tripura,15.3,30.5,86.0,719,0.0,Mountain Soil,5.43,Poor,Moderate,3,Traffic Jam,Medium,False,62
2023-08-17,26.4992,95.0504,Nagaland,Tuensang,74.7,15.6,75.5,1982,22.9,Red Loamy,2.68,Fair,Low,1,None,None,False,9
2023-08-17,28.9791,91.5653,Arunachal Pradesh,Changlang,12.5,24.2,41.5,415,11.3,Laterite,3.27,Good,Low,0,None,None,False,10
2023-08-17,27.899,88.3488,Sikkim,West Sikkim,26.6,22.2,73.3,2833,26.0,Red Loamy,4.21,Fair,Low,1,None,None,False,19
2023-08-18,23.592,91.6023,Tripura,Gomati,57.1,38.8,66.7,54,10.7,Laterite,6.01,Fair,Low,1,None,None,False,18
2023-08-18,26.8929,92.6332,Assam,Dibrugarh,59.6,28.9,52.5,156,14.4,Alluvial,4.24,Good,Moderate,0,None,None,False,5
2023-08-18,27.6734,88.3897,Sikkim,North Sikkim,82.7,25.4,70.3,598,9.5,Red Loamy,5.26,Good,Low,0,None,None,False,20
2023-08-19,24.7596,93.4234,Manipur,Churachandpur,42.2,15.8,85.4,1843,16.5,Sandy Loam,4.14,Poor,Low,2,Fog/Visibility,Low,True,272
2023-08-19,25.6434,94.5182,Manipur,Ukhrul,34.6,20.4,52.6,1127,3.1,Forest Soil,5.0,Good,Moderate,0,None,None,False,13
2023-08-19,25.7049,94.1156,Nagaland,Mokokchung,35.2,25.0,89.0,518,10.2,Laterite,5.62,Good,Moderate,0,None,None,False,8
2023-08-19,29.0468,91.5762,Arunachal Pradesh,Papum Pare,3.1,29.6,72.4,834,3.4,Laterite,2.01,Fair,Moderate,0,None,None,False,5
2023-08-19,25.2867,90.0776,Meghalaya,East Khasi Hills,35.4,12.0,79.9,849,0.0,Clayey,5.08,Fair,Moderate,1,None,None,False,11
2023-08-19,26.9401,94.6246,Nagaland,Wokha,12.9,26.7,86.9,349,0.6,Clayey,3.1,Poor,Severe,6,Traffic Jam,Low,True,225
2023-08-21,27.5678,88.8515,Sikkim,East Sikkim,35.2,25.3,85.3,2014,12.2,Forest Soil,4.87,Good,Low,0,None,None,False,8
2023-08-21,27.0731,93.4256,Arunachal Pradesh,West Kameng,27.3,19.7,89.8,1048,9.3,Red Loamy,5.43,Good,Low,1,None,None,False,11
2023-08-21,24.6257,93.7519,Manipur,Ukhrul,16.5,17.3,60.0,1700,6.1,Mountain Soil,4.55,Good,Moderate,1,None,None,False,15
2023-08-21,22.7099,93.2178,Mizoram,Lunglei,67.8,23.9,50.1,1119,0.0,Laterite,6.51,Fair,Low,0,None,None,False,10
2023-08-21,23.715,91.9704,Tripura,Gomati,35.4,25.4,85.4,456,0.2,Sandy Loam,4.31,Good,Moderate,0,None,None,False,17
2023-08-21,23.6777,91.4765,Tripura,Gomati,20.3,26.6,79.7,140,2.1,Clayey,3.39,Good,Moderate,0,None,None,False,14
2023-08-21,23.73,92.3046,Mizoram,Aizawl,6.9,25.0,77.9,1834,15.8,Sandy Loam,3.51,Damaged,High,3,Bridge Damage,Low,True,350
2023-08-21,23.3349,92.7049,Mizoram,Champhai,28.5,14.9,76.3,1682,13.9,Alluvial,4.46,Good,Low,0,None,None,False,18
2023-08-22,28.092,94.2808,Arunachal Pradesh,West Kameng,15.9,19.9,81.2,2947,11.8,Red Loamy,4.86,Poor,High,3,Fog/Visibility,High,False,100
2023-08-23,23.8933,93.4204,Mizoram,Serchhip,21.9,32.0,84.7,1098,12.5,Mountain Soil,2.13,Good,Low,0,None,None,False,11
2023-08-23,25.5105,94.4937,Nagaland,Mon,28.0,28.2,81.6,521,0.0,Alluvial,2.83,Damaged,Moderate,2,Traffic Jam,Low,False,83
2023-08-24,26.3396,95.1077,Nagaland,Mon,43.9,27.7,69.8,342,20.3,Alluvial,3.28,Good,High,0,None,None,False,8
2023-08-24,22.6422,92.3978,Mizoram,Aizawl,12.4,15.4,68.4,1885,13.7,Alluvial,4.34,Poor,High,4,Fallen Tree,Medium,False,63
2023-08-24,21.9086,92.2608,Mizoram,Aizawl,18.3,23.5,81.0,935,13.5,Sandy Loam,0.5,Good,Low,1,None,None,False,11
2023-08-25,25.691,91.4417,Meghalaya,West Garo Hills,34.9,31.2,78.8,554,6.4,Sandy Loam,6.1,Poor,High,2,Flood,Medium,False,87
2023-08-25,22.7263,92.6267,Mizoram,Lunglei,44.2,23.3,63.0,1254,11.0,Clayey,6.31,Good,Low,0,None,None,False,20
2023-08-25,24.1778,93.4487,Manipur,Churachandpur,7.5,16.0,46.8,1030,9.1,Forest Soil,4.15,Fair,Low,0,None,None,False,3
2023-08-25,27.4328,88.3221,Sikkim,South Sikkim,31.9,33.5,84.1,714,14.1,Red Loamy,5.68,Fair,Low,0,None,None,False,0
2023-08-26,25.585,94.6567,Manipur,Imphal East,23.3,21.8,72.7,1679,0.0,Laterite,5.33,Fair,Low,0,None,None,False,10
2023-08-27,23.8379,91.4191,Tripura,Khowai,30.3,26.1,79.7,822,0.0,Mountain Soil,4.28,Fair,Moderate,0,None,None,False,0
2023-08-27,23.2723,91.2232,Tripura,Dhalai,24.8,29.1,62.6,543,1.7,Sandy Loam,4.46,Good,Moderate,0,None,None,False,19
2023-08-27,25.2443,91.6445,Assam,Cachar,59.6,27.3,61.2,173,0.0,Red Loamy,5.7,Good,Low,0,None,None,False,10
2023-08-27,24.3601,92.1138,Tripura,Gomati,28.1,24.3,68.7,662,0.0,Clayey,4.7,Good,Low,0,None,None,False,21
2023-08-27,24.2078,91.993,Tripura,North Tripura,17.2,18.7,80.6,775,0.0,Forest Soil,1.61,Fair,Low,2,None,None,False,27
2023-08-29,22.1487,92.7449,Mizoram,Aizawl,28.7,19.5,72.8,658,0.9,Red Loamy,4.31,Good,High,0,None,None,False,19
2023-08-29,26.6194,94.1939,Nagaland,Wokha,30.6,26.0,86.3,799,0.0,Laterite,3.25,Fair,Low,0,None,None,False,0
2023-08-30,23.4814,92.1309,Tripura,Gomati,16.9,23.5,66.5,429,8.9,Alluvial,4.47,Good,Moderate,0,None,None,False,12
2023-08-30,25.3408,93.7075,Nagaland,Dimapur,34.8,25.8,64.6,1340,6.8,Forest Soil,4.26,Good,Moderate,0,None,None,False,11
2023-08-30,27.2529,95.7261,Assam,Dibrugarh,51.5,22.3,78.5,53,0.0,Sandy Loam,3.39,Good,Moderate,1,None,None,False,13
2023-08-30,27.1085,93.6886,Arunachal Pradesh,East Siang,15.1,26.0,67.8,2725,20.0,Clayey,3.96,Good,High,1,None,None,False,0
2023-08-30,26.3595,95.5871,Assam,Barpeta,14.4,25.7,66.1,95,2.2,Alluvial,4.91,Good,Low,3,None,None,False,15
2023-08-30,24.4382,91.3837,Tripura,North Tripura,31.9,28.7,57.4,114,11.6,Forest Soil,3.66,Good,Low,0,None,None,False,7
2023-08-31,27.7072,95.5544,Arunachal Pradesh,Changlang,13.1,12.1,73.9,2481,20.9,Laterite,3.34,Good,Low,0,None,None,False,2
2023-08-31,27.0604,88.6061,Sikkim,East Sikkim,48.4,29.3,75.0,632,2.7,Clayey,4.21,Poor,High,5,Fallen Tree,Critical,False,76
2023-08-31,26.3258,94.8903,Nagaland,Tuensang,25.5,22.3,61.2,310,1.3,Laterite,4.2,Fair,High,0,None,None,False,9
2023-08-31,27.0333,88.1187,Sikkim,West Sikkim,32.4,29.5,53.1,2397,5.3,Mountain Soil,5.05,Good,Low,0,None,None,False,27
2023-09-01,24.4401,93.4417,Mizoram,Kolasib,120.1,28.7,85.8,1610,0.0,Clayey,6.0,Fair,Moderate,1,None,None,False,4
2023-09-01,23.3054,91.9798,Tripura,West Tripura,52.2,28.8,80.6,258,0.0,Mountain Soil,3.64,Fair,High,0,None,None,False,0
2023-09-01,24.2853,91.6712,Tripura,Dhalai,10.5,26.2,78.9,113,0.0,Laterite,5.32,Fair,Low,1,None,None,False,17
2023-09-01,25.3362,92.603,Meghalaya,South Garo Hills,16.5,23.3,62.8,819,0.9,Sandy Loam,2.84,Fair,Low,0,None,None,False,11
2023-09-02,23.3161,91.4869,Tripura,West Tripura,40.4,30.3,66.8,316,0.0,Laterite,5.03,Fair,Low,1,None,None,False,2
2023-09-03,25.5827,89.9582,Meghalaya,East Khasi Hills,20.9,28.4,71.2,831,0.0,Forest Soil,3.79,Fair,Low,0,None,None,False,17
2023-09-03,26.7255,93.9328,Nagaland,Mon,62.1,17.7,85.2,919,6.8,Red Loamy,5.19,Good,Moderate,1,None,None,False,1
2023-09-04,25.0588,91.1371,Meghalaya,Jaintia Hills,3.0,33.0,84.5,236,0.0,Sandy Loam,3.17,Good,High,1,None,None,False,10
2023-09-04,27.1715,88.711,Sikkim,East Sikkim,37.4,20.6,65.2,569,0.0,Clayey,1.26,Fair,Low,1,None,None,False,9
2023-09-05,26.9249,94.4856,Assam,Jorhat,52.4,32.6,91.2,183,0.0,Mountain Soil,5.71,Good,High,1,None,None,False,12
2023-09-06,23.4945,92.0974,Tripura,West Tripura,32.7,24.5,63.5,696,10.4,Laterite,3.81,Poor,Moderate,2,Traffic Jam,Low,False,44
2023-09-06,28.9328,93.6617,Arunachal Pradesh,West Kameng,64.5,18.8,81.6,2312,12.3,Laterite,6.8,Poor,Moderate,4,Flood,High,False,62
2023-09-07,25.1982,94.555,Assam,Barpeta,24.1,27.5,90.7,139,6.9,Alluvial,2.26,Poor,Moderate,5,Fallen Tree,Medium,True,185
2023-09-07,24.2123,93.4603,Mizoram,Serchhip,32.6,28.8,88.8,1506,15.4,Red Loamy,2.8,Damaged,Severe,5,Traffic Jam,Low,False,59
2023-09-07,24.1978,92.2444,Tripura,Dhalai,12.0,30.0,78.8,304,0.0,Mountain Soil,3.72,Good,Low,3,None,None,False,15
2023-09-08,28.4366,94.1008,Arunachal Pradesh,East Siang,42.7,26.1,76.2,615,3.2,Clayey,4.19,Good,Moderate,0,None,None,False,13
2023-09-08,27.6041,88.6699,Sikkim,South Sikkim,31.3,19.0,68.5,2015,22.0,Alluvial,5.53,Good,High,2,None,None,False,10
2023-09-08,25.8788,94.5327,Nagaland,Mokokchung,68.1,25.6,68.9,566,8.9,Alluvial,6.04,Good,High,0,None,None,False,17
2023-09-08,27.2702,96.2927,Arunachal Pradesh,Changlang,55.2,33.7,81.5,605,0.0,Red Loamy,6.79,Fair,Moderate,2,None,None,False,8
2023-09-08,27.2186,88.506,Sikkim,North Sikkim,15.3,10.0,76.5,4281,36.2,Sandy Loam,3.74,Fair,Moderate,1,None,None,False,22
2023-09-08,26.0055,93.5243,Assam,Nagaon,25.6,34.2,92.8,144,0.0,Forest Soil,4.53,Good,Low,0,None,None,False,2
2023-09-09,25.6108,93.4362,Manipur,Imphal East,27.0,25.7,68.5,1339,15.7,Forest Soil,6.06,Good,Low,0,None,None,False,7
2023-09-09,28.8286,92.5332,Arunachal Pradesh,Lohit,42.2,23.1,71.3,2083,7.2,Mountain Soil,3.28,Good,Low,0,None,None,False,3
2023-09-10,25.8833,94.4832,Nagaland,Tuensang,12.9,18.0,64.6,401,2.8,Red Loamy,5.41,Good,Moderate,2,None,None,False,8
2023-09-10,24.3336,92.1339,Tripura,West Tripura,48.2,29.4,73.0,160,2.6,Laterite,4.71,Good,Low,0,None,None,False,0
2023-09-10,27.8218,95.3631,Arunachal Pradesh,Papum Pare,40.5,22.8,85.8,2160,12.2,Laterite,4.49,Fair,Moderate,0,None,None,False,0
2023-09-10,27.6761,88.4946,Sikkim,East Sikkim,45.4,9.6,96.1,3594,35.6,Laterite,5.45,Good,Low,0,None,None,False,21
2023-09-10,23.8263,93.1383,Manipur,Imphal East,42.2,18.8,73.0,1853,7.6,Forest Soil,5.26,Good,Low,0,None,None,False,11
2023-09-10,22.2611,92.3505,Mizoram,Lunglei,34.8,20.2,90.4,716,5.7,Sandy Loam,2.16,Good,Low,0,None,None,False,4
2023-09-10,25.4891,91.9296,Meghalaya,Jaintia Hills,33.5,20.3,82.8,1247,13.1,Alluvial,3.79,Fair,Low,1,None,None,False,2
2023-09-10,27.3905,95.4347,Assam,Sonitpur,8.7,27.1,74.7,137,3.8,Sandy Loam,3.04,Good,Low,1,None,None,False,0
2023-09-11,26.5115,92.0596,Assam,Barpeta,57.6,38.3,73.9,98,7.8,Forest Soil,5.53,Fair,Low,0,None,None,False,0
2023-09-11,25.4208,94.4109,Nagaland,Mokokchung,72.8,20.1,62.3,1841,12.0,Laterite,4.25,Good,High,0,None,None,False,2
2023-09-11,28.1669,95.5411,Arunachal Pradesh,East Siang,39.5,26.4,80.8,2898,31.5,Alluvial,4.73,Good,Moderate,0,None,None,False,6
2023-09-11,25.8748,90.0426,Meghalaya,Jaintia Hills,19.4,19.9,98.4,1382,8.9,Mountain Soil,4.38,Fair,Low,0,None,None,False,20
2023-09-11,25.1902,94.2765,Manipur,Imphal East,40.2,19.6,92.4,1000,4.1,Clayey,3.71,Fair,High,0,None,None,False,16
2023-09-11,25.284,91.8359,Meghalaya,West Garo Hills,31.1,22.5,58.3,757,12.6,Forest Soil,3.17,Fair,High,0,None,None,False,8
2023-09-11,28.2512,94.1545,Arunachal Pradesh,Tawang,40.8,23.2,75.0,2603,26.1,Clayey,7.15,Good,Low,1,None,None,False,0
2023-09-13,25.5173,91.5075,Meghalaya,Ri Bhoi,21.1,27.8,68.2,1774,0.0,Laterite,3.21,Good,Moderate,1,None,None,False,32
2023-09-13,27.7262,88.2969,Sikkim,North Sikkim,34.2,11.7,70.9,3984,38.2,Alluvial,2.84,Good,Low,1,None,None,False,26
2023-09-13,25.8175,89.8615,Meghalaya,Ri Bhoi,34.9,31.0,80.7,200,0.0,Forest Soil,2.42,Good,Moderate,1,None,None,False,2
2023-09-14,24.955,94.0238,Manipur,Senapati,15.5,30.9,62.6,871,0.0,Clayey,5.9,Good,Moderate,0,None,None,False,3
2023-09-14,28.9047,92.5085,Arunachal Pradesh,Papum Pare,20.0,20.1,73.9,327,0.0,Alluvial,3.31,Good,Low,0,None,None,False,0
2023-09-14,29.2833,93.2793,Arunachal Pradesh,Tawang,32.7,28.9,85.3,2692,8.5,Laterite,3.85,Fair,Low,0,None,None,False,13
2023-09-15,24.3527,91.1702,Tripura,Gomati,84.0,29.9,85.5,535,9.0,Mountain Soil,6.25,Good,Low,0,None,None,False,16
2023-09-15,23.2371,91.7753,Tripura,Gomati,10.6,23.5,96.4,192,3.0,Red Loamy,5.99,Good,High,0,None,None,False,5
2023-09-16,27.396,88.8005,Sikkim,South Sikkim,30.8,11.9,65.4,3199,25.0,Alluvial,5.69,Poor,High,2,Fog/Visibility,Critical,True,258
2023-09-16,26.611,95.9764,Arunachal Pradesh,East Siang,175.8,28.8,60.3,2695,20.7,Laterite,6.02,Poor,High,4,Flood,High,True,306
2023-09-16,27.8405,88.7428,Sikkim,West Sikkim,24.8,23.7,87.6,2801,33.4,Forest Soil,4.12,Poor,High,3,Traffic Jam,Medium,False,92
2023-09-16,26.9318,89.9276,Assam,Cachar,44.8,26.2,80.4,126,1.3,Sandy Loam,4.98,Poor,High,4,Traffic Jam,Medium,False,93
2023-09-16,25.5877,93.3292,Manipur,Imphal East,33.1,22.6,77.8,1459,9.3,Forest Soil,4.21,Good,Moderate,1,None,None,False,7
2023-09-18,23.0668,92.3576,Mizoram,Aizawl,62.9,22.9,74.5,1282,18.2,Clayey,4.21,Damaged,Severe,4,Traffic Jam,Critical,True,249
2023-09-18,23.8413,91.2219,Tripura,Dhalai,22.4,27.1,83.7,301,4.7,Forest Soil,2.73,Damaged,Severe,8,Fallen Tree,Medium,True,214
2023-09-18,24.1592,92.84,Mizoram,Lunglei,42.6,25.7,88.2,898,2.1,Laterite,4.64,Damaged,Low,6,Bridge Damage,Low,False,79
2023-09-18,24.9051,93.407,Manipur,Churachandpur,108.5,20.9,74.6,801,0.0,Forest Soil,4.94,Good,Low,0,None,None,False,13
2023-09-18,24.8332,94.8004,Assam,Kamrup,31.0,24.4,65.1,159,1.7,Mountain Soil,1.85,Poor,High,2,Traffic Jam,High,False,88
2023-09-19,27.7223,88.7734,Sikkim,West Sikkim,1.2,26.0,61.8,1785,9.9,Sandy Loam,4.39,Good,High,1,None,None,False,9
2023-09-19,25.5261,92.6847,Meghalaya,South Garo Hills,20.2,21.6,61.9,1212,0.0,Forest Soil,4.78,Good,Moderate,1,None,None,False,13
2023-09-20,24.5447,93.4745,Manipur,Imphal East,40.0,22.3,63.2,1943,17.5,Alluvial,5.17,Good,Low,0,None,None,False,13
2023-09-20,26.0314,92.124,Assam,Jorhat,12.5,24.0,72.9,173,3.8,Forest Soil,1.18,Good,Low,0,None,None,False,0
2023-09-20,28.0709,88.2434,Sikkim,South Sikkim,6.7,25.6,79.8,1147,11.1,Laterite,4.46,Good,Moderate,0,None,None,False,8
2023-09-20,24.4437,92.104,Tripura,Dhalai,32.8,22.7,79.1,713,0.4,Laterite,4.96,Fair,High,0,None,None,False,17
2023-09-21,26.8867,91.0192,Assam,Nagaon,19.9,27.2,65.5,98,0.0,Alluvial,5.66,Good,High,2,None,None,False,10
2023-09-21,23.5445,93.3984,Mizoram,Champhai,32.2,18.6,66.4,1801,23.4,Alluvial,6.38,Fair,Low,1,None,None,False,11
2023-09-21,23.6106,91.957,Tripura,Dhalai,68.9,21.9,81.0,705,0.0,Clayey,2.58,Good,Low,0,None,None,False,8
2023-09-21,23.38,91.438,Tripura,North Tripura,28.2,22.2,85.5,549,0.0,Sandy Loam,1.72,Good,High,1,None,None,False,3
2023-09-21,26.2292,93.8132,Nagaland,Tuensang,35.2,12.8,81.8,1910,12.9,Forest Soil,4.24,Poor,Moderate,6,Bridge Damage,Low,True,197
2023-09-22,25.948,94.0302,Nagaland,Kohima,20.9,21.5,75.8,1529,11.8,Alluvial,4.47,Good,Low,0,None,None,False,17
2023-09-23,24.1097,93.5704,Manipur,Ukhrul,38.8,33.1,54.5,1489,17.6,Laterite,2.78,Fair,Moderate,1,None,None,False,21
2023-09-23,24.1947,93.0678,Manipur,Imphal West,8.4,25.4,78.3,1306,0.0,Red Loamy,2.73,Good,Low,0,None,None,False,13
2023-09-24,27.0984,89.9586,Assam,Kamrup,7.5,29.5,79.0,114,12.1,Forest Soil,2.79,Good,Low,2,None,None,False,0
2023-09-24,28.4955,94.4208,Arunachal Pradesh,West Kameng,19.6,21.0,83.3,1316,9.5,Forest Soil,3.12,Fair,Low,0,None,None,False,7
2023-09-25,29.0284,95.6905,Arunachal Pradesh,Papum Pare,91.7,26.5,80.2,1746,14.9,Alluvial,2.48,Damaged,High,5,Fog/Visibility,Low,True,205
2023-09-25,27.6751,96.0483,Arunachal Pradesh,East Siang,39.6,20.9,75.2,599,3.9,Mountain Soil,2.68,Good,Moderate,0,None,None,False,7
2023-09-25,25.1726,92.6427,Meghalaya,East Khasi Hills,38.8,15.3,93.5,1491,10.6,Red Loamy,2.94,Good,Moderate,2,None,None,False,22
2023-09-25,22.1692,93.3401,Mizoram,Serchhip,43.4,23.6,85.4,1020,4.4,Red Loamy,5.96,Fair,Low,0,None,None,False,25
2023-09-25,25.5975,93.9652,Nagaland,Mokokchung,29.3,24.5,91.6,1648,4.3,Sandy Loam,3.19,Good,High,0,None,None,False,0
2023-09-25,23.7096,91.5627,Tripura,West Tripura,14.6,27.4,69.3,380,0.0,Red Loamy,2.44,Damaged,Severe,2,Fog/Visibility,Low,False,67
2023-09-26,26.8278,93.5428,Nagaland,Mokokchung,4.1,24.9,69.8,1906,12.7,Clayey,4.65,Good,Moderate,0,None,None,False,20
2023-09-27,21.9684,92.9675,Mizoram,Lunglei,5.6,27.4,72.5,1489,9.0,Laterite,3.87,Fair,Moderate,1,None,None,False,3
2023-09-27,28.5674,91.8925,Arunachal Pradesh,Changlang,29.2,28.9,85.0,846,18.8,Mountain Soil,5.54,Good,Low,0,None,None,False,5
2023-09-27,26.7166,95.1976,Nagaland,Tuensang,14.7,23.3,63.9,1366,15.6,Alluvial,4.34,Fair,Moderate,1,None,None,False,19
2023-09-27,27.6277,88.3424,Sikkim,South Sikkim,24.9,13.6,70.8,3158,11.7,Mountain Soil,2.66,Good,Moderate,2,None,None,False,11
2023-09-28,28.5426,92.5858,Arunachal Pradesh,West Kameng,20.8,21.8,76.9,795,6.5,Red Loamy,5.03,Poor,Moderate,3,Traffic Jam,Medium,True,265
2023-09-28,28.0791,88.3695,Sikkim,South Sikkim,10.4,24.5,78.7,461,1.9,Clayey,3.54,Fair,Low,0,None,None,False,11
2023-09-28,23.1403,91.9849,Tripura,Khowai,20.3,24.6,77.2,468,0.0,Red Loamy,2.74,Good,Moderate,2,None,None,False,3
2023-09-28,24.2269,91.948,Tripura,Gomati,18.3,33.7,73.6,561,0.0,Forest Soil,2.51,Good,Low,0,None,None,False,17
2023-09-29,28.1827,93.6107,Arunachal Pradesh,Changlang,57.3,22.3,78.2,1242,16.8,Alluvial,5.24,Good,High,0,None,None,False,10
2023-09-29,22.3393,92.8067,Mizoram,Mamit,83.7,22.6,47.9,640,0.0,Alluvial,4.9,Good,Low,1,None,None,False,14
2023-09-30,25.0177,90.9731,Meghalaya,East Khasi Hills,31.4,32.5,82.6,245,11.0,Mountain Soil,4.0,Good,Low,0,None,None,False,9
2023-09-30,27.4027,88.6416,Sikkim,South Sikkim,25.1,3.5,54.6,4331,19.6,Red Loamy,3.5,Good,Low,0,None,None,False,11
2023-09-30,22.2658,92.4856,Mizoram,Aizawl,24.1,21.2,67.5,1174,17.5,Sandy Loam,4.4,Poor,Moderate,6,Bridge Damage,Low,True,181
2023-09-30,24.8296,95.8056,Assam,Dibrugarh,17.9,17.9,69.5,67,0.0,Mountain Soil,2.03,Good,Moderate,0,None,None,False,17
2023-10-01,25.2008,95.0126,Nagaland,Tuensang,15.5,37.9,37.4,476,21.2,Forest Soil,3.44,Good,Moderate,2,None,None,False,13
2023-10-01,23.9591,91.6353,Tripura,Khowai,3.7,17.3,44.0,526,0.0,Red Loamy,2.94,Good,Moderate,0,None,None,False,6
2023-10-01,25.8391,94.8502,Nagaland,Mokokchung,7.0,17.2,61.5,974,1.4,Laterite,1.63,Good,High,0,None,None,False,17
2023-10-01,29.075,94.7083,Arunachal Pradesh,Papum Pare,7.3,23.6,50.8,312,1.3,Clayey,4.77,Good,Moderate,1,None,None,False,0
2023-10-02,24.1703,92.6032,Mizoram,Champhai,0.8,17.5,48.3,1662,10.3,Sandy Loam,5.96,Fair,Moderate,1,None,None,False,17
2023-10-03,27.0356,95.2943,Arunachal Pradesh,West Kameng,2.3,18.1,69.9,2880,2.9,Alluvial,3.83,Good,Low,0,None,None,False,8
2023-10-03,23.8322,93.8206,Manipur,Senapati,0.6,27.6,39.2,1656,5.4,Clayey,4.35,Good,Low,0,None,None,False,10
2023-10-04,28.6942,92.6619,Arunachal Pradesh,West Kameng,4.8,11.5,39.5,2376,11.6,Clayey,5.47,Poor,High,4,Fallen Tree,Low,True,245
2023-10-04,25.5325,91.3758,Meghalaya,Ri Bhoi,11.0,19.9,34.3,1378,0.0,Laterite,2.5,Good,Low,0,None,None,False,1
2023-10-04,25.3037,92.0464,Meghalaya,East Khasi Hills,1.7,18.0,42.9,354,5.2,Mountain Soil,3.14,Good,Low,1,None,None,False,7
2023-10-04,25.9762,92.7673,Meghalaya,East Khasi Hills,1.0,27.1,38.9,185,6.0,Forest Soil,3.39,Good,Low,2,None,None,False,7
2023-10-04,24.2511,93.9223,Manipur,Churachandpur,1.0,27.8,60.1,880,7.0,Laterite,3.94,Fair,Low,0,None,None,False,9
2023-10-04,24.3112,92.7234,Mizoram,Champhai,1.0,17.4,42.3,1746,11.1,Forest Soil,2.97,Good,Low,0,None,None,False,13
2023-10-05,27.1264,95.4342,Assam,Jorhat,0.7,28.7,53.5,138,9.3,Laterite,3.47,Fair,Low,1,None,None,False,10
2023-10-05,26.0113,94.294,Nagaland,Dimapur,1.4,13.0,52.2,1664,20.5,Alluvial,3.79,Fair,Moderate,1,None,None,False,13
2023-10-06,27.2879,95.0104,Arunachal Pradesh,Tawang,2.5,12.6,56.2,563,11.4,Laterite,3.63,Fair,High,1,None,None,False,10
2023-10-06,27.9571,88.6716,Sikkim,East Sikkim,0.1,24.8,48.2,1219,0.0,Clayey,2.65,Good,Low,0,None,None,False,14
2023-10-06,22.742,92.4556,Mizoram,Lunglei,4.7,17.6,57.4,932,0.0,Alluvial,3.68,Good,Low,0,None,None,False,1
2023-10-07,26.4239,91.3603,Assam,Sonitpur,0.1,17.5,52.3,124,5.9,Forest Soil,3.14,Good,High,2,None,None,False,10
2023-10-07,26.0645,90.7646,Meghalaya,East Khasi Hills,0.7,17.4,79.8,1896,10.7,Red Loamy,3.3,Fair,Moderate,0,None,None,False,11
2023-10-07,24.2408,93.6147,Manipur,Senapati,5.3,29.1,41.4,1140,0.0,Red Loamy,4.43,Fair,Low,0,None,None,False,16
2023-10-07,26.4932,94.7632,Nagaland,Kohima,3.1,14.2,49.0,1032,11.2,Sandy Loam,3.41,Fair,Low,1,None,None,False,1
2023-10-08,24.5871,93.4105,Manipur,Imphal East,0.4,13.2,37.2,1604,18.5,Red Loamy,1.87,Good,Moderate,0,None,None,False,19
2023-10-08,24.526,89.7604,Assam,Barpeta,3.2,19.5,61.7,86,0.0,Laterite,3.51,Good,Low,1,None,None,False,5
2023-10-09,24.3981,93.5762,Manipur,Senapati,0.2,16.9,46.7,1625,15.4,Forest Soil,1.67,Damaged,Severe,2,Fallen Tree,Medium,False,29
2023-10-09,26.6413,90.9096,Assam,Nagaon,7.3,23.4,47.0,56,0.0,Red Loamy,3.89,Fair,Moderate,0,None,None,False,12
2023-10-09,25.3793,93.5632,Manipur,Churachandpur,0.7,28.4,44.3,1602,1.3,Sandy Loam,3.17,Fair,Moderate,0,None,None,False,0
2023-10-10,25.6852,91.1406,Meghalaya,East Khasi Hills,0.5,20.6,53.1,1511,4.9,Sandy Loam,5.51,Fair,Low,0,None,None,False,21
2023-10-10,22.9923,92.4557,Mizoram,Kolasib,2.1,25.2,46.3,688,2.8,Forest Soil,2.76,Good,Low,0,None,None,False,10
2023-10-10,26.1829,94.4216,Nagaland,Mokokchung,0.0,22.3,49.5,1882,9.2,Laterite,4.93,Fair,Moderate,1,None,None,False,18
2023-10-11,24.6729,93.0192,Manipur,Ukhrul,1.2,12.1,71.8,1100,18.1,Sandy Loam,3.48,Fair,Low,0,None,None,False,13
2023-10-11,25.3709,93.1095,Assam,Nagaon,0.1,17.9,56.1,34,1.6,Alluvial,4.97,Fair,Low,1,None,None,False,22
2023-10-12,25.5819,93.6837,Nagaland,Kohima,2.7,10.7,38.6,1746,0.0,Sandy Loam,3.04,Good,Moderate,1,None,None,False,8
2023-10-12,25.9665,93.4172,Nagaland,Dimapur,0.3,17.0,53.4,1030,3.0,Red Loamy,2.34,Good,Low,0,None,None,False,12
2023-10-12,24.1051,91.8841,Tripura,North Tripura,8.3,16.1,47.5,717,9.5,Mountain Soil,6.24,Good,Moderate,0,None,None,False,2
2023-10-12,26.0338,90.9877,Meghalaya,Ri Bhoi,2.2,23.8,70.3,1407,2.5,Laterite,3.78,Good,Low,1,None,None,False,3
2023-10-12,24.6915,94.3368,Manipur,Imphal East,3.0,23.6,70.7,1999,21.6,Sandy Loam,3.44,Good,Moderate,0,None,None,False,2
2023-10-12,26.4174,90.956,Assam,Cachar,2.7,21.6,52.6,170,7.2,Mountain Soil,6.45,Fair,Low,1,None,None,False,18
2023-10-12,25.5882,89.9956,Meghalaya,East Khasi Hills,1.3,28.0,43.0,603,5.5,Laterite,4.04,Good,Moderate,1,None,None,False,2
2023-10-13,27.2712,88.0041,Sikkim,South Sikkim,4.1,10.1,46.0,1774,14.0,Laterite,4.48,Good,Moderate,1,None,None,False,14
2023-10-13,27.6152,95.5334,Arunachal Pradesh,West Kameng,1.3,19.7,51.2,515,6.5,Laterite,2.32,Fair,Low,0,None,None,False,5
2023-10-14,27.7047,96.778,Arunachal Pradesh,Papum Pare,0.8,16.0,53.4,1759,23.5,Mountain Soil,5.66,Good,Low,0,None,None,False,10
2023-10-14,23.2423,92.7859,Mizoram,Champhai,2.6,19.2,74.9,1800,21.3,Mountain Soil,2.8,Poor,High,7,Bridge Damage,Critical,True,242
2023-10-14,23.6842,92.6054,Mizoram,Kolasib,4.6,16.7,60.8,834,7.2,Forest Soil,4.38,Fair,Low,1,None,None,False,15
2023-10-14,24.5652,94.4504,Manipur,Ukhrul,2.2,23.3,71.4,1561,15.6,Clayey,2.33,Good,Low,1,None,None,False,11
2023-10-14,23.9094,91.1156,Tripura,Gomati,0.1,29.1,77.7,508,9.1,Clayey,1.67,Good,Low,0,None,None,False,0
2023-10-15,23.0704,92.2569,Tripura,Khowai,1.2,15.0,58.9,881,0.0,Clayey,2.16,Fair,Moderate,0,None,None,False,33
2023-10-15,22.1365,93.1713,Mizoram,Lunglei,1.2,15.2,63.9,1873,20.8,Red Loamy,3.26,Fair,Moderate,0,None,None,False,6
2023-10-15,23.8411,93.936,Manipur,Imphal West,0.1,15.5,40.9,1599,16.8,Laterite,1.95,Good,Low,0,None,None,False,10
2023-10-15,23.0588,92.4755,Mizoram,Kolasib,1.6,27.7,62.9,570,4.3,Mountain Soil,6.24,Fair,Low,0,None,None,False,9
2023-10-15,25.6171,94.5434,Manipur,Imphal East,0.8,12.8,78.3,1296,0.0,Alluvial,1.26,Good,Low,1,None,None,False,23
2023-10-16,25.9002,90.1834,Assam,Sonitpur,0.1,26.5,58.7,58,0.1,Sandy Loam,5.4,Fair,High,1,None,None,False,1
2023-10-16,25.1569,91.1783,Meghalaya,West Garo Hills,0.4,15.7,56.4,1835,6.6,Clayey,3.17,Fair,Low,1,None,None,False,9
2023-10-16,23.5986,91.2109,Tripura,Gomati,3.9,15.0,55.6,825,8.5,Mountain Soil,4.91,Fair,Moderate,2,None,None,False,0
2023-10-16,25.4099,93.3187,Nagaland,Mokokchung,1.2,19.6,53.8,328,0.8,Forest Soil,2.64,Fair,Low,1,None,None,False,21
2023-10-16,25.0758,94.066,Manipur,Senapati,10.4,23.1,73.8,1561,19.4,Clayey,3.3,Good,Low,2,None,None,False,18
2023-10-16,24.6283,93.599,Manipur,Tamenglong,1.1,21.5,55.0,1617,16.2,Red Loamy,5.96,Fair,Moderate,1,None,None,False,0
2023-10-16,27.9986,88.838,Sikkim,East Sikkim,2.1,28.2,39.1,517,0.0,Laterite,2.11,Good,Low,1,None,None,False,0
2023-10-16,27.6029,88.0864,Sikkim,South Sikkim,6.2,16.6,33.9,2640,20.4,Forest Soil,3.33,Good,Low,1,None,None,False,7
2023-10-18,27.1344,88.3693,Sikkim,North Sikkim,1.3,17.2,56.9,1285,13.1,Mountain Soil,4.73,Fair,Moderate,1,None,None,False,3
2023-10-18,27.7785,88.8692,Sikkim,West Sikkim,0.8,15.2,63.4,2536,15.1,Alluvial,4.1,Good,Moderate,0,None,None,False,9
2023-10-18,23.0963,92.7646,Mizoram,Aizawl,1.3,16.2,66.9,1469,10.2,Alluvial,2.57,Good,Low,0,None,None,False,3
2023-10-19,26.0058,95.1391,Nagaland,Wokha,2.4,19.1,71.6,1035,13.7,Laterite,4.64,Good,Moderate,1,None,None,False,7
2023-10-19,25.1801,94.3668,Manipur,Ukhrul,2.8,15.4,24.7,1666,12.2,Red Loamy,3.45,Good,Moderate,2,None,None,False,3
2023-10-20,25.8033,92.4677,Meghalaya,Ri Bhoi,0.2,15.3,61.4,738,0.0,Red Loamy,4.07,Good,Moderate,3,None,None,False,0
2023-10-20,25.6383,93.1503,Assam,Nagaon,0.4,21.0,68.0,199,3.7,Clayey,4.5,Good,Low,1,None,None,False,12
2023-10-20,23.4526,91.3772,Tripura,Dhalai,6.8,26.2,32.4,49,9.4,Alluvial,3.52,Good,Moderate,0,None,None,False,10
2023-10-20,26.5802,90.4104,Assam,Nagaon,3.3,24.3,55.9,89,14.3,Sandy Loam,3.4,Good,Moderate,0,None,None,False,0
2023-10-20,26.6038,92.2235,Assam,Jorhat,3.5,21.9,51.0,157,4.3,Red Loamy,2.23,Good,Low,0,None,None,False,14
2023-10-21,27.4475,88.4141,Sikkim,South Sikkim,0.0,17.0,33.3,1550,11.9,Laterite,3.77,Good,Moderate,0,None,None,False,14
2023-10-21,24.1044,91.6851,Tripura,North Tripura,1.4,18.3,58.7,567,3.8,Clayey,2.83,Good,Low,0,None,None,False,4
2023-10-22,27.9364,88.3547,Sikkim,North Sikkim,0.3,15.0,34.7,3280,24.7,Sandy Loam,3.31,Fair,High,0,None,None,False,10
2023-10-22,26.9747,93.4276,Nagaland,Dimapur,1.3,8.3,48.7,396,0.0,Sandy Loam,4.16,Good,Low,0,None,None,False,13
2023-10-22,26.8834,95.2579,Assam,Barpeta,3.8,28.3,59.2,40,0.0,Mountain Soil,4.35,Good,Low,0,None,None,False,10
2023-10-23,25.8713,94.6566,Nagaland,Kohima,2.0,15.8,47.7,1412,14.1,Sandy Loam,3.53,Good,Moderate,1,None,None,False,0
2023-10-23,25.1615,90.8719,Meghalaya,East Khasi Hills,0.3,24.5,70.6,1121,1.5,Forest Soil,2.63,Fair,Low,0,None,None,False,5
2023-10-23,24.0415,93.5472,Manipur,Tamenglong,0.2,22.1,41.7,952,9.4,Sandy Loam,4.59,Fair,Low,1,None,None,False,18
2023-10-23,27.4987,94.5475,Assam,Sonitpur,4.7,22.4,29.4,97,6.8,Laterite,3.85,Good,Low,0,None,None,False,3
2023-10-23,27.5171,88.8671,Sikkim,West Sikkim,3.4,30.8,60.9,1780,9.2,Alluvial,1.13,Good,Moderate,0,None,None,False,0
2023-10-23,24.4842,92.1342,Tripura,Dhalai,0.3,23.8,39.9,403,0.0,Mountain Soil,2.25,Good,Low,0,None,None,False,18
2023-10-24,27.3888,96.1005,Arunachal Pradesh,East Siang,4.5,20.4,47.7,1266,7.0,Red Loamy,3.54,Fair,Moderate,0,None,None,False,9
2023-10-25,24.2979,94.5871,Manipur,Tamenglong,0.4,13.5,52.6,1864,6.2,Forest Soil,5.28,Good,High,1,None,None,False,11
2023-10-25,26.3993,92.6254,Assam,Kamrup,2.0,17.5,63.9,113,5.0,Mountain Soil,3.37,Fair,Low,0,None,None,False,20
2023-10-25,25.5338,93.9696,Manipur,Senapati,8.2,14.1,59.3,866,11.9,Alluvial,3.36,Poor,Moderate,6,Fallen Tree,High,True,272
2023-10-27,26.048,92.1776,Meghalaya,Jaintia Hills,12.9,32.4,48.0,410,3.9,Clayey,2.62,Good,Low,1,None,None,False,7
2023-10-27,26.1616,94.6087,Nagaland,Mokokchung,0.5,18.2,50.5,1050,15.7,Clayey,3.91,Good,Moderate,0,None,None,False,13
2023-10-28,27.4114,88.0932,Sikkim,East Sikkim,1.2,12.2,70.5,1757,18.4,Red Loamy,3.29,Good,Moderate,1,None,None,False,11
2023-10-28,23.7666,92.3468,Mizoram,Serchhip,5.0,22.4,50.8,1166,12.5,Forest Soil,3.71,Fair,High,0,None,None,False,2
2023-10-28,27.8053,88.7954,Sikkim,South Sikkim,2.2,14.3,52.8,2436,14.7,Sandy Loam,3.17,Good,High,0,None,None,False,20
2023-10-28,26.7576,94.0528,Arunachal Pradesh,East Siang,1.8,16.4,43.8,2378,12.0,Laterite,4.97,Good,Low,1,None,None,False,7
2023-10-28,23.8387,93.2139,Mizoram,Aizawl,10.9,15.5,23.1,1587,10.0,Alluvial,4.25,Good,Low,0,None,None,False,19
2023-10-29,28.9658,93.1959,Arunachal Pradesh,Lohit,12.2,24.9,55.2,1548,8.7,Alluvial,2.43,Good,Low,0,None,None,False,8
2023-10-29,25.7641,94.7012,Assam,Cachar,1.7,27.5,74.6,109,0.0,Alluvial,2.79,Good,Low,1,None,None,False,9
2023-10-29,24.8285,93.5778,Manipur,Senapati,1.8,16.8,69.3,1409,20.8,Mountain Soil,3.01,Good,Low,1,None,None,False,9
2023-10-29,26.5533,94.1544,Nagaland,Tuensang,2.8,23.9,81.2,1303,5.8,Red Loamy,2.14,Good,Moderate,0,None,None,False,6
2023-10-29,23.0242,91.3922,Tripura,Dhalai,0.9,19.4,55.1,862,26.5,Clayey,3.63,Good,Moderate,1,None,None,False,7
2023-10-30,28.9985,95.4957,Arunachal Pradesh,West Kameng,3.1,24.7,40.5,1095,13.1,Laterite,4.82,Good,High,1,None,None,False,8
2023-10-30,23.4741,92.0667,Tripura,Gomati,1.0,4.9,67.0,456,0.0,Mountain Soil,4.54,Good,High,0,None,None,False,16
2023-10-30,22.9179,92.6498,Mizoram,Kolasib,0.6,11.6,46.8,805,3.7,Sandy Loam,6.08,Fair,Moderate,0,None,None,False,17
2023-10-30,25.546,94.3064,Nagaland,Mokokchung,0.9,14.4,69.1,1659,4.1,Forest Soil,3.59,Good,High,0,None,None,False,9
2023-10-30,25.2413,95.1189,Nagaland,Mokokchung,4.6,17.1,44.3,1357,0.8,Mountain Soil,4.42,Fair,High,0,None,None,False,1
2023-10-30,23.4386,93.4473,Mizoram,Mamit,0.1,16.9,54.3,1079,4.4,Forest Soil,4.51,Good,Low,1,None,None,False,5
2023-10-31,26.0997,90.5322,Meghalaya,Ri Bhoi,2.0,21.9,65.7,1485,22.8,Red Loamy,2.29,Good,High,0,None,None,False,13
2023-10-31,23.5296,91.9413,Tripura,West Tripura,1.4,21.8,68.7,120,0.0,Mountain Soil,0.77,Fair,Low,0,None,None,False,14
2023-10-31,23.3048,92.2255,Mizoram,Lunglei,10.6,13.6,51.5,1816,13.6,Laterite,4.73,Good,High,0,None,None,False,6
2023-11-01,26.8292,93.6812,Nagaland,Tuensang,0.0,10.8,65.9,1981,21.9,Mountain Soil,4.31,Good,Moderate,0,None,None,False,1
2023-11-01,28.0276,97.1595,Arunachal Pradesh,Changlang,1.7,10.4,34.3,2940,20.5,Laterite,3.29,Fair,Moderate,0,None,None,False,6
2023-11-01,27.2262,88.3141,Sikkim,East Sikkim,0.2,16.2,56.4,2475,24.4,Laterite,7.03,Damaged,Severe,4,Flood,Medium,False,117
2023-11-01,29.2571,97.0467,Arunachal Pradesh,East Siang,1.2,16.5,40.6,1270,19.9,Clayey,4.34,Damaged,Moderate,2,Bridge Damage,Low,False,55
2023-11-01,25.332,94.5313,Nagaland,Kohima,2.6,19.4,38.9,931,0.0,Clayey,3.65,Fair,High,1,None,None,False,6
2023-11-01,26.7283,91.7957,Assam,Sonitpur,6.0,17.3,53.3,144,0.0,Alluvial,5.12,Good,Moderate,0,None,None,False,3
2023-11-02,24.3327,92.1869,Tripura,Khowai,3.8,17.0,57.5,876,0.0,Sandy Loam,3.16,Good,Low,0,None,None,False,0
2023-11-02,25.2234,92.634,Meghalaya,Jaintia Hills,1.4,20.9,52.5,1818,10.6,Forest Soil,4.61,Good,Low,0,None,None,False,7
2023-11-02,24.9816,92.7505,Assam,Cachar,4.4,14.4,63.2,179,5.4,Red Loamy,3.85,Fair,Low,1,None,None,False,2
2023-11-02,23.3636,91.3207,Tripura,Dhalai,2.8,15.6,52.8,611,4.2,Mountain Soil,4.62,Good,High,0,None,None,False,6
2023-11-03,24.0205,94.7788,Manipur,Senapati,1.3,16.8,68.3,1362,2.2,Mountain Soil,3.32,Good,Moderate,0,None,None,False,19
2023-11-04,25.7994,92.5066,Meghalaya,Jaintia Hills,3.1,13.4,38.4,1834,3.5,Alluvial,3.52,Good,Moderate,0,None,None,False,16
2023-11-04,27.3592,90.0782,Assam,Jorhat,1.4,22.1,50.2,96,6.1,Alluvial,4.08,Good,Low,0,None,None,False,7
2023-11-05,24.6344,93.6244,Manipur,Tamenglong,3.1,15.9,68.6,1444,9.5,Mountain Soil,3.44,Good,Low,1,None,None,False,8
2023-11-05,26.8077,93.7109,Arunachal Pradesh,Tawang,17.0,20.6,41.1,1139,0.0,Clayey,3.99,Good,Low,0,None,None,False,10
2023-11-05,29.1372,93.1337,Arunachal Pradesh,Lohit,0.3,17.3,43.5,2953,23.1,Forest Soil,2.47,Good,Moderate,0,None,None,False,19
2023-11-05,24.0114,92.9928,Mizoram,Aizawl,0.3,22.9,47.8,1422,0.0,Sandy Loam,3.96,Fair,Moderate,0,None,None,False,11
2023-11-06,26.2526,94.13,Nagaland,Dimapur,3.8,9.1,65.9,1927,7.8,Sandy Loam,2.57,Fair,Moderate,0,None,None,False,5
2023-11-06,24.2499,91.764,Tripura,West Tripura,0.7,17.6,63.5,656,2.2,Clayey,3.5,Good,Low,1,None,None,False,0
2023-11-06,26.8028,95.7682,Assam,Kamrup,7.8,19.0,61.3,132,1.0,Mountain Soil,3.09,Good,Low,0,None,None,False,6
2023-11-07,27.4908,91.3987,Assam,Cachar,2.9,24.7,66.7,53,14.4,Mountain Soil,5.35,Good,Moderate,0,None,None,False,11
2023-11-07,25.3111,94.7321,Manipur,Churachandpur,1.4,4.8,65.4,1082,6.8,Mountain Soil,4.28,Good,Low,0,None,None,False,12
2023-11-07,24.2478,91.9603,Tripura,West Tripura,0.3,25.2,70.9,741,16.7,Laterite,4.05,Fair,Low,0,None,None,False,15
2023-11-07,26.5743,92.1548,Assam,Kamrup,0.2,21.5,62.2,109,0.0,Clayey,4.31,Fair,Low,0,None,None,False,24
2023-11-08,27.1063,93.5509,Assam,Sonitpur,1.6,21.3,47.3,33,5.0,Sandy Loam,3.45,Fair,Low,0,None,None,False,3
2023-11-08,25.6407,91.6648,Meghalaya,West Garo Hills,1.5,24.2,49.9,915,0.0,Alluvial,4.07,Fair,Moderate,0,None,None,False,8
2023-11-08,25.5078,93.6412,Manipur,Imphal West,3.4,14.3,60.2,1630,25.5,Forest Soil,2.12,Fair,High,0,None,None,False,14
2023-11-08,25.4408,90.8555,Meghalaya,West Garo Hills,2.4,11.1,57.4,1473,12.8,Forest Soil,4.96,Good,Moderate,1,None,None,False,3
2023-11-09,25.2999,92.5227,Meghalaya,Jaintia Hills,7.5,18.1,45.2,1731,0.0,Alluvial,3.96,Good,Moderate,2,None,None,False,11
2023-11-09,24.6442,94.7663,Manipur,Imphal East,1.1,14.4,55.8,1897,5.6,Sandy Loam,2.88,Good,Moderate,0,None,None,False,2
2023-11-09,23.9385,92.2234,Mizoram,Mamit,2.0,15.3,73.7,1333,10.5,Forest Soil,5.97,Good,Moderate,3,None,None,False,0
2023-11-10,28.6812,92.78,Arunachal Pradesh,Papum Pare,0.3,8.8,56.5,371,0.0,Red Loamy,0.5,Good,High,0,None,None,False,7
2023-11-10,24.1139,93.7018,Manipur,Tamenglong,6.0,20.7,41.0,1662,19.5,Forest Soil,2.45,Good,Low,0,None,None,False,22
2023-11-10,27.6941,88.2198,Sikkim,East Sikkim,0.1,23.8,60.2,731,2.3,Mountain Soil,2.16,Fair,Low,1,None,None,False,16
2023-11-11,25.0897,95.8657,Assam,Sonitpur,7.0,23.8,39.3,174,0.0,Mountain Soil,3.66,Good,Moderate,0,None,None,False,0
2023-11-12,25.6265,92.2284,Meghalaya,East Khasi Hills,4.1,18.6,63.4,562,0.0,Laterite,3.78,Good,Moderate,1,None,None,False,21
2023-11-12,26.0027,90.4872,Meghalaya,East Khasi Hills,4.7,19.2,76.3,1442,0.0,Sandy Loam,1.71,Good,Low,1,None,None,False,15
2023-11-12,27.3654,88.6243,Sikkim,North Sikkim,2.5,10.8,67.6,3538,19.0,Mountain Soil,1.55,Good,Moderate,0,None,None,False,8
2023-11-12,25.5433,93.4592,Manipur,Senapati,0.3,15.3,54.7,1441,1.1,Alluvial,1.78,Good,High,0,None,None,False,8
2023-11-13,27.1264,90.5959,Assam,Sonitpur,6.2,23.6,46.1,103,0.0,Clayey,1.36,Good,Low,3,None,None,False,4
2023-11-14,27.9016,88.5378,Sikkim,West Sikkim,0.3,13.7,48.8,1009,0.2,Sandy Loam,2.26,Good,Low,2,None,None,False,9
2023-11-14,29.2252,91.9583,Arunachal Pradesh,Papum Pare,1.6,23.3,48.1,1181,0.1,Sandy Loam,4.85,Good,Moderate,1,None,None,False,2
2023-11-14,25.2548,92.3574,Meghalaya,Jaintia Hills,13.1,28.9,48.9,309,0.0,Forest Soil,3.0,Good,Moderate,1,None,None,False,11
2023-11-14,25.0172,94.2112,Manipur,Ukhrul,3.3,10.9,53.4,1795,13.1,Mountain Soil,1.54,Good,Moderate,0,None,None,False,21
2023-11-14,28.252,91.7988,Arunachal Pradesh,East Siang,0.6,14.9,57.2,2480,19.2,Mountain Soil,4.62,Fair,Moderate,1,None,None,False,9
2023-11-14,27.3935,88.3493,Sikkim,West Sikkim,3.0,14.5,41.0,1501,13.6,Forest Soil,4.35,Fair,Low,1,None,None,False,3
2023-11-14,23.4427,93.2267,Mizoram,Serchhip,0.1,22.5,56.7,1688,16.5,Red Loamy,3.46,Good,Moderate,0,None,None,False,8
2023-11-14,25.3414,94.8877,Nagaland,Dimapur,0.9,17.9,47.5,1354,14.8,Sandy Loam,2.89,Good,High,0,None,None,False,19
2023-11-14,23.7706,91.7621,Tripura,North Tripura,1.2,19.6,38.3,330,0.0,Alluvial,1.37,Fair,Low,0,None,None,False,9
2023-11-15,27.1521,92.2645,Arunachal Pradesh,Papum Pare,3.8,13.5,56.0,1143,11.0,Red Loamy,2.46,Good,Moderate,0,None,None,False,13
2023-11-15,27.1944,88.0553,Sikkim,South Sikkim,1.5,23.4,55.1,1844,16.0,Clayey,2.84,Good,Moderate,0,None,None,False,13
2023-11-16,25.1177,92.0844,Meghalaya,South Garo Hills,0.4,5.9,57.1,1756,0.0,Laterite,2.63,Fair,Low,0,None,None,False,11
2023-11-16,26.2753,93.3135,Nagaland,Wokha,0.3,17.5,63.5,261,2.4,Forest Soil,3.86,Good,Moderate,0,None,None,False,30
2023-11-16,24.9335,93.0776,Assam,Barpeta,0.0,25.2,43.5,169,3.3,Mountain Soil,4.02,Fair,Low,1,None,None,False,9
2023-11-16,25.6895,94.8869,Assam,Jorhat,0.0,28.8,41.5,188,7.2,Laterite,1.62,Good,Moderate,0,None,None,False,11
2023-11-16,27.2638,96.0974,Arunachal Pradesh,West Kameng,0.4,16.1,48.7,1896,17.2,Forest Soil,4.36,Fair,Low,1,None,None,False,25
2023-11-17,24.1094,91.9603,Tripura,Khowai,0.5,21.9,74.4,79,7.1,Laterite,3.21,Fair,Moderate,1,None,None,False,1
2023-11-17,25.2403,93.3946,Nagaland,Dimapur,0.1,21.7,49.1,674,12.1,Red Loamy,2.56,Fair,Moderate,0,None,None,False,12
2023-11-17,27.8967,88.0957,Sikkim,East Sikkim,2.4,27.3,63.0,2346,8.9,Sandy Loam,4.48,Poor,Severe,6,Fog/Visibility,Low,True,130
2023-11-18,25.1018,94.4499,Manipur,Imphal East,3.5,20.5,62.3,1223,17.4,Mountain Soil,4.47,Fair,Moderate,0,None,None,False,2
2023-11-19,22.8953,92.9659,Mizoram,Kolasib,0.5,15.1,56.0,1509,12.6,Mountain Soil,1.89,Good,Moderate,0,None,None,False,6
2023-11-19,23.3702,93.1302,Mizoram,Kolasib,3.5,15.3,39.2,653,2.4,Red Loamy,1.75,Good,Moderate,0,None,None,False,0
2023-11-19,23.1712,91.2146,Tripura,Gomati,1.1,22.7,49.4,173,0.0,Forest Soil,2.98,Good,Low,0,None,None,False,11
2023-11-19,23.5736,92.3656,Mizoram,Serchhip,1.3,11.8,41.3,1140,0.0,Laterite,2.41,Good,Low,1,None,None,False,8
2023-11-20,28.0376,88.229,Sikkim,North Sikkim,0.4,6.9,36.3,3223,13.0,Mountain Soil,1.94,Good,Low,0,None,None,False,8
2023-11-20,25.9047,95.233,Assam,Sonitpur,0.7,26.0,73.9,38,5.9,Sandy Loam,4.97,Fair,Moderate,1,None,None,False,10
2023-11-20,24.6743,90.077,Assam,Dibrugarh,0.4,13.4,62.6,93,0.0,Red Loamy,5.26,Good,Low,1,None,None,False,13
2023-11-20,25.6507,91.8994,Meghalaya,Ri Bhoi,3.0,17.2,58.3,1294,7.9,Laterite,3.51,Good,Moderate,1,None,None,False,13
2023-11-20,24.7781,94.2247,Manipur,Ukhrul,3.8,15.4,58.9,780,6.8,Red Loamy,4.52,Good,Low,0,None,None,False,2
2023-11-20,25.6733,93.3123,Manipur,Senapati,0.3,13.2,68.9,1181,9.1,Sandy Loam,3.91,Good,Moderate,1,None,None,False,2
2023-11-21,26.6775,93.8239,Nagaland,Mokokchung,0.6,12.0,54.2,1633,12.6,Laterite,3.3,Good,Moderate,0,None,None,False,10
2023-11-22,23.6272,92.0168,Tripura,Gomati,1.1,12.7,74.4,865,11.0,Mountain Soil,5.42,Fair,Low,0,None,None,False,5
2023-11-22,25.1696,90.4586,Meghalaya,East Khasi Hills,3.3,17.4,54.2,1579,11.3,Clayey,2.55,Good,Low,0,None,None,False,28
2023-11-22,25.7753,91.6881,Meghalaya,West Garo Hills,1.8,12.5,78.3,629,7.3,Sandy Loam,3.29,Fair,Low,0,None,None,False,14
2023-11-22,27.2706,88.4789,Sikkim,East Sikkim,3.0,11.4,47.6,2325,9.2,Sandy Loam,4.28,Good,Low,0,None,None,False,10
2023-11-23,26.9305,89.7887,Assam,Nagaon,0.5,29.5,83.2,184,0.0,Clayey,4.31,Good,Low,2,None,None,False,25
2023-11-23,23.1083,93.2419,Mizoram,Mamit,0.3,13.9,46.8,965,0.0,Red Loamy,3.94,Good,Low,2,None,None,False,0
2023-11-24,26.743,94.995,Nagaland,Kohima,0.1,21.6,26.3,1697,12.1,Mountain Soil,1.61,Good,Low,0,None,None,False,0
2023-11-24,26.8221,93.5346,Nagaland,Kohima,2.2,27.8,63.5,1504,8.2,Clayey,2.51,Good,Moderate,0,None,None,False,19
2023-11-24,26.7957,94.3628,Arunachal Pradesh,Papum Pare,5.1,26.2,58.8,1106,21.5,Clayey,7.34,Poor,Severe,3,Flood,Low,False,98
2023-11-25,29.1604,96.4414,Arunachal Pradesh,East Siang,1.9,11.9,73.2,2756,22.7,Mountain Soil,3.82,Good,Low,1,None,None,False,10
2023-11-25,23.4207,93.0898,Mizoram,Champhai,4.8,14.7,41.1,858,2.3,Forest Soil,2.15,Fair,High,0,None,None,False,5
2023-11-25,24.6647,93.2411,Manipur,Senapati,0.9,10.7,43.3,1762,8.7,Clayey,3.55,Fair,Low,0,None,None,False,17
2023-11-26,23.1435,92.1124,Tripura,Gomati,0.0,16.7,57.9,104,2.0,Clayey,1.9,Fair,Moderate,0,None,None,False,10
2023-11-26,29.1481,96.8263,Arunachal Pradesh,Lohit,0.5,10.7,56.4,2518,8.9,Alluvial,4.42,Good,Low,0,None,None,False,3
2023-11-26,25.264,93.0738,Manipur,Ukhrul,1.7,19.8,60.2,1786,12.4,Forest Soil,4.35,Fair,Moderate,1,None,None,False,2
2023-11-26,28.8832,94.5852,Arunachal Pradesh,Lohit,2.3,18.7,51.0,835,25.3,Alluvial,2.13,Good,Low,0,None,None,False,23
2023-11-26,29.2905,93.8892,Arunachal Pradesh,Papum Pare,2.1,17.7,49.3,270,0.0,Laterite,0.5,Good,Low,1,None,None,False,5
2023-11-27,28.6599,97.3903,Arunachal Pradesh,Tawang,2.4,18.7,62.0,2812,16.9,Sandy Loam,2.4,Good,High,2,None,None,False,14
2023-11-27,26.4602,94.1745,Nagaland,Mokokchung,4.1,24.1,75.6,395,0.0,Mountain Soil,1.17,Poor,Severe,7,Traffic Jam,Medium,False,100
2023-11-27,27.573,88.4222,Sikkim,South Sikkim,4.5,22.4,61.4,598,25.5,Red Loamy,3.09,Poor,High,4,Traffic Jam,Low,True,196
2023-11-28,21.9194,93.4546,Mizoram,Aizawl,2.1,17.7,51.4,545,5.1,Alluvial,3.22,Fair,Moderate,1,None,None,False,4
2023-11-28,24.2625,91.6339,Tripura,Khowai,0.2,20.3,58.2,650,0.0,Alluvial,4.41,Good,Low,0,None,None,False,28
2023-11-30,23.4785,92.2788,Tripura,Dhalai,1.9,15.1,66.9,710,0.0,Alluvial,5.48,Good,Low,0,None,None,False,10
2023-11-30,23.4081,93.2903,Mizoram,Champhai,4.7,8.6,41.2,1151,19.6,Red Loamy,3.02,Fair,Moderate,0,None,None,False,10
2023-11-30,24.8778,93.3225,Manipur,Senapati,5.7,21.9,40.3,1366,12.6,Sandy Loam,2.57,Good,Low,0,None,None,False,8
2023-11-30,23.4511,91.3195,Tripura,West Tripura,3.1,21.9,78.7,238,1.6,Clayey,2.16,Damaged,High,3,Traffic Jam,Medium,False,59
2023-12-01,25.2138,94.3983,Manipur,Ukhrul,8.6,14.4,68.2,1200,11.4,Mountain Soil,4.81,Good,Moderate,0,None,None,False,10
2023-12-01,25.9476,94.0924,Nagaland,Mon,1.7,19.9,72.6,1838,3.5,Alluvial,2.27,Good,High,0,None,None,False,27
2023-12-01,25.3413,90.9245,Meghalaya,South Garo Hills,8.8,23.4,31.2,1283,0.0,Sandy Loam,2.54,Fair,Moderate,2,None,None,False,12
2023-12-01,24.4958,92.0443,Tripura,Khowai,0.6,22.5,52.8,257,0.0,Mountain Soil,4.28,Good,High,1,None,None,False,13
2023-12-01,23.7453,91.8392,Tripura,Khowai,9.1,16.3,42.4,848,13.0,Sandy Loam,3.65,Fair,Low,0,None,None,False,6
2023-12-02,25.3016,92.4409,Meghalaya,East Khasi Hills,5.6,19.0,55.9,1307,4.9,Forest Soil,3.95,Fair,Low,1,None,None,False,0
2023-12-02,28.0174,88.763,Sikkim,North Sikkim,1.9,20.2,42.9,1881,3.6,Red Loamy,5.17,Fair,Low,0,None,None,False,3
2023-12-02,27.2917,93.1281,Assam,Nagaon,2.7,25.3,62.9,77,5.8,Mountain Soil,3.01,Good,Moderate,1,None,None,False,17
2023-12-02,27.9221,88.8647,Sikkim,East Sikkim,1.0,31.0,31.4,870,0.0,Laterite,4.33,Good,High,0,None,None,False,8
2023-12-02,26.9166,93.2248,Assam,Nagaon,1.6,13.4,87.7,188,9.0,Sandy Loam,3.99,Good,Moderate,1,None,None,False,22
2023-12-03,23.5272,91.7315,Tripura,North Tripura,2.1,15.5,53.2,329,0.0,Sandy Loam,5.04,Good,Moderate,1,None,None,False,0
2023-12-04,25.7291,93.71,Nagaland,Tuensang,0.7,14.4,59.5,485,0.0,Alluvial,5.99,Good,High,0,None,None,False,11
2023-12-04,23.6147,91.7018,Tripura,Khowai,1.4,25.3,64.8,233,8.5,Mountain Soil,3.73,Fair,Low,2,None,None,False,15
2023-12-04,25.5742,92.5149,Meghalaya,South Garo Hills,1.4,11.3,71.5,996,1.5,Clayey,4.6,Fair,Low,0,None,None,False,8
2023-12-04,22.8695,92.3892,Mizoram,Lunglei,0.2,24.9,55.4,1068,2.5,Sandy Loam,3.37,Good,Low,0,None,None,False,7
2023-12-05,23.4216,91.689,Tripura,Dhalai,1.8,24.0,53.3,541,5.6,Red Loamy,4.74,Fair,Low,0,None,None,False,1
2023-12-05,25.7343,90.8845,Meghalaya,South Garo Hills,1.4,26.7,62.3,1103,10.1,Forest Soil,3.05,Good,Low,1,None,None,False,9
2023-12-06,27.0529,88.4352,Sikkim,South Sikkim,7.4,24.2,46.9,361,0.0,Red Loamy,2.16,Fair,Low,1,None,None,False,15
2023-12-06,22.2536,92.795,Mizoram,Kolasib,2.1,26.5,68.0,1495,7.2,Clayey,3.64,Good,Moderate,0,None,None,False,0
2023-12-06,25.3629,91.6327,Assam,Nagaon,2.3,18.6,73.4,90,0.0,Red Loamy,1.5,Good,Low,0,None,None,False,5
2023-12-07,27.9673,88.5526,Sikkim,West Sikkim,0.5,13.8,52.2,2448,18.9,Forest Soil,4.71,Good,Low,0,None,None,False,15
2023-12-07,27.4904,88.3119,Sikkim,North Sikkim,3.6,1.8,57.1,3810,18.6,Mountain Soil,4.04,Fair,Low,0,None,None,False,17
2023-12-07,27.6566,88.1791,Sikkim,North Sikkim,0.7,5.4,71.3,3693,31.0,Alluvial,3.73,Good,High,0,None,None,False,14
2023-12-08,26.4551,95.9066,Assam,Dibrugarh,0.5,21.7,47.3,157,1.8,Sandy Loam,3.37,Under Construction,High,4,Fog/Visibility,High,False,96
2023-12-08,23.2666,93.0122,Mizoram,Lunglei,4.9,14.8,54.3,1560,3.2,Laterite,3.2,Good,Moderate,0,None,None,False,9
2023-12-08,28.7316,97.13,Arunachal Pradesh,Changlang,4.7,20.6,68.0,1240,3.4,Mountain Soil,2.46,Fair,Low,0,None,None,False,24
2023-12-08,23.9508,94.3047,Manipur,Ukhrul,1.5,11.4,49.9,1568,0.0,Forest Soil,2.6,Fair,Low,0,None,None,False,0
2023-12-08,24.5786,94.5779,Manipur,Ukhrul,4.4,14.0,32.3,1772,7.4,Clayey,3.26,Good,Low,0,None,None,False,7
2023-12-08,26.0908,93.2028,Assam,Kamrup,0.3,22.9,61.6,106,6.1,Mountain Soil,5.64,Fair,Low,0,None,None,False,4
2023-12-08,27.1298,95.5478,Assam,Nagaon,3.5,17.7,62.9,119,12.3,Mountain Soil,1.92,Fair,Moderate,1,None,None,False,18
2023-12-09,26.1693,93.3812,Nagaland,Tuensang,0.9,21.5,48.0,1426,2.1,Forest Soil,2.06,Good,Moderate,2,None,None,False,0
2023-12-10,26.9816,93.357,Nagaland,Tuensang,1.5,19.0,49.4,1000,0.0,Red Loamy,4.79,Good,Low,0,None,None,False,11
2023-12-10,27.947,88.8581,Sikkim,North Sikkim,1.1,11.1,51.2,3371,20.2,Laterite,6.34,Fair,Moderate,1,None,None,False,9
2023-12-10,23.9945,91.8255,Tripura,Khowai,14.1,24.0,73.3,890,0.0,Alluvial,3.06,Good,Low,0,None,None,False,14
2023-12-10,27.7824,95.7425,Arunachal Pradesh,Papum Pare,0.0,18.4,51.3,1402,0.8,Forest Soil,3.95,Fair,Low,2,None,None,False,10
2023-12-10,25.844,94.239,Nagaland,Kohima,0.8,15.8,65.1,1690,15.6,Sandy Loam,2.8,Good,Low,1,None,None,False,23
2023-12-10,24.9228,93.192,Manipur,Senapati,0.0,17.2,66.5,973,9.3,Alluvial,3.41,Fair,Moderate,0,None,None,False,8
2023-12-11,23.8634,92.109,Tripura,West Tripura,5.6,20.9,76.6,471,5.3,Forest Soil,2.6,Good,Low,0,None,None,False,15
2023-12-11,22.0946,92.8617,Mizoram,Serchhip,1.7,14.7,45.4,1042,8.0,Clayey,6.24,Good,Moderate,0,None,None,False,2
2023-12-11,26.0339,92.7817,Meghalaya,West Garo Hills,3.1,22.0,69.7,1790,15.0,Laterite,5.39,Fair,Low,0,None,None,False,6
2023-12-11,27.8251,88.834,Sikkim,West Sikkim,8.8,11.6,71.8,839,17.9,Laterite,3.19,Good,High,0,None,None,False,12
2023-12-12,27.9832,92.1989,Arunachal Pradesh,Changlang,0.7,27.0,46.9,238,9.2,Red Loamy,3.76,Good,Low,1,None,None,False,1
2023-12-12,21.9266,92.5709,Mizoram,Aizawl,0.3,18.7,35.8,764,8.9,Clayey,1.69,Poor,High,3,Fog/Visibility,High,True,142
2023-12-12,24.4377,94.7613,Manipur,Tamenglong,3.0,18.6,62.6,1820,12.8,Alluvial,3.34,Fair,Low,0,None,None,False,0
2023-12-12,25.1458,90.9852,Meghalaya,West Garo Hills,0.9,22.2,48.0,459,0.0,Laterite,2.76,Fair,Moderate,0,None,None,False,8
2023-12-12,22.0007,92.5172,Mizoram,Mamit,4.9,18.9,61.9,1029,0.0,Alluvial,4.73,Fair,Moderate,0,None,None,False,12
2023-12-12,23.5764,92.6416,Mizoram,Lunglei,1.8,12.9,58.9,1491,0.0,Red Loamy,5.21,Good,Low,0,None,None,False,12
2023-12-12,23.2369,91.99,Tripura,Dhalai,0.5,28.6,59.1,145,0.0,Clayey,4.42,Good,Low,0,None,None,False,8
2023-12-13,25.2591,94.671,Nagaland,Tuensang,2.5,19.1,76.4,547,0.0,Sandy Loam,2.91,Good,Low,0,None,None,False,14
2023-12-14,22.5686,93.1352,Mizoram,Aizawl,0.9,23.8,58.3,539,1.2,Red Loamy,2.23,Good,High,0,None,None,False,23
2023-12-14,22.0481,92.2514,Mizoram,Mamit,1.6,16.6,52.9,507,7.3,Clayey,1.12,Good,Moderate,0,None,None,False,13
2023-12-14,25.6252,89.9604,Meghalaya,Ri Bhoi,0.9,10.2,47.8,1042,11.1,Laterite,3.78,Fair,High,0,None,None,False,14
2023-12-14,25.9622,92.4308,Meghalaya,Ri Bhoi,0.5,22.9,54.1,1561,23.9,Mountain Soil,2.26,Good,Low,0,None,None,False,25
2023-12-14,24.2411,91.6644,Tripura,West Tripura,0.7,18.9,61.6,399,0.2,Mountain Soil,5.19,Good,Moderate,1,None,None,False,6
2023-12-15,23.1797,91.6466,Tripura,Gomati,1.4,20.0,66.6,456,4.3,Sandy Loam,4.6,Fair,Low,2,None,None,False,9
2023-12-15,22.9407,92.0341,Tripura,Gomati,2.1,12.7,59.9,129,8.6,Mountain Soil,6.02,Good,Low,1,None,None,False,0
2023-12-15,27.5611,88.5598,Sikkim,North Sikkim,3.7,21.4,20.8,1960,16.9,Sandy Loam,4.77,Fair,Moderate,1,None,None,False,19
2023-12-15,27.1447,95.8169,Arunachal Pradesh,Lohit,5.3,15.4,58.8,631,0.0,Laterite,2.67,Good,Moderate,0,None,None,False,12
2023-12-15,28.0845,88.319,Sikkim,West Sikkim,0.4,13.9,66.7,533,8.9,Laterite,4.39,Good,High,1,None,None,False,9
2023-12-15,23.9908,93.4015,Mizoram,Aizawl,1.2,9.3,59.3,1563,6.0,Mountain Soil,4.46,Fair,Low,2,None,None,False,18
2023-12-15,22.795,93.0664,Mizoram,Champhai,0.1,10.1,52.5,1812,6.4,Mountain Soil,3.65,Good,Moderate,0,None,None,False,2
2023-12-16,25.3298,92.2614,Meghalaya,East Khasi Hills,1.7,27.0,60.8,243,7.8,Laterite,4.47,Good,Low,0,None,None,False,9
2023-12-16,25.0918,93.5327,Manipur,Tamenglong,1.9,25.3,63.5,1082,6.6,Red Loamy,2.51,Good,High,0,None,None,False,2
2023-12-16,25.5833,93.9842,Nagaland,Wokha,2.1,8.4,63.8,1059,19.2,Mountain Soil,3.32,Good,Low,1,None,None,False,0
2023-12-16,24.0247,91.3192,Tripura,Dhalai,3.2,22.0,69.0,554,12.4,Red Loamy,1.06,Good,Moderate,1,None,None,False,10
2023-12-16,23.5725,92.2221,Tripura,North Tripura,3.0,18.8,56.7,673,18.1,Alluvial,3.89,Good,Moderate,0,None,None,False,19
2023-12-17,25.2491,94.4748,Manipur,Tamenglong,3.0,17.7,62.1,1584,12.2,Clayey,3.12,Fair,Moderate,0,None,None,False,10
2023-12-18,25.7319,92.2994,Meghalaya,West Garo Hills,3.4,21.0,34.7,1152,1.5,Mountain Soil,2.94,Good,Moderate,0,None,None,False,10
2023-12-18,26.5673,94.0618,Nagaland,Mokokchung,3.1,14.3,58.1,866,12.2,Clayey,3.85,Fair,Low,0,None,None,False,13
2023-12-19,22.6427,93.2054,Mizoram,Aizawl,0.3,26.9,65.1,512,0.0,Alluvial,2.25,Good,Low,2,None,None,False,4
2023-12-19,27.8607,88.2585,Sikkim,West Sikkim,1.1,9.6,78.1,3896,22.3,Mountain Soil,3.32,Fair,High,0,None,None,False,10
2023-12-19,25.0713,91.114,Meghalaya,East Khasi Hills,0.7,28.0,41.2,291,0.0,Alluvial,1.06,Good,Moderate,1,None,None,False,8
2023-12-19,28.3478,94.1164,Arunachal Pradesh,Changlang,3.2,19.3,45.9,1623,12.5,Clayey,5.98,Good,High,0,None,None,False,7
2023-12-20,27.347,88.4933,Sikkim,South Sikkim,14.2,16.3,54.1,341,0.0,Alluvial,3.11,Fair,Low,0,None,None,False,13
2023-12-20,27.6125,88.6379,Sikkim,East Sikkim,4.4,21.8,53.3,864,9.0,Alluvial,2.72,Good,Moderate,0,None,None,False,24
2023-12-22,25.0522,90.5231,Meghalaya,West Garo Hills,5.4,5.2,71.1,1606,5.5,Alluvial,5.11,Poor,High,2,Fog/Visibility,High,False,5
2023-12-22,26.7182,94.8626,Assam,Dibrugarh,3.1,22.8,60.6,100,4.7,Alluvial,6.2,Fair,Low,0,None,None,False,8
2023-12-22,27.3496,88.0815,Sikkim,West Sikkim,4.3,13.8,56.9,3669,27.8,Mountain Soil,2.2,Good,Low,1,None,None,False,25
2023-12-22,25.6502,94.8171,Assam,Kamrup,2.1,33.0,61.9,30,4.3,Laterite,2.45,Good,Low,0,None,None,False,14
2023-12-22,26.999,94.0166,Nagaland,Kohima,3.1,21.4,46.1,1863,16.2,Red Loamy,2.31,Good,Low,0,None,None,False,20
2023-12-23,27.6904,88.8417,Sikkim,North Sikkim,0.9,10.9,59.9,1556,5.7,Laterite,0.81,Good,Low,1,None,None,False,12
2023-12-23,22.9445,91.7311,Tripura,North Tripura,4.1,23.5,69.2,313,0.0,Forest Soil,3.83,Good,Moderate,0,None,None,False,9
2023-12-24,23.8278,91.8591,Tripura,Dhalai,3.3,20.0,55.6,340,0.6,Mountain Soil,5.51,Good,Moderate,0,None,None,False,0
2023-12-24,27.1088,92.8734,Arunachal Pradesh,Papum Pare,0.7,20.9,47.7,820,6.7,Alluvial,2.44,Fair,Moderate,1,None,None,False,19
2023-12-25,25.2941,90.8192,Meghalaya,West Garo Hills,5.2,10.3,49.2,181,0.0,Laterite,2.08,Fair,Low,0,None,None,False,0
2023-12-25,27.0404,88.6527,Sikkim,East Sikkim,2.1,10.6,52.9,1869,20.2,Forest Soil,6.48,Under Construction,Severe,4,Flood,High,False,68
2023-12-25,23.9974,93.4527,Manipur,Imphal West,0.7,17.0,67.4,1151,8.4,Mountain Soil,4.1,Fair,Low,1,None,None,False,10
2023-12-25,24.748,93.13,Manipur,Ukhrul,1.5,10.7,54.4,1605,2.3,Mountain Soil,4.1,Good,Moderate,1,None,None,False,0
2023-12-26,24.8862,91.0344,Assam,Kamrup,0.4,29.5,60.9,110,2.7,Sandy Loam,5.72,Good,Low,1,None,None,False,16
2023-12-26,23.6947,91.4493,Tripura,Dhalai,0.1,22.9,74.9,836,0.0,Laterite,1.83,Good,Moderate,1,None,None,False,0
2023-12-26,25.7111,94.4953,Nagaland,Wokha,2.4,6.3,42.9,1251,5.1,Clayey,3.72,Good,Moderate,0,None,None,False,10
2023-12-27,26.901,94.8623,Nagaland,Wokha,5.3,16.5,49.3,1425,20.9,Forest Soil,0.92,Good,Moderate,0,None,None,False,14
2023-12-27,25.2321,94.3486,Assam,Nagaon,0.6,18.6,42.1,155,11.5,Mountain Soil,4.1,Fair,Low,0,None,None,False,10
2023-12-27,25.9256,94.1993,Assam,Dibrugarh,0.5,18.8,60.3,162,0.0,Sandy Loam,5.06,Good,Low,0,None,None,False,18
2023-12-27,28.6422,93.6792,Arunachal Pradesh,Tawang,2.0,11.7,40.7,2029,10.2,Laterite,3.11,Good,Low,0,None,None,False,23
2023-12-27,29.2262,91.7233,Arunachal Pradesh,Papum Pare,10.9,15.1,42.7,2882,14.8,Red Loamy,4.24,Good,Low,0,None,None,False,5
2023-12-28,26.9528,90.5996,Assam,Nagaon,5.5,18.0,72.5,55,2.5,Clayey,3.4,Good,Low,1,None,None,False,0
2023-12-29,25.123,92.2154,Meghalaya,East Khasi Hills,2.1,15.2,49.0,677,0.0,Mountain Soil,4.69,Damaged,Severe,5,Bridge Damage,High,True,341
2023-12-29,27.7036,94.2055,Arunachal Pradesh,West Kameng,3.6,15.8,59.4,2009,24.0,Clayey,3.25,Fair,Low,0,None,None,False,18
2023-12-29,26.3313,95.5538,Assam,Barpeta,3.3,23.9,50.2,118,0.3,Red Loamy,3.74,Fair,Moderate,0,None,None,False,21
2023-12-29,27.716,88.3871,Sikkim,West Sikkim,0.4,15.1,26.9,1882,15.0,Laterite,4.48,Good,High,1,None,None,False,0
2023-12-29,26.2316,93.9872,Nagaland,Mokokchung,2.8,13.5,48.0,831,17.1,Mountain Soil,4.1,Good,Low,1,None,None,False,14
2023-12-30,25.4116,92.2003,Assam,Cachar,0.5,15.9,58.2,108,0.0,Laterite,2.63,Good,Low,0,None,None,False,0
2023-12-30,27.8244,94.1507,Arunachal Pradesh,Changlang,1.5,16.0,71.0,2361,26.3,Sandy Loam,3.7,Fair,Low,0,None,None,False,11
2023-12-30,23.1042,92.1465,Tripura,West Tripura,0.4,32.5,73.9,88,0.7,Mountain Soil,3.64,Fair,Moderate,0,None,None,False,16
2023-12-30,25.3887,91.5906,Assam,Dibrugarh,0.5,27.0,32.5,156,3.6,Sandy Loam,2.53,Good,Moderate,0,None,None,False,0
2023-12-30,24.5109,94.3857,Assam,Nagaon,0.1,28.4,42.4,61,4.7,Forest Soil,0.51,Good,Moderate,1,None,None,False,0
2023-12-31,29.3473,96.1125,Arunachal Pradesh,Lohit,1.4,15.5,74.6,2679,16.7,Red Loamy,3.13,Good,Low,0,None,None,False,12
2023-12-31,27.4801,95.8003,Assam,Sonitpur,2.9,21.8,71.0,113,0.0,Laterite,5.06,Good,High,0,None,None,False,20
2023-12-31,24.3888,92.0596,Tripura,Gomati,1.5,25.3,62.5,398,10.8,Forest Soil,5.96,Fair,High,3,None,None,False,13
2023-12-31,27.1378,94.6736,Assam,Barpeta,4.3,18.7,47.8,126,3.6,Alluvial,3.88,Good,High,1,None,None,False,12
2023-12-31,24.3983,92.2213,Tripura,Gomati,2.6,19.6,30.5,793,5.1,Laterite,3.72,Fair,Moderate,0,None,None,False,7
2023-12-31,27.4615,92.7394,Arunachal Pradesh,West Kameng,2.4,13.6,32.2,684,5.2,Laterite,3.17,Good,Low,1,None,None,False,2
2024-01-01,24.1237,92.928,Mizoram,Kolasib,4.3,12.4,48.7,1744,4.6,Sandy Loam,4.26,Poor,High,4,Fallen Tree,Critical,True,389
2024-01-01,25.6903,94.0444,Nagaland,Dimapur,10.9,16.8,46.1,221,8.2,Alluvial,2.51,Good,Low,0,None,None,False,4
2024-01-02,25.9055,93.8743,Assam,Barpeta,1.3,16.7,47.2,160,1.5,Red Loamy,5.54,Good,Low,1,None,None,False,8
2024-01-02,25.3056,91.511,Assam,Jorhat,10.8,18.2,54.0,141,2.4,Sandy Loam,3.23,Good,Moderate,0,None,None,False,24
2024-01-02,28.7277,92.1912,Arunachal Pradesh,East Siang,1.5,29.8,63.0,457,8.9,Mountain Soil,2.32,Good,Low,0,None,None,False,1
2024-01-04,27.987,88.019,Sikkim,West Sikkim,7.3,6.7,75.6,3906,15.7,Laterite,5.15,Fair,Low,0,None,None,False,8
2024-01-04,26.8293,93.3307,Arunachal Pradesh,Changlang,0.9,21.6,64.6,1161,0.5,Forest Soil,3.87,Good,Low,0,None,None,False,10
2024-01-04,25.4361,94.4257,Nagaland,Kohima,0.0,20.0,63.7,1410,20.9,Sandy Loam,4.79,Good,High,0,None,None,False,10
2024-01-05,28.2996,96.2383,Arunachal Pradesh,East Siang,2.5,21.6,48.7,571,2.3,Mountain Soil,2.13,Fair,Low,1,None,None,False,7
2024-01-05,27.5201,88.8098,Sikkim,South Sikkim,0.7,16.7,72.3,1711,8.8,Clayey,3.01,Good,Low,0,None,None,False,15
2024-01-06,23.6523,91.7686,Tripura,North Tripura,0.1,16.2,65.8,182,0.6,Sandy Loam,5.73,Fair,Low,1,None,None,False,4
2024-01-06,23.2709,91.1598,Tripura,North Tripura,1.0,18.1,23.7,181,0.0,Laterite,3.88,Good,Low,0,None,None,False,5
2024-01-06,26.935,94.4511,Assam,Jorhat,0.8,17.2,61.2,181,0.0,Laterite,3.16,Fair,Low,0,None,None,False,10
2024-01-06,25.276,90.6799,Meghalaya,East Khasi Hills,3.6,26.6,50.2,1484,23.9,Sandy Loam,5.13,Good,Moderate,0,None,None,False,15
2024-01-07,25.4895,93.4484,Manipur,Churachandpur,1.6,9.2,56.5,1752,4.0,Laterite,4.31,Good,Moderate,0,None,None,False,19
2024-01-08,25.8544,89.9961,Meghalaya,East Khasi Hills,0.0,6.5,65.6,1003,12.6,Laterite,3.16,Good,High,0,None,None,False,19
2024-01-08,24.7203,92.2235,Assam,Sonitpur,0.4,23.2,52.2,37,8.6,Red Loamy,3.63,Good,Moderate,0,None,None,False,4
2024-01-08,25.3895,93.2361,Manipur,Ukhrul,2.2,18.1,53.5,943,7.9,Sandy Loam,2.55,Fair,Moderate,2,None,None,False,8
2024-01-08,27.5143,88.3638,Sikkim,East Sikkim,11.3,9.5,67.3,2187,1.4,Red Loamy,3.04,Good,Moderate,1,None,None,False,1
2024-01-08,27.7109,94.6567,Arunachal Pradesh,Lohit,7.4,16.3,52.6,1959,12.6,Sandy Loam,4.15,Poor,High,4,Traffic Jam,Low,False,49
2024-01-09,28.0004,88.3908,Sikkim,North Sikkim,3.2,17.2,60.3,696,9.7,Clayey,7.29,Poor,High,5,Flood,Low,False,65
2024-01-09,23.2855,92.046,Tripura,West Tripura,0.5,14.9,52.6,613,5.8,Forest Soil,3.95,Good,Moderate,1,None,None,False,10
2024-01-09,24.7028,93.4677,Manipur,Imphal East,0.6,24.4,44.3,815,8.5,Sandy Loam,3.46,Good,Low,1,None,None,False,7
2024-01-09,25.2508,94.6364,Manipur,Imphal West,0.5,6.6,71.6,1733,7.1,Mountain Soil,2.68,Good,Low,0,None,None,False,11
2024-01-09,25.3904,91.3095,Meghalaya,West Garo Hills,0.0,20.2,54.0,1013,3.3,Red Loamy,2.29,Good,Moderate,1,None,None,False,0
2024-01-10,26.6435,94.4763,Nagaland,Wokha,1.5,12.6,34.3,1221,7.3,Red Loamy,4.29,Good,Low,0,None,None,False,21
2024-01-10,26.3901,91.8456,Assam,Barpeta,2.0,22.7,35.1,81,5.5,Sandy Loam,5.99,Fair,Moderate,0,None,None,False,5
2024-01-10,24.0828,91.5661,Tripura,North Tripura,0.4,21.5,62.3,572,8.8,Mountain Soil,2.55,Poor,Moderate,4,Traffic Jam,Critical,False,14
2024-01-11,27.2415,95.5361,Assam,Kamrup,0.4,20.5,63.4,196,11.9,Mountain Soil,5.57,Fair,Moderate,2,None,None,False,0
2024-01-11,26.9601,95.3776,Assam,Jorhat,5.4,32.4,74.2,65,0.0,Clayey,4.24,Good,Low,1,None,None,False,12
2024-01-11,25.4942,91.0963,Meghalaya,South Garo Hills,4.8,19.7,45.0,1115,17.1,Alluvial,4.98,Good,Moderate,1,None,None,False,20
2024-01-11,23.1366,92.0967,Tripura,Dhalai,0.9,25.7,45.7,189,1.3,Alluvial,2.77,Good,High,0,None,None,False,2
2024-01-12,25.5344,91.7191,Meghalaya,Ri Bhoi,0.5,20.2,49.1,155,0.0,Red Loamy,5.71,Good,Low,1,None,None,False,2
2024-01-12,27.7017,88.8683,Sikkim,East Sikkim,1.1,10.8,30.9,2279,20.4,Forest Soil,3.71,Good,Moderate,0,None,None,False,2
2024-01-12,23.6683,91.6831,Tripura,West Tripura,7.2,26.9,76.0,515,0.3,Red Loamy,4.6,Poor,High,5,Fog/Visibility,Medium,False,98
2024-01-13,24.4533,91.4284,Tripura,Dhalai,7.7,21.8,52.8,800,16.1,Laterite,4.13,Fair,Moderate,0,None,None,False,15
2024-01-13,24.033,92.2386,Mizoram,Lunglei,4.4,27.3,66.1,913,4.4,Laterite,4.9,Good,Low,0,None,None,False,9
2024-01-13,25.779,93.6216,Nagaland,Dimapur,0.0,12.6,61.2,728,7.9,Alluvial,3.83,Good,Low,1,None,None,False,7
2024-01-13,28.8196,94.3023,Arunachal Pradesh,Changlang,1.1,10.6,53.5,1150,3.1,Alluvial,5.91,Poor,Severe,3,Traffic Jam,Medium,True,170
2024-01-14,24.3819,92.3969,Mizoram,Aizawl,2.1,9.7,42.7,1168,5.5,Laterite,2.38,Under Construction,High,2,Bridge Damage,Medium,False,84
2024-01-14,27.7306,88.051,Sikkim,North Sikkim,0.3,13.9,58.4,418,1.8,Laterite,5.19,Good,Low,0,None,None,False,13
2024-01-15,25.75,94.3864,Assam,Kamrup,0.7,11.6,67.5,175,0.0,Sandy Loam,1.37,Fair,Low,0,None,None,False,13
2024-01-15,24.7696,93.9002,Manipur,Senapati,7.7,21.5,41.6,1779,9.7,Forest Soil,5.17,Fair,Low,0,None,None,False,2
2024-01-15,26.8569,93.4098,Arunachal Pradesh,West Kameng,3.1,11.0,58.6,2664,13.9,Forest Soil,2.49,Good,Moderate,1,None,None,False,0
2024-01-15,25.8961,91.6355,Meghalaya,Ri Bhoi,0.5,14.0,33.6,803,14.6,Clayey,5.05,Good,Moderate,0,None,None,False,9
2024-01-16,27.0088,88.8735,Sikkim,West Sikkim,2.2,14.3,67.2,3762,8.2,Mountain Soil,2.5,Under Construction,High,4,Bridge Damage,Medium,True,320
2024-01-16,23.8485,94.0809,Manipur,Imphal East,0.7,9.6,60.5,1794,14.1,Mountain Soil,1.66,Good,Moderate,0,None,None,False,10
2024-01-16,27.826,88.8596,Sikkim,North Sikkim,0.4,24.3,46.1,339,0.0,Alluvial,2.27,Fair,Moderate,0,None,None,False,14
2024-01-16,25.734,94.023,Nagaland,Dimapur,5.6,23.5,51.8,860,4.3,Clayey,4.68,Good,Low,0,None,None,False,15
2024-01-16,26.877,94.0423,Nagaland,Dimapur,2.9,14.3,56.4,1867,17.9,Alluvial,4.69,Good,Low,1,None,None,False,9
2024-01-16,23.4488,91.9569,Tripura,Gomati,2.6,18.9,41.0,26,5.1,Alluvial,2.22,Good,Low,0,None,None,False,7
2024-01-17,25.7948,95.0694,Nagaland,Wokha,1.2,22.1,53.9,1310,1.1,Red Loamy,3.4,Poor,High,6,Fog/Visibility,Critical,False,38
2024-01-17,24.8839,94.2483,Manipur,Imphal West,4.9,14.4,68.1,752,18.6,Forest Soil,4.52,Damaged,High,2,Traffic Jam,Medium,True,169
2024-01-17,25.8908,90.0334,Meghalaya,Ri Bhoi,5.5,19.3,45.7,163,2.8,Red Loamy,4.9,Fair,Moderate,0,None,None,False,1
2024-01-18,26.6118,93.429,Arunachal Pradesh,West Kameng,0.2,22.7,45.9,1038,8.9,Mountain Soil,3.9,Good,Low,1,None,None,False,9
2024-01-19,24.2559,91.1524,Tripura,West Tripura,0.4,19.0,47.1,456,5.1,Clayey,3.97,Fair,Moderate,0,None,None,False,16
2024-01-19,25.4851,94.2541,Nagaland,Kohima,2.7,17.8,60.7,1752,9.2,Alluvial,2.94,Damaged,High,4,Fog/Visibility,Low,False,50
2024-01-20,26.1041,94.5403,Nagaland,Dimapur,0.9,22.5,44.4,309,4.6,Sandy Loam,4.21,Good,Low,0,None,None,False,7
2024-01-20,27.4468,92.1123,Assam,Barpeta,0.9,22.5,46.4,60,12.4,Forest Soil,4.26,Good,Low,0,None,None,False,0
2024-01-20,24.2793,93.1278,Manipur,Senapati,0.1,23.3,51.1,1365,5.6,Laterite,0.5,Good,Low,1,None,None,False,12
2024-01-20,24.5115,91.2002,Assam,Cachar,0.3,26.8,57.5,189,2.8,Mountain Soil,3.49,Good,Moderate,2,None,None,False,0
2024-01-21,24.0189,92.9607,Mizoram,Kolasib,1.3,17.0,50.1,1582,7.5,Clayey,3.03,Fair,Low,0,None,None,False,0
2024-01-21,27.1323,88.0615,Sikkim,West Sikkim,0.1,21.5,48.4,1405,14.6,Red Loamy,5.34,Good,High,1,None,None,False,15
2024-01-21,24.5587,94.3161,Manipur,Imphal East,0.3,11.7,51.1,922,12.6,Laterite,1.74,Good,Moderate,1,None,None,False,8
2024-01-21,25.9374,93.6448,Nagaland,Dimapur,1.9,14.6,52.3,1041,10.4,Alluvial,3.33,Good,Moderate,2,None,None,False,5
2024-01-21,25.2593,92.5248,Meghalaya,Jaintia Hills,3.0,15.0,36.6,691,3.6,Clayey,3.12,Good,Moderate,0,None,None,False,21
2024-01-21,23.1356,92.0085,Tripura,North Tripura,0.4,13.9,74.3,634,0.0,Mountain Soil,1.92,Good,Low,0,None,None,False,0
2024-01-21,25.6848,89.8301,Meghalaya,South Garo Hills,1.5,15.4,40.2,490,0.0,Alluvial,3.2,Good,Low,0,None,None,False,8
2024-01-22,25.6471,89.995,Meghalaya,East Khasi Hills,0.9,9.0,48.3,891,4.1,Laterite,1.54,Fair,Low,0,None,None,False,5
2024-01-22,25.4614,94.2962,Nagaland,Kohima,2.2,9.2,66.4,1933,0.0,Red Loamy,4.1,Fair,Moderate,0,None,None,False,10
2024-01-22,23.6545,91.2503,Tripura,Khowai,1.3,26.4,34.1,815,10.6,Alluvial,3.28,Good,Moderate,1,None,None,False,6
2024-01-22,27.3456,88.3368,Sikkim,North Sikkim,3.7,24.6,67.5,2906,27.0,Mountain Soil,4.02,Fair,Low,1,None,None,False,8
2024-01-23,28.4386,92.9184,Arunachal Pradesh,West Kameng,1.5,11.6,57.6,736,3.4,Mountain Soil,3.09,Good,Low,0,None,None,False,0
2024-01-23,27.2148,97.1632,Arunachal Pradesh,Changlang,1.8,12.6,71.1,1925,0.0,Laterite,5.32,Good,Moderate,0,None,None,False,5
2024-01-24,22.9638,93.1339,Mizoram,Serchhip,2.5,22.4,37.3,785,2.4,Laterite,5.89,Good,Low,0,None,None,False,19
2024-01-24,23.8365,91.968,Tripura,North Tripura,1.5,18.2,74.5,337,8.6,Clayey,3.63,Fair,Low,0,None,None,False,19
2024-01-25,26.9639,94.0725,Nagaland,Dimapur,0.4,20.0,70.3,1131,13.1,Sandy Loam,4.54,Fair,High,0,None,None,False,7
2024-01-25,27.4641,91.7467,Assam,Dibrugarh,0.8,14.0,63.1,156,10.8,Sandy Loam,3.45,Good,Low,0,None,None,False,8
2024-01-25,23.9055,91.9264,Tripura,Khowai,0.0,17.4,69.9,239,2.6,Alluvial,3.18,Good,Moderate,0,None,None,False,12
2024-01-25,26.9295,95.655,Arunachal Pradesh,West Kameng,0.1,13.6,47.9,2774,19.1,Alluvial,3.4,Good,Moderate,0,None,None,False,0
2024-01-26,27.264,91.2676,Assam,Jorhat,1.6,32.1,45.2,70,18.0,Laterite,2.4,Poor,Moderate,5,Traffic Jam,High,True,357
2024-01-26,25.4854,93.5196,Assam,Sonitpur,0.7,17.3,20.0,123,0.0,Forest Soil,3.82,Fair,Low,0,None,None,False,12
2024-01-26,27.2324,88.7198,Sikkim,South Sikkim,0.7,13.3,53.4,1600,2.5,Sandy Loam,3.8,Good,Moderate,0,None,None,False,5
2024-01-27,26.2308,93.7878,Nagaland,Mon,1.2,17.1,52.9,1647,20.0,Forest Soil,4.4,Good,Low,1,None,None,False,30
2024-01-27,27.0796,88.7907,Sikkim,South Sikkim,2.5,9.5,47.0,1567,2.5,Red Loamy,1.44,Under Construction,Low,2,Fog/Visibility,Medium,False,79
2024-01-27,28.0514,88.8852,Sikkim,South Sikkim,1.4,7.8,55.5,2984,12.3,Laterite,2.33,Good,Moderate,2,None,None,False,0
2024-01-27,29.0343,92.0123,Arunachal Pradesh,West Kameng,2.9,23.0,46.7,1472,10.7,Mountain Soil,5.38,Fair,Low,0,None,None,False,0
2024-01-27,24.4109,92.5876,Mizoram,Serchhip,0.4,23.4,56.6,812,9.7,Mountain Soil,3.84,Good,High,0,None,None,False,35
2024-01-28,25.5165,95.698,Assam,Cachar,2.1,14.1,36.6,155,0.0,Red Loamy,3.51,Good,Moderate,0,None,None,False,3
2024-01-28,24.2082,93.445,Mizoram,Mamit,0.0,12.4,49.4,1714,20.4,Sandy Loam,3.18,Good,Low,0,None,None,False,11
2024-01-28,25.8177,92.2467,Meghalaya,Jaintia Hills,1.2,18.0,73.7,1350,14.0,Laterite,3.92,Poor,Low,2,Bridge Damage,High,True,143
2024-01-28,26.4505,95.1286,Assam,Dibrugarh,4.4,18.5,72.6,52,4.3,Sandy Loam,3.78,Good,Moderate,0,None,None,False,7
2024-01-29,27.4977,88.4821,Sikkim,North Sikkim,0.2,3.3,55.6,4467,18.6,Mountain Soil,4.56,Good,Low,1,None,None,False,6
2024-01-29,23.7335,92.8986,Mizoram,Kolasib,1.6,11.8,66.6,1156,6.8,Clayey,3.4,Under Construction,Low,4,Traffic Jam,High,False,52
2024-01-29,25.4016,93.9647,Nagaland,Mon,2.7,16.6,65.6,494,0.0,Clayey,3.99,Good,Moderate,0,None,None,False,0
2024-01-30,23.6512,91.5609,Tripura,Khowai,1.3,23.0,60.5,742,0.0,Mountain Soil,5.25,Good,Moderate,0,None,None,False,0
2024-01-30,27.5836,88.8527,Sikkim,West Sikkim,1.4,22.3,56.5,1205,11.4,Alluvial,6.88,Good,Low,1,None,None,False,0
2024-01-30,27.5134,88.6205,Sikkim,West Sikkim,0.4,7.5,61.1,4140,19.8,Alluvial,4.33,Poor,Severe,5,Fog/Visibility,Medium,False,96
2024-01-31,26.3014,91.3227,Assam,Kamrup,1.2,21.9,50.2,86,0.0,Laterite,5.5,Good,High,1,None,None,False,8
2024-01-31,26.9278,95.6242,Assam,Cachar,0.1,26.0,48.5,53,0.0,Red Loamy,1.48,Fair,Low,1,None,None,False,3
2024-01-31,25.0421,90.6752,Meghalaya,West Garo Hills,1.1,11.0,67.1,1741,17.4,Clayey,3.64,Good,High,0,None,None,False,17
2024-01-31,26.6773,93.6325,Nagaland,Tuensang,2.1,17.0,68.2,1373,7.0,Clayey,4.24,Good,Low,1,None,None,False,11
2024-02-01,27.3325,90.7692,Assam,Nagaon,0.5,26.9,64.3,31,0.0,Clayey,4.62,Good,Moderate,0,None,None,False,22
2024-02-01,26.4057,89.9715,Assam,Barpeta,0.0,26.1,49.0,198,0.0,Red Loamy,1.48,Good,Low,1,None,None,False,7
2024-02-01,24.2819,91.1961,Tripura,Gomati,0.2,26.3,49.0,148,0.0,Alluvial,2.53,Fair,High,1,None,None,False,12
2024-02-01,28.0096,88.4256,Sikkim,North Sikkim,0.7,2.4,64.0,3865,15.5,Red Loamy,4.66,Fair,Low,1,None,None,False,10
2024-02-01,25.5576,93.9121,Assam,Sonitpur,0.5,29.7,69.8,96,5.4,Mountain Soil,2.65,Fair,Low,1,None,None,False,9
2024-02-02,23.4357,91.4764,Tripura,West Tripura,0.9,22.5,69.9,577,6.9,Sandy Loam,3.0,Fair,Moderate,1,None,None,False,0
2024-02-02,28.0752,88.2535,Sikkim,South Sikkim,1.3,12.2,34.7,2318,10.8,Red Loamy,1.61,Poor,Severe,1,Traffic Jam,Medium,False,10
2024-02-02,22.8037,92.2566,Mizoram,Champhai,0.2,21.2,69.8,1060,0.1,Forest Soil,3.36,Fair,Low,1,None,None,False,11
2024-02-03,23.9379,91.7089,Tripura,Gomati,1.9,23.5,22.6,93,0.0,Sandy Loam,4.62,Good,High,4,None,None,False,13
2024-02-03,24.2351,92.2454,Tripura,Gomati,4.6,19.6,44.4,129,0.0,Clayey,3.0,Good,High,0,None,None,False,8
2024-02-03,28.7383,94.3165,Arunachal Pradesh,Tawang,0.2,27.8,36.1,404,4.9,Alluvial,3.59,Fair,Moderate,0,None,None,False,15
2024-02-04,24.0363,93.0385,Manipur,Imphal West,1.0,21.2,33.6,960,3.5,Mountain Soil,2.84,Good,Low,1,None,None,False,13
2024-02-04,23.4761,92.9251,Mizoram,Lunglei,0.3,17.1,61.9,1411,3.6,Mountain Soil,2.45,Fair,Low,1,None,None,False,16
2024-02-04,26.5627,93.821,Nagaland,Tuensang,2.0,23.4,63.6,681,6.5,Laterite,2.54,Good,Moderate,1,None,None,False,9
2024-02-05,27.8748,88.1219,Sikkim,East Sikkim,4.7,12.2,34.0,2179,12.5,Sandy Loam,3.85,Fair,Moderate,3,None,None,False,7
2024-02-05,25.8873,91.5579,Meghalaya,South Garo Hills,0.4,17.7,68.8,1211,4.2,Forest Soil,4.6,Fair,Low,1,None,None,False,11
2024-02-05,23.4374,91.4393,Tripura,Khowai,9.8,22.2,59.4,616,8.9,Red Loamy,3.91,Good,High,0,None,None,False,11
2024-02-05,26.6496,93.1453,Assam,Cachar,0.1,17.2,57.5,120,4.7,Red Loamy,2.49,Good,Low,2,None,None,False,24
2024-02-05,24.3639,91.3035,Tripura,Gomati,8.0,20.6,56.1,738,11.7,Forest Soil,5.0,Good,Low,0,None,None,False,17
2024-02-05,24.16,92.2091,Tripura,North Tripura,1.2,20.1,41.3,159,3.2,Laterite,3.96,Fair,Moderate,0,None,None,False,10
2024-02-05,24.4666,93.7838,Manipur,Churachandpur,1.5,15.7,33.3,754,2.0,Clayey,3.97,Good,Low,0,None,None,False,3
2024-02-05,24.0601,92.6962,Mizoram,Mamit,2.8,10.7,45.1,1076,11.8,Mountain Soil,2.6,Good,Moderate,0,None,None,False,9
2024-02-06,24.2877,91.8622,Tripura,Dhalai,1.6,24.3,44.4,654,0.0,Mountain Soil,2.14,Fair,Moderate,0,None,None,False,15
2024-02-06,25.4881,94.4838,Manipur,Senapati,5.3,10.1,51.1,1537,24.1,Clayey,3.73,Good,Low,2,None,None,False,19
2024-02-06,26.3097,91.9706,Assam,Dibrugarh,4.7,19.2,36.0,105,0.0,Alluvial,6.15,Fair,Low,2,None,None,False,0
2024-02-06,27.4309,88.7142,Sikkim,East Sikkim,1.5,10.0,64.2,1661,3.5,Sandy Loam,4.57,Good,Moderate,0,None,None,False,0
2024-02-07,24.0748,91.1661,Tripura,West Tripura,3.0,13.6,51.7,800,0.0,Red Loamy,2.77,Good,Low,0,None,None,False,4
2024-02-07,25.6448,92.6337,Meghalaya,West Garo Hills,0.2,18.6,52.7,1155,0.0,Alluvial,2.58,Fair,Low,0,None,None,False,11
2024-02-07,25.516,93.6374,Nagaland,Kohima,1.3,17.5,74.4,1847,24.8,Mountain Soil,4.62,Fair,Low,1,None,None,False,4
2024-02-08,28.0347,88.8575,Sikkim,North Sikkim,3.2,10.8,59.2,1228,9.4,Forest Soil,3.71,Fair,Low,0,None,None,False,21
2024-02-08,26.7579,96.623,Arunachal Pradesh,Lohit,0.0,11.4,56.4,1025,0.0,Clayey,2.05,Good,Low,0,None,None,False,0
2024-02-09,25.0555,91.6843,Meghalaya,South Garo Hills,10.1,30.5,56.6,1135,0.0,Forest Soil,3.41,Good,Low,1,None,None,False,20
2024-02-09,26.9761,94.2962,Nagaland,Mon,4.2,14.2,68.7,1722,18.2,Sandy Loam,3.48,Poor,Severe,5,Traffic Jam,High,False,107
2024-02-09,25.5713,90.7387,Meghalaya,East Khasi Hills,3.2,11.4,65.0,1388,5.6,Red Loamy,2.82,Good,High,1,None,None,False,14
2024-02-09,27.1838,88.6836,Sikkim,West Sikkim,0.2,19.3,58.8,1748,10.9,Forest Soil,4.77,Fair,High,0,None,None,False,14
2024-02-10,28.0964,88.2579,Sikkim,South Sikkim,1.0,7.8,51.9,3347,30.0,Red Loamy,3.11,Fair,Moderate,2,None,None,False,8
2024-02-10,26.3345,95.2112,Assam,Sonitpur,1.8,24.3,69.1,130,2.6,Alluvial,3.27,Fair,Moderate,0,None,None,False,16
2024-02-10,28.3229,91.9666,Arunachal Pradesh,West Kameng,11.9,18.2,56.9,646,0.0,Laterite,2.13,Fair,Moderate,0,None,None,False,9
2024-02-11,23.28,91.2955,Tripura,Dhalai,3.6,17.8,60.7,232,16.9,Clayey,4.93,Good,Moderate,0,None,None,False,10
2024-02-11,28.3978,93.1257,Arunachal Pradesh,Changlang,0.2,15.1,67.2,1584,0.0,Clayey,5.37,Good,Low,0,None,None,False,6
2024-02-11,24.744,93.05,Manipur,Senapati,1.6,21.3,46.9,1174,13.3,Red Loamy,1.49,Good,Low,0,None,None,False,0
2024-02-11,23.9687,92.3007,Mizoram,Mamit,2.0,19.2,72.3,895,0.0,Red Loamy,4.85,Fair,High,2,None,None,False,0
2024-02-11,22.5446,92.3642,Mizoram,Mamit,5.8,21.7,51.3,737,1.0,Clayey,3.79,Good,Moderate,0,None,None,False,10
2024-02-12,28.7,94.5084,Arunachal Pradesh,East Siang,5.3,11.0,64.5,493,7.0,Clayey,1.71,Good,Low,0,None,None,False,2
2024-02-12,26.0887,91.2525,Meghalaya,South Garo Hills,2.4,23.3,58.9,969,6.3,Alluvial,5.57,Good,Low,0,None,None,False,9
2024-02-13,22.2068,93.1213,Mizoram,Aizawl,0.2,19.0,65.9,987,4.6,Red Loamy,2.61,Fair,Moderate,0,None,None,False,10
2024-02-14,25.3947,91.9504,Meghalaya,West Garo Hills,10.1,29.4,71.8,1161,17.7,Forest Soil,4.04,Fair,High,0,None,None,False,15
2024-02-14,25.0087,94.3412,Manipur,Senapati,2.1,23.3,43.1,1335,0.0,Laterite,2.02,Good,Low,0,None,None,False,15
2024-02-14,25.3746,94.4102,Nagaland,Mokokchung,8.8,23.6,31.8,793,3.0,Forest Soil,3.42,Fair,High,1,None,None,False,7
2024-02-15,25.4986,92.3595,Meghalaya,West Garo Hills,0.1,9.2,28.4,1167,4.5,Laterite,0.72,Good,Low,0,None,None,False,16
2024-02-15,22.8936,92.2996,Mizoram,Kolasib,5.6,15.6,43.6,1335,6.5,Sandy Loam,3.86,Good,Low,0,None,None,False,24
2024-02-15,25.7033,93.9746,Nagaland,Mon,6.0,24.9,47.5,266,0.0,Sandy Loam,4.93,Fair,Low,0,None,None,False,0
2024-02-16,25.2062,91.3698,Meghalaya,East Khasi Hills,0.0,23.6,46.0,1544,6.0,Clayey,3.5,Good,High,0,None,None,False,6
2024-02-17,24.2118,94.0539,Manipur,Churachandpur,2.6,22.1,70.3,1185,5.3,Laterite,2.85,Fair,Low,0,None,None,False,1
2024-02-18,25.2836,93.5233,Nagaland,Tuensang,0.0,14.7,68.4,1792,2.9,Mountain Soil,2.86,Good,Moderate,2,None,None,False,13
2024-02-18,27.451,95.3537,Arunachal Pradesh,Papum Pare,5.7,15.8,68.3,2827,22.1,Red Loamy,3.32,Damaged,High,2,Traffic Jam,Medium,False,58
2024-02-18,23.6377,92.2456,Tripura,North Tripura,1.4,17.4,40.9,275,5.8,Mountain Soil,4.91,Fair,Low,1,None,None,False,0
2024-02-18,25.3364,91.6257,Meghalaya,South Garo Hills,8.4,16.3,93.2,885,7.6,Mountain Soil,3.38,Good,High,1,None,None,False,15
2024-02-19,27.6545,88.1307,Sikkim,West Sikkim,0.4,13.4,44.8,3478,30.3,Laterite,1.37,Fair,Low,1,None,None,False,1
2024-02-19,27.4842,88.3511,Sikkim,West Sikkim,2.8,6.8,33.9,3124,19.1,Alluvial,3.17,Good,Low,0,None,None,False,3
2024-02-19,24.7812,94.3086,Manipur,Senapati,0.3,18.5,51.0,1474,5.1,Mountain Soil,3.42,Fair,Low,1,None,None,False,0
2024-02-20,24.5443,94.0777,Assam,Dibrugarh,2.5,17.9,45.0,80,0.0,Forest Soil,3.32,Good,Moderate,0,None,None,False,18
2024-02-20,25.6579,93.361,Manipur,Ukhrul,0.7,24.5,64.1,1019,5.0,Sandy Loam,4.33,Damaged,High,6,Fallen Tree,High,False,59
2024-02-20,26.8314,91.6453,Assam,Dibrugarh,0.4,17.6,54.9,38,7.8,Red Loamy,3.55,Good,Moderate,2,None,None,False,9
2024-02-21,25.8869,91.8221,Meghalaya,East Khasi Hills,1.6,18.2,50.8,534,18.8,Forest Soil,3.9,Under Construction,High,7,Fallen Tree,High,True,366
2024-02-21,25.661,92.8726,Assam,Barpeta,5.8,24.6,48.0,62,2.3,Alluvial,4.88,Fair,Low,0,None,None,False,18
2024-02-22,24.476,91.2155,Tripura,North Tripura,5.6,21.6,55.8,267,10.3,Red Loamy,4.31,Good,Moderate,1,None,None,False,15
2024-02-22,22.7258,92.2824,Mizoram,Mamit,5.3,22.7,61.9,734,6.5,Mountain Soil,5.15,Fair,Moderate,0,None,None,False,10
2024-02-22,25.1046,94.4696,Manipur,Imphal East,0.1,11.2,56.2,1749,13.5,Mountain Soil,4.28,Poor,Severe,8,Traffic Jam,Low,False,92
2024-02-22,24.3649,93.8717,Manipur,Tamenglong,0.2,15.2,54.9,1820,33.8,Clayey,4.62,Good,High,2,None,None,False,10
2024-02-23,26.9587,94.3351,Nagaland,Kohima,6.8,25.6,64.0,444,6.7,Mountain Soil,3.43,Damaged,Moderate,9,Bridge Damage,Medium,False,16
2024-02-23,26.1084,92.0325,Assam,Cachar,4.9,28.3,49.2,144,1.1,Red Loamy,4.67,Good,High,1,None,None,False,11
2024-02-23,25.2026,93.4217,Nagaland,Mokokchung,1.5,18.9,61.4,1746,20.8,Alluvial,3.44,Good,Low,0,None,None,False,7
2024-02-23,27.58,88.041,Sikkim,East Sikkim,1.0,14.6,49.9,2400,11.5,Red Loamy,3.97,Good,Low,1,None,None,False,10
2024-02-23,22.7703,93.2745,Mizoram,Lunglei,1.0,10.7,55.9,1518,16.7,Alluvial,3.36,Fair,Low,1,None,None,False,7
2024-02-24,25.4031,94.3807,Nagaland,Mon,0.2,16.7,53.6,1853,19.5,Laterite,1.43,Good,Low,0,None,None,False,12
2024-02-24,24.0458,92.3637,Mizoram,Serchhip,5.5,9.1,63.2,1764,23.0,Sandy Loam,3.83,Good,Low,0,None,None,False,1
2024-02-24,25.6403,89.8012,Assam,Sonitpur,4.9,18.1,64.1,85,8.3,Forest Soil,5.62,Fair,Low,0,None,None,False,15
2024-02-24,24.148,93.9846,Manipur,Churachandpur,7.7,9.7,47.9,1150,17.0,Mountain Soil,4.51,Fair,High,0,None,None,False,0
2024-02-24,23.595,91.7496,Tripura,Khowai,2.4,22.3,75.4,800,14.6,Red Loamy,3.64,Good,Moderate,2,None,None,False,14
2024-02-24,27.0228,90.6212,Assam,Dibrugarh,1.3,21.2,51.3,181,6.1,Red Loamy,4.78,Good,Low,0,None,None,False,5
2024-02-26,24.894,93.2945,Manipur,Imphal East,0.0,22.1,59.6,906,4.9,Red Loamy,2.42,Fair,Moderate,0,None,None,False,16
2024-02-26,23.3202,92.5088,Mizoram,Lunglei,1.5,10.9,41.3,1450,12.5,Sandy Loam,3.06,Fair,High,0,None,None,False,5
2024-02-26,23.1121,92.2042,Tripura,Khowai,0.7,23.2,41.2,335,5.1,Alluvial,3.14,Fair,Low,1,None,None,False,8
2024-02-26,25.9562,95.0282,Nagaland,Wokha,0.2,18.7,45.7,621,15.2,Mountain Soil,0.84,Good,High,1,None,None,False,10
2024-02-26,26.0658,93.2432,Assam,Sonitpur,1.6,20.5,61.6,148,0.0,Laterite,2.1,Good,High,0,None,None,False,7
2024-02-28,23.2406,92.4198,Mizoram,Champhai,0.3,13.4,53.8,1628,24.3,Alluvial,4.98,Good,High,1,None,None,False,1
2024-02-28,26.9274,90.0921,Assam,Cachar,0.6,27.2,31.6,171,5.2,Red Loamy,1.31,Good,Low,1,None,None,False,15
2024-02-29,28.9952,96.0379,Arunachal Pradesh,Lohit,2.6,21.9,28.9,1665,16.9,Clayey,3.62,Fair,Low,1,None,None,False,7
2024-02-29,27.1057,88.0119,Sikkim,North Sikkim,3.3,15.1,51.4,2271,26.2,Forest Soil,4.87,Good,Moderate,0,None,None,False,2
2024-02-29,22.5498,93.1392,Mizoram,Kolasib,0.0,14.5,47.4,1271,22.8,Laterite,2.22,Good,Low,2,None,None,False,4
2024-03-01,27.4679,88.8645,Sikkim,South Sikkim,2.1,18.7,59.8,682,12.0,Red Loamy,2.91,Good,Moderate,0,None,None,False,13
2024-03-01,24.379,91.8996,Tripura,North Tripura,0.0,20.5,61.4,397,4.7,Alluvial,0.97,Fair,High,2,None,None,False,23
2024-03-02,25.0968,90.2509,Meghalaya,East Khasi Hills,2.0,24.9,60.4,164,0.0,Mountain Soil,4.51,Good,Moderate,0,None,None,False,10
2024-03-02,27.7024,93.6129,Arunachal Pradesh,Lohit,8.3,10.3,46.9,654,0.0,Alluvial,4.25,Fair,Moderate,1,None,None,False,1
2024-03-02,25.4657,94.2614,Manipur,Ukhrul,3.3,16.3,69.5,1569,0.0,Forest Soil,2.26,Fair,Moderate,0,None,None,False,32
2024-03-02,24.1586,91.8832,Tripura,West Tripura,1.3,25.0,40.5,461,4.0,Mountain Soil,2.88,Fair,Low,0,None,None,False,0
2024-03-03,25.4844,93.9329,Manipur,Imphal East,3.0,9.2,45.5,1799,15.3,Sandy Loam,1.62,Good,Moderate,0,None,None,False,0
2024-03-03,25.1135,91.1805,Meghalaya,South Garo Hills,4.7,20.0,52.9,807,6.6,Sandy Loam,7.03,Damaged,High,6,Flood,High,False,52
2024-03-03,27.457,88.6234,Sikkim,East Sikkim,0.6,9.7,60.6,4344,32.9,Sandy Loam,4.58,Good,Low,1,None,None,False,15
2024-03-03,27.319,91.089,Assam,Nagaon,2.2,20.7,62.8,153,0.0,Laterite,3.52,Good,Low,2,None,None,False,8
2024-03-04,27.7546,88.5761,Sikkim,West Sikkim,8.8,17.8,48.7,1425,21.7,Laterite,2.55,Fair,Low,1,None,None,False,5
2024-03-04,25.8098,90.9027,Meghalaya,Ri Bhoi,0.0,16.8,66.9,1087,9.2,Alluvial,4.16,Good,Moderate,0,None,None,False,16
2024-03-04,24.127,94.2439,Manipur,Imphal West,0.3,12.4,51.4,1454,1.3,Laterite,3.75,Good,Low,0,None,None,False,14
2024-03-05,25.7947,91.0323,Meghalaya,Jaintia Hills,5.4,20.1,61.6,1372,0.0,Mountain Soil,6.1,Good,High,1,None,None,False,20
2024-03-05,24.0084,93.1923,Manipur,Churachandpur,0.3,14.8,65.6,1238,10.6,Mountain Soil,2.66,Good,Moderate,0,None,None,False,5
2024-03-06,24.5312,90.7209,Assam,Sonitpur,0.1,20.7,60.3,47,0.0,Clayey,4.82,Fair,Low,1,None,None,False,4
2024-03-07,28.0911,88.2195,Sikkim,South Sikkim,1.3,13.2,74.1,2629,13.1,Forest Soil,4.27,Good,Low,2,None,None,False,3
2024-03-07,26.4446,93.9838,Nagaland,Tuensang,0.8,5.2,63.4,1999,20.5,Clayey,2.82,Good,Low,1,None,None,False,7
2024-03-07,25.8404,92.7758,Meghalaya,Ri Bhoi,1.1,22.7,43.2,754,3.5,Alluvial,4.42,Damaged,Severe,3,Fallen Tree,High,True,298
2024-03-10,24.9988,93.4345,Assam,Jorhat,0.8,16.9,55.4,159,0.0,Sandy Loam,2.75,Fair,Moderate,0,None,None,False,14
2024-03-10,23.0749,91.3301,Tripura,West Tripura,1.1,25.8,52.4,573,1.7,Red Loamy,0.5,Fair,Moderate,0,None,None,False,0
2024-03-10,28.7118,92.9088,Arunachal Pradesh,Lohit,4.2,18.8,62.2,2265,6.7,Laterite,3.05,Good,Low,1,None,None,False,22
2024-03-10,25.6639,94.581,Nagaland,Wokha,2.2,20.7,50.0,1363,18.6,Clayey,4.04,Under Construction,Low,2,Traffic Jam,Medium,False,47
2024-03-10,27.8591,88.33,Sikkim,East Sikkim,1.2,17.2,50.5,4407,28.1,Alluvial,5.03,Good,Low,1,None,None,False,7
2024-03-10,24.7985,93.9984,Manipur,Imphal East,1.3,11.1,71.9,1245,13.0,Mountain Soil,2.36,Good,Low,0,None,None,False,7
2024-03-11,25.2617,93.0199,Manipur,Senapati,0.6,18.3,41.6,1270,0.5,Forest Soil,3.47,Good,Low,0,None,None,False,15
2024-03-11,27.9622,88.3532,Sikkim,North Sikkim,6.1,16.3,61.9,1692,7.3,Mountain Soil,1.57,Fair,Moderate,0,None,None,False,17
2024-03-11,26.5014,94.3489,Nagaland,Mon,0.5,23.3,50.0,633,0.0,Alluvial,4.51,Fair,Low,1,None,None,False,14
2024-03-12,28.8006,92.0351,Arunachal Pradesh,Tawang,1.0,19.0,47.2,1828,8.3,Alluvial,2.46,Good,Low,1,None,None,False,0
2024-03-12,25.0715,90.0385,Meghalaya,West Garo Hills,1.2,13.0,59.8,1480,13.2,Alluvial,2.82,Good,Low,0,None,None,False,2
2024-03-12,25.814,91.3306,Meghalaya,West Garo Hills,9.5,16.7,70.7,1846,6.9,Red Loamy,3.71,Good,Low,1,None,None,False,4
2024-03-13,24.7415,94.2496,Manipur,Tamenglong,3.4,15.0,51.1,836,3.1,Alluvial,3.14,Good,Moderate,0,None,None,False,15
2024-03-13,24.7718,94.3211,Manipur,Imphal West,0.9,15.8,68.3,1263,0.0,Alluvial,4.1,Fair,Low,1,None,None,False,0
2024-03-14,27.867,88.2422,Sikkim,South Sikkim,2.7,20.0,66.0,1421,10.8,Mountain Soil,3.3,Fair,Moderate,1,None,None,False,6
2024-03-14,27.7069,88.7649,Sikkim,West Sikkim,0.3,12.4,50.7,1528,11.0,Alluvial,5.98,Good,Low,2,None,None,False,8
2024-03-15,25.163,92.5988,Meghalaya,South Garo Hills,1.5,13.3,64.4,1070,0.0,Sandy Loam,4.3,Fair,Low,0,None,None,False,0
2024-03-15,25.4135,90.707,Meghalaya,East Khasi Hills,2.8,15.6,71.7,1593,0.0,Alluvial,4.68,Fair,Low,1,None,None,False,3
2024-03-15,23.1689,92.44,Mizoram,Aizawl,0.8,18.9,64.3,1348,0.0,Alluvial,5.11,Fair,Low,0,None,None,False,10
2024-03-16,26.3289,95.9989,Assam,Barpeta,1.2,20.3,55.7,166,11.9,Forest Soil,2.66,Fair,Moderate,0,None,None,False,10
2024-03-16,24.6319,92.8954,Assam,Jorhat,0.0,22.3,84.7,174,15.1,Clayey,3.52,Good,Moderate,1,None,None,False,11
2024-03-16,25.7225,92.2108,Meghalaya,Jaintia Hills,0.1,23.5,58.5,1266,0.0,Clayey,4.96,Fair,Low,0,None,None,False,5
2024-03-16,28.6428,95.1891,Arunachal Pradesh,Tawang,0.8,17.9,84.1,445,0.0,Sandy Loam,2.56,Good,Low,1,None,None,False,0
2024-03-17,26.5579,90.1897,Assam,Kamrup,6.6,25.0,45.4,142,7.1,Sandy Loam,3.44,Good,Low,0,None,None,False,0
2024-03-17,27.8,88.5704,Sikkim,East Sikkim,1.2,25.1,52.7,890,15.2,Forest Soil,4.04,Fair,Low,0,None,None,False,16
2024-03-17,24.2394,92.3536,Mizoram,Kolasib,3.9,22.0,54.9,934,8.5,Alluvial,3.4,Damaged,Severe,8,Fog/Visibility,Low,True,201
2024-03-17,24.1631,94.2359,Manipur,Imphal East,0.3,10.8,32.2,1072,7.3,Alluvial,4.16,Fair,Low,0,None,None,False,15
2024-03-18,22.7,92.815,Mizoram,Mamit,3.4,15.1,47.2,1531,16.7,Forest Soil,2.71,Fair,Low,0,None,None,False,4
2024-03-18,26.3372,94.9864,Nagaland,Dimapur,4.4,24.0,61.7,1363,11.5,Mountain Soil,3.24,Good,Moderate,0,None,None,False,20
2024-03-18,24.0638,93.1423,Manipur,Imphal West,0.4,10.5,69.2,1486,5.9,Mountain Soil,1.3,Good,High,2,None,None,False,23
2024-03-19,23.2052,92.9648,Mizoram,Champhai,2.6,19.4,54.4,980,0.0,Sandy Loam,2.01,Good,High,2,None,None,False,9
2024-03-20,23.5023,93.3799,Mizoram,Serchhip,2.9,22.9,61.2,1501,4.2,Laterite,4.06,Good,Low,2,None,None,False,10
2024-03-20,26.6208,93.4978,Nagaland,Kohima,0.1,19.8,56.3,566,13.9,Sandy Loam,4.79,Good,High,1,None,None,False,6
2024-03-20,22.5658,92.2972,Mizoram,Aizawl,0.9,17.8,63.1,1878,2.4,Laterite,4.73,Good,Moderate,0,None,None,False,12
2024-03-20,26.6843,94.851,Nagaland,Mon,4.6,20.1,27.8,1629,0.0,Sandy Loam,5.01,Fair,Low,0,None,None,False,14
2024-03-21,25.6393,93.4177,Manipur,Imphal West,0.2,17.6,64.8,1896,15.9,Red Loamy,3.36,Fair,Low,0,None,None,False,4
2024-03-21,26.1542,91.6718,Assam,Sonitpur,6.4,22.7,70.4,57,0.0,Laterite,2.26,Fair,Low,0,None,None,False,1
2024-03-21,24.6404,94.0104,Manipur,Imphal East,2.9,12.2,33.3,1386,4.3,Clayey,3.89,Fair,Moderate,1,None,None,False,3
2024-03-22,27.5105,88.0991,Sikkim,West Sikkim,0.3,15.0,58.9,3042,17.0,Clayey,1.86,Good,Low,0,None,None,False,9
2024-03-22,25.457,92.4645,Meghalaya,Ri Bhoi,5.4,13.6,56.2,792,9.7,Clayey,4.52,Good,Moderate,1,None,None,False,2
2024-03-22,27.6941,95.8708,Arunachal Pradesh,Changlang,2.7,17.1,54.9,1884,9.4,Clayey,1.89,Fair,Low,0,None,None,False,16
2024-03-23,25.6033,94.3669,Nagaland,Tuensang,3.7,22.3,70.2,920,0.0,Forest Soil,5.12,Fair,Moderate,2,None,None,False,10
2024-03-23,25.3399,93.7457,Manipur,Ukhrul,2.0,18.8,47.1,1162,0.0,Laterite,4.95,Good,Low,1,None,None,False,9
2024-03-24,25.6306,94.7305,Manipur,Tamenglong,3.1,14.9,55.0,1607,0.1,Clayey,1.96,Good,Low,0,None,None,False,0
2024-03-24,24.1897,94.2493,Manipur,Imphal East,1.0,19.9,38.7,1559,8.0,Sandy Loam,1.83,Good,Moderate,1,None,None,False,7
2024-03-24,27.2282,97.0772,Arunachal Pradesh,Lohit,1.8,22.1,49.2,238,0.0,Alluvial,4.93,Fair,Low,0,None,None,False,16
2024-03-25,24.9894,93.1805,Assam,Cachar,4.5,21.4,64.0,143,5.4,Alluvial,1.8,Good,Low,0,None,None,False,0
2024-03-25,22.9143,92.2462,Tripura,West Tripura,0.6,14.1,64.2,138,0.8,Red Loamy,0.83,Fair,Low,1,None,None,False,13
2024-03-25,25.8201,89.9912,Meghalaya,South Garo Hills,6.0,15.0,72.0,1476,14.9,Sandy Loam,4.83,Good,Moderate,0,None,None,False,14
2024-03-25,26.7858,93.9719,Nagaland,Kohima,1.2,14.8,62.0,1990,19.2,Clayey,4.22,Fair,High,1,None,None,False,9
2024-03-25,26.4828,93.4913,Nagaland,Kohima,1.5,13.6,44.2,999,10.8,Forest Soil,1.35,Good,Low,0,None,None,False,8
2024-03-26,27.577,88.7348,Sikkim,South Sikkim,1.0,7.4,61.0,3447,30.4,Clayey,3.74,Fair,Low,0,None,None,False,0
2024-03-27,26.0202,92.1828,Meghalaya,Jaintia Hills,0.9,14.9,53.6,1518,0.0,Red Loamy,5.17,Good,Low,1,None,None,False,10
2024-03-27,29.0369,94.046,Arunachal Pradesh,East Siang,1.3,16.7,57.4,1562,14.8,Red Loamy,2.32,Good,Moderate,0,None,None,False,8
2024-03-28,27.178,88.3324,Sikkim,North Sikkim,1.9,19.3,67.9,714,1.8,Sandy Loam,2.69,Fair,Moderate,2,None,None,False,3
2024-03-28,26.6439,90.2826,Assam,Sonitpur,10.9,36.3,49.9,34,0.0,Red Loamy,4.59,Damaged,Moderate,6,Bridge Damage,High,True,165
2024-03-28,28.9503,94.1442,Arunachal Pradesh,West Kameng,0.5,10.0,53.2,1982,25.6,Clayey,4.64,Good,Moderate,0,None,None,False,2
2024-03-28,23.4403,92.0716,Tripura,Gomati,3.7,16.0,73.0,630,8.7,Mountain Soil,2.11,Fair,High,1,None,None,False,0
2024-03-28,23.5079,92.8666,Mizoram,Mamit,1.2,8.7,65.0,1876,2.4,Clayey,1.87,Good,Low,1,None,None,False,6
2024-03-29,28.7455,96.8047,Arunachal Pradesh,Tawang,2.1,14.8,57.8,344,0.0,Red Loamy,3.25,Good,Moderate,0,None,None,False,10
2024-03-29,27.7408,88.7307,Sikkim,North Sikkim,0.2,14.3,49.9,1429,0.0,Mountain Soil,4.32,Good,Moderate,1,None,None,False,7
2024-03-29,22.654,92.9103,Mizoram,Lunglei,0.1,22.1,45.7,1374,13.7,Mountain Soil,2.25,Good,Moderate,1,None,None,False,10
2024-03-30,25.6667,94.245,Nagaland,Tuensang,1.4,22.9,62.1,1744,20.7,Mountain Soil,5.31,Poor,High,2,Bridge Damage,Low,False,68
2024-03-30,23.7879,91.7113,Tripura,Gomati,2.6,24.6,39.9,330,6.5,Forest Soil,1.24,Fair,Low,0,None,None,False,11
2024-03-30,23.6577,93.1186,Mizoram,Champhai,0.7,22.6,58.3,1354,13.4,Red Loamy,3.92,Good,Moderate,1,None,None,False,14
2024-03-30,28.2188,95.5883,Arunachal Pradesh,Lohit,1.0,16.1,74.8,2907,31.7,Mountain Soil,1.83,Fair,Moderate,2,None,None,False,16
2024-03-30,26.9039,95.049,Nagaland,Mon,1.3,16.3,55.8,1431,3.5,Laterite,4.45,Good,Low,0,None,None,False,11
2024-03-30,27.9113,88.4109,Sikkim,East Sikkim,1.7,18.3,61.4,2230,15.2,Clayey,4.62,Fair,Low,0,None,None,False,18
2024-03-30,22.5353,93.2993,Mizoram,Champhai,4.7,20.8,55.2,947,0.7,Alluvial,3.49,Fair,High,0,None,None,False,19
2024-03-31,23.7236,92.0923,Tripura,Dhalai,0.8,21.6,39.0,82,8.1,Mountain Soil,6.31,Good,Low,1,None,None,False,6
2024-03-31,23.1062,91.964,Tripura,Dhalai,2.3,18.3,63.7,104,0.0,Alluvial,4.35,Good,Low,1,None,None,False,6
2024-03-31,25.4605,91.1753,Meghalaya,South Garo Hills,1.9,14.5,60.8,1418,12.4,Clayey,5.36,Good,Low,0,None,None,False,12
2024-03-31,25.3594,91.2731,Assam,Sonitpur,3.3,24.2,53.6,133,3.5,Mountain Soil,3.58,Good,Low,0,None,None,False,0
2024-04-01,26.4868,94.3323,Nagaland,Tuensang,0.0,17.9,70.6,1692,15.9,Mountain Soil,2.29,Good,Low,2,None,None,False,28
2024-04-01,25.5048,92.7087,Meghalaya,Ri Bhoi,6.0,16.4,53.5,668,15.4,Red Loamy,3.56,Damaged,Severe,4,Bridge Damage,Medium,False,80
2024-04-01,24.6253,93.4587,Manipur,Ukhrul,1.5,11.4,60.6,1332,4.7,Clayey,3.19,Good,Moderate,1,None,None,False,5
2024-04-02,25.1011,91.6389,Assam,Dibrugarh,13.7,15.6,43.9,78,0.0,Laterite,4.16,Good,Low,0,None,None,False,0
2024-04-02,26.279,95.0137,Nagaland,Wokha,15.2,21.1,51.3,1241,18.0,Red Loamy,2.45,Good,Low,3,None,None,False,26
2024-04-03,23.4248,93.107,Mizoram,Mamit,1.7,13.1,39.4,1801,0.8,Mountain Soil,0.5,Good,Low,0,None,None,False,9
2024-04-03,27.321,88.355,Sikkim,West Sikkim,0.7,13.9,25.6,4436,29.4,Laterite,6.33,Good,Low,1,None,None,False,22
2024-04-03,27.7531,88.4264,Sikkim,North Sikkim,3.0,25.7,56.7,2109,19.7,Clayey,2.51,Good,Moderate,0,None,None,False,6
2024-04-03,25.8209,91.1208,Assam,Barpeta,13.5,28.0,72.9,46,0.0,Red Loamy,5.61,Poor,High,2,Traffic Jam,Medium,True,143
2024-04-03,26.053,91.9869,Meghalaya,West Garo Hills,10.6,22.1,48.3,882,19.9,Mountain Soil,4.39,Fair,Moderate,1,None,None,False,16
2024-04-03,24.8217,93.0691,Manipur,Tamenglong,3.7,9.4,75.2,1894,7.6,Red Loamy,4.29,Fair,Low,0,None,None,False,3
2024-04-03,23.686,92.2996,Tripura,Dhalai,4.8,20.6,42.2,702,4.8,Clayey,3.51,Fair,Low,0,None,None,False,0
2024-04-04,25.8886,92.4628,Assam,Dibrugarh,2.8,21.2,48.0,67,7.3,Alluvial,3.17,Fair,High,1,None,None,False,3
2024-04-04,23.2553,92.2948,Tripura,Gomati,5.0,19.6,42.9,698,0.0,Sandy Loam,3.47,Good,Moderate,0,None,None,False,3
2024-04-04,24.2823,92.0378,Tripura,Khowai,2.2,11.1,61.7,838,0.0,Forest Soil,4.47,Damaged,High,6,Fog/Visibility,Low,False,72
2024-04-04,25.7775,90.9132,Meghalaya,Jaintia Hills,12.5,25.6,51.4,1014,9.6,Alluvial,3.01,Good,Low,1,None,None,False,14
2024-04-04,28.1843,95.457,Arunachal Pradesh,East Siang,8.2,23.6,45.2,1448,12.4,Sandy Loam,3.87,Good,Low,1,None,None,False,14
2024-04-04,24.0199,93.455,Manipur,Imphal West,1.0,16.3,49.8,780,11.4,Laterite,3.56,Good,Low,2,None,None,False,14
2024-04-05,24.5215,94.1109,Manipur,Imphal West,7.5,16.4,39.7,1962,16.1,Red Loamy,3.11,Good,Low,0,None,None,False,9
2024-04-05,25.5262,95.5637,Assam,Dibrugarh,5.7,24.3,63.7,128,3.6,Laterite,3.29,Fair,Low,0,None,None,False,8
2024-04-05,25.5595,94.4379,Manipur,Senapati,3.4,15.5,36.8,1977,18.5,Sandy Loam,3.79,Good,Moderate,1,None,None,False,22
2024-04-06,23.7323,91.9275,Tripura,Khowai,16.3,10.3,47.5,79,5.3,Clayey,4.92,Good,High,0,None,None,False,9
2024-04-06,27.1659,94.7056,Assam,Cachar,1.4,22.5,60.8,148,5.1,Mountain Soil,3.55,Good,Low,1,None,None,False,10
2024-04-06,26.1787,94.0283,Assam,Barpeta,6.4,20.2,46.4,141,14.5,Sandy Loam,3.68,Fair,Low,0,None,None,False,20
2024-04-06,26.719,94.7104,Nagaland,Wokha,3.2,21.1,51.5,502,2.4,Forest Soil,4.45,Good,Moderate,0,None,None,False,5
2024-04-07,24.8179,94.2862,Manipur,Imphal East,2.1,18.2,85.1,1317,10.1,Sandy Loam,3.51,Good,Low,0,None,None,False,7
2024-04-07,24.6577,94.3763,Manipur,Imphal West,22.9,17.6,58.2,1442,0.0,Sandy Loam,5.96,Good,Low,0,None,None,False,15
2024-04-07,25.4043,91.0292,Meghalaya,Jaintia Hills,3.0,11.8,65.1,1150,6.2,Forest Soil,3.51,Fair,Low,1,None,None,False,0
2024-04-08,22.8095,92.7523,Mizoram,Mamit,1.0,27.4,67.5,679,6.9,Sandy Loam,5.29,Damaged,High,3,Bridge Damage,Medium,True,264
2024-04-10,23.9413,92.2203,Tripura,Dhalai,7.7,23.8,55.7,255,5.2,Red Loamy,4.06,Good,Low,0,None,None,False,25
2024-04-10,28.0103,94.7959,Arunachal Pradesh,West Kameng,1.4,9.2,62.3,855,5.8,Red Loamy,3.36,Good,Low,2,None,None,False,20
2024-04-10,24.2618,91.914,Tripura,Dhalai,1.2,20.5,45.0,236,17.3,Red Loamy,3.6,Good,Low,0,None,None,False,10
2024-04-10,24.3215,91.1653,Tripura,North Tripura,12.2,17.4,45.3,570,0.0,Laterite,3.4,Good,Moderate,0,None,None,False,0
2024-04-11,25.4576,94.0064,Nagaland,Mokokchung,9.6,21.6,58.0,1470,7.3,Clayey,0.5,Good,High,0,None,None,False,19
2024-04-11,21.9756,92.417,Mizoram,Serchhip,0.6,11.2,76.5,753,5.7,Mountain Soil,5.36,Fair,Moderate,0,None,None,False,26
2024-04-11,25.2692,90.1973,Meghalaya,Jaintia Hills,11.4,7.2,67.8,601,0.0,Sandy Loam,4.02,Good,Moderate,1,None,None,False,7
2024-04-11,22.5176,92.2793,Mizoram,Serchhip,2.3,14.4,72.0,878,6.3,Mountain Soil,1.67,Fair,Low,2,None,None,False,20
2024-04-11,24.3914,93.8674,Manipur,Imphal West,9.3,23.5,55.5,808,2.7,Mountain Soil,3.53,Poor,Severe,4,Traffic Jam,Medium,True,263
2024-04-12,23.2605,91.9256,Tripura,Dhalai,11.0,24.0,45.3,323,5.0,Sandy Loam,2.16,Good,Low,0,None,None,False,16
2024-04-13,25.8321,91.5535,Meghalaya,Jaintia Hills,11.2,17.3,50.0,244,3.6,Alluvial,3.17,Good,High,1,None,None,False,20
2024-04-13,24.8004,93.971,Manipur,Imphal West,5.9,13.3,37.6,1825,8.9,Mountain Soil,2.48,Good,Moderate,0,None,None,False,21
2024-04-13,25.5304,94.2178,Manipur,Churachandpur,4.6,18.8,53.2,1166,10.6,Forest Soil,1.31,Fair,Low,0,None,None,False,1
2024-04-14,25.6275,94.0615,Manipur,Churachandpur,8.2,22.0,66.4,1734,0.0,Forest Soil,1.77,Good,Moderate,0,None,None,False,14
2024-04-14,28.5271,94.5242,Arunachal Pradesh,Tawang,1.6,20.1,77.5,1484,3.6,Mountain Soil,3.82,Fair,High,1,None,None,False,24
2024-04-14,27.2572,88.3062,Sikkim,South Sikkim,2.1,9.7,50.8,499,11.7,Forest Soil,4.93,Fair,Low,0,None,None,False,9
2024-04-15,23.7301,91.4851,Tripura,Gomati,5.9,20.1,49.7,274,0.0,Laterite,4.34,Fair,High,0,None,None,False,27
2024-04-15,25.0172,90.4305,Meghalaya,West Garo Hills,0.2,30.8,62.3,349,0.0,Laterite,5.57,Good,Low,2,None,None,False,4
2024-04-15,25.9353,93.2356,Assam,Kamrup,21.3,19.7,59.9,131,14.6,Laterite,4.43,Good,Moderate,2,None,None,False,0
2024-04-15,28.0419,88.5357,Sikkim,South Sikkim,22.7,9.2,44.7,3063,32.5,Red Loamy,4.21,Fair,Moderate,0,None,None,False,17
2024-04-16,25.281,94.6949,Nagaland,Dimapur,1.4,18.2,61.4,814,2.9,Alluvial,3.5,Good,Low,0,None,None,False,0
2024-04-16,26.2128,94.7482,Nagaland,Tuensang,7.2,10.1,60.8,1484,9.3,Laterite,4.92,Good,Moderate,2,None,None,False,3
2024-04-17,24.2115,92.2992,Tripura,Dhalai,11.6,15.2,55.1,202,8.2,Forest Soil,3.12,Good,Moderate,0,None,None,False,8
2024-04-17,22.5441,92.6216,Mizoram,Champhai,8.4,31.6,51.0,1052,3.6,Mountain Soil,2.98,Good,Moderate,0,None,None,False,6
2024-04-17,23.357,93.1033,Mizoram,Champhai,3.5,16.5,46.8,1614,0.0,Sandy Loam,2.65,Fair,Low,0,None,None,False,9
2024-04-17,22.9244,91.3642,Tripura,North Tripura,2.4,21.7,53.9,264,0.0,Alluvial,3.84,Good,Low,0,None,None,False,8
2024-04-18,24.78,90.7877,Assam,Sonitpur,12.3,23.0,62.3,32,0.0,Mountain Soil,4.2,Good,Moderate,0,None,None,False,22
2024-04-18,23.6555,91.7201,Tripura,West Tripura,3.5,20.4,46.5,771,2.3,Mountain Soil,2.7,Good,Moderate,0,None,None,False,3
2024-04-18,27.5899,94.3883,Arunachal Pradesh,Papum Pare,1.6,21.0,65.3,1362,17.3,Mountain Soil,1.74,Fair,Low,0,None,None,False,8
2024-04-18,23.0549,91.7243,Tripura,North Tripura,5.9,17.4,57.3,482,17.9,Clayey,3.27,Under Construction,Low,5,Fallen Tree,Low,True,345
2024-04-18,25.272,94.2101,Nagaland,Wokha,4.1,15.6,34.7,1278,12.4,Red Loamy,2.49,Fair,Low,1,None,None,False,15
2024-04-19,26.6773,93.9477,Assam,Dibrugarh,7.0,15.7,49.8,87,14.0,Red Loamy,2.5,Good,Low,0,None,None,False,4
2024-04-19,26.6881,95.1696,Nagaland,Dimapur,3.5,11.9,37.2,719,9.0,Mountain Soil,1.12,Good,Low,0,None,None,False,6
2024-04-19,24.2787,92.2947,Tripura,North Tripura,6.9,22.2,70.4,832,2.6,Forest Soil,7.05,Good,Low,0,None,None,False,13
2024-04-20,24.2198,91.5261,Tripura,Khowai,0.8,30.3,42.1,314,10.0,Forest Soil,2.36,Poor,High,3,Fallen Tree,Low,False,38
2024-04-20,27.3135,96.0999,Arunachal Pradesh,Tawang,9.6,24.5,34.6,916,9.2,Sandy Loam,2.57,Good,Moderate,0,None,None,False,2
2024-04-20,25.9521,92.7422,Meghalaya,East Khasi Hills,7.9,26.6,52.6,863,4.5,Forest Soil,2.43,Good,High,0,None,None,False,3
2024-04-20,24.7793,91.6285,Assam,Sonitpur,1.8,12.4,59.7,108,10.2,Red Loamy,5.17,Good,Moderate,1,None,None,False,1
2024-04-20,26.6565,92.0584,Assam,Sonitpur,4.4,22.9,46.3,169,2.2,Clayey,3.51,Good,Low,1,None,None,False,15
2024-04-20,27.9096,88.7776,Sikkim,West Sikkim,5.4,18.6,49.8,2692,30.0,Red Loamy,4.24,Good,Low,1,None,None,False,2
2024-04-21,25.3929,93.8992,Manipur,Imphal East,3.9,22.9,41.5,1254,3.0,Laterite,3.85,Good,High,0,None,None,False,19
2024-04-21,27.7877,88.3548,Sikkim,West Sikkim,6.5,11.5,35.4,3143,18.8,Mountain Soil,2.19,Good,Low,0,None,None,False,12
2024-04-21,23.4762,91.5223,Tripura,North Tripura,3.8,17.4,62.4,506,0.0,Clayey,3.46,Good,Low,1,None,None,False,28
2024-04-21,26.5554,94.858,Assam,Nagaon,3.8,26.1,34.2,75,0.0,Forest Soil,3.42,Good,Moderate,0,None,None,False,13
2024-04-21,25.807,94.6641,Nagaland,Wokha,2.9,13.3,44.3,1537,1.1,Mountain Soil,3.74,Good,Moderate,0,None,None,False,22
2024-04-21,23.7833,93.1695,Mizoram,Kolasib,7.0,16.9,42.0,1281,13.1,Alluvial,3.57,Fair,Moderate,1,None,None,False,0
2024-04-21,23.0056,92.7642,Mizoram,Lunglei,4.4,25.2,53.7,1274,9.0,Forest Soil,2.44,Good,High,0,None,None,False,2
2024-04-22,22.2588,93.0055,Mizoram,Aizawl,0.1,16.4,46.7,1819,6.7,Mountain Soil,3.16,Damaged,Severe,2,Fog/Visibility,Medium,True,303
2024-04-22,26.2884,94.7758,Assam,Barpeta,8.0,26.8,41.9,141,0.0,Alluvial,4.01,Fair,Low,2,None,None,False,3
2024-04-22,23.0759,91.867,Tripura,West Tripura,18.6,17.5,61.2,133,0.0,Red Loamy,4.39,Good,Moderate,1,None,None,False,0
2024-04-25,25.574,92.7285,Meghalaya,East Khasi Hills,2.8,22.0,62.2,936,0.1,Mountain Soil,2.39,Fair,Moderate,0,None,None,False,21
2024-04-25,27.2799,88.7755,Sikkim,East Sikkim,17.8,5.8,64.1,2443,17.6,Clayey,1.81,Good,Moderate,0,None,None,False,19
2024-04-25,27.6105,88.8138,Sikkim,North Sikkim,18.8,12.4,39.6,2829,12.9,Red Loamy,4.2,Fair,Moderate,0,None,None,False,17
2024-04-26,27.4528,94.2984,Arunachal Pradesh,East Siang,9.4,17.3,87.1,2127,6.7,Mountain Soil,5.51,Good,Low,0,None,None,False,3
2024-04-26,24.9652,93.3895,Manipur,Tamenglong,3.5,4.2,48.8,1788,6.1,Alluvial,3.21,Good,Low,1,None,None,False,11
2024-04-26,22.3719,93.1892,Mizoram,Aizawl,1.7,12.4,78.8,1787,6.6,Sandy Loam,2.15,Good,Moderate,0,None,None,False,15
2024-04-26,27.8199,88.4628,Sikkim,North Sikkim,6.9,26.1,48.9,630,6.4,Forest Soil,2.99,Fair,Low,0,None,None,False,22
2024-04-27,25.6702,90.3738,Meghalaya,Ri Bhoi,2.6,19.4,63.2,1219,9.6,Laterite,4.01,Damaged,Severe,3,Fog/Visibility,Low,True,127
2024-04-27,24.6755,94.0883,Manipur,Imphal West,19.2,13.2,49.2,1867,20.5,Red Loamy,5.38,Good,Low,2,None,None,False,14
2024-04-28,25.1165,92.7176,Meghalaya,Ri Bhoi,12.1,23.5,60.3,158,0.0,Laterite,3.95,Good,Low,0,None,None,False,17
2024-04-28,26.6378,92.3635,Assam,Barpeta,3.2,21.2,60.4,41,0.0,Mountain Soil,2.49,Fair,Moderate,1,None,None,False,13
2024-04-29,27.4378,88.2726,Sikkim,East Sikkim,10.0,19.6,35.3,575,2.4,Laterite,5.69,Good,Moderate,1,None,None,False,16
2024-04-29,24.1099,91.5725,Tripura,Gomati,20.6,18.3,53.3,553,1.1,Laterite,5.66,Fair,Low,2,None,None,False,0
2024-04-29,25.081,91.7289,Meghalaya,West Garo Hills,0.6,19.6,64.4,455,0.0,Mountain Soil,4.36,Fair,High,0,None,None,False,6
2024-04-29,25.7828,94.1851,Nagaland,Wokha,6.5,14.8,36.3,499,0.0,Mountain Soil,4.23,Fair,Low,1,None,None,False,17
2024-04-29,27.0753,88.1891,Sikkim,North Sikkim,26.9,25.6,66.6,948,0.0,Laterite,5.79,Fair,Low,2,None,None,False,15
2024-05-02,24.7002,94.1673,Manipur,Senapati,6.7,17.5,48.3,785,1.3,Clayey,0.5,Good,Moderate,1,None,None,False,14
2024-05-02,24.335,91.4874,Tripura,West Tripura,12.2,27.0,60.4,93,0.0,Alluvial,4.45,Good,Low,0,None,None,False,14
2024-05-03,23.3174,93.1087,Mizoram,Kolasib,21.2,15.1,66.6,1239,7.4,Laterite,2.22,Fair,Low,0,None,None,False,24
2024-05-03,23.5964,91.3831,Tripura,North Tripura,10.4,5.0,87.5,680,2.0,Sandy Loam,4.04,Fair,Low,0,None,None,False,1
2024-05-03,23.5872,91.7185,Tripura,Gomati,5.3,10.2,61.4,791,4.1,Laterite,1.68,Good,Low,2,None,None,False,4
2024-05-03,23.8404,92.2109,Mizoram,Aizawl,8.2,20.7,43.0,736,17.9,Alluvial,5.09,Good,Moderate,0,None,None,False,18
2024-05-04,23.7061,92.6885,Mizoram,Kolasib,4.4,17.8,51.8,1468,10.5,Sandy Loam,3.94,Good,High,0,None,None,False,4
2024-05-04,22.719,93.2288,Mizoram,Mamit,0.7,11.0,41.0,1782,21.3,Laterite,4.04,Fair,High,2,None,None,False,0
2024-05-04,27.5318,88.8623,Sikkim,South Sikkim,14.7,12.8,60.3,2668,13.5,Mountain Soil,5.79,Good,High,2,None,None,False,12
2024-05-04,26.6397,90.7334,Assam,Kamrup,3.7,22.2,49.2,192,2.8,Sandy Loam,4.74,Good,Moderate,2,None,None,False,17
2024-05-04,23.6074,91.2147,Tripura,West Tripura,1.7,17.1,59.3,893,20.7,Laterite,2.75,Good,Low,0,None,None,False,11
2024-05-04,26.0585,93.8915,Nagaland,Wokha,1.9,26.0,54.1,206,7.0,Clayey,3.38,Good,Low,0,None,None,False,8
2024-05-05,25.7807,95.1306,Nagaland,Wokha,1.0,13.4,41.5,1026,13.8,Red Loamy,5.35,Damaged,Severe,9,Fog/Visibility,Medium,False,113
2024-05-05,25.8433,92.7036,Meghalaya,West Garo Hills,11.7,20.0,69.0,1776,16.2,Forest Soil,4.45,Good,High,0,None,None,False,19
2024-05-06,28.5181,92.6668,Arunachal Pradesh,Tawang,10.6,5.3,66.7,2494,12.3,Red Loamy,2.32,Good,Low,0,None,None,False,12
2024-05-06,24.2146,91.3728,Tripura,North Tripura,1.4,23.6,55.8,501,2.5,Alluvial,6.81,Fair,Low,0,None,None,False,18
2024-05-06,27.8119,88.7256,Sikkim,West Sikkim,2.9,10.7,60.6,3843,17.6,Alluvial,2.95,Good,Low,1,None,None,False,16
2024-05-07,27.3238,93.1797,Arunachal Pradesh,Lohit,2.4,10.6,57.0,2887,13.3,Red Loamy,3.2,Good,Low,0,None,None,False,8
2024-05-07,25.3416,91.0174,Meghalaya,East Khasi Hills,6.7,10.9,48.4,542,7.5,Red Loamy,4.11,Fair,Moderate,0,None,None,False,15
2024-05-07,22.8472,92.7805,Mizoram,Aizawl,1.3,21.2,59.8,657,17.0,Alluvial,5.81,Good,Low,1,None,None,False,16
2024-05-07,26.4782,93.4819,Nagaland,Tuensang,2.8,15.0,41.6,771,0.0,Mountain Soil,2.76,Fair,Moderate,0,None,None,False,4
2024-05-08,24.578,92.4483,Assam,Sonitpur,3.7,29.0,43.0,198,0.0,Alluvial,3.0,Fair,Low,0,None,None,False,19
2024-05-08,25.9418,93.4866,Nagaland,Wokha,1.9,9.2,63.2,887,12.7,Mountain Soil,4.87,Good,Moderate,0,None,None,False,2
2024-05-08,23.1843,92.1301,Tripura,West Tripura,1.5,19.0,21.2,787,0.5,Clayey,2.78,Good,Low,1,None,None,False,7
2024-05-08,24.5065,94.305,Manipur,Imphal West,2.2,13.2,48.2,1319,21.2,Red Loamy,4.99,Poor,High,2,Fog/Visibility,Low,True,280
2024-05-09,27.6478,88.628,Sikkim,North Sikkim,0.0,15.4,36.5,2877,24.2,Red Loamy,3.93,Fair,Low,0,None,None,False,12
2024-05-09,26.5632,94.8636,Nagaland,Dimapur,6.5,3.1,45.5,843,19.4,Sandy Loam,3.91,Good,Moderate,1,None,None,False,5
2024-05-09,27.2548,92.3644,Assam,Dibrugarh,1.1,25.7,57.4,78,7.6,Sandy Loam,3.7,Good,High,2,None,None,False,15
2024-05-10,26.9281,93.7288,Nagaland,Kohima,8.2,13.9,48.1,1505,16.9,Red Loamy,3.16,Fair,Low,0,None,None,False,12
2024-05-11,24.2283,91.8968,Tripura,West Tripura,13.5,22.1,65.8,314,0.0,Red Loamy,3.81,Fair,Low,1,None,None,False,7
2024-05-11,25.993,90.2111,Meghalaya,Jaintia Hills,12.4,15.8,38.0,994,0.0,Clayey,3.17,Fair,Moderate,0,None,None,False,6
2024-05-11,23.2412,92.4139,Mizoram,Champhai,1.8,13.0,68.0,1771,19.1,Laterite,3.41,Good,Low,1,None,None,False,0
2024-05-11,22.1902,92.4433,Mizoram,Aizawl,3.1,20.9,49.9,1205,16.4,Clayey,5.6,Good,Low,1,None,None,False,25
2024-05-11,28.7126,92.4041,Arunachal Pradesh,West Kameng,5.8,15.9,57.4,2417,21.7,Alluvial,3.86,Good,Moderate,0,None,None,False,10
2024-05-11,29.3588,92.9603,Arunachal Pradesh,Tawang,2.3,23.3,57.1,423,12.9,Red Loamy,4.57,Fair,Low,1,None,None,False,4
2024-05-11,25.2163,91.5699,Assam,Kamrup,9.2,18.1,61.2,109,1.0,Forest Soil,4.24,Good,Low,0,None,None,False,3
2024-05-12,27.4257,97.3658,Arunachal Pradesh,Changlang,10.1,14.3,70.5,2253,12.0,Sandy Loam,4.43,Good,Low,0,None,None,False,6
2024-05-12,27.3821,88.1229,Sikkim,West Sikkim,3.2,15.4,46.7,1608,15.6,Sandy Loam,3.86,Damaged,High,2,Fallen Tree,Low,False,126
2024-05-12,24.4566,92.0299,Tripura,Dhalai,12.6,19.2,63.9,641,0.0,Clayey,5.37,Fair,Low,0,None,None,False,3
2024-05-13,23.6176,91.5363,Tripura,West Tripura,1.4,31.8,48.4,895,14.5,Mountain Soil,4.73,Good,Moderate,0,None,None,False,17
2024-05-13,24.3788,91.6528,Tripura,Dhalai,10.0,18.9,42.9,456,0.0,Red Loamy,2.14,Poor,Low,10,Traffic Jam,Medium,False,34
2024-05-14,25.7845,93.7122,Nagaland,Wokha,5.8,19.2,65.0,352,18.7,Alluvial,4.53,Good,Low,0,None,None,False,15
2024-05-14,25.002,92.6195,Meghalaya,South Garo Hills,2.5,24.4,72.6,1809,11.8,Mountain Soil,2.04,Good,Low,0,None,None,False,0
2024-05-14,25.9422,90.0935,Assam,Jorhat,5.0,27.3,51.8,191,11.3,Alluvial,5.01,Poor,High,3,Fog/Visibility,High,False,88
2024-05-14,28.4484,95.1864,Arunachal Pradesh,East Siang,1.1,19.7,56.2,1094,0.0,Red Loamy,1.28,Good,High,1,None,None,False,14
2024-05-14,27.8738,91.7589,Arunachal Pradesh,Lohit,1.1,11.2,70.7,2337,26.1,Red Loamy,3.39,Fair,Moderate,0,None,None,False,20
2024-05-15,27.5958,88.663,Sikkim,North Sikkim,2.2,26.9,61.7,3307,29.3,Alluvial,3.9,Good,High,0,None,None,False,2
2024-05-15,27.3145,88.8255,Sikkim,East Sikkim,17.1,3.7,42.0,3580,19.5,Red Loamy,3.22,Poor,High,4,Traffic Jam,Medium,True,361
2024-05-15,27.8113,88.8925,Sikkim,North Sikkim,4.5,14.1,57.8,1797,6.7,Laterite,3.66,Good,Moderate,0,None,None,False,10
2024-05-15,25.4573,92.4242,Meghalaya,Jaintia Hills,4.6,24.2,33.3,262,1.0,Forest Soil,2.68,Good,High,1,None,None,False,15
2024-05-16,26.9726,92.5346,Arunachal Pradesh,Changlang,1.0,13.5,56.3,2438,21.6,Laterite,4.13,Fair,High,0,None,None,False,10
2024-05-16,25.386,93.1278,Manipur,Ukhrul,5.2,17.5,57.1,1914,8.3,Sandy Loam,4.6,Poor,Severe,2,Fallen Tree,Medium,False,65
2024-05-16,26.7823,94.5244,Nagaland,Wokha,15.4,28.6,45.4,869,0.0,Alluvial,3.92,Fair,Low,1,None,None,False,13
2024-05-17,24.9387,93.9247,Manipur,Ukhrul,2.5,9.1,54.6,1110,12.5,Clayey,3.7,Good,Moderate,0,None,None,False,2
2024-05-17,25.6296,93.2507,Manipur,Imphal East,23.1,8.4,62.6,804,8.9,Forest Soil,3.18,Good,High,2,None,None,False,21
2024-05-17,24.549,93.6912,Manipur,Imphal East,9.0,22.4,51.6,878,2.1,Alluvial,5.14,Fair,Moderate,0,None,None,False,1
2024-05-17,22.9226,92.9079,Mizoram,Serchhip,1.6,22.2,72.4,723,5.0,Alluvial,2.34,Good,Low,0,None,None,False,13
2024-05-18,27.9854,88.052,Sikkim,West Sikkim,2.9,27.6,55.3,890,0.0,Alluvial,4.12,Good,Moderate,0,None,None,False,5
2024-05-18,24.074,93.093,Mizoram,Serchhip,7.0,19.7,43.2,1421,15.9,Mountain Soil,2.45,Poor,High,5,Traffic Jam,Low,False,53
2024-05-18,27.3541,88.0696,Sikkim,East Sikkim,1.0,14.9,51.6,2215,12.6,Alluvial,3.96,Good,Low,0,None,None,False,0
2024-05-19,25.7129,93.0449,Assam,Jorhat,1.4,24.3,54.5,131,17.0,Forest Soil,3.79,Good,Low,0,None,None,False,11
2024-05-19,22.8433,92.997,Mizoram,Mamit,5.8,19.0,44.1,1729,8.1,Laterite,3.12,Good,Low,0,None,None,False,8
2024-05-20,26.0901,94.0822,Nagaland,Mokokchung,18.2,16.3,57.9,1802,0.0,Mountain Soil,4.13,Fair,Moderate,0,None,None,False,10
2024-05-20,27.0744,88.1378,Sikkim,South Sikkim,10.6,19.8,53.0,919,0.0,Sandy Loam,5.04,Good,High,1,None,None,False,18
2024-05-20,28.8879,94.1452,Arunachal Pradesh,Lohit,2.1,17.4,45.7,1569,9.5,Red Loamy,2.45,Good,Low,2,None,None,False,11
2024-05-20,24.1911,92.5955,Mizoram,Kolasib,4.1,23.4,60.2,1416,4.9,Alluvial,0.79,Fair,Low,1,None,None,False,14
2024-05-20,29.296,91.6426,Arunachal Pradesh,Lohit,10.6,20.1,56.8,1057,12.6,Forest Soil,4.65,Good,Low,0,None,None,False,10
2024-05-20,25.5676,94.5422,Assam,Nagaon,13.1,23.5,52.1,144,3.4,Red Loamy,2.93,Good,Moderate,0,None,None,False,7
2024-05-21,25.2947,92.7452,Meghalaya,East Khasi Hills,25.2,12.8,49.0,177,0.0,Clayey,2.59,Good,Low,0,None,None,False,0
2024-05-21,27.4568,94.3137,Arunachal Pradesh,West Kameng,3.7,12.7,48.8,287,2.3,Forest Soil,2.05,Poor,Low,3,Fog/Visibility,Medium,False,64
2024-05-22,27.8992,88.1858,Sikkim,North Sikkim,3.7,12.4,56.9,2515,10.7,Laterite,3.72,Good,Moderate,0,None,None,False,2
2024-05-22,27.7112,88.255,Sikkim,South Sikkim,16.0,9.2,58.2,2785,16.4,Alluvial,4.1,Poor,High,5,Fog/Visibility,Critical,True,158
2024-05-22,27.3175,88.1147,Sikkim,West Sikkim,6.8,12.6,61.7,1542,8.3,Clayey,2.61,Fair,Moderate,0,None,None,False,10
2024-05-23,25.6013,93.8904,Nagaland,Wokha,17.9,20.1,50.4,1946,16.8,Sandy Loam,5.75,Fair,Low,0,None,None,False,4
2024-05-23,24.5272,93.4136,Assam,Jorhat,0.8,25.0,59.3,134,5.4,Clayey,3.43,Damaged,High,2,Traffic Jam,Medium,False,54
2024-05-23,24.0262,94.3609,Manipur,Ukhrul,8.1,23.7,43.9,1241,0.0,Red Loamy,4.98,Good,Moderate,0,None,None,False,1
2024-05-24,27.7643,88.3974,Sikkim,East Sikkim,13.9,1.4,73.4,4268,27.6,Clayey,4.14,Good,High,1,None,None,False,7
2024-05-24,23.3019,93.4595,Mizoram,Serchhip,5.7,14.5,62.5,1177,5.6,Clayey,3.77,Fair,High,2,None,None,False,7
2024-05-25,29.1241,94.7888,Arunachal Pradesh,Changlang,13.8,15.8,65.4,2631,9.7,Clayey,2.27,Good,Low,0,None,None,False,8
2024-05-25,24.2778,92.347,Mizoram,Lunglei,3.8,17.5,56.4,1560,3.5,Clayey,2.69,Good,Moderate,1,None,None,False,5
2024-05-25,24.8301,93.0311,Manipur,Tamenglong,3.6,6.1,38.4,1723,7.3,Forest Soil,3.04,Fair,Low,0,None,None,False,26
2024-05-25,28.1202,92.024,Arunachal Pradesh,Papum Pare,0.7,12.6,43.6,1516,6.2,Laterite,3.71,Fair,High,0,None,None,False,13
2024-05-25,27.5076,88.6577,Sikkim,West Sikkim,8.2,22.7,58.1,921,0.0,Laterite,3.98,Fair,Low,0,None,None,False,24
2024-05-25,26.058,90.0762,Meghalaya,East Khasi Hills,1.5,18.3,76.8,190,4.6,Forest Soil,3.63,Good,Moderate,1,None,None,False,15
2024-05-25,24.7577,93.1074,Manipur,Senapati,3.9,19.8,53.1,1240,7.7,Forest Soil,1.46,Good,Moderate,1,None,None,False,4
2024-05-26,27.7752,88.4149,Sikkim,West Sikkim,2.6,15.8,44.4,787,16.5,Clayey,4.25,Good,Low,0,None,None,False,18
2024-05-26,24.3691,92.0782,Tripura,Dhalai,3.4,22.2,50.9,881,0.9,Laterite,6.29,Fair,Moderate,1,None,None,False,10
2024-05-26,24.1777,92.1279,Tripura,North Tripura,3.6,20.4,41.0,441,15.5,Alluvial,1.77,Good,Moderate,0,None,None,False,7
2024-05-26,26.656,94.1274,Arunachal Pradesh,Papum Pare,1.5,16.6,58.9,2402,23.1,Alluvial,4.52,Fair,Moderate,1,None,None,False,0
2024-05-27,23.8062,92.1645,Tripura,Dhalai,11.3,16.8,41.3,301,3.7,Mountain Soil,2.94,Good,Low,0,None,None,False,8
2024-05-27,23.7304,93.1794,Mizoram,Kolasib,7.9,23.5,68.4,592,3.2,Forest Soil,1.42,Good,Low,1,None,None,False,1
2024-05-27,25.27,93.9516,Manipur,Imphal East,6.6,14.9,67.9,1909,18.7,Laterite,3.23,Good,Low,0,None,None,False,19
2024-05-27,27.7981,88.554,Sikkim,North Sikkim,8.5,12.0,60.1,3864,8.1,Sandy Loam,5.18,Good,Moderate,1,None,None,False,21
2024-05-27,24.9845,93.2964,Manipur,Senapati,0.4,19.5,49.9,1192,0.0,Forest Soil,2.03,Good,Low,1,None,None,False,12
2024-05-28,26.4481,93.9426,Assam,Sonitpur,7.6,24.9,48.1,170,6.5,Laterite,3.25,Good,Low,0,None,None,False,6
2024-05-29,22.5804,92.8043,Mizoram,Kolasib,12.5,15.6,57.3,1636,17.3,Laterite,3.95,Poor,High,6,Fallen Tree,Low,True,162
2024-05-29,26.5731,92.169,Assam,Sonitpur,1.3,24.0,63.7,94,0.3,Sandy Loam,6.02,Good,High,0,None,None,False,18
2024-05-30,27.6777,88.0576,Sikkim,West Sikkim,0.8,18.9,40.3,436,12.4,Alluvial,4.13,Fair,Moderate,0,None,None,False,17
2024-05-30,24.1778,93.9151,Manipur,Ukhrul,2.9,16.6,58.5,946,0.1,Red Loamy,3.49,Fair,Low,0,None,None,False,14
2024-05-30,24.7767,93.9618,Manipur,Tamenglong,12.7,12.7,61.6,1832,14.5,Forest Soil,4.71,Fair,Low,2,None,None,False,20
2024-05-30,26.1327,95.6885,Assam,Dibrugarh,8.6,26.9,54.5,136,1.5,Red Loamy,4.73,Fair,Moderate,0,None,None,False,5
2024-05-30,26.8249,92.876,Assam,Barpeta,0.9,18.7,57.4,187,0.0,Forest Soil,3.93,Fair,Low,0,None,None,False,5
2024-05-30,25.0544,90.4036,Meghalaya,West Garo Hills,15.9,21.7,46.9,660,0.0,Forest Soil,3.69,Fair,High,1,None,None,False,4
2024-05-31,26.5072,93.3744,Nagaland,Wokha,2.0,18.2,45.1,1155,6.3,Mountain Soil,3.64,Fair,Low,2,None,None,False,8
2024-05-31,25.6991,94.5702,Manipur,Tamenglong,4.3,11.6,36.5,1302,14.4,Red Loamy,3.34,Good,Moderate,3,None,None,False,0
2024-05-31,27.9097,88.3724,Sikkim,East Sikkim,10.1,18.3,57.5,1266,5.2,Mountain Soil,3.44,Fair,Low,0,None,None,False,0
2024-05-31,27.2349,95.1983,Arunachal Pradesh,Changlang,1.2,15.5,78.3,1525,5.1,Sandy Loam,3.34,Fair,Low,2,None,None,False,27
2024-05-31,21.9068,92.9796,Mizoram,Mamit,0.7,14.5,21.9,1074,0.0,Clayey,2.57,Good,Moderate,0,None,None,False,3
2024-05-31,23.7004,92.1253,Tripura,North Tripura,5.3,28.4,43.9,535,1.9,Laterite,2.99,Good,Low,1,None,None,False,0
2024-05-31,25.4206,90.3067,Assam,Nagaon,3.0,25.9,60.2,184,0.0,Forest Soil,4.0,Good,Moderate,0,None,None,False,14
2024-06-01,24.0009,94.1967,Manipur,Imphal West,18.6,22.4,74.4,1107,9.3,Laterite,0.5,Good,Low,0,None,None,False,12
2024-06-01,25.3679,94.1312,Nagaland,Mokokchung,4.3,24.5,78.2,241,0.0,Clayey,3.29,Fair,Moderate,1,None,None,False,20
2024-06-01,26.8186,93.7953,Nagaland,Tuensang,18.6,17.8,79.6,907,8.8,Mountain Soil,3.79,Good,Moderate,0,None,None,False,0
2024-06-02,24.9838,93.7907,Manipur,Senapati,14.0,23.8,68.8,1759,13.8,Sandy Loam,4.03,Fair,Low,0,None,None,False,0
2024-06-02,26.2342,93.392,Nagaland,Kohima,16.6,19.4,100.0,929,1.3,Mountain Soil,4.86,Good,Moderate,0,None,None,False,3
2024-06-03,27.0636,88.0719,Sikkim,South Sikkim,13.7,19.0,87.0,1640,16.2,Clayey,5.43,Good,Moderate,0,None,None,False,12
2024-06-03,26.9322,93.3282,Nagaland,Dimapur,70.9,22.4,72.6,1803,17.2,Mountain Soil,5.0,Fair,Moderate,2,None,None,False,2
2024-06-03,27.627,88.6663,Sikkim,West Sikkim,3.3,20.5,66.0,1136,15.2,Clayey,4.63,Fair,High,2,None,None,False,9
2024-06-04,27.4977,88.6012,Sikkim,West Sikkim,52.5,13.0,79.7,3983,33.6,Mountain Soil,3.97,Poor,High,4,Traffic Jam,Low,True,199
2024-06-04,23.9653,93.3921,Manipur,Imphal West,33.8,12.6,82.9,1513,17.9,Laterite,4.7,Good,High,1,None,None,False,3
2024-06-04,25.4836,94.6122,Manipur,Ukhrul,8.8,16.9,69.0,1121,15.3,Alluvial,4.29,Good,Moderate,0,None,None,False,3
2024-06-04,23.0783,91.3133,Tripura,Khowai,26.9,29.3,66.3,458,0.0,Clayey,6.03,Good,Moderate,0,None,None,False,15
2024-06-04,27.1319,88.1961,Sikkim,East Sikkim,16.4,26.0,60.9,1296,9.3,Laterite,2.96,Fair,Low,1,None,None,False,7
2024-06-04,24.6137,93.8662,Manipur,Imphal West,20.9,20.5,53.7,1778,9.5,Mountain Soil,3.7,Fair,Moderate,0,None,None,False,11
2024-06-05,26.003,94.5705,Nagaland,Tuensang,53.2,29.8,64.6,1557,0.0,Forest Soil,4.43,Good,Moderate,2,None,None,False,6
2024-06-05,22.9767,92.9982,Mizoram,Champhai,27.4,21.0,69.7,798,8.9,Laterite,5.62,Good,Low,0,None,None,False,18
2024-06-06,25.7955,94.518,Nagaland,Mon,26.9,21.6,95.9,1442,7.5,Laterite,5.44,Fair,Moderate,1,None,None,False,5
2024-06-06,24.4388,94.0776,Manipur,Imphal East,37.3,18.6,61.8,1842,6.9,Laterite,4.43,Good,Moderate,0,None,None,False,3
2024-06-07,23.9792,93.9516,Manipur,Imphal West,21.5,26.5,83.0,1114,5.9,Red Loamy,4.58,Fair,Moderate,0,None,None,False,3
2024-06-07,22.0125,93.104,Mizoram,Lunglei,38.5,24.4,87.9,1822,2.7,Red Loamy,4.72,Fair,Low,0,None,None,False,11
2024-06-07,23.0602,92.7737,Mizoram,Kolasib,7.2,27.3,75.2,1436,12.2,Alluvial,4.65,Good,Moderate,1,None,None,False,0
2024-06-07,23.3833,91.9044,Tripura,Dhalai,19.8,27.2,70.3,59,0.0,Sandy Loam,3.11,Good,Moderate,0,None,None,False,14
2024-06-07,27.0799,88.5024,Sikkim,North Sikkim,55.1,34.1,72.5,710,8.2,Laterite,4.34,Good,Moderate,1,None,None,False,6
2024-06-07,23.5704,91.5435,Tripura,Khowai,24.0,32.1,66.4,256,0.0,Laterite,3.37,Good,High,0,None,None,False,8
2024-06-08,26.4448,93.4473,Nagaland,Dimapur,20.6,17.1,50.4,1649,19.2,Clayey,3.04,Fair,Low,0,None,None,False,8
2024-06-08,26.8054,95.1402,Nagaland,Mon,20.0,32.8,76.4,1907,17.7,Alluvial,3.84,Fair,High,2,None,None,False,8
2024-06-08,25.6888,94.1536,Nagaland,Tuensang,17.4,27.1,85.1,1375,7.1,Laterite,5.53,Fair,Moderate,0,None,None,False,30
2024-06-08,27.8734,88.5188,Sikkim,South Sikkim,18.9,18.4,66.3,1736,0.0,Red Loamy,3.92,Good,Moderate,0,None,None,False,11
2024-06-08,27.6421,88.5873,Sikkim,East Sikkim,20.0,14.8,73.6,4334,13.3,Alluvial,4.08,Good,Low,2,None,None,False,24
2024-06-09,27.839,88.1972,Sikkim,East Sikkim,42.6,28.7,97.2,902,0.0,Forest Soil,4.74,Good,Moderate,0,None,None,False,15
2024-06-09,23.734,91.6592,Tripura,North Tripura,43.2,33.1,75.2,85,0.0,Clayey,5.98,Good,Low,1,None,None,False,19
2024-06-09,27.8387,88.0959,Sikkim,East Sikkim,38.1,24.3,86.1,1439,15.0,Sandy Loam,3.05,Good,Low,2,None,None,False,8
2024-06-09,23.734,92.0679,Tripura,Khowai,23.7,37.4,74.6,18,0.0,Clayey,3.91,Fair,Low,0,None,None,False,19
2024-06-09,25.7734,91.4911,Meghalaya,South Garo Hills,31.9,19.3,74.0,1706,16.3,Alluvial,4.1,Good,Moderate,0,None,None,False,6
2024-06-09,26.6396,95.1634,Nagaland,Tuensang,16.4,23.5,91.5,1470,12.2,Laterite,7.81,Fair,Moderate,0,None,None,False,0
2024-06-09,23.9307,93.1369,Mizoram,Lunglei,16.8,19.7,63.9,1418,3.4,Red Loamy,4.95,Fair,High,1,None,None,False,25
2024-06-09,24.1263,91.8202,Tripura,Dhalai,23.2,19.6,68.3,35,11.3,Laterite,3.92,Fair,Moderate,0,None,None,False,0
2024-06-10,27.2643,90.3683,Assam,Cachar,66.9,25.2,100.0,119,6.0,Clayey,5.65,Good,Low,0,None,None,False,0
2024-06-10,25.5024,92.07,Assam,Barpeta,16.6,42.3,80.5,56,0.8,Alluvial,3.62,Damaged,Moderate,2,Fog/Visibility,Critical,False,44
2024-06-10,25.372,91.5565,Meghalaya,East Khasi Hills,13.6,24.5,53.4,1143,3.7,Mountain Soil,3.42,Fair,Low,1,None,None,False,8
2024-06-12,27.1941,96.4121,Arunachal Pradesh,Tawang,7.6,26.7,64.8,1357,11.3,Red Loamy,2.01,Fair,Low,1,None,None,False,18
2024-06-13,23.4089,91.2677,Tripura,Khowai,36.2,25.9,70.6,717,10.0,Clayey,3.65,Under Construction,High,5,Bridge Damage,Low,True,158
2024-06-14,26.456,94.1614,Assam,Barpeta,60.4,23.1,90.3,162,0.0,Alluvial,5.71,Fair,Low,0,None,None,False,10
2024-06-14,24.1681,91.3917,Tripura,West Tripura,56.3,23.5,79.1,279,0.0,Alluvial,4.68,Good,High,1,None,None,False,7
2024-06-14,24.1622,93.0614,Mizoram,Serchhip,59.4,25.5,72.9,626,6.2,Mountain Soil,5.31,Damaged,Severe,5,Fallen Tree,Medium,False,88
2024-06-15,22.4499,93.0323,Mizoram,Champhai,41.8,32.0,78.3,556,0.0,Alluvial,4.19,Fair,Moderate,0,None,None,False,8
2024-06-15,28.6656,91.6499,Arunachal Pradesh,Papum Pare,31.4,14.9,53.8,2793,17.5,Laterite,3.34,Fair,High,0,None,None,False,8
2024-06-15,25.8848,91.6887,Meghalaya,Jaintia Hills,14.5,16.2,69.0,1634,7.8,Red Loamy,5.18,Good,Low,0,None,None,False,10
2024-06-15,25.3578,94.7379,Manipur,Ukhrul,6.0,34.2,92.3,975,9.2,Red Loamy,4.32,Fair,Low,0,None,None,False,0
2024-06-15,22.9295,92.826,Mizoram,Serchhip,6.8,23.5,61.9,679,9.8,Sandy Loam,3.62,Good,Moderate,0,None,None,False,7
2024-06-17,24.3237,93.5945,Manipur,Churachandpur,10.5,24.3,43.5,1267,12.2,Forest Soil,4.27,Damaged,Severe,3,Fallen Tree,Critical,False,109
2024-06-18,25.4602,91.483,Assam,Cachar,8.7,27.1,70.0,100,0.0,Sandy Loam,3.61,Good,Low,2,None,None,False,8
2024-06-19,26.6405,93.5445,Nagaland,Wokha,24.7,29.9,55.7,344,6.1,Laterite,3.5,Fair,Moderate,0,None,None,False,0
2024-06-20,26.7564,95.0298,Arunachal Pradesh,Changlang,10.6,22.6,71.4,1271,16.4,Red Loamy,3.74,Good,High,0,None,None,False,8
2024-06-20,27.7465,88.6565,Sikkim,East Sikkim,36.9,19.5,66.8,1362,3.8,Sandy Loam,3.81,Good,Moderate,0,None,None,False,13
2024-06-20,24.7973,93.5293,Manipur,Imphal East,30.5,11.2,74.0,1851,7.9,Clayey,4.78,Good,Moderate,0,None,None,False,5
2024-06-20,24.6958,93.657,Manipur,Tamenglong,69.3,26.4,76.0,1342,4.4,Sandy Loam,4.14,Fair,Moderate,0,None,None,False,15
2024-06-20,25.5932,94.8201,Nagaland,Mon,2.5,21.7,75.9,1104,1.5,Mountain Soil,3.58,Good,Moderate,0,None,None,False,6
2024-06-20,23.8517,94.1326,Manipur,Imphal West,22.2,20.9,51.8,1591,18.7,Alluvial,5.15,Good,Moderate,2,None,None,False,10
2024-06-20,26.3955,89.9187,Assam,Sonitpur,22.8,30.7,70.0,189,7.2,Forest Soil,5.32,Fair,Low,1,None,None,False,1
2024-06-21,26.8063,91.688,Arunachal Pradesh,Changlang,62.3,22.1,76.1,918,0.4,Sandy Loam,5.44,Good,Low,0,None,None,False,3
2024-06-21,26.7043,91.6554,Arunachal Pradesh,Changlang,50.6,17.3,84.7,2269,0.0,Clayey,3.78,Good,Moderate,0,None,None,False,7
2024-06-21,22.9128,92.6345,Mizoram,Serchhip,43.6,34.1,80.8,1577,0.6,Sandy Loam,3.8,Fair,Moderate,0,None,None,False,16
2024-06-21,27.1158,88.7781,Sikkim,South Sikkim,31.1,22.4,78.5,2413,24.2,Red Loamy,4.91,Good,Moderate,1,None,None,False,8
2024-06-22,26.055,90.1072,Meghalaya,East Khasi Hills,37.6,20.1,71.8,1296,8.1,Clayey,3.55,Fair,Low,2,None,None,False,18
2024-06-22,25.8482,93.9991,Nagaland,Dimapur,47.7,27.4,78.4,1734,21.1,Red Loamy,4.15,Good,Moderate,2,None,None,False,6
2024-06-22,24.7038,93.5698,Manipur,Senapati,27.2,34.7,75.0,1324,0.4,Mountain Soil,4.4,Under Construction,High,3,Traffic Jam,Medium,True,199
2024-06-22,25.9127,91.0105,Meghalaya,South Garo Hills,12.3,22.1,68.3,875,6.0,Clayey,4.13,Damaged,Moderate,5,Traffic Jam,Critical,True,171
2024-06-23,26.9147,93.9946,Nagaland,Kohima,19.7,33.3,73.4,877,12.2,Clayey,2.14,Good,Moderate,0,None,None,False,12
2024-06-24,27.5956,88.1414,Sikkim,West Sikkim,26.5,20.0,76.1,1406,13.7,Forest Soil,2.74,Fair,Low,1,None,None,False,0
2024-06-24,23.9214,93.1338,Manipur,Tamenglong,23.4,30.5,57.5,894,0.8,Alluvial,4.02,Poor,Low,6,Traffic Jam,Low,False,82
2024-06-25,29.1523,93.4231,Arunachal Pradesh,West Kameng,47.1,31.6,76.5,638,12.1,Forest Soil,2.88,Good,Moderate,1,None,None,False,6
2024-06-25,22.2077,92.8045,Mizoram,Mamit,31.9,25.2,79.0,588,7.8,Mountain Soil,6.4,Good,Low,0,None,None,False,22
2024-06-26,24.9095,94.0372,Assam,Nagaon,43.3,27.7,54.3,102,1.5,Sandy Loam,4.58,Fair,Moderate,2,None,None,False,6
2024-06-26,23.2586,91.4636,Tripura,Dhalai,9.3,30.1,71.1,101,6.6,Forest Soil,3.47,Fair,Moderate,1,None,None,False,2
2024-06-27,24.8767,93.5727,Manipur,Tamenglong,17.8,35.8,75.6,892,1.2,Mountain Soil,3.37,Fair,Low,2,None,None,False,24
2024-06-28,28.9918,92.1042,Arunachal Pradesh,East Siang,9.1,29.7,58.0,568,7.6,Laterite,1.84,Good,Low,0,None,None,False,0
2024-06-29,25.8254,90.6335,Meghalaya,West Garo Hills,29.0,24.6,83.3,239,0.0,Forest Soil,6.0,Fair,Low,2,None,None,False,10
2024-06-29,27.2824,88.1124,Sikkim,North Sikkim,1.7,17.2,56.7,3296,27.1,Sandy Loam,3.12,Fair,Low,0,None,None,False,21
2024-06-29,24.4678,91.2671,Tripura,Dhalai,31.3,13.3,80.6,626,0.0,Mountain Soil,4.18,Fair,Low,1,None,None,False,19
2024-06-30,26.8792,95.8818,Assam,Jorhat,22.2,30.7,80.4,188,3.0,Clayey,4.38,Poor,High,3,Fog/Visibility,Low,False,85
2024-06-30,25.4981,92.1159,Meghalaya,South Garo Hills,35.5,28.7,82.4,1612,16.0,Forest Soil,3.83,Poor,High,2,Bridge Damage,Medium,True,319
2024-06-30,28.0826,88.0273,Sikkim,East Sikkim,7.5,9.6,76.1,4494,32.7,Red Loamy,3.43,Good,Low,0,None,None,False,2
2024-06-30,25.5326,90.9237,Meghalaya,Jaintia Hills,42.5,25.8,84.9,644,3.0,Alluvial,3.57,Poor,High,8,Bridge Damage,Low,False,37
2024-07-01,23.4257,91.2146,Tripura,Dhalai,24.8,27.8,87.0,496,16.3,Clayey,2.61,Good,Low,0,None,None,False,4
2024-07-01,25.5967,89.8061,Assam,Kamrup,19.5,26.4,71.2,73,0.0,Forest Soil,2.28,Fair,High,3,None,None,False,13
2024-07-01,24.8943,93.4409,Assam,Dibrugarh,15.4,30.5,71.5,128,0.0,Mountain Soil,2.5,Good,Low,0,None,None,False,0
2024-07-01,25.1663,94.3737,Assam,Sonitpur,50.3,30.5,96.9,40,13.5,Red Loamy,2.34,Fair,Low,0,None,None,False,14
2024-07-01,25.2498,93.565,Nagaland,Mokokchung,13.0,13.3,81.7,1226,3.1,Alluvial,2.17,Good,Moderate,2,None,None,False,13
2024-07-02,24.5144,93.894,Manipur,Churachandpur,36.5,24.9,90.7,1199,1.7,Mountain Soil,2.82,Poor,High,4,Bridge Damage,Medium,True,154
2024-07-03,25.4026,91.7579,Meghalaya,Ri Bhoi,21.0,18.2,74.2,684,9.4,Clayey,3.89,Good,High,1,None,None,False,15
2024-07-03,27.0683,88.5668,Sikkim,East Sikkim,54.1,31.1,59.8,1218,22.1,Mountain Soil,4.3,Good,High,0,None,None,False,8
2024-07-03,24.3558,92.178,Tripura,Dhalai,24.2,19.2,88.2,740,4.5,Clayey,5.73,Fair,Low,2,None,None,False,0
2024-07-03,26.959,92.5134,Arunachal Pradesh,Tawang,24.9,17.0,87.7,228,0.0,Alluvial,1.15,Good,Moderate,0,None,None,False,17
2024-07-03,23.5428,92.2355,Mizoram,Mamit,36.9,25.1,97.3,1480,30.3,Clayey,4.66,Fair,Low,1,None,None,False,12
2024-07-04,25.6977,92.2256,Assam,Cachar,18.2,23.2,70.5,98,7.6,Red Loamy,3.51,Good,Moderate,0,None,None,False,7
2024-07-04,22.2329,92.7725,Mizoram,Serchhip,13.8,15.4,91.7,1742,16.8,Clayey,6.04,Fair,Moderate,0,None,None,False,0
2024-07-04,27.6873,88.3028,Sikkim,North Sikkim,8.1,16.9,68.0,1187,0.0,Alluvial,3.0,Fair,Low,1,None,None,False,3
2024-07-04,26.0409,90.0641,Assam,Jorhat,50.5,23.1,56.0,65,0.0,Red Loamy,2.74,Fair,Moderate,1,None,None,False,14
2024-07-05,25.2804,90.9441,Meghalaya,East Khasi Hills,29.8,19.1,63.7,992,0.1,Sandy Loam,3.76,Good,Moderate,3,None,None,False,12
2024-07-05,22.4043,92.7485,Mizoram,Lunglei,61.3,28.9,75.7,1481,1.5,Sandy Loam,3.78,Damaged,Severe,4,Traffic Jam,Low,True,241
2024-07-06,23.8507,93.3794,Mizoram,Aizawl,24.5,11.7,75.0,795,11.9,Laterite,3.52,Good,Moderate,2,None,None,False,30
2024-07-06,27.2569,94.1026,Assam,Cachar,1.1,26.5,71.2,88,0.0,Alluvial,3.07,Fair,Low,0,None,None,False,18
2024-07-06,22.9541,92.7996,Mizoram,Champhai,62.9,25.0,80.9,1183,1.5,Clayey,4.17,Good,High,2,None,None,False,7
2024-07-07,24.365,93.2535,Mizoram,Kolasib,49.0,15.6,48.2,1423,16.5,Clayey,2.73,Fair,Moderate,1,None,None,False,19
2024-07-07,22.9713,93.2858,Mizoram,Lunglei,47.6,23.5,74.2,1218,4.4,Laterite,1.84,Good,Low,2,None,None,False,9
2024-07-07,25.0008,91.7181,Meghalaya,South Garo Hills,16.9,28.2,75.9,943,0.0,Alluvial,4.16,Good,Low,0,None,None,False,17
2024-07-07,22.7883,93.043,Mizoram,Champhai,50.0,23.3,67.8,595,0.0,Red Loamy,5.52,Poor,Moderate,5,Bridge Damage,High,True,250
2024-07-07,22.473,93.1938,Mizoram,Lunglei,18.9,16.5,74.8,1806,10.4,Mountain Soil,4.46,Good,Low,0,None,None,False,0
2024-07-09,24.5644,93.7031,Manipur,Senapati,61.2,29.2,77.8,836,0.0,Red Loamy,4.35,Good,Low,1,None,None,False,17
2024-07-09,26.8543,93.2413,Assam,Cachar,17.5,39.1,78.0,152,0.0,Forest Soil,3.9,Good,Moderate,0,None,None,False,7
2024-07-09,25.5921,92.2339,Meghalaya,South Garo Hills,17.7,32.6,71.4,528,5.1,Laterite,3.63,Good,Low,0,None,None,False,5
2024-07-09,24.8606,95.1829,Assam,Kamrup,1.8,29.2,73.6,189,3.1,Forest Soil,2.73,Good,Low,0,None,None,False,21
2024-07-09,25.3877,90.1783,Meghalaya,West Garo Hills,53.9,21.0,80.6,377,17.5,Laterite,6.07,Under Construction,Moderate,7,Flood,Medium,True,218
2024-07-10,27.1252,88.7889,Sikkim,South Sikkim,44.1,15.5,73.7,3168,30.6,Clayey,5.45,Good,Low,0,None,None,False,4
2024-07-10,24.9895,93.1355,Manipur,Ukhrul,17.9,21.9,76.8,890,10.6,Clayey,4.41,Good,Low,2,None,None,False,0
2024-07-10,24.5202,93.9556,Manipur,Imphal East,1.4,29.5,80.3,1969,9.3,Laterite,3.03,Fair,High,0,None,None,False,18
2024-07-11,25.2857,93.704,Nagaland,Tuensang,5.4,18.5,90.4,1809,7.5,Red Loamy,3.87,Good,Moderate,0,None,None,False,11
2024-07-11,23.8221,91.491,Tripura,West Tripura,15.7,26.5,70.6,524,19.1,Laterite,4.03,Fair,Low,1,None,None,False,14
2024-07-11,25.0905,92.4761,Meghalaya,South Garo Hills,67.1,25.0,89.3,1671,21.8,Alluvial,6.81,Good,High,0,None,None,False,4
2024-07-12,23.2032,92.1396,Tripura,West Tripura,41.0,21.0,100.0,656,5.3,Alluvial,2.85,Fair,Low,2,None,None,False,27
2024-07-12,27.3607,93.2844,Assam,Sonitpur,44.3,27.9,71.2,148,16.7,Laterite,5.12,Fair,Moderate,0,None,None,False,8
2024-07-13,23.328,92.0841,Tripura,Dhalai,24.7,32.1,73.5,896,11.3,Sandy Loam,4.89,Good,Moderate,1,None,None,False,13
2024-07-14,23.2808,93.2942,Mizoram,Serchhip,12.4,23.8,80.0,1312,0.0,Sandy Loam,2.01,Good,High,0,None,None,False,15
2024-07-14,25.9853,90.7026,Meghalaya,East Khasi Hills,15.3,25.6,71.0,172,0.0,Forest Soil,3.15,Good,Moderate,0,None,None,False,25
2024-07-14,28.6561,96.3529,Arunachal Pradesh,Papum Pare,24.3,16.7,85.7,2019,14.3,Alluvial,5.24,Fair,Moderate,2,None,None,False,0
2024-07-14,25.5161,90.9231,Meghalaya,Ri Bhoi,56.7,22.1,73.0,1090,9.2,Forest Soil,3.08,Poor,Moderate,5,Fallen Tree,Low,False,24
2024-07-14,22.9544,92.1112,Tripura,Khowai,19.0,26.1,77.2,249,0.0,Forest Soil,3.75,Fair,Moderate,0,None,None,False,12
2024-07-15,23.7989,91.4907,Tripura,North Tripura,34.0,28.4,54.3,483,11.2,Clayey,6.27,Good,Moderate,0,None,None,False,9
2024-07-15,25.9243,92.4547,Meghalaya,South Garo Hills,40.9,27.9,73.4,437,0.0,Red Loamy,3.78,Poor,Severe,3,Fallen Tree,Medium,True,266
2024-07-15,28.0605,96.1875,Arunachal Pradesh,Changlang,2.2,7.3,62.3,2676,0.0,Sandy Loam,2.27,Good,Moderate,0,None,None,False,10
2024-07-15,25.4942,94.714,Manipur,Ukhrul,35.7,23.3,67.9,910,0.0,Clayey,5.32,Good,Moderate,0,None,None,False,3
2024-07-16,27.6254,88.3466,Sikkim,North Sikkim,25.9,28.7,59.4,773,0.0,Sandy Loam,3.09,Good,Low,0,None,None,False,3
2024-07-16,25.7582,92.6173,Meghalaya,Jaintia Hills,23.0,31.6,89.1,587,8.2,Red Loamy,2.14,Good,Moderate,0,None,None,False,0
2024-07-16,24.8702,93.2159,Manipur,Tamenglong,21.0,16.1,71.1,1895,4.9,Alluvial,5.04,Good,Low,0,None,None,False,17
2024-07-17,26.7151,93.6232,Nagaland,Kohima,28.0,30.3,100.0,768,0.0,Alluvial,5.77,Good,Moderate,0,None,None,False,5
2024-07-17,24.9461,93.1435,Manipur,Senapati,27.5,26.2,92.5,1603,14.3,Clayey,4.44,Good,Low,1,None,None,False,16
2024-07-17,27.7585,93.2656,Arunachal Pradesh,Changlang,14.9,17.3,70.5,2294,9.3,Forest Soil,4.69,Fair,Low,0,None,None,False,16
2024-07-17,24.7254,90.4235,Assam,Dibrugarh,64.1,26.4,64.5,70,1.2,Mountain Soil,4.28,Good,Low,1,None,None,False,12
2024-07-17,25.096,92.5293,Assam,Barpeta,8.7,26.7,57.4,134,0.0,Mountain Soil,2.39,Damaged,Moderate,4,Bridge Damage,Low,False,68
2024-07-18,25.1415,94.0185,Manipur,Ukhrul,10.2,19.0,61.4,1906,12.8,Sandy Loam,2.65,Good,Moderate,1,None,None,False,17
2024-07-18,26.9483,96.2055,Arunachal Pradesh,Tawang,26.1,36.2,100.0,1924,28.2,Mountain Soil,6.21,Fair,Moderate,0,None,None,False,10
2024-07-18,28.4731,96.4104,Arunachal Pradesh,Tawang,16.1,15.0,86.4,1806,15.5,Forest Soil,2.41,Good,High,0,None,None,False,9
2024-07-19,24.3286,92.8952,Mizoram,Champhai,18.7,21.9,50.8,1471,10.9,Alluvial,0.88,Fair,Low,0,None,None,False,16
2024-07-19,23.5805,93.3353,Mizoram,Aizawl,17.0,35.8,90.4,558,12.3,Laterite,3.92,Fair,Low,1,None,None,False,0
2024-07-19,25.2729,93.9482,Manipur,Tamenglong,107.2,24.6,69.1,1145,3.2,Mountain Soil,5.14,Fair,High,2,None,None,False,3
2024-07-19,27.7328,94.3576,Arunachal Pradesh,West Kameng,76.8,21.8,64.2,237,0.0,Sandy Loam,3.43,Fair,Low,1,None,None,False,9
2024-07-20,28.0194,88.6823,Sikkim,West Sikkim,9.6,29.9,84.4,3340,9.9,Sandy Loam,2.47,Under Construction,Severe,4,Traffic Jam,Low,False,56
2024-07-20,25.6733,93.423,Manipur,Imphal West,17.7,19.3,68.1,1587,10.3,Clayey,3.66,Good,Moderate,1,None,None,False,12
2024-07-20,26.3981,94.1343,Assam,Nagaon,86.4,32.7,89.8,30,0.9,Sandy Loam,5.46,Good,High,0,None,None,False,9
2024-07-21,24.2193,91.9904,Tripura,Dhalai,11.6,25.4,70.9,882,14.9,Sandy Loam,3.65,Under Construction,High,4,Fallen Tree,Medium,True,167
2024-07-22,27.5968,88.1728,Sikkim,East Sikkim,13.1,24.5,64.3,2557,16.4,Red Loamy,3.36,Good,High,1,None,None,False,12
2024-07-22,27.8458,88.7587,Sikkim,North Sikkim,26.7,28.6,64.7,1039,4.2,Forest Soil,3.59,Fair,Low,0,None,None,False,22
2024-07-23,23.9128,91.7939,Tripura,Dhalai,18.5,31.9,84.3,244,0.0,Alluvial,3.81,Good,Low,1,None,None,False,18
2024-07-23,28.2479,91.5652,Arunachal Pradesh,Tawang,30.1,26.4,96.2,367,0.0,Forest Soil,5.27,Good,Low,0,None,None,False,0
2024-07-23,25.3101,90.3407,Meghalaya,East Khasi Hills,13.5,23.1,49.1,1273,11.2,Mountain Soil,4.91,Good,Low,1,None,None,False,1
2024-07-23,25.6245,94.9863,Nagaland,Dimapur,12.3,29.6,76.3,433,0.0,Alluvial,5.62,Fair,Moderate,0,None,None,False,5
2024-07-24,25.0038,92.6333,Meghalaya,West Garo Hills,33.8,28.2,68.1,597,3.7,Forest Soil,4.19,Fair,Moderate,2,None,None,False,10
2024-07-24,25.1735,91.6798,Meghalaya,Jaintia Hills,9.3,22.0,85.7,1150,0.0,Alluvial,1.46,Good,Low,0,None,None,False,15
2024-07-24,23.402,92.2807,Tripura,North Tripura,44.4,30.9,63.9,811,0.2,Mountain Soil,3.67,Good,High,0,None,None,False,18
2024-07-24,25.2452,91.5093,Meghalaya,Ri Bhoi,23.7,28.0,84.2,780,12.7,Red Loamy,5.45,Good,Moderate,0,None,None,False,12
2024-07-25,24.9862,93.5292,Manipur,Senapati,30.8,27.8,90.9,947,0.2,Clayey,3.67,Poor,Moderate,3,Bridge Damage,Low,True,282
2024-07-25,25.748,94.404,Assam,Nagaon,127.8,30.6,66.3,45,11.9,Laterite,4.98,Under Construction,Severe,2,Fallen Tree,High,True,206
2024-07-25,23.9239,92.0266,Tripura,Khowai,10.3,27.3,85.5,776,0.0,Forest Soil,2.81,Good,High,0,None,None,False,14
2024-07-25,25.5013,90.2333,Meghalaya,Ri Bhoi,7.8,32.9,62.5,445,6.8,Clayey,3.19,Under Construction,Moderate,4,Traffic Jam,Medium,False,82
2024-07-26,27.8699,88.264,Sikkim,West Sikkim,43.3,17.5,63.8,3939,27.8,Sandy Loam,3.03,Good,Low,0,None,None,False,19
2024-07-26,24.5817,91.542,Assam,Dibrugarh,34.8,23.0,73.3,97,13.3,Alluvial,4.65,Good,High,0,None,None,False,3
2024-07-27,25.7515,94.3548,Nagaland,Dimapur,83.7,17.7,57.1,1258,9.1,Forest Soil,3.27,Good,Low,0,None,None,False,21
2024-07-27,27.6632,88.5888,Sikkim,South Sikkim,4.2,7.8,78.3,4492,25.0,Red Loamy,2.53,Good,Low,2,None,None,False,12
2024-07-27,27.7693,88.2929,Sikkim,East Sikkim,12.5,15.9,94.6,2135,23.4,Laterite,2.76,Poor,Severe,4,Traffic Jam,Low,False,66
2024-07-27,24.2647,91.6781,Tripura,Dhalai,22.5,27.1,84.6,416,5.7,Sandy Loam,4.44,Good,High,1,None,None,False,0
2024-07-28,23.0147,92.7649,Mizoram,Mamit,34.1,17.3,66.4,1278,21.8,Mountain Soil,6.09,Good,Moderate,0,None,None,False,5
2024-07-28,29.2116,94.8896,Arunachal Pradesh,East Siang,9.8,14.3,50.7,2946,20.5,Laterite,4.26,Good,Low,0,None,None,False,6
2024-07-28,23.7528,91.2655,Tripura,North Tripura,72.3,30.6,78.9,538,0.0,Forest Soil,6.6,Good,High,1,None,None,False,0
2024-07-28,27.7749,96.318,Arunachal Pradesh,East Siang,43.2,16.6,83.8,991,6.8,Forest Soil,3.71,Good,Moderate,0,None,None,False,10
2024-07-28,26.857,93.3228,Nagaland,Dimapur,15.8,19.7,74.6,1195,8.1,Mountain Soil,4.38,Good,Moderate,0,None,None,False,7
2024-07-28,27.2415,91.5224,Arunachal Pradesh,East Siang,20.1,13.9,79.0,2691,8.8,Red Loamy,5.93,Poor,Moderate,4,Traffic Jam,High,False,56
2024-07-29,25.2531,90.8855,Meghalaya,South Garo Hills,54.9,25.5,76.7,1743,0.0,Red Loamy,3.77,Good,Low,1,None,None,False,0
2024-07-29,25.2933,94.2652,Manipur,Ukhrul,23.4,16.7,83.8,1609,4.5,Red Loamy,3.64,Good,Moderate,0,None,None,False,1
2024-07-30,28.0896,88.2524,Sikkim,South Sikkim,16.7,7.8,86.2,4397,43.8,Laterite,3.07,Good,High,0,None,None,False,9
2024-07-30,27.3306,88.1791,Sikkim,North Sikkim,35.5,24.9,66.3,3583,16.4,Clayey,6.73,Fair,Moderate,0,None,None,False,6
2024-07-31,25.535,93.5365,Nagaland,Kohima,34.9,25.9,100.0,1106,10.9,Forest Soil,3.41,Under Construction,Low,3,Fog/Visibility,Low,True,190
2024-07-31,25.6057,92.4388,Meghalaya,Ri Bhoi,54.3,21.8,73.6,1012,9.3,Forest Soil,7.55,Damaged,High,4,Flood,Low,False,95
2024-07-31,28.769,95.046,Arunachal Pradesh,Tawang,19.3,18.7,75.1,2514,27.1,Red Loamy,4.13,Fair,Low,0,None,None,False,10
2024-07-31,25.6094,90.6939,Meghalaya,East Khasi Hills,7.0,29.5,57.0,946,11.1,Forest Soil,3.28,Poor,Severe,1,Bridge Damage,Medium,False,88
2024-07-31,26.083,90.0931,Meghalaya,West Garo Hills,41.4,24.1,88.1,427,11.4,Sandy Loam,4.67,Good,Moderate,0,None,None,False,0
2024-08-01,23.7477,93.4179,Mizoram,Kolasib,30.3,26.9,69.2,1423,3.0,Alluvial,4.0,Good,High,2,None,None,False,13
2024-08-01,25.5392,93.8605,Manipur,Churachandpur,27.0,22.8,85.1,1888,20.8,Red Loamy,4.27,Fair,Moderate,0,None,None,False,11
2024-08-02,26.0132,94.9301,Nagaland,Dimapur,39.2,24.7,66.8,1234,8.8,Clayey,2.81,Poor,Severe,5,Bridge Damage,Medium,False,66
2024-08-02,23.7581,91.2315,Tripura,Khowai,11.2,32.5,73.9,854,0.0,Clayey,3.46,Damaged,High,5,Bridge Damage,Low,False,75
2024-08-02,24.2428,93.0896,Mizoram,Lunglei,20.3,31.8,70.4,595,0.0,Alluvial,4.97,Good,Moderate,0,None,None,False,12
2024-08-02,26.3825,94.6418,Assam,Dibrugarh,33.1,28.7,62.0,140,6.2,Mountain Soil,3.42,Fair,Moderate,0,None,None,False,17
2024-08-02,23.6248,91.729,Tripura,West Tripura,12.7,33.8,74.8,254,1.6,Mountain Soil,3.37,Good,Low,1,None,None,False,10
2024-08-02,26.4002,90.3941,Assam,Cachar,10.8,22.4,88.5,127,15.4,Sandy Loam,1.66,Good,Low,0,None,None,False,10
2024-08-03,25.6872,92.4677,Meghalaya,West Garo Hills,20.1,26.1,97.8,517,8.0,Mountain Soil,3.8,Good,Moderate,0,None,None,False,8
2024-08-03,26.0481,91.2001,Assam,Sonitpur,21.0,30.6,68.4,62,0.0,Forest Soil,2.39,Good,Low,0,None,None,False,18
2024-08-03,22.3598,92.8929,Mizoram,Lunglei,21.2,22.7,52.6,930,13.3,Mountain Soil,3.17,Fair,Moderate,0,None,None,False,8
2024-08-04,28.5766,95.629,Arunachal Pradesh,Tawang,74.5,17.0,58.8,2982,18.6,Clayey,3.82,Damaged,Low,6,Bridge Damage,High,True,369
2024-08-05,26.7701,95.1373,Arunachal Pradesh,Lohit,69.9,22.0,82.4,2207,21.2,Forest Soil,5.33,Poor,Low,2,Fog/Visibility,Medium,False,46
2024-08-06,27.7716,91.7018,Arunachal Pradesh,East Siang,42.2,24.3,93.6,1156,12.8,Alluvial,4.54,Good,Low,0,None,None,False,10
2024-08-06,27.2376,94.1671,Arunachal Pradesh,Changlang,49.3,22.9,92.2,1958,21.7,Red Loamy,5.13,Damaged,Moderate,4,Fallen Tree,Critical,False,84
2024-08-06,25.4101,93.56,Manipur,Ukhrul,71.9,17.8,82.5,1855,6.6,Alluvial,5.48,Good,Low,0,None,None,False,2
2024-08-06,25.0489,90.6238,Meghalaya,East Khasi Hills,54.0,27.9,96.6,465,0.0,Red Loamy,3.92,Good,Moderate,1,None,None,False,17
2024-08-07,25.6,93.6659,Nagaland,Kohima,37.5,26.5,62.8,892,12.4,Red Loamy,5.21,Damaged,Severe,2,Bridge Damage,High,False,62
2024-08-07,27.2827,93.4953,Assam,Nagaon,17.5,24.2,83.1,99,1.2,Alluvial,4.51,Good,Moderate,0,None,None,False,26
2024-08-07,25.5214,93.9131,Assam,Cachar,35.4,26.0,100.0,158,0.0,Mountain Soil,4.64,Good,Low,1,None,None,False,5
2024-08-08,23.5952,92.1074,Tripura,North Tripura,5.5,30.1,96.5,237,0.0,Forest Soil,5.59,Good,Low,1,None,None,False,12
2024-08-08,24.2237,94.6313,Manipur,Imphal East,65.2,25.6,99.2,1726,11.0,Sandy Loam,4.65,Good,Low,1,None,None,False,9
2024-08-09,24.7697,94.745,Manipur,Ukhrul,24.2,25.5,67.1,1616,13.7,Sandy Loam,5.28,Poor,Moderate,1,Fallen Tree,Medium,False,117
2024-08-10,25.5393,92.326,Meghalaya,West Garo Hills,10.9,31.0,47.4,981,6.3,Forest Soil,4.21,Good,Moderate,0,None,None,False,9
2024-08-10,25.1342,91.7041,Meghalaya,West Garo Hills,49.2,31.3,61.3,167,4.7,Red Loamy,4.8,Good,Low,0,None,None,False,16
2024-08-10,26.3359,89.7035,Assam,Nagaon,31.4,29.5,71.0,102,0.0,Forest Soil,5.04,Fair,High,0,None,None,False,10
2024-08-10,27.0962,88.8983,Sikkim,West Sikkim,26.6,18.6,75.2,2967,15.2,Alluvial,8.09,Poor,Moderate,4,Flood,Medium,True,184
2024-08-10,23.9681,91.4539,Tripura,Dhalai,5.0,23.7,83.7,841,16.0,Clayey,4.06,Fair,Moderate,0,None,None,False,20
2024-08-11,27.6495,92.9572,Arunachal Pradesh,Papum Pare,6.5,20.4,80.9,2163,22.4,Red Loamy,4.04,Fair,Low,0,None,None,False,26
2024-08-11,27.9776,96.4985,Arunachal Pradesh,Lohit,14.3,28.5,92.9,2196,2.4,Sandy Loam,2.55,Fair,Low,2,None,None,False,0
2024-08-11,25.4743,92.0427,Meghalaya,West Garo Hills,45.2,35.1,63.5,166,0.0,Forest Soil,3.91,Good,Moderate,0,None,None,False,4
2024-08-11,24.8848,94.1657,Manipur,Tamenglong,32.3,19.0,89.3,1099,14.7,Sandy Loam,4.69,Good,High,0,None,None,False,11
2024-08-12,24.3641,93.3898,Mizoram,Serchhip,25.3,17.0,59.3,1817,13.1,Red Loamy,3.96,Poor,Low,7,Fallen Tree,Medium,True,240
2024-08-12,25.7153,93.9765,Nagaland,Wokha,66.8,26.5,90.3,1485,2.3,Alluvial,2.5,Fair,Moderate,2,None,None,False,10
2024-08-13,26.1181,93.7556,Nagaland,Tuensang,31.8,13.9,54.9,1205,9.1,Clayey,5.14,Damaged,Severe,5,Fog/Visibility,Low,True,216
2024-08-14,22.212,92.8872,Mizoram,Kolasib,33.8,25.0,75.3,599,14.2,Clayey,4.34,Good,High,1,None,None,False,25
2024-08-14,25.1584,91.8397,Meghalaya,West Garo Hills,38.4,19.9,69.6,558,0.0,Forest Soil,2.76,Good,High,0,None,None,False,0
2024-08-14,25.2834,91.7085,Meghalaya,East Khasi Hills,27.3,36.5,69.5,1689,12.6,Laterite,5.85,Good,Low,0,None,None,False,0
2024-08-15,24.4221,91.6399,Tripura,Gomati,26.2,25.9,90.9,136,0.9,Forest Soil,4.47,Fair,Low,2,None,None,False,16
2024-08-15,23.751,92.1483,Tripura,North Tripura,58.8,26.7,65.2,896,0.0,Mountain Soil,5.0,Fair,Moderate,0,None,None,False,18
2024-08-15,26.0128,90.2205,Meghalaya,Jaintia Hills,3.3,19.4,84.2,1437,19.2,Laterite,7.18,Good,Moderate,1,None,None,False,20
2024-08-16,22.788,92.6021,Mizoram,Champhai,33.7,22.2,68.7,1517,2.6,Laterite,5.61,Damaged,Low,4,Fog/Visibility,Low,True,323
2024-08-16,23.7189,92.1383,Tripura,North Tripura,3.3,24.6,81.1,452,16.9,Clayey,2.49,Good,Moderate,1,None,None,False,7
2024-08-16,25.8549,91.3281,Meghalaya,Jaintia Hills,31.3,27.3,76.5,363,18.1,Laterite,7.18,Poor,Severe,3,Flood,Low,False,77
2024-08-16,24.7938,95.2809,Assam,Sonitpur,5.3,23.8,69.3,94,12.8,Red Loamy,2.81,Poor,Severe,7,Bridge Damage,High,False,70
2024-08-16,27.0942,88.1617,Sikkim,South Sikkim,24.5,26.2,87.3,1312,17.9,Clayey,2.67,Good,High,0,None,None,False,12
2024-08-17,22.2696,93.0761,Mizoram,Champhai,63.5,21.8,75.5,1047,21.2,Sandy Loam,5.46,Good,Low,2,None,None,False,21
2024-08-18,25.188,90.0842,Assam,Barpeta,29.2,12.9,59.1,62,10.1,Sandy Loam,4.63,Good,Low,0,None,None,False,8
2024-08-18,25.2697,92.0555,Meghalaya,Jaintia Hills,12.3,31.8,71.5,180,1.4,Clayey,3.79,Good,Moderate,1,None,None,False,21
2024-08-19,26.0924,92.4937,Meghalaya,Jaintia Hills,31.6,29.3,68.3,541,0.0,Red Loamy,4.03,Fair,Low,0,None,None,False,0
2024-08-20,25.8077,89.865,Meghalaya,East Khasi Hills,65.8,32.9,61.0,1352,8.0,Red Loamy,6.09,Good,Moderate,0,None,None,False,3
2024-08-21,29.1753,93.911,Arunachal Pradesh,Papum Pare,32.0,20.0,71.3,1439,0.0,Forest Soil,5.96,Fair,Moderate,0,None,None,False,22
2024-08-21,23.2867,91.5819,Tripura,West Tripura,40.6,30.0,69.0,807,10.7,Laterite,2.75,Good,Moderate,1,None,None,False,11
2024-08-23,28.0923,88.0309,Sikkim,North Sikkim,51.3,14.9,78.2,1831,27.4,Mountain Soil,5.65,Poor,High,4,Fallen Tree,High,True,210
2024-08-23,27.1793,96.1943,Arunachal Pradesh,Lohit,6.2,23.7,71.2,1968,9.3,Forest Soil,4.34,Fair,Moderate,0,None,None,False,10
2024-08-23,27.646,92.4221,Arunachal Pradesh,West Kameng,34.4,26.6,75.2,453,0.0,Red Loamy,6.97,Fair,Moderate,1,None,None,False,16
2024-08-23,27.0027,94.0376,Arunachal Pradesh,East Siang,19.4,24.4,58.0,2730,19.9,Alluvial,4.78,Poor,Severe,2,Fog/Visibility,Critical,False,42
2024-08-24,25.4406,94.7776,Assam,Jorhat,24.8,27.6,70.1,101,0.0,Red Loamy,4.7,Good,Low,2,None,None,False,6
2024-08-24,25.6929,90.8892,Meghalaya,East Khasi Hills,12.0,20.1,84.7,1409,0.0,Laterite,1.07,Good,Low,1,None,None,False,7
2024-08-24,22.8174,93.3056,Mizoram,Lunglei,13.7,16.9,75.1,1493,15.7,Mountain Soil,2.56,Fair,High,0,None,None,False,24
2024-08-24,23.1187,92.7183,Mizoram,Kolasib,24.7,27.7,76.3,691,3.5,Alluvial,5.51,Damaged,High,3,Bridge Damage,Medium,True,138
2024-08-26,25.9728,94.7335,Nagaland,Tuensang,38.8,21.9,85.1,1249,1.9,Red Loamy,4.31,Good,Moderate,0,None,None,False,3
2024-08-26,26.8406,94.9211,Nagaland,Kohima,15.6,30.6,86.2,434,1.9,Forest Soil,3.9,Good,Low,1,None,None,False,11
2024-08-26,25.1993,93.9544,Assam,Sonitpur,28.1,31.4,76.6,53,7.9,Forest Soil,5.62,Fair,Low,0,None,None,False,7
2024-08-26,25.8782,92.1321,Meghalaya,South Garo Hills,9.0,21.3,85.3,960,0.0,Alluvial,1.73,Good,Moderate,0,None,None,False,11
2024-08-26,26.6211,94.116,Nagaland,Kohima,20.6,21.8,66.5,429,0.0,Laterite,4.58,Fair,Moderate,1,None,None,False,12
2024-08-27,26.0362,94.1059,Nagaland,Mokokchung,1.0,21.4,76.8,1729,8.7,Forest Soil,4.83,Good,Low,0,None,None,False,3
2024-08-27,25.7025,94.8215,Nagaland,Kohima,13.1,20.9,55.7,1895,0.3,Forest Soil,2.95,Fair,Moderate,1,None,None,False,2
2024-08-27,24.9005,93.9618,Assam,Jorhat,18.4,21.4,73.9,71,0.0,Red Loamy,3.29,Good,Low,0,None,None,False,21
2024-08-27,27.1241,93.2209,Assam,Barpeta,44.1,21.3,59.9,37,11.2,Red Loamy,5.84,Damaged,Severe,6,Fog/Visibility,High,True,324
2024-08-28,26.2951,95.008,Nagaland,Kohima,23.6,25.8,88.7,542,8.3,Laterite,4.88,Good,Low,1,None,None,False,25
2024-08-28,27.6646,88.8695,Sikkim,East Sikkim,13.0,14.0,75.4,2411,23.4,Alluvial,4.44,Poor,Moderate,5,Fog/Visibility,Low,False,131
2024-08-29,26.0262,92.7319,Meghalaya,South Garo Hills,16.5,21.4,68.8,827,0.0,Forest Soil,4.42,Damaged,High,3,Traffic Jam,Low,True,137
2024-08-29,26.085,91.4008,Meghalaya,South Garo Hills,16.0,30.4,75.6,347,3.3,Forest Soil,3.82,Fair,Low,1,None,None,False,6
2024-08-29,23.8241,93.6654,Manipur,Imphal East,49.9,13.6,90.7,1071,3.5,Forest Soil,3.53,Good,Low,0,None,None,False,5
2024-08-29,25.2604,94.2176,Nagaland,Mon,10.8,20.5,100.0,736,4.3,Forest Soil,0.6,Good,Low,0,None,None,False,20
2024-08-30,23.0775,93.2795,Mizoram,Serchhip,21.1,15.0,80.2,1777,11.8,Alluvial,2.47,Good,High,0,None,None,False,10
2024-08-30,22.9553,91.5827,Tripura,Khowai,16.4,25.3,82.4,269,8.8,Sandy Loam,2.95,Fair,Low,0,None,None,False,5
2024-08-30,25.9933,89.9526,Meghalaya,Jaintia Hills,41.7,21.0,89.4,1661,21.0,Mountain Soil,6.98,Good,Moderate,0,None,None,False,19
2024-08-30,24.8198,91.8832,Assam,Barpeta,67.2,22.5,95.8,36,6.0,Red Loamy,4.42,Fair,High,0,None,None,False,6
2024-08-30,26.2478,94.9471,Nagaland,Tuensang,37.0,31.3,68.0,1915,6.8,Laterite,4.03,Good,Moderate,0,None,None,False,0
2024-08-31,27.5247,88.0091,Sikkim,South Sikkim,24.1,16.4,80.7,434,4.0,Sandy Loam,5.12,Fair,Moderate,2,None,None,False,24
2024-08-31,23.7511,91.4414,Tripura,Dhalai,45.5,29.8,79.3,56,2.9,Alluvial,2.81,Fair,Low,4,None,None,False,23
2024-08-31,28.7696,92.2653,Arunachal Pradesh,East Siang,12.9,28.2,92.2,1470,1.4,Laterite,2.59,Good,Moderate,0,None,None,False,21
2024-09-01,22.7175,92.9553,Mizoram,Mamit,119.5,30.2,86.3,1521,8.7,Red Loamy,5.99,Good,Low,0,None,None,False,7
2024-09-01,21.9906,93.4493,Mizoram,Mamit,17.0,21.3,57.4,1287,22.1,Sandy Loam,4.67,Good,Moderate,0,None,None,False,9
2024-09-01,26.123,94.5942,Nagaland,Mon,8.9,22.2,61.3,433,0.0,Laterite,3.95,Good,Moderate,0,None,None,False,8
2024-09-01,26.0994,93.871,Nagaland,Mon,34.1,25.2,77.8,895,4.1,Red Loamy,5.85,Good,Low,0,None,None,False,12
2024-09-01,27.6272,88.8413,Sikkim,South Sikkim,1.5,16.6,70.2,1749,11.0,Sandy Loam,2.96,Good,Moderate,2,None,None,False,29
2024-09-01,26.5392,93.8878,Nagaland,Mon,21.4,33.5,68.6,1211,0.0,Forest Soil,3.81,Good,Moderate,0,None,None,False,4
2024-09-02,24.435,93.0463,Manipur,Senapati,25.6,24.2,69.2,1176,7.5,Alluvial,2.36,Fair,Moderate,0,None,None,False,17
2024-09-03,26.0373,92.4694,Meghalaya,East Khasi Hills,3.3,26.3,66.4,1066,19.7,Sandy Loam,4.19,Good,Moderate,0,None,None,False,6
2024-09-03,24.9524,94.9665,Assam,Barpeta,24.3,21.7,84.9,189,8.8,Laterite,4.79,Good,Low,0,None,None,False,16
2024-09-03,22.6527,92.2179,Mizoram,Mamit,28.1,25.1,73.8,1114,11.9,Laterite,4.21,Fair,Low,0,None,None,False,6
2024-09-04,22.9312,92.8306,Mizoram,Aizawl,12.0,22.0,78.6,1539,6.5,Alluvial,3.57,Fair,Moderate,0,None,None,False,13
2024-09-04,26.0468,93.8064,Nagaland,Mon,44.7,26.9,65.3,820,4.8,Red Loamy,4.14,Fair,Low,0,None,None,False,25
2024-09-04,24.6021,94.8728,Assam,Cachar,20.2,30.4,57.2,122,0.0,Mountain Soil,2.63,Good,Low,0,None,None,False,2
2024-09-04,25.1285,93.6212,Manipur,Imphal West,46.4,22.8,79.2,1343,5.1,Mountain Soil,3.08,Good,Low,1,None,None,False,12
2024-09-04,25.4964,92.4075,Meghalaya,East Khasi Hills,14.6,30.6,70.8,1077,0.4,Laterite,4.28,Poor,Moderate,5,Bridge Damage,Critical,True,92
2024-09-04,25.131,89.9033,Meghalaya,East Khasi Hills,18.1,23.9,78.0,1546,13.2,Alluvial,2.62,Good,High,0,None,None,False,21
2024-09-04,22.739,93.067,Mizoram,Serchhip,47.7,23.0,65.1,622,7.7,Alluvial,3.88,Good,Low,0,None,None,False,5
2024-09-04,26.6255,91.9449,Arunachal Pradesh,Changlang,36.9,24.5,86.9,901,0.0,Alluvial,4.74,Good,High,0,None,None,False,18
2024-09-05,22.9428,93.3245,Mizoram,Aizawl,49.6,16.5,92.1,1392,0.0,Laterite,3.28,Good,Moderate,0,None,None,False,1
2024-09-05,24.261,92.2207,Mizoram,Mamit,11.6,32.6,67.8,595,0.0,Mountain Soil,2.64,Good,Low,0,None,None,False,0
2024-09-06,26.6794,95.9484,Assam,Nagaon,59.2,25.7,95.0,46,3.5,Clayey,6.54,Good,Moderate,0,None,None,False,17
2024-09-06,27.103,93.8565,Arunachal Pradesh,East Siang,13.7,15.3,89.1,1018,0.0,Clayey,3.57,Fair,Low,1,None,None,False,4
2024-09-07,29.1847,91.7877,Arunachal Pradesh,East Siang,36.1,21.7,54.7,1446,0.0,Sandy Loam,5.08,Good,Low,2,None,None,False,0
2024-09-07,25.9835,90.4124,Meghalaya,Ri Bhoi,42.8,37.2,84.6,490,1.6,Alluvial,6.5,Fair,Low,1,None,None,False,6
2024-09-07,26.9417,93.9381,Arunachal Pradesh,Lohit,30.6,17.4,60.9,1834,21.3,Laterite,5.98,Fair,Moderate,0,None,None,False,17
2024-09-07,27.801,92.3946,Arunachal Pradesh,Papum Pare,39.1,28.9,87.2,1402,17.9,Forest Soil,2.76,Good,Moderate,0,None,None,False,8
2024-09-07,27.1696,88.8557,Sikkim,East Sikkim,14.0,7.5,77.6,3838,12.4,Sandy Loam,5.99,Good,Low,1,None,None,False,6
2024-09-08,26.6676,90.6124,Assam,Barpeta,2.0,30.7,95.8,104,13.1,Laterite,3.24,Fair,Moderate,0,None,None,False,9
2024-09-08,24.0383,91.2772,Tripura,Khowai,5.1,24.7,81.4,418,5.2,Alluvial,3.44,Good,Low,0,None,None,False,6
2024-09-08,24.98,92.9791,Assam,Nagaon,15.2,22.6,84.0,101,0.0,Laterite,3.57,Fair,High,0,None,None,False,3
2024-09-09,24.7265,94.2201,Manipur,Tamenglong,36.6,27.0,51.4,1089,13.5,Clayey,5.23,Good,Low,0,None,None,False,11
2024-09-10,26.2839,90.3758,Assam,Nagaon,8.8,32.8,92.7,137,3.1,Forest Soil,3.14,Damaged,Moderate,5,Bridge Damage,Medium,True,179
2024-09-11,28.9822,94.5091,Arunachal Pradesh,West Kameng,24.4,27.7,89.2,2213,13.0,Mountain Soil,3.63,Under Construction,Moderate,3,Bridge Damage,Low,False,100
2024-09-11,22.9259,91.4137,Tripura,North Tripura,15.7,26.0,86.2,890,4.6,Sandy Loam,1.44,Damaged,High,4,Fallen Tree,High,False,80
2024-09-11,27.2071,88.1658,Sikkim,South Sikkim,66.6,26.7,67.9,539,0.0,Alluvial,6.02,Good,Moderate,2,None,None,False,17
2024-09-11,23.9699,91.3965,Tripura,West Tripura,24.6,24.0,100.0,555,17.5,Forest Soil,3.86,Good,High,0,None,None,False,12
2024-09-12,23.5445,91.5496,Tripura,Khowai,31.2,35.0,75.8,582,0.0,Mountain Soil,3.85,Good,Low,0,None,None,False,6
2024-09-13,24.7775,94.2509,Manipur,Churachandpur,69.1,18.2,76.7,1864,6.4,Sandy Loam,4.25,Good,Moderate,2,None,None,False,2
2024-09-13,23.2546,92.9656,Mizoram,Kolasib,16.0,31.0,74.9,1521,4.0,Clayey,3.87,Good,Moderate,1,None,None,False,19
2024-09-14,24.3798,91.5128,Tripura,Dhalai,13.3,34.4,82.1,370,15.2,Alluvial,3.31,Fair,Moderate,0,None,None,False,5
2024-09-14,24.0619,93.9705,Manipur,Churachandpur,37.7,20.9,79.6,1889,6.6,Clayey,5.7,Under Construction,Moderate,5,Fog/Visibility,Low,True,288
2024-09-14,26.3641,92.3423,Assam,Jorhat,37.5,32.5,72.6,115,0.0,Mountain Soil,4.67,Good,Moderate,1,None,None,False,6
2024-09-14,25.6149,94.0936,Manipur,Imphal West,21.8,15.3,76.7,1873,11.6,Forest Soil,2.36,Good,High,0,None,None,False,1
2024-09-14,24.404,91.7543,Tripura,Gomati,38.9,32.9,50.2,559,11.2,Laterite,4.03,Fair,Low,0,None,None,False,14
2024-09-14,25.5381,93.22,Assam,Jorhat,50.4,32.5,68.4,124,3.2,Alluvial,4.53,Good,Low,1,None,None,False,22
2024-09-15,25.2755,93.6878,Nagaland,Mon,27.6,24.9,71.1,561,7.8,Red Loamy,1.77,Fair,High,0,None,None,False,0
2024-09-15,25.6323,91.0068,Meghalaya,South Garo Hills,19.9,18.9,84.5,805,0.0,Red Loamy,2.93,Good,Low,1,None,None,False,19
2024-09-15,27.3029,88.0159,Sikkim,West Sikkim,29.8,15.6,73.5,2621,19.4,Forest Soil,5.13,Damaged,Moderate,2,Bridge Damage,Medium,False,75
2024-09-15,26.46,92.0988,Assam,Sonitpur,5.1,27.7,69.7,98,15.9,Mountain Soil,2.66,Good,Moderate,0,None,None,False,0
2024-09-16,27.6742,88.273,Sikkim,North Sikkim,25.8,18.7,66.8,3418,14.7,Red Loamy,4.06,Fair,Low,0,None,None,False,8
2024-09-16,23.8334,93.1754,Mizoram,Lunglei,56.6,19.7,64.5,944,11.3,Alluvial,4.2,Good,Low,0,None,None,False,20
2024-09-16,28.7232,96.1824,Arunachal Pradesh,East Siang,35.4,26.3,79.4,1926,7.2,Laterite,3.97,Good,Moderate,0,None,None,False,7
2024-09-17,26.0019,94.96,Nagaland,Kohima,12.1,23.0,98.2,1031,0.0,Clayey,1.32,Fair,Low,0,None,None,False,9
2024-09-17,27.8462,88.6505,Sikkim,South Sikkim,6.2,14.0,79.4,4348,30.9,Alluvial,2.25,Fair,Low,0,None,None,False,23
2024-09-18,25.831,89.9857,Meghalaya,South Garo Hills,52.3,27.5,88.5,1189,0.2,Alluvial,4.48,Good,Low,0,None,None,False,11
2024-09-18,25.5575,94.0131,Manipur,Tamenglong,20.8,28.7,86.3,924,0.0,Clayey,5.07,Good,Low,0,None,None,False,17
2024-09-19,25.2629,90.6439,Meghalaya,South Garo Hills,25.2,24.7,77.9,869,13.4,Laterite,4.64,Good,Low,1,None,None,False,16
2024-09-19,25.4828,94.1686,Manipur,Imphal West,61.6,26.4,62.7,954,2.1,Clayey,3.98,Good,Moderate,0,None,None,False,7
2024-09-20,24.143,93.7153,Manipur,Senapati,68.9,16.0,72.2,1102,6.2,Red Loamy,4.61,Good,Moderate,0,None,None,False,0
2024-09-20,25.734,90.5816,Meghalaya,South Garo Hills,57.8,32.4,79.5,211,2.7,Alluvial,5.82,Fair,Low,1,None,None,False,9
2024-09-20,24.4605,94.1493,Manipur,Ukhrul,16.1,25.6,79.6,1369,18.2,Clayey,4.06,Good,Low,1,None,None,False,4
2024-09-21,25.7681,90.3024,Meghalaya,West Garo Hills,113.3,17.1,79.4,1580,2.6,Sandy Loam,6.33,Damaged,High,7,Flood,High,False,85
2024-09-21,27.1895,96.5744,Arunachal Pradesh,Tawang,75.3,30.3,86.8,2624,24.5,Laterite,4.94,Good,High,0,None,None,False,2
2024-09-21,25.8069,95.8403,Assam,Jorhat,37.8,28.6,73.5,55,0.0,Laterite,4.62,Good,Moderate,2,None,None,False,10
2024-09-22,24.2531,91.3607,Tripura,Gomati,13.3,24.4,82.1,496,30.1,Laterite,2.82,Fair,Low,0,None,None,False,5
2024-09-22,25.5855,93.5297,Manipur,Imphal East,61.0,18.6,73.5,1893,13.8,Forest Soil,5.23,Good,High,0,None,None,False,16
2024-09-22,27.6826,88.5994,Sikkim,East Sikkim,15.5,11.4,74.1,3583,34.0,Sandy Loam,2.87,Fair,Moderate,0,None,None,False,15
2024-09-23,29.1311,92.0116,Arunachal Pradesh,Changlang,43.3,23.7,72.3,2570,22.3,Forest Soil,6.53,Good,High,0,None,None,False,12
2024-09-23,25.7748,93.8281,Nagaland,Kohima,29.3,28.9,73.5,240,3.8,Laterite,3.97,Good,Low,0,None,None,False,13
2024-09-24,24.4028,93.4283,Mizoram,Kolasib,23.6,29.6,57.7,1227,12.4,Alluvial,3.7,Good,Low,1,None,None,False,6
2024-09-24,27.334,92.026,Assam,Nagaon,56.7,33.3,73.9,152,7.4,Mountain Soil,5.59,Poor,Moderate,2,Bridge Damage,Low,False,60
2024-09-24,25.1923,91.7441,Meghalaya,East Khasi Hills,45.7,29.5,88.3,579,10.8,Mountain Soil,4.72,Good,Low,0,None,None,False,11
2024-09-24,25.7084,91.1126,Meghalaya,South Garo Hills,1.9,35.3,88.5,604,16.8,Laterite,5.26,Poor,Moderate,2,Bridge Damage,Medium,True,216
2024-09-25,28.565,92.5389,Arunachal Pradesh,Changlang,19.9,19.4,61.9,2922,32.4,Alluvial,4.97,Good,Low,0,None,None,False,6
2024-09-25,27.2537,88.2623,Sikkim,North Sikkim,34.8,15.1,69.7,3873,13.6,Forest Soil,4.86,Good,Low,1,None,None,False,0
2024-09-25,27.7402,88.1189,Sikkim,West Sikkim,22.4,16.6,86.3,2502,13.8,Forest Soil,2.9,Fair,Low,1,None,None,False,6
2024-09-25,25.6388,94.3031,Manipur,Ukhrul,63.5,26.3,84.8,1264,5.1,Sandy Loam,4.67,Fair,Low,0,None,None,False,4
2024-09-25,27.183,91.157,Assam,Sonitpur,20.1,28.9,80.7,62,0.0,Forest Soil,5.49,Fair,Moderate,1,None,None,False,15
2024-09-26,22.0436,93.2027,Mizoram,Champhai,3.2,31.8,73.9,968,0.0,Red Loamy,4.28,Fair,Moderate,1,None,None,False,4
2024-09-26,23.5483,91.1377,Tripura,Gomati,8.5,27.6,50.1,380,0.0,Mountain Soil,3.81,Good,Moderate,0,None,None,False,27
2024-09-26,27.1828,88.0977,Sikkim,West Sikkim,1.9,20.1,68.6,944,16.0,Clayey,4.24,Good,Moderate,0,None,None,False,7
2024-09-27,27.3133,90.5096,Assam,Cachar,31.9,29.0,78.0,44,0.0,Sandy Loam,5.55,Good,High,0,None,None,False,11
2024-09-28,27.8041,88.1885,Sikkim,South Sikkim,62.1,17.1,61.9,1366,10.2,Sandy Loam,5.43,Good,Low,0,None,None,False,0
2024-09-28,24.0302,93.1896,Manipur,Senapati,17.9,23.0,78.8,1945,13.8,Clayey,4.42,Good,Low,0,None,None,False,0
2024-09-28,24.9268,93.5245,Manipur,Senapati,16.7,27.8,58.9,1282,7.8,Mountain Soil,3.39,Good,High,2,None,None,False,6
2024-09-28,26.895,95.0211,Nagaland,Wokha,20.4,20.3,76.0,1766,14.8,Sandy Loam,5.01,Good,Moderate,0,None,None,False,0
2024-09-29,27.957,88.5725,Sikkim,East Sikkim,4.4,21.9,78.1,991,6.4,Laterite,3.32,Good,Low,0,None,None,False,1
2024-09-29,22.5316,92.3791,Mizoram,Mamit,31.9,22.9,77.6,1159,0.0,Laterite,5.43,Good,Low,2,None,None,False,6
2024-09-29,25.4566,90.2473,Meghalaya,South Garo Hills,44.7,20.9,78.0,1826,8.8,Sandy Loam,4.44,Good,Low,1,None,None,False,16
2024-09-29,28.0314,92.6399,Arunachal Pradesh,Changlang,13.5,21.6,66.7,2630,13.8,Alluvial,3.09,Good,Moderate,2,None,None,False,26
2024-09-30,25.5852,94.2035,Nagaland,Dimapur,43.3,28.7,73.2,772,5.4,Sandy Loam,4.16,Good,Low,0,None,None,False,24
2024-09-30,27.6406,88.154,Sikkim,West Sikkim,54.9,19.5,73.5,4136,21.5,Clayey,6.37,Poor,Moderate,5,Flood,High,True,165
2024-10-01,26.0785,91.2815,Meghalaya,Jaintia Hills,0.3,17.7,56.7,166,0.0,Mountain Soil,4.14,Good,Moderate,0,None,None,False,13
2024-10-01,26.3317,93.8056,Nagaland,Mon,1.3,27.2,58.1,270,10.5,Red Loamy,4.97,Good,High,0,None,None,False,2
2024-10-01,25.8331,95.6472,Assam,Kamrup,5.1,22.4,56.7,38,0.0,Laterite,2.87,Good,High,1,None,None,False,19
2024-10-01,25.3399,94.6293,Nagaland,Mokokchung,4.3,20.8,50.1,1757,15.1,Laterite,5.39,Good,Low,2,None,None,False,12
2024-10-02,25.6257,90.913,Assam,Barpeta,1.9,23.4,42.5,35,1.2,Red Loamy,3.72,Fair,Low,1,None,None,False,3
2024-10-02,23.712,91.3541,Tripura,Gomati,1.8,15.2,42.6,690,10.8,Laterite,5.49,Fair,Low,1,None,None,False,1
2024-10-02,23.3784,91.4799,Tripura,Khowai,0.0,18.5,69.1,609,0.0,Clayey,4.13,Good,Moderate,0,None,None,False,10
2024-10-02,27.0217,88.1058,Sikkim,East Sikkim,5.0,7.2,58.1,3846,21.5,Clayey,3.04,Good,High,0,None,None,False,16
2024-10-03,23.8939,92.0107,Tripura,West Tripura,2.6,22.2,69.5,98,0.0,Laterite,3.42,Fair,Moderate,0,None,None,False,11
2024-10-03,24.3723,91.148,Tripura,North Tripura,0.0,29.7,77.5,673,1.5,Red Loamy,3.54,Good,Moderate,1,None,None,False,6
2024-10-03,25.4949,94.754,Assam,Barpeta,7.0,18.4,64.2,56,0.0,Clayey,4.69,Good,Moderate,0,None,None,False,13
2024-10-03,27.5021,88.5487,Sikkim,South Sikkim,1.1,20.0,38.5,1374,4.7,Red Loamy,3.84,Fair,Low,2,None,None,False,6
2024-10-03,24.0145,92.8013,Mizoram,Mamit,0.0,12.1,41.3,1507,21.2,Laterite,7.74,Good,Low,1,None,None,False,33
2024-10-04,26.9898,93.7422,Nagaland,Mon,1.0,22.7,46.7,296,0.0,Clayey,3.76,Good,Low,1,None,None,False,11
2024-10-04,23.3734,92.8818,Mizoram,Kolasib,7.7,24.3,41.6,626,4.7,Clayey,1.24,Good,Moderate,2,None,None,False,15
2024-10-04,26.7185,94.9433,Nagaland,Mon,1.0,20.9,55.9,1069,3.5,Red Loamy,3.37,Good,High,0,None,None,False,4
2024-10-04,24.2103,92.6369,Mizoram,Aizawl,3.3,15.1,47.1,730,18.2,Red Loamy,3.81,Good,Low,0,None,None,False,6
2024-10-05,26.1777,94.2726,Nagaland,Tuensang,1.1,30.1,74.2,362,4.1,Mountain Soil,3.91,Good,Moderate,0,None,None,False,8
2024-10-05,25.8916,94.6694,Nagaland,Kohima,4.3,11.7,46.3,1501,0.8,Sandy Loam,5.31,Good,Low,1,None,None,False,0
2024-10-05,23.2641,91.4172,Tripura,Khowai,8.4,27.8,69.3,60,9.3,Clayey,3.57,Good,Moderate,0,None,None,False,14
2024-10-06,24.3201,91.9042,Tripura,Gomati,0.3,24.3,52.1,898,9.6,Sandy Loam,3.22,Fair,Low,1,None,None,False,7
2024-10-06,23.1704,92.1293,Tripura,Gomati,3.8,16.2,64.3,838,2.2,Red Loamy,3.78,Good,Moderate,0,None,None,False,18
2024-10-06,24.1016,93.3814,Mizoram,Lunglei,0.2,16.1,54.5,1777,22.8,Sandy Loam,5.1,Fair,Moderate,1,None,None,False,13
2024-10-07,25.1795,94.1078,Assam,Nagaon,2.9,10.6,52.2,35,15.8,Forest Soil,4.17,Fair,Moderate,3,None,None,False,15
2024-10-07,25.0881,92.5726,Meghalaya,Ri Bhoi,0.3,28.2,71.2,221,4.5,Alluvial,4.22,Good,Moderate,1,None,None,False,2
2024-10-07,25.652,92.2751,Meghalaya,Ri Bhoi,1.3,19.9,53.1,1652,16.1,Red Loamy,3.23,Fair,Moderate,0,None,None,False,2
2024-10-07,27.0858,88.5184,Sikkim,North Sikkim,1.4,8.6,52.5,3244,25.8,Red Loamy,3.88,Fair,Moderate,0,None,None,False,8
2024-10-07,25.2308,93.3507,Assam,Kamrup,3.8,23.4,46.1,111,13.5,Mountain Soil,4.77,Good,Moderate,0,None,None,False,7
2024-10-08,27.517,88.8011,Sikkim,West Sikkim,0.1,5.6,53.1,3272,22.1,Clayey,4.2,Fair,Moderate,2,None,None,False,0
2024-10-09,26.9782,92.3955,Arunachal Pradesh,Lohit,8.6,8.0,50.9,2690,17.7,Laterite,3.23,Good,Low,1,None,None,False,12
2024-10-09,23.6094,93.3312,Mizoram,Aizawl,2.4,21.9,44.9,1749,30.4,Clayey,4.38,Good,Moderate,2,None,None,False,12
2024-10-09,24.8804,94.0068,Assam,Sonitpur,1.9,24.9,58.8,98,6.1,Mountain Soil,1.65,Good,Low,0,None,None,False,15
2024-10-09,27.4084,92.837,Arunachal Pradesh,Tawang,0.4,19.9,50.0,1852,8.9,Alluvial,3.65,Good,Moderate,0,None,None,False,7
2024-10-09,24.8928,93.7122,Assam,Kamrup,2.5,16.0,64.3,145,10.7,Sandy Loam,6.12,Good,Moderate,3,None,None,False,21
2024-10-09,27.8581,88.4432,Sikkim,South Sikkim,0.4,9.3,49.5,4296,26.4,Mountain Soil,2.47,Good,Low,1,None,None,False,5
2024-10-09,22.0381,93.1947,Mizoram,Lunglei,4.4,17.1,58.6,1701,6.8,Mountain Soil,4.62,Good,Moderate,0,None,None,False,11
2024-10-09,26.2899,91.3016,Assam,Cachar,2.3,15.0,78.7,98,16.0,Clayey,4.08,Fair,Low,0,None,None,False,10
2024-10-10,23.3235,91.154,Tripura,Khowai,0.6,28.9,61.6,333,15.2,Mountain Soil,4.66,Poor,Moderate,3,Fog/Visibility,Medium,True,230
2024-10-10,24.063,92.7246,Mizoram,Aizawl,1.5,22.4,47.2,966,0.0,Forest Soil,3.33,Fair,Low,1,None,None,False,0
2024-10-11,25.8581,90.6336,Meghalaya,East Khasi Hills,0.9,15.1,58.2,1224,5.5,Laterite,3.95,Good,Low,0,None,None,False,21
2024-10-11,27.9217,88.1025,Sikkim,West Sikkim,1.6,14.0,39.5,2455,23.9,Laterite,4.65,Good,Low,1,None,None,False,4
2024-10-13,28.1676,97.1706,Arunachal Pradesh,West Kameng,0.6,20.6,65.8,1956,4.8,Alluvial,1.94,Good,Moderate,0,None,None,False,16
2024-10-14,26.4026,89.7137,Assam,Cachar,0.7,21.2,48.3,72,11.8,Alluvial,3.24,Good,Low,0,None,None,False,21
2024-10-14,26.8135,94.152,Nagaland,Wokha,3.4,17.8,53.5,1382,7.2,Red Loamy,4.38,Fair,Low,1,None,None,False,1
2024-10-14,23.9194,94.63,Manipur,Tamenglong,7.5,16.5,56.1,1431,3.5,Sandy Loam,6.1,Good,High,1,None,None,False,2
2024-10-14,22.85,93.1217,Mizoram,Lunglei,9.4,23.8,50.3,1460,12.5,Alluvial,3.22,Good,Low,0,None,None,False,0
2024-10-15,27.8641,94.7352,Arunachal Pradesh,Changlang,1.6,15.1,63.8,1507,0.7,Sandy Loam,3.16,Good,Low,1,None,None,False,11
2024-10-15,27.5453,88.6943,Sikkim,East Sikkim,6.2,26.2,61.9,309,0.4,Sandy Loam,2.16,Fair,Moderate,0,None,None,False,6
2024-10-15,24.6385,94.1743,Manipur,Imphal West,1.6,9.3,59.5,1467,7.3,Clayey,3.85,Good,Low,1,None,None,False,18
2024-10-15,27.4751,88.036,Sikkim,East Sikkim,2.5,27.8,72.3,372,4.2,Clayey,2.64,Fair,Low,1,None,None,False,0
2024-10-16,24.6412,89.8225,Assam,Kamrup,1.1,25.1,33.3,62,0.0,Laterite,3.33,Good,High,0,None,None,False,17
2024-10-16,25.4131,94.2529,Manipur,Imphal West,0.9,19.2,64.3,1550,9.8,Clayey,3.55,Good,Low,2,None,None,False,2
2024-10-16,27.4288,88.3255,Sikkim,East Sikkim,5.3,17.0,52.9,3890,27.2,Clayey,2.85,Good,Moderate,1,None,None,False,18
2024-10-16,29.0331,91.7213,Arunachal Pradesh,Lohit,0.9,13.5,60.7,984,1.0,Forest Soil,4.09,Good,Low,1,None,None,False,13
2024-10-17,27.9334,88.3727,Sikkim,South Sikkim,5.6,18.8,47.7,1365,15.5,Red Loamy,2.11,Fair,Low,1,None,None,False,13
2024-10-17,23.0578,92.9425,Mizoram,Kolasib,0.3,19.9,61.0,613,7.0,Mountain Soil,4.43,Poor,Low,1,Fog/Visibility,Low,True,102
2024-10-17,26.4129,91.6143,Assam,Jorhat,0.4,13.2,76.2,121,6.6,Clayey,3.19,Good,Low,0,None,None,False,12
2024-10-17,25.5712,92.2594,Meghalaya,Jaintia Hills,5.1,18.2,40.2,1690,18.1,Forest Soil,6.61,Damaged,Severe,3,Flood,Low,False,86
2024-10-18,25.4549,94.1619,Manipur,Imphal West,0.6,18.0,44.3,1932,25.6,Forest Soil,2.87,Good,Moderate,0,None,None,False,24
2024-10-18,28.4311,96.0931,Arunachal Pradesh,Tawang,0.2,30.5,46.4,299,6.4,Sandy Loam,4.34,Fair,Low,1,None,None,False,9
2024-10-18,23.5039,92.8943,Mizoram,Champhai,0.3,10.4,33.8,805,5.5,Mountain Soil,3.29,Good,Moderate,0,None,None,False,11
2024-10-18,25.4566,93.9274,Manipur,Imphal East,2.3,7.9,65.3,1927,22.2,Forest Soil,2.96,Good,High,0,None,None,False,4
2024-10-19,25.7715,90.0141,Meghalaya,West Garo Hills,3.0,20.7,44.0,1412,6.2,Forest Soil,2.64,Good,Moderate,1,None,None,False,0
2024-10-19,23.9509,91.8323,Tripura,Dhalai,2.6,16.4,50.3,641,8.1,Laterite,4.35,Good,Low,1,None,None,False,24
2024-10-19,27.1101,95.0326,Assam,Kamrup,0.5,19.3,49.8,178,5.8,Clayey,3.49,Fair,Moderate,1,None,None,False,5
2024-10-19,23.6198,91.9152,Tripura,Khowai,0.4,17.0,57.1,604,3.0,Mountain Soil,3.06,Good,Moderate,1,None,None,False,16
2024-10-20,28.4574,93.9086,Arunachal Pradesh,West Kameng,3.3,19.3,39.6,985,13.6,Red Loamy,1.85,Good,Low,0,None,None,False,15
2024-10-20,25.9787,91.6261,Meghalaya,South Garo Hills,0.7,19.1,62.8,1812,19.8,Forest Soil,1.25,Good,High,0,None,None,False,0
2024-10-20,25.4377,92.232,Meghalaya,South Garo Hills,3.0,19.3,59.2,1643,6.2,Laterite,1.25,Good,Low,0,None,None,False,12
2024-10-20,27.1987,88.5828,Sikkim,South Sikkim,2.0,26.1,65.1,872,9.1,Forest Soil,2.28,Good,Low,1,None,None,False,8
2024-10-20,23.9854,91.8477,Tripura,Dhalai,2.6,25.8,61.1,101,1.6,Sandy Loam,3.14,Good,Low,0,None,None,False,15
2024-10-20,23.7712,92.3225,Mizoram,Serchhip,0.6,12.0,56.4,1387,0.0,Red Loamy,4.25,Good,Low,0,None,None,False,0
2024-10-21,27.4494,96.6574,Arunachal Pradesh,Lohit,0.3,21.2,50.1,1650,0.2,Sandy Loam,2.9,Good,High,1,None,None,False,13
2024-10-21,24.4048,92.4797,Mizoram,Mamit,2.1,18.3,37.9,1272,11.3,Alluvial,0.99,Good,Low,0,None,None,False,24
2024-10-21,25.3109,93.6087,Nagaland,Tuensang,2.8,22.8,57.2,1811,8.7,Clayey,4.12,Good,Low,0,None,None,False,0
2024-10-21,24.31,94.2365,Manipur,Senapati,1.6,22.5,50.9,918,0.0,Alluvial,3.71,Fair,Moderate,2,None,None,False,18
2024-10-21,25.8708,94.3862,Nagaland,Tuensang,1.4,15.0,51.7,860,6.4,Alluvial,2.17,Good,Low,1,None,None,False,5
2024-10-22,26.8588,93.1532,Arunachal Pradesh,Lohit,8.0,18.8,61.3,570,0.7,Red Loamy,2.81,Good,Moderate,0,None,None,False,6
2024-10-22,25.9123,94.7752,Nagaland,Mokokchung,1.0,18.8,47.3,504,0.0,Sandy Loam,0.59,Fair,High,1,None,None,False,23
2024-10-22,22.3026,93.4814,Mizoram,Champhai,0.2,18.6,54.8,947,0.0,Red Loamy,3.58,Good,High,1,None,None,False,14
2024-10-23,24.944,94.7985,Manipur,Imphal East,2.7,12.5,60.6,1383,18.6,Sandy Loam,4.03,Good,Low,1,None,None,False,22
2024-10-23,25.449,94.7689,Manipur,Ukhrul,3.4,22.4,41.4,1146,3.5,Clayey,5.27,Good,Low,0,None,None,False,4
2024-10-23,27.835,92.6541,Arunachal Pradesh,East Siang,0.2,15.5,66.2,722,13.2,Clayey,1.85,Good,Moderate,0,None,None,False,4
2024-10-23,22.8484,92.9289,Mizoram,Kolasib,0.6,17.5,36.8,1113,10.5,Red Loamy,2.52,Good,Low,1,None,None,False,0
2024-10-23,23.6105,91.7286,Tripura,Dhalai,3.1,33.4,60.3,367,6.6,Forest Soil,2.79,Good,High,0,None,None,False,8
2024-10-23,27.1058,88.8598,Sikkim,East Sikkim,2.7,6.3,50.2,2580,18.3,Forest Soil,5.64,Good,Low,1,None,None,False,0
2024-10-24,27.5672,93.3594,Arunachal Pradesh,Papum Pare,0.9,15.7,34.2,2400,18.0,Laterite,3.95,Good,Low,0,None,None,False,25
2024-10-24,24.3213,92.0714,Tripura,West Tripura,1.5,22.7,65.8,710,11.5,Laterite,5.61,Good,Low,0,None,None,False,0
2024-10-24,28.7906,97.01,Arunachal Pradesh,Papum Pare,2.8,11.9,66.9,1229,8.7,Red Loamy,4.62,Good,Low,0,None,None,False,14
2024-10-24,26.5258,93.6007,Nagaland,Kohima,0.0,11.5,49.7,1272,4.4,Alluvial,3.32,Good,Low,1,None,None,False,7
2024-10-24,27.6941,88.4257,Sikkim,West Sikkim,2.2,4.3,37.0,3122,34.9,Red Loamy,4.82,Fair,Low,0,None,None,False,5
2024-10-25,26.2914,90.2621,Assam,Dibrugarh,7.3,16.9,56.7,160,0.0,Sandy Loam,5.79,Good,Moderate,0,None,None,False,10
2024-10-25,23.4865,91.6779,Tripura,West Tripura,2.8,10.0,74.7,517,0.9,Clayey,3.08,Good,Moderate,0,None,None,False,0
2024-10-25,22.8175,92.6882,Mizoram,Champhai,4.0,26.2,60.0,1126,12.7,Red Loamy,3.48,Good,Low,0,None,None,False,4
2024-10-25,25.3232,90.6286,Meghalaya,East Khasi Hills,0.3,10.7,56.6,1671,15.0,Mountain Soil,3.16,Good,Low,0,None,None,False,0
2024-10-25,27.3191,92.0458,Arunachal Pradesh,Changlang,0.4,23.5,55.6,482,11.0,Laterite,2.52,Good,Low,0,None,None,False,0
2024-10-25,27.5062,88.6744,Sikkim,South Sikkim,4.0,16.2,55.9,1520,10.0,Red Loamy,2.83,Good,Moderate,0,None,None,False,14
2024-10-25,25.4456,92.0058,Meghalaya,East Khasi Hills,3.8,24.6,52.3,1318,5.1,Laterite,2.09,Good,High,0,None,None,False,12
2024-10-25,25.2662,94.018,Nagaland,Dimapur,9.8,17.4,55.9,1657,11.6,Alluvial,1.57,Good,Low,0,None,None,False,0
2024-10-26,27.3382,88.6159,Sikkim,East Sikkim,6.2,17.5,60.0,2523,7.0,Sandy Loam,2.21,Good,Low,1,None,None,False,4
2024-10-26,27.9755,93.6721,Arunachal Pradesh,West Kameng,3.9,16.8,47.1,1350,7.6,Forest Soil,3.79,Fair,Moderate,1,None,None,False,26
2024-10-26,23.6095,92.453,Mizoram,Mamit,8.8,17.3,69.4,1047,13.7,Laterite,3.76,Fair,Moderate,0,None,None,False,11
2024-10-26,25.4471,95.4802,Assam,Kamrup,2.0,25.1,43.9,170,12.9,Red Loamy,4.37,Fair,Moderate,1,None,None,False,8
2024-10-27,25.5499,91.9798,Meghalaya,East Khasi Hills,0.0,18.3,57.2,621,13.6,Alluvial,2.32,Good,Moderate,0,None,None,False,17
2024-10-27,25.6411,94.4273,Manipur,Imphal East,0.7,7.5,55.5,1350,1.5,Alluvial,5.47,Good,Low,0,None,None,False,1
2024-10-27,22.9167,93.1864,Mizoram,Champhai,3.3,17.1,35.7,1319,3.0,Mountain Soil,4.44,Good,Moderate,0,None,None,False,0
2024-10-27,26.4898,95.1251,Nagaland,Tuensang,3.2,29.9,53.5,497,0.0,Forest Soil,3.24,Good,Low,0,None,None,False,16
2024-10-27,27.4997,94.7312,Arunachal Pradesh,East Siang,0.0,22.5,59.4,811,8.5,Alluvial,4.49,Good,Low,1,None,None,False,9
2024-10-27,25.6961,91.3606,Assam,Sonitpur,0.0,20.7,57.0,183,5.0,Forest Soil,4.11,Good,Low,0,None,None,False,6
2024-10-28,24.5216,94.0773,Manipur,Ukhrul,2.4,21.8,36.2,1475,6.7,Mountain Soil,2.85,Good,Low,0,None,None,False,5
2024-10-28,25.9354,91.6999,Meghalaya,Jaintia Hills,2.7,14.6,51.8,1099,3.8,Clayey,4.43,Good,Low,0,None,None,False,10
2024-10-28,25.3337,90.1827,Assam,Cachar,12.1,20.6,48.6,143,0.0,Clayey,4.71,Good,Low,3,None,None,False,11
2024-10-29,25.3066,91.3679,Meghalaya,Jaintia Hills,0.2,13.0,44.2,753,15.4,Clayey,2.76,Good,Moderate,0,None,None,False,16
2024-10-30,28.239,96.2118,Arunachal Pradesh,East Siang,1.3,22.1,52.6,1800,3.9,Mountain Soil,3.78,Damaged,Low,2,Bridge Damage,Medium,False,61
2024-10-30,24.4974,91.9297,Tripura,North Tripura,0.8,19.8,62.7,751,10.8,Alluvial,3.94,Fair,Low,0,None,None,False,4
2024-10-30,23.2678,91.7243,Tripura,Gomati,1.6,23.9,49.8,377,7.1,Forest Soil,3.2,Good,Low,1,None,None,False,18
2024-10-31,25.393,93.9485,Nagaland,Kohima,0.3,21.9,64.2,1301,8.4,Clayey,3.86,Fair,High,0,None,None,False,14
2024-10-31,25.2713,91.6325,Meghalaya,South Garo Hills,1.8,21.6,71.5,1718,0.0,Mountain Soil,3.81,Good,Low,3,None,None,False,20
2024-10-31,25.135,92.2674,Meghalaya,East Khasi Hills,6.1,22.3,54.2,1033,4.7,Laterite,3.34,Good,Low,0,None,None,False,9
2024-10-31,27.3219,88.322,Sikkim,North Sikkim,3.1,11.0,56.4,4254,33.1,Clayey,4.48,Fair,Low,0,None,None,False,6
2024-10-31,25.0574,91.7592,Meghalaya,East Khasi Hills,1.8,21.9,45.9,744,5.7,Laterite,2.44,Good,Low,1,None,None,False,5
2024-10-31,27.9263,88.3502,Sikkim,North Sikkim,0.0,18.4,57.9,2522,6.7,Forest Soil,3.47,Fair,Moderate,2,None,None,False,12
2024-10-31,23.3593,91.7744,Tripura,Khowai,0.4,15.6,59.7,114,2.2,Alluvial,5.07,Good,Low,1,None,None,False,18
2024-10-31,25.3155,92.2019,Meghalaya,Ri Bhoi,0.5,14.4,52.6,598,7.6,Sandy Loam,2.18,Good,Low,0,None,None,False,9
2024-11-02,26.0112,91.9365,Assam,Nagaon,2.4,18.2,62.8,73,2.9,Forest Soil,4.15,Fair,High,1,None,None,False,10
2024-11-02,25.4781,90.3785,Meghalaya,Jaintia Hills,3.7,26.5,46.5,484,8.4,Clayey,4.96,Under Construction,Severe,3,Fog/Visibility,Medium,False,70
2024-11-02,25.5768,94.704,Nagaland,Mokokchung,1.6,22.8,81.2,934,0.4,Forest Soil,4.0,Good,High,0,None,None,False,3
2024-11-02,27.9592,88.145,Sikkim,North Sikkim,0.3,15.6,62.4,1366,4.8,Clayey,5.5,Fair,High,0,None,None,False,11
2024-11-02,24.4289,93.3122,Manipur,Ukhrul,2.2,20.8,66.7,1011,5.8,Laterite,3.92,Fair,Low,1,None,None,False,0
2024-11-02,22.1829,93.4924,Mizoram,Aizawl,3.8,16.1,34.6,1859,12.7,Sandy Loam,0.5,Good,High,0,None,None,False,14
2024-11-02,26.8923,94.2367,Assam,Cachar,1.3,21.9,68.2,44,0.0,Clayey,3.82,Good,Low,1,None,None,False,14
2024-11-03,23.8771,93.7034,Manipur,Senapati,4.2,13.0,45.9,1738,9.8,Mountain Soil,3.35,Damaged,High,3,Traffic Jam,Low,False,62
2024-11-03,23.1271,91.9493,Tripura,Khowai,0.6,15.9,61.8,796,6.2,Forest Soil,2.98,Fair,Low,1,None,None,False,10
2024-11-03,27.886,88.6151,Sikkim,East Sikkim,2.5,20.4,48.2,2496,20.6,Forest Soil,2.55,Fair,Low,0,None,None,False,14
2024-11-03,25.2638,89.9818,Meghalaya,Jaintia Hills,2.0,15.3,47.3,778,4.6,Red Loamy,3.1,Fair,Low,0,None,None,False,19
2024-11-03,27.9663,88.0575,Sikkim,West Sikkim,1.6,27.5,38.0,1703,3.5,Red Loamy,2.4,Good,Moderate,0,None,None,False,10
2024-11-04,23.9833,93.1257,Manipur,Churachandpur,1.2,13.1,79.3,950,0.0,Red Loamy,4.06,Good,High,2,None,None,False,0
2024-11-05,27.6518,88.3802,Sikkim,West Sikkim,9.0,11.7,71.6,3920,29.7,Red Loamy,1.55,Good,Low,0,None,None,False,4
2024-11-05,25.8119,94.3122,Assam,Barpeta,0.6,20.5,62.0,146,7.1,Red Loamy,1.31,Fair,Low,0,None,None,False,10
2024-11-05,23.5712,92.5395,Mizoram,Serchhip,11.7,14.3,38.2,1227,0.0,Red Loamy,5.14,Good,Low,2,None,None,False,7
2024-11-05,25.3549,93.4084,Nagaland,Kohima,2.0,17.5,62.9,389,0.0,Red Loamy,3.59,Good,Moderate,0,None,None,False,16
2024-11-06,25.4955,94.2752,Manipur,Tamenglong,0.2,22.2,39.1,760,6.7,Sandy Loam,3.01,Good,Low,1,None,None,False,7
2024-11-06,25.1404,92.4363,Assam,Sonitpur,0.0,23.2,39.4,179,8.8,Laterite,2.39,Good,Low,0,None,None,False,16
2024-11-06,24.3755,93.996,Manipur,Imphal East,7.4,13.8,52.7,1703,9.3,Alluvial,4.73,Poor,Severe,5,Traffic Jam,Low,True,178
2024-11-06,21.9022,92.4564,Mizoram,Lunglei,3.1,13.6,53.3,763,0.0,Laterite,3.31,Poor,High,6,Fallen Tree,Medium,False,69
2024-11-06,23.1886,91.6755,Tripura,West Tripura,1.2,31.9,31.3,597,0.0,Forest Soil,3.11,Good,High,1,None,None,False,9
2024-11-06,26.0259,93.7109,Nagaland,Dimapur,3.6,18.6,43.2,1089,0.6,Laterite,2.33,Fair,Moderate,0,None,None,False,18
2024-11-06,25.0619,93.987,Assam,Jorhat,1.9,24.8,62.8,96,5.4,Laterite,2.52,Good,Low,1,None,None,False,12
2024-11-06,25.7936,90.7845,Meghalaya,Jaintia Hills,1.4,21.5,56.8,388,13.6,Laterite,3.08,Good,Moderate,0,None,None,False,14
2024-11-07,25.715,94.6733,Nagaland,Wokha,7.2,22.3,53.1,1901,4.9,Clayey,4.32,Fair,Low,0,None,None,False,9
2024-11-07,27.2303,91.856,Arunachal Pradesh,West Kameng,2.5,21.5,80.7,462,10.1,Clayey,2.04,Good,Low,0,None,None,False,25
2024-11-07,26.0743,95.7014,Assam,Jorhat,0.5,26.8,48.6,114,0.0,Clayey,2.99,Fair,Moderate,0,None,None,False,0
2024-11-08,25.1008,93.096,Manipur,Tamenglong,2.8,15.5,44.7,1047,5.8,Clayey,4.75,Damaged,Severe,10,Traffic Jam,High,False,94
2024-11-08,28.3671,97.0174,Arunachal Pradesh,Papum Pare,0.2,21.0,67.5,1387,0.0,Laterite,1.41,Good,Moderate,0,None,None,False,7
2024-11-08,23.1697,91.2552,Tripura,West Tripura,0.1,23.1,62.4,514,4.7,Red Loamy,3.52,Good,Low,0,None,None,False,10
2024-11-11,29.3671,93.2715,Arunachal Pradesh,Tawang,0.7,17.2,47.8,761,13.5,Clayey,4.58,Poor,High,4,Fog/Visibility,Medium,True,309
2024-11-11,26.1975,94.3618,Nagaland,Mokokchung,0.3,16.7,54.9,1472,0.8,Laterite,6.61,Fair,High,0,None,None,False,9
2024-11-11,27.3329,93.976,Arunachal Pradesh,West Kameng,6.8,11.7,57.2,1753,10.8,Red Loamy,5.87,Damaged,Severe,4,Fog/Visibility,Medium,True,350
2024-11-12,25.9003,89.9171,Assam,Nagaon,9.0,22.4,50.8,194,0.0,Forest Soil,3.59,Fair,Low,0,None,None,False,0
2024-11-12,24.0095,92.2285,Tripura,Dhalai,2.1,24.2,51.8,505,4.0,Red Loamy,4.17,Good,Low,0,None,None,False,0
2024-11-12,27.7656,88.8479,Sikkim,West Sikkim,1.2,20.9,65.7,1052,5.5,Laterite,1.79,Good,Low,0,None,None,False,16
2024-11-12,25.4237,94.0082,Nagaland,Mon,5.8,13.1,58.1,1877,11.5,Sandy Loam,7.48,Good,Low,0,None,None,False,17
2024-11-12,24.1521,92.8489,Mizoram,Serchhip,0.6,16.2,57.3,915,0.0,Laterite,3.61,Good,High,0,None,None,False,18
2024-11-12,22.8359,93.3196,Mizoram,Aizawl,1.0,16.4,46.1,1820,9.8,Forest Soil,4.96,Fair,Low,0,None,None,False,12
2024-11-13,22.9543,92.4923,Mizoram,Kolasib,0.5,29.4,61.0,527,7.7,Red Loamy,1.52,Fair,Moderate,0,None,None,False,5
2024-11-13,26.851,94.8387,Nagaland,Mon,5.3,20.3,43.5,1331,2.1,Laterite,2.53,Good,Low,0,None,None,False,17
2024-11-14,25.7827,94.7539,Nagaland,Kohima,2.6,19.1,60.6,457,0.2,Alluvial,6.56,Good,Moderate,2,None,None,False,11
2024-11-14,26.1996,93.7921,Assam,Jorhat,1.3,16.5,50.2,81,2.0,Laterite,4.71,Good,Low,0,None,None,False,14
2024-11-14,25.5452,94.6274,Manipur,Ukhrul,0.9,18.1,39.0,945,0.0,Mountain Soil,4.8,Fair,Moderate,0,None,None,False,7
2024-11-15,25.6944,94.6882,Nagaland,Dimapur,3.1,15.5,77.2,1698,12.2,Red Loamy,4.54,Poor,High,3,Bridge Damage,Low,False,43
2024-11-15,21.9128,92.4383,Mizoram,Champhai,0.6,28.2,45.6,806,0.0,Forest Soil,2.23,Good,Moderate,0,None,None,False,9
2024-11-15,23.9589,92.0927,Tripura,North Tripura,1.7,22.7,52.8,621,17.6,Mountain Soil,7.52,Poor,Moderate,4,Flood,High,True,310
2024-11-15,24.6139,90.6505,Assam,Cachar,1.1,17.0,51.6,51,0.0,Forest Soil,3.37,Good,Low,0,None,None,False,6
2024-11-15,25.626,90.6838,Meghalaya,West Garo Hills,0.1,18.3,49.4,1001,6.3,Clayey,3.97,Good,High,1,None,None,False,13
2024-11-15,26.6289,94.2488,Assam,Sonitpur,2.9,28.7,64.2,125,5.8,Sandy Loam,3.28,Fair,Moderate,0,None,None,False,7
2024-11-15,23.9712,94.3647,Manipur,Senapati,2.4,14.5,35.9,1538,0.0,Laterite,5.46,Good,High,0,None,None,False,5
2024-11-16,27.2208,88.0968,Sikkim,North Sikkim,0.2,20.4,60.1,2148,10.6,Clayey,3.73,Under Construction,Severe,4,Fog/Visibility,High,False,31
2024-11-16,27.6392,88.395,Sikkim,West Sikkim,2.9,11.6,64.6,4068,31.7,Red Loamy,4.98,Damaged,High,4,Fallen Tree,Medium,False,49
2024-11-16,24.4909,92.187,Tripura,Gomati,8.5,23.9,46.3,615,27.9,Clayey,6.27,Good,Low,1,None,None,False,8
2024-11-17,28.8065,94.6075,Arunachal Pradesh,East Siang,2.0,18.9,50.8,2844,22.3,Clayey,3.68,Fair,Moderate,0,None,None,False,9
2024-11-17,22.1237,92.4303,Mizoram,Lunglei,8.3,25.8,51.0,708,9.1,Clayey,5.83,Good,Low,0,None,None,False,9
2024-11-17,21.9573,92.9582,Mizoram,Champhai,1.8,23.8,49.3,1679,16.0,Sandy Loam,2.52,Good,Moderate,1,None,None,False,0
2024-11-17,24.0565,94.4882,Manipur,Ukhrul,1.2,16.2,66.7,929,14.2,Forest Soil,2.84,Good,Moderate,1,None,None,False,2
2024-11-17,24.2011,91.1761,Tripura,Gomati,0.9,19.0,74.7,112,0.0,Clayey,1.8,Good,Low,0,None,None,False,9
2024-11-18,24.3542,91.6876,Tripura,North Tripura,1.0,23.2,72.1,243,12.8,Clayey,4.03,Good,Low,0,None,None,False,23
2024-11-18,25.4312,90.0196,Meghalaya,Ri Bhoi,1.8,23.2,66.6,992,16.1,Forest Soil,4.04,Fair,Moderate,1,None,None,False,19
2024-11-18,23.2826,91.6281,Tripura,Gomati,0.4,20.7,50.8,274,0.0,Laterite,2.48,Good,Low,0,None,None,False,35
2024-11-18,22.221,93.4741,Mizoram,Aizawl,0.5,23.7,74.2,1051,1.4,Mountain Soil,3.8,Fair,High,0,None,None,False,7
2024-11-19,27.6564,88.1902,Sikkim,East Sikkim,0.9,19.5,64.7,352,5.8,Red Loamy,3.73,Good,Low,0,None,None,False,15
2024-11-19,25.1015,94.5493,Manipur,Churachandpur,1.7,17.4,48.2,1269,3.6,Mountain Soil,3.69,Good,Low,0,None,None,False,16
2024-11-19,25.3206,92.197,Meghalaya,East Khasi Hills,1.0,19.4,51.1,1098,1.0,Alluvial,2.11,Good,Moderate,0,None,None,False,16
2024-11-19,23.8946,92.6424,Mizoram,Mamit,1.8,18.6,74.4,502,10.3,Alluvial,4.06,Poor,High,4,Traffic Jam,High,True,198
2024-11-19,27.4767,88.6828,Sikkim,West Sikkim,0.1,26.1,54.0,709,6.4,Laterite,3.39,Good,High,0,None,None,False,24
2024-11-19,27.7033,96.4553,Arunachal Pradesh,Papum Pare,3.3,22.2,58.3,572,7.7,Alluvial,5.6,Good,Moderate,0,None,None,False,3
2024-11-20,25.1403,93.0795,Assam,Kamrup,2.2,20.1,64.3,172,1.7,Red Loamy,4.91,Good,Low,0,None,None,False,16
2024-11-20,27.4829,88.0782,Sikkim,East Sikkim,1.3,17.3,45.8,2619,28.3,Sandy Loam,2.69,Good,Low,2,None,None,False,13
2024-11-20,28.9586,94.2802,Arunachal Pradesh,West Kameng,2.7,-1.9,38.0,2899,20.6,Red Loamy,3.51,Good,Moderate,1,None,None,False,11
2024-11-20,28.6887,96.8835,Arunachal Pradesh,West Kameng,2.2,32.8,60.7,1844,20.0,Forest Soil,2.39,Good,Moderate,0,None,None,False,11
2024-11-20,23.873,91.4819,Tripura,Dhalai,4.5,17.6,49.3,180,1.8,Laterite,3.46,Good,High,2,None,None,False,1
2024-11-21,26.6637,93.7892,Nagaland,Dimapur,1.0,18.8,62.3,1593,7.8,Sandy Loam,3.87,Good,Moderate,1,None,None,False,9
2024-11-21,22.6696,92.607,Mizoram,Champhai,1.1,16.0,58.2,674,0.0,Forest Soil,2.96,Good,Low,0,None,None,False,9
2024-11-21,25.2702,91.4129,Meghalaya,Jaintia Hills,3.1,26.7,35.5,228,1.0,Red Loamy,2.01,Good,Low,0,None,None,False,13
2024-11-21,24.5072,92.8003,Assam,Nagaon,3.8,24.2,62.1,100,0.0,Mountain Soil,4.4,Good,Low,1,None,None,False,0
2024-11-21,24.0122,92.8194,Mizoram,Lunglei,2.2,20.9,56.8,1693,11.9,Mountain Soil,3.89,Fair,Low,0,None,None,False,0
2024-11-22,25.2749,94.7578,Nagaland,Mon,8.7,12.9,50.4,1069,8.6,Laterite,4.65,Good,Moderate,1,None,None,False,12
2024-11-22,27.3002,94.2583,Assam,Kamrup,2.5,22.5,83.7,128,0.0,Sandy Loam,4.37,Fair,High,1,None,None,False,0
2024-11-22,29.2612,92.7436,Arunachal Pradesh,West Kameng,0.5,18.5,56.5,701,10.5,Clayey,2.85,Good,Moderate,2,None,None,False,24
2024-11-22,27.8139,92.9136,Arunachal Pradesh,Tawang,0.3,16.2,46.2,1939,0.0,Sandy Loam,3.48,Good,Low,0,None,None,False,13
2024-11-23,26.0075,94.2007,Nagaland,Kohima,2.6,17.4,59.2,1700,9.4,Mountain Soil,2.88,Fair,High,0,None,None,False,11
2024-11-23,29.3644,93.4465,Arunachal Pradesh,Papum Pare,0.5,25.8,55.9,1491,22.5,Alluvial,3.6,Good,Low,0,None,None,False,0
2024-11-23,22.8021,93.023,Mizoram,Serchhip,0.4,13.9,63.4,1693,11.5,Clayey,3.38,Under Construction,Moderate,4,Fog/Visibility,Medium,False,79
2024-11-23,27.0117,88.7755,Sikkim,North Sikkim,0.0,17.0,41.0,2195,13.5,Clayey,5.92,Good,High,0,None,None,False,15
2024-11-23,27.8159,96.8324,Arunachal Pradesh,Tawang,0.9,2.9,41.5,2987,10.3,Red Loamy,3.42,Fair,Low,1,None,None,False,21
2024-11-25,26.4159,90.7777,Assam,Cachar,1.7,20.3,74.9,176,11.2,Laterite,2.65,Poor,High,5,Traffic Jam,High,False,81
2024-11-25,26.6875,94.9201,Nagaland,Mokokchung,0.4,20.2,70.3,282,5.3,Mountain Soil,3.36,Damaged,High,2,Fallen Tree,Low,False,61
2024-11-26,22.7757,93.1307,Mizoram,Mamit,2.3,19.8,52.4,1176,0.6,Forest Soil,1.81,Fair,Low,0,None,None,False,8
2024-11-26,27.0341,88.7669,Sikkim,North Sikkim,1.9,16.9,63.4,1968,24.0,Laterite,2.24,Good,Moderate,0,None,None,False,0
2024-11-27,26.7142,94.5214,Arunachal Pradesh,East Siang,0.3,24.2,45.2,474,0.0,Alluvial,3.6,Good,High,0,None,None,False,12
2024-11-27,24.0238,92.5907,Mizoram,Kolasib,0.5,11.2,47.8,709,8.9,Clayey,2.73,Good,Low,0,None,None,False,11
2024-11-28,25.6788,90.3365,Meghalaya,West Garo Hills,0.6,16.7,49.4,1100,4.2,Laterite,5.03,Good,Low,0,None,None,False,9
2024-11-28,27.3926,88.2699,Sikkim,South Sikkim,0.0,19.9,64.6,1198,17.0,Alluvial,5.38,Fair,Moderate,0,None,None,False,10
2024-11-28,23.9482,94.0212,Manipur,Imphal East,0.0,14.7,51.0,1286,0.0,Mountain Soil,4.31,Fair,Low,1,None,None,False,6
2024-11-29,26.0071,92.3575,Meghalaya,East Khasi Hills,1.6,20.4,78.5,1164,14.2,Mountain Soil,3.18,Fair,High,1,None,None,False,12
2024-11-29,24.4348,92.7344,Mizoram,Kolasib,2.0,15.3,64.3,1122,0.0,Clayey,3.12,Good,High,0,None,None,False,18
2024-11-29,22.7832,93.1347,Mizoram,Mamit,0.5,21.7,44.1,901,3.2,Red Loamy,6.37,Good,High,0,None,None,False,18
2024-11-29,24.5044,93.7332,Manipur,Imphal East,7.4,13.6,46.3,1291,4.0,Mountain Soil,1.82,Good,Low,0,None,None,False,0
2024-11-30,25.7765,95.1842,Nagaland,Kohima,3.1,21.5,64.7,1262,23.0,Clayey,3.13,Good,Moderate,0,None,None,False,7
2024-11-30,28.4707,95.0636,Arunachal Pradesh,Tawang,9.9,8.3,46.4,552,8.4,Clayey,5.8,Fair,Low,0,None,None,False,11
2024-11-30,24.706,94.2379,Manipur,Imphal West,2.9,11.6,38.4,1653,6.0,Sandy Loam,4.59,Fair,Moderate,0,None,None,False,5
2024-11-30,25.5254,91.5482,Meghalaya,East Khasi Hills,7.3,16.5,53.8,784,18.1,Red Loamy,5.51,Good,Low,2,None,None,False,4
2024-11-30,27.0439,92.0162,Assam,Cachar,1.5,26.9,57.6,130,0.0,Clayey,3.49,Fair,Moderate,0,None,None,False,0
2024-11-30,26.4732,95.6957,Assam,Nagaon,1.4,21.1,58.9,162,5.0,Alluvial,4.5,Good,High,0,None,None,False,8
2024-11-30,25.5419,91.6495,Meghalaya,West Garo Hills,3.9,25.1,65.7,165,4.5,Laterite,3.18,Good,High,0,None,None,False,31
2024-12-01,27.8535,88.5873,Sikkim,South Sikkim,0.4,3.7,45.2,4456,16.1,Forest Soil,6.15,Good,Moderate,0,None,None,False,12
2024-12-01,25.2843,91.432,Meghalaya,East Khasi Hills,0.5,19.7,74.2,1263,17.4,Alluvial,2.55,Good,Low,0,None,None,False,16
2024-12-02,24.1298,92.9585,Mizoram,Champhai,2.6,12.7,40.9,1806,20.7,Clayey,2.24,Good,Low,0,None,None,False,14
2024-12-02,25.0985,91.5519,Assam,Barpeta,8.9,17.4,63.4,70,1.9,Clayey,3.59,Good,Low,1,None,None,False,17
2024-12-02,27.533,88.8105,Sikkim,West Sikkim,2.5,11.6,27.6,3835,16.8,Forest Soil,3.48,Poor,Moderate,8,Fallen Tree,Medium,False,83
2024-12-03,26.4504,93.7156,Nagaland,Tuensang,0.6,13.3,61.6,1271,13.5,Clayey,4.4,Good,Low,0,None,None,False,16
2024-12-04,23.2379,92.9782,Mizoram,Lunglei,3.6,15.9,65.4,1105,10.5,Sandy Loam,3.39,Good,Moderate,0,None,None,False,7
2024-12-04,24.3185,94.6548,Manipur,Tamenglong,1.6,7.2,58.6,1742,22.2,Sandy Loam,4.46,Good,Low,1,None,None,False,16
2024-12-04,26.9824,94.5022,Nagaland,Mon,1.2,10.8,46.1,635,3.5,Laterite,5.07,Fair,Moderate,1,None,None,False,0
2024-12-04,25.5686,92.5519,Meghalaya,Ri Bhoi,0.1,15.4,46.1,350,9.2,Alluvial,2.83,Poor,High,4,Traffic Jam,Medium,True,316
2024-12-04,27.9851,88.3832,Sikkim,East Sikkim,0.5,17.5,60.2,3617,24.0,Mountain Soil,2.44,Poor,High,1,Fallen Tree,Low,False,56
2024-12-05,24.0539,92.5904,Mizoram,Mamit,0.2,16.9,47.0,1389,20.9,Forest Soil,3.72,Fair,Moderate,2,None,None,False,4
2024-12-05,24.7275,94.3663,Manipur,Imphal East,0.8,22.7,51.7,1264,0.0,Laterite,4.74,Damaged,Moderate,5,Fallen Tree,Critical,True,162
2024-12-05,23.9699,91.8078,Tripura,North Tripura,0.2,17.9,60.3,524,2.8,Red Loamy,1.97,Good,Low,1,None,None,False,17
2024-12-06,28.12,94.6249,Arunachal Pradesh,Lohit,1.6,26.3,47.4,1173,7.6,Forest Soil,3.57,Good,Low,1,None,None,False,0
2024-12-07,24.0187,93.9959,Manipur,Tamenglong,3.7,21.6,42.0,798,0.0,Mountain Soil,2.15,Good,Moderate,0,None,None,False,13
2024-12-07,26.9516,94.6574,Nagaland,Wokha,7.2,19.2,41.8,1065,11.5,Red Loamy,2.86,Good,Moderate,1,None,None,False,0
2024-12-07,22.8771,92.8975,Mizoram,Lunglei,0.4,14.7,66.4,1837,18.8,Laterite,4.02,Fair,Low,0,None,None,False,3
2024-12-08,26.0596,93.7863,Nagaland,Mon,0.9,15.8,34.2,1056,0.0,Clayey,2.8,Good,Moderate,0,None,None,False,6
2024-12-09,27.139,96.3319,Arunachal Pradesh,Papum Pare,0.4,15.3,56.2,1216,0.0,Forest Soil,3.63,Good,Low,0,None,None,False,4
2024-12-09,23.2761,91.4997,Tripura,Gomati,0.2,15.1,60.2,569,0.9,Mountain Soil,3.9,Good,Low,1,None,None,False,10
2024-12-09,26.0434,90.4407,Meghalaya,Jaintia Hills,0.5,16.7,43.3,1577,14.1,Red Loamy,5.15,Fair,Low,0,None,None,False,18
2024-12-10,23.5842,92.9579,Mizoram,Champhai,0.1,24.8,58.4,871,12.3,Red Loamy,1.98,Fair,Low,2,None,None,False,21
2024-12-10,25.3791,91.5597,Meghalaya,Jaintia Hills,0.7,20.1,60.3,1887,0.0,Red Loamy,4.65,Poor,High,2,Traffic Jam,Medium,False,47
2024-12-10,23.6734,91.234,Tripura,Gomati,4.2,31.6,52.5,117,3.6,Red Loamy,4.76,Good,Moderate,0,None,None,False,9
2024-12-10,23.7092,91.8449,Tripura,Khowai,2.3,10.3,61.4,805,9.8,Sandy Loam,2.06,Fair,Moderate,0,None,None,False,16
2024-12-10,24.8583,93.6205,Assam,Barpeta,0.4,24.2,55.8,188,10.1,Forest Soil,2.47,Good,Low,2,None,None,False,10
2024-12-10,27.4977,88.4597,Sikkim,West Sikkim,4.5,0.4,63.5,2533,7.6,Alluvial,3.49,Good,Moderate,2,None,None,False,16
2024-12-11,26.2334,95.9343,Assam,Nagaon,3.4,21.3,40.1,147,0.0,Clayey,2.23,Fair,Moderate,2,None,None,False,0
2024-12-11,25.0674,90.589,Meghalaya,East Khasi Hills,0.1,18.5,34.6,1097,0.7,Alluvial,1.93,Good,Low,0,None,None,False,8
2024-12-11,27.7714,88.7101,Sikkim,South Sikkim,1.1,8.4,56.6,1774,12.0,Laterite,3.46,Good,Moderate,1,None,None,False,14
2024-12-11,27.6262,88.4345,Sikkim,North Sikkim,0.1,22.1,55.2,3950,38.0,Red Loamy,4.7,Good,Low,0,None,None,False,6
2024-12-12,25.4294,93.271,Manipur,Imphal West,7.5,25.0,61.1,1212,15.0,Alluvial,3.52,Good,Low,1,None,None,False,20
2024-12-12,24.0325,91.9813,Tripura,North Tripura,3.5,13.1,40.2,160,13.5,Alluvial,3.11,Fair,Moderate,1,None,None,False,15
2024-12-13,26.3045,93.1566,Assam,Kamrup,3.7,10.4,62.6,71,0.0,Clayey,3.1,Fair,Moderate,0,None,None,False,7
2024-12-14,27.6032,88.7867,Sikkim,South Sikkim,0.1,9.4,32.6,1759,28.0,Red Loamy,4.77,Fair,Low,0,None,None,False,10
2024-12-14,22.1295,92.4625,Mizoram,Serchhip,1.4,27.0,62.7,716,24.2,Red Loamy,5.6,Good,Moderate,0,None,None,False,11
2024-12-14,25.227,90.3637,Meghalaya,Ri Bhoi,0.0,10.4,69.4,1038,0.5,Mountain Soil,5.35,Good,Low,0,None,None,False,1
2024-12-14,27.1187,88.0893,Sikkim,West Sikkim,1.5,4.4,61.8,3881,22.0,Laterite,3.6,Good,Low,1,None,None,False,16
2024-12-14,24.3324,91.3815,Tripura,West Tripura,1.1,12.7,54.5,640,18.3,Forest Soil,3.25,Good,Moderate,2,None,None,False,5
2024-12-14,24.2026,93.1266,Mizoram,Kolasib,3.6,16.9,36.8,1273,5.6,Forest Soil,6.0,Good,Moderate,0,None,None,False,14
2024-12-15,26.3508,93.5015,Assam,Kamrup,1.8,15.3,37.4,185,0.0,Laterite,4.94,Good,Moderate,0,None,None,False,3
2024-12-15,23.0134,92.8935,Mizoram,Lunglei,8.1,13.0,30.4,1664,16.0,Red Loamy,3.16,Poor,Low,2,Bridge Damage,Medium,False,62
2024-12-16,25.5488,94.6717,Manipur,Imphal West,0.7,19.4,71.4,1400,8.1,Red Loamy,5.01,Good,Low,1,None,None,False,16
2024-12-16,24.1936,93.6006,Manipur,Ukhrul,0.8,14.5,61.9,1392,4.6,Laterite,3.52,Good,Low,0,None,None,False,16
2024-12-17,24.8991,92.9731,Assam,Barpeta,6.5,24.5,62.0,138,11.9,Clayey,4.09,Good,Low,1,None,None,False,17
2024-12-17,25.3596,91.155,Assam,Nagaon,1.1,10.9,38.0,171,0.0,Forest Soil,2.35,Good,Moderate,0,None,None,False,15
2024-12-18,24.8865,93.033,Manipur,Tamenglong,0.5,19.7,83.9,1063,15.5,Laterite,1.2,Under Construction,High,5,Fog/Visibility,Low,False,77
2024-12-18,23.9806,92.5113,Mizoram,Champhai,16.1,13.9,50.3,1256,5.4,Clayey,3.93,Good,Low,0,None,None,False,21
2024-12-19,29.1778,92.8616,Arunachal Pradesh,Changlang,6.1,15.8,61.5,408,6.9,Forest Soil,1.14,Fair,High,1,None,None,False,6
2024-12-19,27.0828,88.6471,Sikkim,North Sikkim,0.1,7.9,53.3,1525,15.0,Red Loamy,3.91,Fair,Low,0,None,None,False,9
2024-12-20,25.7557,91.5429,Assam,Jorhat,2.4,16.2,61.6,86,7.6,Mountain Soil,1.76,Good,High,1,None,None,False,17
2024-12-20,27.6474,88.367,Sikkim,North Sikkim,3.7,6.8,55.0,3034,12.5,Forest Soil,0.5,Fair,Low,0,None,None,False,6
2024-12-20,25.4044,93.9377,Manipur,Senapati,3.0,8.7,54.8,1936,7.3,Laterite,4.83,Fair,High,0,None,None,False,17
2024-12-21,26.2623,94.4673,Nagaland,Dimapur,2.6,24.7,70.0,388,18.8,Forest Soil,3.9,Good,Moderate,1,None,None,False,20
2024-12-21,25.365,89.8585,Meghalaya,East Khasi Hills,0.0,18.8,23.3,226,0.0,Red Loamy,3.23,Good,Moderate,0,None,None,False,12
2024-12-22,26.1642,94.1304,Nagaland,Dimapur,3.1,13.0,60.7,1807,18.6,Sandy Loam,3.69,Good,Low,1,None,None,False,9
2024-12-23,26.0533,90.4663,Meghalaya,Ri Bhoi,8.4,18.9,58.0,362,5.9,Clayey,5.15,Fair,Moderate,1,None,None,False,12
2024-12-23,26.5154,94.4821,Nagaland,Kohima,0.9,17.6,35.1,256,4.0,Clayey,1.57,Fair,Moderate,0,None,None,False,20
2024-12-24,29.2193,94.6455,Arunachal Pradesh,Changlang,1.9,18.3,34.7,2299,16.2,Red Loamy,3.83,Good,Moderate,1,None,None,False,19
2024-12-24,25.2592,93.8627,Nagaland,Kohima,0.0,19.9,72.2,1767,18.2,Clayey,4.61,Good,Low,0,None,None,False,15
2024-12-25,25.053,94.1337,Assam,Jorhat,0.8,19.1,52.3,169,12.8,Clayey,2.82,Good,Low,0,None,None,False,0
2024-12-25,23.919,94.3454,Manipur,Imphal East,2.7,15.3,55.7,1228,8.9,Laterite,2.42,Good,Moderate,1,None,None,False,15
2024-12-25,27.5123,88.696,Sikkim,North Sikkim,0.4,11.7,65.6,4142,40.1,Laterite,5.22,Poor,Low,6,Fallen Tree,Low,False,73
2024-12-25,25.8661,92.4263,Meghalaya,Jaintia Hills,4.0,19.3,67.9,1835,12.2,Forest Soil,1.74,Poor,High,5,Fog/Visibility,Medium,False,38
2024-12-26,27.2775,88.7857,Sikkim,West Sikkim,0.1,23.0,69.3,1009,6.1,Forest Soil,4.11,Good,Low,1,None,None,False,6
2024-12-26,23.2865,92.1062,Tripura,Dhalai,2.1,29.2,25.9,175,0.0,Clayey,3.53,Good,High,1,None,None,False,8
2024-12-26,25.38,93.4674,Manipur,Imphal East,8.9,22.8,60.2,904,2.5,Alluvial,2.46,Fair,Low,0,None,None,False,15
2024-12-26,25.7209,90.5966,Meghalaya,East Khasi Hills,7.1,18.4,59.0,285,0.0,Forest Soil,2.93,Good,Moderate,0,None,None,False,0
2024-12-26,23.3972,93.0103,Mizoram,Kolasib,3.3,22.4,64.8,1651,8.7,Red Loamy,3.13,Fair,Low,1,None,None,False,0
2024-12-27,28.8571,95.1104,Arunachal Pradesh,Changlang,0.5,16.8,57.6,2511,5.5,Red Loamy,2.38,Fair,Low,2,None,None,False,0
2024-12-27,26.0116,90.3339,Meghalaya,East Khasi Hills,8.9,18.8,49.9,940,9.7,Sandy Loam,1.97,Fair,Moderate,1,None,None,False,9
2024-12-27,26.2958,94.0824,Nagaland,Mon,1.1,20.6,41.4,1052,11.6,Clayey,4.34,Good,Moderate,0,None,None,False,0
2024-12-27,26.5349,93.8309,Nagaland,Kohima,5.2,20.4,69.1,436,9.7,Mountain Soil,3.37,Good,Moderate,0,None,None,False,7
2024-12-27,26.6904,93.6789,Nagaland,Mon,1.2,23.5,55.4,1143,17.6,Laterite,1.96,Fair,Low,1,None,None,False,0
2024-12-27,24.7464,93.5974,Manipur,Ukhrul,4.1,24.8,55.1,1217,18.3,Alluvial,3.5,Good,Low,0,None,None,False,20
2024-12-27,24.0746,94.4311,Manipur,Senapati,4.7,14.8,49.1,1317,12.6,Alluvial,5.48,Damaged,Moderate,3,Bridge Damage,Low,True,160
2024-12-27,27.7225,88.7067,Sikkim,West Sikkim,2.8,6.5,71.7,2607,26.3,Forest Soil,3.37,Good,Low,0,None,None,False,4
2024-12-27,25.2036,93.5872,Nagaland,Wokha,2.8,17.9,63.8,464,8.0,Forest Soil,2.86,Good,Low,0,None,None,False,0
2024-12-28,23.7918,91.9484,Tripura,North Tripura,4.3,15.8,63.1,601,6.8,Clayey,2.48,Good,Low,1,None,None,False,10
2024-12-29,25.5454,93.8235,Nagaland,Tuensang,15.0,29.9,61.0,395,0.0,Clayey,4.58,Good,Low,0,None,None,False,7
2024-12-29,25.3304,93.5944,Manipur,Imphal West,1.0,28.4,43.9,1150,0.3,Sandy Loam,4.53,Good,Moderate,0,None,None,False,9
2024-12-29,26.3278,93.4544,Nagaland,Mon,0.1,14.8,50.6,1784,14.1,Clayey,3.0,Fair,Low,0,None,None,False,10
2024-12-30,23.5327,92.5577,Mizoram,Serchhip,2.4,16.4,45.3,1773,5.0,Laterite,1.66,Good,Low,0,None,None,False,3
2024-12-30,24.1029,92.5195,Mizoram,Serchhip,9.3,23.1,64.6,1301,18.0,Alluvial,2.6,Fair,Low,0,None,None,False,7
2024-12-30,27.9438,88.8979,Sikkim,East Sikkim,0.1,13.6,69.6,1314,4.0,Red Loamy,2.26,Good,High,0,None,None,False,18
2024-12-31,25.9026,91.6986,Meghalaya,West Garo Hills,0.5,22.5,60.1,1321,0.0,Red Loamy,2.09,Fair,High,1,None,None,False,0
2024-12-31,27.1397,88.3488,Sikkim,West Sikkim,5.6,5.7,44.8,3801,19.0,Clayey,5.47,Poor,High,5,Fallen Tree,Low,True,358
2025-01-01,28.8152,93.2653,Arunachal Pradesh,Changlang,1.1,26.7,46.0,577,0.0,Forest Soil,3.19,Good,Moderate,0,None,None,False,21
2025-01-01,24.1334,92.21,Mizoram,Lunglei,2.2,21.6,65.8,570,2.4,Clayey,1.7,Fair,Moderate,0,None,None,False,3
2025-01-01,25.2136,90.4529,Meghalaya,East Khasi Hills,0.4,23.0,63.0,1493,15.6,Clayey,4.61,Fair,Low,0,None,None,False,24
2025-01-01,26.0761,91.8229,Meghalaya,South Garo Hills,4.8,14.2,67.8,1780,23.8,Forest Soil,5.35,Fair,Moderate,2,None,None,False,17
2025-01-02,27.1826,92.3949,Arunachal Pradesh,West Kameng,7.3,23.5,67.0,1730,2.9,Sandy Loam,4.63,Good,Moderate,0,None,None,False,19
2025-01-02,24.5491,93.7533,Assam,Nagaon,1.8,9.1,49.7,145,0.0,Clayey,4.2,Damaged,Low,2,Traffic Jam,Medium,True,266
2025-01-03,27.0536,95.9925,Assam,Cachar,1.0,22.1,49.9,87,0.0,Mountain Soil,3.31,Poor,Moderate,3,Traffic Jam,High,False,68
2025-01-03,26.0971,94.4521,Nagaland,Wokha,0.3,14.7,38.8,493,14.2,Mountain Soil,2.59,Good,High,0,None,None,False,5
2025-01-03,22.7546,92.3578,Mizoram,Serchhip,0.0,20.0,57.3,1152,0.0,Mountain Soil,2.41,Fair,Low,0,None,None,False,0
2025-01-03,23.1193,91.3078,Tripura,West Tripura,2.5,16.2,66.0,63,0.0,Laterite,2.48,Good,Moderate,0,None,None,False,6
2025-01-03,22.9377,92.5149,Mizoram,Serchhip,9.4,16.4,53.4,784,2.2,Clayey,5.14,Fair,Low,1,None,None,False,6
2025-01-04,29.3274,97.0217,Arunachal Pradesh,West Kameng,0.0,9.9,35.9,1997,14.0,Forest Soil,2.02,Good,Moderate,1,None,None,False,10
2025-01-04,25.263,94.5602,Manipur,Imphal East,0.7,12.2,54.0,1399,7.4,Red Loamy,3.44,Fair,Low,1,None,None,False,0
2025-01-04,25.2885,94.1382,Nagaland,Kohima,0.7,20.7,49.0,1013,14.3,Clayey,1.45,Good,Moderate,1,None,None,False,13
2025-01-05,27.4681,90.6438,Assam,Cachar,0.0,19.3,56.6,139,0.0,Laterite,2.81,Good,Low,0,None,None,False,5
2025-01-05,23.8475,92.3463,Mizoram,Aizawl,0.0,11.4,61.3,1607,11.5,Mountain Soil,2.63,Fair,Low,0,None,None,False,5
2025-01-05,25.8783,90.6015,Meghalaya,East Khasi Hills,0.5,15.5,20.3,577,3.2,Laterite,3.85,Good,Low,0,None,None,False,12
2025-01-05,22.0853,92.3455,Mizoram,Mamit,2.8,16.2,67.9,1373,3.6,Red Loamy,2.31,Good,Low,0,None,None,False,10
2025-01-05,25.2641,95.0777,Nagaland,Tuensang,0.7,22.4,59.2,1255,11.1,Red Loamy,3.25,Good,Moderate,2,None,None,False,13
2025-01-05,28.8053,91.6636,Arunachal Pradesh,West Kameng,0.1,21.8,27.2,359,2.6,Alluvial,4.04,Fair,High,1,None,None,False,15
2025-01-06,22.2502,93.3425,Mizoram,Champhai,0.1,13.2,60.6,1387,8.6,Sandy Loam,3.86,Fair,Low,0,None,None,False,0
2025-01-07,28.6464,92.8069,Arunachal Pradesh,East Siang,1.5,10.7,47.2,2729,4.4,Sandy Loam,4.52,Fair,Low,0,None,None,False,12
2025-01-07,22.1988,92.9416,Mizoram,Lunglei,0.3,7.2,48.6,1805,10.9,Clayey,4.9,Good,Low,0,None,None,False,10
2025-01-07,25.4595,91.7569,Assam,Cachar,1.7,20.0,52.4,144,0.0,Laterite,3.81,Fair,Moderate,0,None,None,False,13
2025-01-07,25.7423,94.4911,Nagaland,Dimapur,4.4,25.3,43.5,821,1.0,Clayey,4.07,Good,Low,0,None,None,False,0
2025-01-07,26.6725,94.6882,Arunachal Pradesh,Tawang,0.1,8.1,62.3,2397,13.9,Forest Soil,3.25,Good,High,0,None,None,False,5
2025-01-08,22.6755,93.2082,Mizoram,Serchhip,1.8,11.3,39.2,1050,9.2,Sandy Loam,0.98,Good,Low,0,None,None,False,8
2025-01-08,24.9461,91.7677,Assam,Jorhat,1.5,18.6,54.5,98,0.0,Red Loamy,3.31,Fair,Low,0,None,None,False,4
2025-01-08,24.355,94.4358,Manipur,Imphal West,2.2,15.2,56.0,964,0.0,Laterite,2.02,Good,Low,1,None,None,False,18
2025-01-08,24.4634,91.1946,Tripura,Dhalai,2.6,20.1,36.2,656,0.0,Alluvial,5.55,Poor,Moderate,2,Fog/Visibility,Medium,False,118
2025-01-08,23.6618,91.4814,Tripura,North Tripura,0.8,24.7,75.2,333,16.0,Alluvial,1.25,Fair,High,0,None,None,False,4
2025-01-08,28.5314,95.5602,Arunachal Pradesh,East Siang,0.8,16.4,34.9,2173,21.3,Sandy Loam,3.4,Fair,High,0,None,None,False,11
2025-01-08,27.4746,94.8692,Arunachal Pradesh,East Siang,3.1,18.9,76.8,226,9.2,Red Loamy,3.49,Good,Moderate,1,None,None,False,27
2025-01-09,23.5392,93.2627,Mizoram,Serchhip,1.6,12.2,43.7,1593,15.7,Sandy Loam,4.27,Good,Low,0,None,None,False,6
2025-01-09,26.7209,93.4546,Assam,Barpeta,2.1,25.2,61.6,79,9.2,Mountain Soil,3.72,Good,Low,0,None,None,False,8
2025-01-09,24.1675,92.8717,Mizoram,Serchhip,0.1,22.4,54.5,1039,0.0,Mountain Soil,1.18,Fair,Low,0,None,None,False,17
2025-01-09,25.757,90.2074,Meghalaya,Jaintia Hills,7.0,15.0,57.0,353,4.8,Red Loamy,3.36,Good,Low,0,None,None,False,18
2025-01-10,29.1466,92.6121,Arunachal Pradesh,Tawang,0.2,9.5,61.0,2456,13.7,Clayey,5.17,Good,Moderate,1,None,None,False,8
2025-01-10,24.157,93.7288,Manipur,Senapati,0.6,16.9,66.2,1249,7.1,Alluvial,2.66,Good,High,0,None,None,False,11
2025-01-10,26.4175,95.8267,Assam,Kamrup,0.5,16.3,79.5,190,12.7,Forest Soil,3.38,Good,Moderate,0,None,None,False,14
2025-01-12,25.7292,90.8415,Meghalaya,West Garo Hills,4.8,25.2,77.4,1522,16.7,Red Loamy,2.81,Fair,Moderate,1,None,None,False,3
2025-01-12,24.4218,92.6414,Mizoram,Serchhip,1.9,12.6,67.8,1536,13.4,Alluvial,3.13,Good,Low,1,None,None,False,3
2025-01-12,25.9733,90.4941,Meghalaya,South Garo Hills,17.1,23.7,63.5,857,27.7,Mountain Soil,2.56,Good,Moderate,0,None,None,False,17
2025-01-13,24.3185,91.3999,Tripura,Gomati,1.2,26.8,64.9,226,0.0,Alluvial,1.01,Good,Low,2,None,None,False,6
2025-01-13,25.0092,93.9339,Manipur,Ukhrul,2.5,19.0,64.9,1194,18.5,Forest Soil,3.59,Poor,High,8,Fog/Visibility,Medium,False,35
2025-01-13,27.4396,95.3274,Arunachal Pradesh,Changlang,3.0,9.3,58.3,2162,3.3,Mountain Soil,3.08,Fair,Moderate,0,None,None,False,10
2025-01-14,24.6561,93.5139,Manipur,Churachandpur,1.0,15.5,54.2,1122,11.3,Mountain Soil,4.84,Good,Low,1,None,None,False,4
2025-01-14,22.7742,92.5549,Mizoram,Aizawl,2.5,22.5,58.6,1291,1.8,Forest Soil,2.81,Fair,High,0,None,None,False,7
2025-01-14,24.0084,92.7205,Mizoram,Serchhip,1.1,17.2,66.5,1826,11.9,Clayey,2.23,Good,High,1,None,None,False,20
2025-01-15,27.1694,88.858,Sikkim,East Sikkim,5.6,9.9,67.6,4205,33.1,Laterite,2.8,Fair,Low,2,None,None,False,12
2025-01-15,24.1008,91.3085,Tripura,North Tripura,1.7,19.1,41.9,71,0.0,Red Loamy,3.75,Good,Low,1,None,None,False,13
2025-01-16,27.2857,92.9347,Arunachal Pradesh,West Kameng,1.4,15.0,56.4,1804,14.8,Red Loamy,1.13,Good,High,0,None,None,False,10
2025-01-16,23.2923,91.752,Tripura,Khowai,4.3,18.2,62.0,641,2.8,Mountain Soil,3.65,Good,High,0,None,None,False,4
2025-01-17,25.2531,93.0603,Manipur,Ukhrul,1.2,21.6,56.8,1618,6.2,Laterite,5.5,Good,Moderate,0,None,None,False,8
2025-01-17,25.1897,91.9779,Meghalaya,South Garo Hills,0.3,21.9,43.0,256,0.0,Mountain Soil,3.08,Fair,Low,1,None,None,False,15
2025-01-17,25.5295,94.2938,Assam,Barpeta,5.0,30.7,46.1,140,0.0,Laterite,2.29,Good,Low,0,None,None,False,21
2025-01-17,25.7576,90.2205,Meghalaya,West Garo Hills,6.7,20.3,50.4,777,2.9,Forest Soil,3.03,Good,High,0,None,None,False,0
2025-01-17,25.4218,94.6404,Manipur,Senapati,4.4,11.6,36.8,1247,6.1,Alluvial,0.51,Good,Low,0,None,None,False,10
2025-01-18,25.8051,90.3563,Meghalaya,Ri Bhoi,0.0,23.9,47.2,1138,20.7,Alluvial,2.41,Good,Low,0,None,None,False,16
2025-01-18,22.458,92.6436,Mizoram,Champhai,6.7,12.1,39.0,1594,2.9,Mountain Soil,4.17,Good,Moderate,1,None,None,False,9
2025-01-18,26.3623,94.5214,Nagaland,Kohima,1.8,4.6,61.7,1366,0.0,Sandy Loam,0.91,Fair,Low,0,None,None,False,17
2025-01-18,23.4924,92.3944,Mizoram,Lunglei,0.8,16.4,42.2,1084,6.0,Sandy Loam,3.76,Good,Low,1,None,None,False,10
2025-01-18,23.1659,91.4993,Tripura,West Tripura,0.8,12.5,54.3,846,4.8,Sandy Loam,4.69,Good,High,1,None,None,False,20
2025-01-18,22.7109,92.642,Mizoram,Champhai,1.2,27.3,67.0,610,0.3,Clayey,1.86,Fair,Low,0,None,None,False,8
2025-01-19,21.9353,92.5314,Mizoram,Kolasib,2.8,18.0,69.4,1780,3.5,Laterite,1.92,Good,Low,0,None,None,False,0
2025-01-19,27.144,93.3919,Assam,Cachar,0.5,20.3,64.8,162,6.9,Mountain Soil,4.59,Fair,Moderate,0,None,None,False,0
2025-01-19,26.7072,91.0338,Assam,Sonitpur,0.7,23.4,51.4,54,0.0,Red Loamy,7.23,Good,Moderate,2,None,None,False,0
2025-01-19,25.5007,89.9882,Meghalaya,Ri Bhoi,0.1,20.0,69.2,198,0.0,Forest Soil,3.17,Fair,Moderate,1,None,None,False,11
2025-01-20,27.8872,88.2669,Sikkim,North Sikkim,2.6,8.8,72.8,2442,8.8,Laterite,1.0,Fair,Moderate,0,None,None,False,10
2025-01-20,26.874,93.0108,Assam,Sonitpur,1.9,18.1,43.9,127,0.0,Sandy Loam,4.9,Good,Low,0,None,None,False,11
2025-01-20,25.7491,91.4579,Meghalaya,South Garo Hills,3.3,19.8,65.6,1136,4.8,Alluvial,0.89,Good,Low,0,None,None,False,25
2025-01-20,23.4993,92.8529,Mizoram,Serchhip,6.5,29.7,51.1,523,0.0,Alluvial,1.52,Fair,Low,0,None,None,False,10
2025-01-20,24.9867,93.4768,Manipur,Imphal East,0.2,18.8,55.1,960,0.0,Forest Soil,3.0,Good,Low,0,None,None,False,20
2025-01-21,25.8738,90.8766,Meghalaya,East Khasi Hills,17.4,14.7,47.6,1824,13.3,Sandy Loam,4.85,Fair,High,1,None,None,False,0
2025-01-21,23.6481,92.1104,Tripura,Dhalai,0.1,16.4,45.3,317,8.2,Red Loamy,4.14,Fair,Low,0,None,None,False,4
2025-01-21,24.237,92.4317,Mizoram,Mamit,1.1,16.0,57.0,1343,0.5,Red Loamy,4.69,Good,Moderate,0,None,None,False,7
2025-01-21,23.5131,92.0536,Tripura,North Tripura,0.3,16.9,40.8,418,3.0,Forest Soil,4.04,Fair,Low,0,None,None,False,10
2025-01-22,25.2616,92.7389,Meghalaya,Jaintia Hills,0.7,21.4,52.9,848,3.9,Laterite,2.68,Good,Low,1,None,None,False,0
2025-01-22,27.9473,88.5475,Sikkim,East Sikkim,2.2,17.6,38.8,1615,0.0,Laterite,3.84,Fair,High,0,None,None,False,7
2025-01-22,25.3928,92.6885,Meghalaya,South Garo Hills,0.0,18.8,43.6,1092,8.6,Alluvial,1.82,Good,Moderate,0,None,None,False,9
2025-01-23,23.6908,92.2243,Tripura,West Tripura,6.3,16.7,46.2,15,0.0,Forest Soil,2.82,Good,Moderate,0,None,None,False,4
2025-01-23,22.19,92.431,Mizoram,Aizawl,4.8,27.0,65.3,1601,25.6,Red Loamy,2.84,Good,Moderate,1,None,None,False,12
2025-01-24,23.3191,91.3976,Tripura,West Tripura,3.2,21.1,72.5,820,1.0,Clayey,3.33,Good,Low,1,None,None,False,9
2025-01-24,22.9965,91.43,Tripura,West Tripura,6.1,18.7,58.8,217,24.5,Laterite,5.27,Good,High,1,None,None,False,9
2025-01-24,24.0921,93.7697,Manipur,Ukhrul,12.6,20.4,45.6,1229,4.3,Mountain Soil,3.43,Good,Low,0,None,None,False,21
2025-01-26,22.3277,93.4521,Mizoram,Serchhip,0.5,17.8,60.1,1583,5.3,Alluvial,2.62,Good,Low,1,None,None,False,4
2025-01-26,23.9816,94.3079,Manipur,Tamenglong,1.0,18.3,66.0,1070,7.3,Red Loamy,4.19,Poor,Severe,6,Traffic Jam,Low,True,247
2025-01-27,25.2618,92.6113,Meghalaya,Jaintia Hills,2.5,22.9,65.4,859,13.8,Forest Soil,2.18,Good,Low,1,None,None,False,6
2025-01-27,27.7217,92.6348,Arunachal Pradesh,Changlang,5.2,12.3,41.0,958,5.2,Alluvial,6.86,Good,Low,1,None,None,False,0
2025-01-27,29.2642,96.4789,Arunachal Pradesh,Changlang,11.6,14.6,51.2,2523,7.3,Alluvial,3.18,Good,Low,2,None,None,False,1
2025-01-28,25.6034,93.6467,Manipur,Ukhrul,3.9,24.2,55.2,754,24.8,Sandy Loam,3.2,Good,Low,0,None,None,False,25
2025-01-28,25.3127,90.2732,Meghalaya,West Garo Hills,0.2,18.0,64.0,626,7.1,Sandy Loam,3.23,Good,Moderate,0,None,None,False,12
2025-01-28,27.3844,88.0451,Sikkim,West Sikkim,0.5,13.8,48.7,3449,17.6,Clayey,2.81,Good,High,2,None,None,False,9
2025-01-28,23.9565,94.0917,Manipur,Churachandpur,4.8,13.7,41.3,879,6.7,Red Loamy,3.97,Good,Low,0,None,None,False,1
2025-01-28,24.0628,92.2332,Tripura,Dhalai,3.1,19.0,52.9,555,2.5,Forest Soil,5.2,Good,Moderate,1,None,None,False,17
2025-01-28,27.6469,88.4626,Sikkim,North Sikkim,0.5,10.1,72.4,3787,22.1,Forest Soil,3.41,Good,High,1,None,None,False,7
2025-01-30,27.3115,88.2586,Sikkim,West Sikkim,0.8,14.3,35.6,1281,8.8,Laterite,3.05,Poor,High,5,Bridge Damage,Low,False,12
2025-01-30,26.9094,96.3937,Arunachal Pradesh,East Siang,0.4,10.9,40.8,1887,8.3,Mountain Soil,3.29,Good,Low,0,None,None,False,1
2025-01-30,25.2061,93.8852,Nagaland,Kohima,0.7,20.3,65.3,1874,17.8,Laterite,3.46,Fair,Low,1,None,None,False,3
2025-01-30,27.1647,88.1408,Sikkim,West Sikkim,1.0,15.9,62.0,1912,15.1,Mountain Soil,3.69,Fair,Moderate,0,None,None,False,2
2025-01-30,27.6779,88.104,Sikkim,West Sikkim,1.3,13.2,68.0,3839,25.6,Forest Soil,2.19,Fair,Low,0,None,None,False,12
2025-01-31,27.2348,88.729,Sikkim,South Sikkim,0.0,15.9,44.6,1223,18.6,Red Loamy,4.61,Good,Moderate,2,None,None,False,19
2025-01-31,28.4873,94.0664,Arunachal Pradesh,East Siang,0.1,13.5,62.9,1764,10.0,Sandy Loam,1.07,Good,Moderate,1,None,None,False,9
2025-01-31,26.792,93.4622,Nagaland,Tuensang,5.1,13.1,47.3,999,0.0,Laterite,4.03,Good,High,0,None,None,False,5
2025-02-01,27.51,88.7177,Sikkim,West Sikkim,0.3,2.2,62.5,3372,18.8,Alluvial,0.5,Good,Low,0,None,None,False,0
2025-02-01,25.7487,91.8344,Meghalaya,West Garo Hills,5.8,16.9,43.8,1224,4.8,Alluvial,3.72,Good,Moderate,1,None,None,False,9
2025-02-01,26.6915,94.5019,Nagaland,Tuensang,2.6,22.7,35.5,1687,16.4,Clayey,3.36,Good,Moderate,0,None,None,False,5
2025-02-02,25.3674,92.2946,Meghalaya,Jaintia Hills,2.9,17.9,80.3,1226,14.3,Red Loamy,3.68,Good,Low,0,None,None,False,12
2025-02-02,27.5303,88.6647,Sikkim,North Sikkim,0.2,2.2,49.5,4337,17.4,Red Loamy,2.7,Good,Low,2,None,None,False,8
2025-02-02,26.7074,94.8676,Nagaland,Kohima,0.6,3.6,59.8,1682,0.0,Alluvial,4.63,Good,Low,0,None,None,False,6
2025-02-02,25.9767,93.7368,Nagaland,Dimapur,0.5,19.0,65.5,1128,0.0,Clayey,1.67,Fair,High,0,None,None,False,7
2025-02-02,26.1719,90.683,Assam,Kamrup,0.9,23.5,39.5,171,3.3,Mountain Soil,5.31,Good,Low,0,None,None,False,13
2025-02-02,24.7686,92.4328,Assam,Kamrup,1.6,25.7,59.9,90,0.0,Laterite,2.8,Good,Moderate,0,None,None,False,11
2025-02-05,23.2358,91.4131,Tripura,Gomati,3.3,19.3,77.6,873,6.1,Sandy Loam,5.12,Good,Low,1,None,None,False,19
2025-02-05,27.6611,88.0309,Sikkim,North Sikkim,0.3,9.1,31.5,2389,10.6,Laterite,3.74,Fair,High,0,None,None,False,8
2025-02-05,22.9957,91.6851,Tripura,West Tripura,2.3,19.8,40.6,164,6.6,Alluvial,2.1,Good,Low,0,None,None,False,13
2025-02-05,27.0789,88.4376,Sikkim,South Sikkim,0.5,17.1,53.7,2807,18.9,Alluvial,3.77,Fair,Low,0,None,None,False,6
2025-02-06,25.2116,92.646,Meghalaya,West Garo Hills,3.0,20.0,62.2,1076,4.8,Mountain Soil,3.17,Good,Low,0,None,None,False,8
2025-02-07,25.1801,93.8209,Manipur,Ukhrul,1.7,11.2,48.4,1434,7.5,Sandy Loam,3.83,Good,Low,1,None,None,False,21
2025-02-07,24.479,92.0055,Tripura,Gomati,1.7,16.3,70.6,235,6.9,Forest Soil,2.87,Good,Low,0,None,None,False,11
2025-02-07,25.9347,94.5434,Nagaland,Tuensang,1.7,15.0,57.6,1914,13.8,Laterite,3.16,Good,High,2,None,None,False,15
2025-02-07,25.3173,91.1604,Meghalaya,East Khasi Hills,1.1,23.6,45.8,1477,0.0,Forest Soil,2.96,Good,Low,0,None,None,False,0
2025-02-07,24.1298,91.9564,Tripura,North Tripura,0.2,23.8,46.6,747,2.6,Red Loamy,2.47,Fair,Low,0,None,None,False,12
2025-02-08,26.0968,92.7393,Meghalaya,Ri Bhoi,0.2,15.2,61.7,1298,11.0,Forest Soil,3.41,Fair,Low,1,None,None,False,20
2025-02-08,28.4252,94.3185,Arunachal Pradesh,East Siang,0.2,11.2,49.7,2903,10.1,Sandy Loam,3.11,Good,Moderate,0,None,None,False,10
2025-02-08,25.4592,94.928,Assam,Cachar,3.8,28.6,65.3,156,0.0,Red Loamy,2.81,Good,Low,0,None,None,False,7
2025-02-08,26.8464,91.8451,Arunachal Pradesh,Tawang,0.1,19.8,52.7,545,1.7,Clayey,2.44,Good,Low,0,None,None,False,0
2025-02-09,26.2599,93.4695,Nagaland,Tuensang,0.3,27.9,62.2,975,1.3,Red Loamy,3.17,Good,Low,0,None,None,False,11
2025-02-09,21.9016,93.325,Mizoram,Mamit,0.2,21.1,69.8,1651,21.5,Mountain Soil,3.44,Poor,Severe,4,Traffic Jam,Low,True,196
2025-02-09,27.3519,88.4262,Sikkim,North Sikkim,1.2,5.6,43.2,4491,35.1,Clayey,3.74,Fair,High,0,None,None,False,13
2025-02-10,22.8704,93.0216,Mizoram,Aizawl,2.0,25.9,88.0,633,14.9,Forest Soil,2.18,Fair,Low,1,None,None,False,11
2025-02-10,27.5591,88.1418,Sikkim,East Sikkim,1.6,17.0,52.4,2958,26.1,Sandy Loam,3.9,Good,Moderate,2,None,None,False,4
2025-02-10,24.1649,91.3819,Tripura,North Tripura,0.9,25.4,76.4,882,5.8,Mountain Soil,6.76,Fair,Low,2,None,None,False,9
2025-02-11,22.9854,92.1413,Tripura,Dhalai,1.9,22.9,47.8,488,6.7,Mountain Soil,1.6,Fair,Low,2,None,None,False,21
2025-02-11,25.0872,91.4976,Meghalaya,Ri Bhoi,1.0,13.4,54.1,1739,11.0,Red Loamy,5.17,Good,Moderate,0,None,None,False,0
2025-02-12,25.5431,93.7352,Manipur,Churachandpur,5.6,21.8,57.5,1041,0.0,Mountain Soil,4.32,Good,Moderate,1,None,None,False,11
2025-02-12,25.9929,92.8932,Assam,Sonitpur,0.2,18.6,55.6,44,0.0,Alluvial,3.49,Good,High,0,None,None,False,6
2025-02-12,27.9959,96.1108,Arunachal Pradesh,Lohit,0.7,19.5,52.7,997,12.2,Sandy Loam,6.16,Good,Low,1,None,None,False,15
2025-02-12,25.4543,89.9795,Assam,Nagaon,0.4,18.8,55.1,77,20.0,Clayey,2.57,Good,Low,0,None,None,False,5
2025-02-12,26.201,93.9804,Nagaland,Tuensang,2.1,12.2,64.6,1000,2.1,Clayey,4.64,Fair,Low,1,None,None,False,15
2025-02-12,28.5454,91.9697,Arunachal Pradesh,Tawang,2.0,20.0,45.1,1864,0.0,Forest Soil,3.75,Good,High,1,None,None,False,10
2025-02-13,23.2254,91.9248,Tripura,Gomati,0.4,15.4,64.0,101,4.1,Clayey,1.96,Good,Low,0,None,None,False,9
2025-02-13,21.9743,93.4827,Mizoram,Champhai,1.2,24.1,45.6,844,0.0,Laterite,3.67,Good,Low,3,None,None,False,11
2025-02-14,25.9735,90.9499,Meghalaya,West Garo Hills,0.6,20.3,25.1,1013,14.6,Alluvial,2.61,Good,Low,0,None,None,False,16
2025-02-14,24.3845,93.1709,Manipur,Senapati,0.8,16.6,50.6,997,21.2,Sandy Loam,5.78,Good,Moderate,0,None,None,False,4
2025-02-14,25.1436,91.898,Meghalaya,Jaintia Hills,1.8,23.3,63.4,1304,25.1,Forest Soil,2.08,Good,Low,0,None,None,False,0
2025-02-14,23.465,91.1616,Tripura,Gomati,0.2,19.6,71.2,46,13.9,Alluvial,3.21,Good,Moderate,0,None,None,False,13
2025-02-14,27.8142,92.6891,Arunachal Pradesh,Papum Pare,3.3,11.9,44.1,2023,7.7,Laterite,2.66,Fair,Moderate,2,None,None,False,0
2025-02-14,26.0319,92.7811,Meghalaya,Ri Bhoi,2.2,25.2,44.7,369,3.0,Mountain Soil,3.93,Under Construction,Moderate,1,Fog/Visibility,Medium,False,86
2025-02-14,27.6872,88.0646,Sikkim,West Sikkim,8.2,9.6,45.6,3724,33.5,Red Loamy,3.8,Under Construction,Severe,4,Fallen Tree,High,True,287
2025-02-14,25.2202,93.2086,Assam,Kamrup,8.0,21.7,36.8,48,2.5,Alluvial,1.55,Good,Low,0,None,None,False,14
2025-02-14,25.215,89.8335,Meghalaya,East Khasi Hills,2.7,25.1,55.3,574,0.0,Forest Soil,5.46,Fair,Moderate,0,None,None,False,10
2025-02-15,25.3012,95.1016,Nagaland,Mokokchung,0.7,27.8,41.9,561,4.3,Clayey,3.9,Good,Moderate,2,None,None,False,5
2025-02-15,23.1079,91.7721,Tripura,West Tripura,3.0,19.4,60.4,705,1.9,Clayey,3.11,Fair,Low,2,None,None,False,5
2025-02-15,22.433,92.5286,Mizoram,Mamit,0.0,20.2,56.0,1108,4.8,Clayey,3.83,Good,Low,1,None,None,False,4
2025-02-16,24.6614,94.3314,Assam,Jorhat,0.3,18.8,43.0,117,6.2,Clayey,4.12,Fair,High,0,None,None,False,1
2025-02-16,23.6784,93.2816,Mizoram,Aizawl,0.3,22.9,61.1,1201,7.9,Clayey,3.62,Fair,Low,1,None,None,False,17
2025-02-16,26.7675,94.2859,Assam,Jorhat,1.5,21.0,38.6,54,0.0,Laterite,2.67,Good,High,0,None,None,False,7
2025-02-16,28.6214,94.7753,Arunachal Pradesh,East Siang,0.0,13.4,65.0,1692,16.5,Red Loamy,3.54,Good,High,1,None,None,False,8
2025-02-17,27.4829,96.827,Arunachal Pradesh,Changlang,1.8,20.1,53.8,855,2.8,Mountain Soil,3.69,Damaged,Moderate,3,Traffic Jam,Medium,False,66
2025-02-17,24.2814,93.8349,Manipur,Ukhrul,0.1,15.0,54.8,929,20.6,Mountain Soil,1.78,Fair,Low,1,None,None,False,26
2025-02-17,24.0167,91.1537,Tripura,Khowai,5.9,12.1,36.2,360,9.2,Forest Soil,1.25,Good,Low,0,None,None,False,9
2025-02-17,24.169,93.1849,Manipur,Imphal West,0.2,10.7,56.7,1053,17.6,Red Loamy,3.59,Fair,High,0,None,None,False,15
2025-02-17,28.1621,92.8154,Arunachal Pradesh,West Kameng,4.2,16.7,65.4,1888,15.8,Forest Soil,5.49,Fair,Moderate,0,None,None,False,16
2025-02-17,26.8622,96.0317,Arunachal Pradesh,East Siang,0.7,18.0,50.9,2292,19.6,Forest Soil,2.3,Fair,Low,2,None,None,False,11
2025-02-17,27.0344,88.4175,Sikkim,South Sikkim,0.0,5.2,64.8,4450,28.1,Forest Soil,4.1,Good,Low,0,None,None,False,12
2025-02-18,24.8351,93.149,Manipur,Churachandpur,2.3,26.6,50.1,1784,6.3,Laterite,3.26,Good,Low,1,None,None,False,3
2025-02-18,29.379,92.92,Arunachal Pradesh,East Siang,4.7,5.5,34.6,2648,12.9,Clayey,4.89,Good,Low,1,None,None,False,12
2025-02-19,24.3741,93.2917,Manipur,Senapati,1.0,15.9,72.0,1909,11.4,Laterite,2.31,Good,Moderate,1,None,None,False,15
2025-02-19,28.6887,95.3086,Arunachal Pradesh,Tawang,6.1,11.2,58.4,2378,0.1,Forest Soil,3.69,Good,Moderate,1,None,None,False,30
2025-02-19,25.9469,90.1024,Meghalaya,South Garo Hills,1.5,20.4,77.8,408,2.9,Sandy Loam,4.65,Fair,Moderate,1,None,None,False,27
2025-02-19,24.7954,91.3467,Assam,Barpeta,0.0,21.7,56.3,177,3.5,Sandy Loam,3.0,Under Construction,Moderate,4,Bridge Damage,Low,False,66
2025-02-19,28.9562,96.8932,Arunachal Pradesh,Papum Pare,3.8,10.7,51.8,2750,18.6,Forest Soil,4.86,Good,Low,0,None,None,False,18
2025-02-20,23.1623,91.6578,Tripura,North Tripura,0.2,24.3,60.1,587,3.8,Sandy Loam,2.05,Fair,Low,0,None,None,False,15
2025-02-20,25.5986,94.0183,Nagaland,Wokha,6.2,17.0,60.0,1736,6.3,Clayey,3.5,Fair,Moderate,1,None,None,False,19
2025-02-21,24.2443,93.3901,Mizoram,Lunglei,1.0,21.6,70.2,1587,7.2,Mountain Soil,1.65,Good,Low,1,None,None,False,25
2025-02-21,25.4671,94.9058,Nagaland,Wokha,2.7,15.0,58.1,1865,11.7,Clayey,5.36,Fair,Low,1,None,None,False,23
2025-02-21,24.0806,92.101,Tripura,North Tripura,0.3,24.0,63.4,670,13.9,Clayey,3.93,Poor,Moderate,2,Traffic Jam,Medium,True,170
2025-02-21,25.0699,92.7353,Assam,Dibrugarh,0.4,19.7,68.2,64,0.0,Laterite,4.21,Fair,Low,1,None,None,False,13
2025-02-21,27.0967,88.1931,Sikkim,West Sikkim,4.6,9.9,52.9,3933,24.1,Red Loamy,5.0,Poor,Moderate,3,Fallen Tree,Critical,True,333
2025-02-22,25.2366,90.7106,Meghalaya,South Garo Hills,0.8,20.9,50.3,1077,4.3,Forest Soil,1.21,Good,Low,0,None,None,False,2
2025-02-22,27.2757,88.7724,Sikkim,East Sikkim,2.1,13.6,51.7,2390,19.8,Laterite,4.12,Good,Low,1,None,None,False,4
2025-02-23,25.9453,93.7422,Nagaland,Dimapur,5.7,14.3,56.9,1084,0.2,Clayey,4.23,Good,Moderate,2,None,None,False,9
2025-02-23,25.0487,94.79,Manipur,Imphal East,2.2,19.7,51.8,1565,10.4,Forest Soil,4.15,Fair,Low,1,None,None,False,15
2025-02-23,24.2265,92.0378,Tripura,West Tripura,1.2,22.3,59.5,609,11.4,Mountain Soil,4.1,Fair,Low,1,None,None,False,10
2025-02-24,24.3152,92.215,Mizoram,Serchhip,3.6,12.2,57.5,1010,1.4,Laterite,5.52,Fair,Low,0,None,None,False,3
2025-02-25,23.208,91.9942,Tripura,Khowai,0.2,18.3,43.0,127,0.0,Forest Soil,1.95,Fair,Moderate,3,None,None,False,12
2025-02-25,23.9535,91.824,Tripura,Dhalai,0.9,26.3,49.1,381,10.8,Alluvial,3.35,Good,High,0,None,None,False,12
2025-02-25,22.6114,93.163,Mizoram,Aizawl,3.2,18.5,63.1,930,1.4,Clayey,2.82,Good,Low,0,None,None,False,9
2025-02-25,27.5833,88.1932,Sikkim,South Sikkim,1.7,21.3,75.9,695,0.0,Laterite,4.71,Fair,Moderate,0,None,None,False,12
2025-02-26,28.7496,93.8582,Arunachal Pradesh,Papum Pare,3.9,17.2,70.7,2918,9.3,Red Loamy,3.48,Good,Low,0,None,None,False,7
2025-02-27,26.9679,94.9378,Nagaland,Mokokchung,0.6,20.4,62.6,1589,22.3,Red Loamy,3.85,Good,Moderate,1,None,None,False,8
2025-02-27,26.6759,94.6687,Nagaland,Mon,0.7,14.3,48.7,1358,10.0,Red Loamy,4.62,Good,Moderate,1,None,None,False,8
2025-02-27,25.638,90.9294,Meghalaya,East Khasi Hills,1.3,20.0,35.3,1305,4.6,Laterite,4.53,Fair,Moderate,1,None,None,False,18
2025-02-28,25.9612,94.572,Nagaland,Kohima,4.5,23.5,50.8,230,9.5,Clayey,3.56,Good,Low,4,None,None,False,8
2025-03-01,29.108,95.5817,Arunachal Pradesh,Tawang,0.1,16.2,76.0,540,11.8,Forest Soil,4.47,Good,Low,0,None,None,False,13
2025-03-02,23.9734,93.7856,Manipur,Imphal West,1.6,14.1,61.8,1477,10.3,Red Loamy,4.21,Good,High,0,None,None,False,12
2025-03-02,24.7397,93.8819,Manipur,Tamenglong,0.6,16.9,42.3,1423,8.0,Red Loamy,6.06,Fair,Low,0,None,None,False,17
2025-03-02,24.1816,91.2253,Tripura,North Tripura,1.3,21.0,46.8,525,6.9,Forest Soil,6.02,Good,Low,1,None,None,False,20
2025-03-02,24.8861,95.5809,Assam,Cachar,1.8,26.5,55.7,129,0.0,Forest Soil,2.89,Fair,Low,1,None,None,False,9
2025-03-03,25.8989,95.5135,Assam,Nagaon,0.4,23.6,57.2,198,0.0,Red Loamy,4.24,Fair,Low,0,None,None,False,11
2025-03-03,23.7499,91.9953,Tripura,West Tripura,1.1,21.9,52.9,360,0.0,Alluvial,4.63,Fair,Low,0,None,None,False,13
2025-03-03,23.238,91.1836,Tripura,Dhalai,2.0,25.8,75.0,77,4.0,Alluvial,3.13,Good,Low,0,None,None,False,10
2025-03-03,22.3603,92.2371,Mizoram,Lunglei,0.0,14.9,58.6,1773,18.0,Sandy Loam,3.54,Fair,Low,1,None,None,False,0
2025-03-04,24.8462,90.4356,Assam,Barpeta,0.6,18.2,50.9,92,0.0,Forest Soil,3.27,Good,Moderate,0,None,None,False,11
2025-03-04,25.0144,94.6555,Manipur,Churachandpur,0.1,19.0,75.5,1889,31.8,Red Loamy,4.65,Good,Moderate,1,None,None,False,12
2025-03-04,25.9538,92.5371,Meghalaya,Jaintia Hills,3.0,16.6,55.4,1448,18.9,Sandy Loam,2.62,Good,Low,2,None,None,False,17
2025-03-04,23.7031,93.073,Mizoram,Mamit,1.0,14.8,53.5,1154,0.0,Sandy Loam,4.77,Good,Low,0,None,None,False,19
2025-03-04,28.6418,93.6014,Arunachal Pradesh,Tawang,2.0,14.8,38.1,1612,14.3,Forest Soil,3.91,Good,Moderate,1,None,None,False,12
2025-03-04,23.9233,94.0028,Manipur,Imphal West,5.5,19.5,46.5,1514,6.7,Red Loamy,3.21,Fair,Low,0,None,None,False,0
2025-03-05,23.4558,91.6799,Tripura,North Tripura,0.1,31.3,45.0,680,0.0,Red Loamy,2.28,Good,Low,1,None,None,False,2
2025-03-05,24.4116,93.4311,Mizoram,Champhai,4.2,19.6,64.4,1457,21.4,Clayey,4.71,Good,Low,0,None,None,False,2
2025-03-05,27.9338,88.3575,Sikkim,East Sikkim,4.4,18.4,43.5,1331,22.1,Mountain Soil,4.34,Good,Low,1,None,None,False,1
2025-03-06,27.1378,88.59,Sikkim,East Sikkim,2.1,25.0,53.5,467,10.9,Clayey,4.86,Good,Low,0,None,None,False,9
2025-03-06,23.3671,91.7542,Tripura,Gomati,1.8,20.5,58.1,260,0.0,Forest Soil,4.2,Fair,Moderate,1,None,None,False,13
2025-03-06,23.928,92.8195,Mizoram,Aizawl,8.1,15.8,64.6,1215,17.7,Alluvial,5.45,Fair,High,0,None,None,False,0
2025-03-06,25.8928,90.6818,Meghalaya,Jaintia Hills,3.2,24.3,74.2,931,9.6,Mountain Soil,5.43,Poor,Moderate,6,Bridge Damage,Low,True,207
2025-03-07,27.8461,88.4373,Sikkim,South Sikkim,0.4,7.2,62.1,3491,15.4,Alluvial,3.69,Good,Moderate,0,None,None,False,10
2025-03-07,23.8968,94.3507,Manipur,Senapati,1.8,16.6,49.7,1367,11.9,Alluvial,2.7,Good,Moderate,0,None,None,False,11
2025-03-07,25.2967,94.0336,Manipur,Churachandpur,0.2,32.5,65.8,1968,0.0,Clayey,3.77,Good,Low,0,None,None,False,10
2025-03-07,25.1675,93.481,Manipur,Churachandpur,0.3,19.8,31.5,1809,0.0,Clayey,1.1,Poor,Low,5,Traffic Jam,Medium,True,141
2025-03-08,25.9251,91.3405,Meghalaya,South Garo Hills,0.5,17.7,45.3,393,12.7,Forest Soil,3.67,Good,Moderate,0,None,None,False,0
2025-03-08,25.9433,90.7556,Meghalaya,Jaintia Hills,4.3,21.0,49.9,893,12.4,Mountain Soil,3.26,Good,Moderate,0,None,None,False,0
2025-03-08,26.9892,94.3309,Nagaland,Dimapur,7.4,16.9,50.8,996,2.9,Laterite,3.41,Good,Low,2,None,None,False,3
2025-03-08,27.7353,97.3061,Arunachal Pradesh,Lohit,0.7,10.7,60.0,1018,5.1,Laterite,3.97,Good,Low,1,None,None,False,25
2025-03-08,27.9335,88.6828,Sikkim,East Sikkim,0.8,7.9,70.9,2825,9.9,Alluvial,2.96,Fair,Low,1,None,None,False,21
2025-03-08,28.9261,94.446,Arunachal Pradesh,East Siang,1.9,25.1,49.6,2165,0.0,Red Loamy,0.5,Fair,Low,0,None,None,False,9
2025-03-08,27.9941,88.0736,Sikkim,East Sikkim,0.0,7.3,71.0,3108,22.5,Forest Soil,3.67,Fair,Low,1,None,None,False,8
2025-03-09,23.8639,92.8458,Mizoram,Kolasib,6.5,19.0,47.6,1330,11.4,Red Loamy,3.99,Fair,Low,1,None,None,False,5
2025-03-10,23.9269,93.7098,Manipur,Senapati,1.1,26.9,74.7,1793,15.4,Forest Soil,3.0,Fair,Moderate,1,None,None,False,9
2025-03-10,25.9039,95.6593,Assam,Cachar,1.8,24.3,67.0,189,4.1,Alluvial,4.23,Good,Low,1,None,None,False,6
2025-03-10,27.2565,95.8165,Arunachal Pradesh,Tawang,0.3,18.6,69.7,919,0.0,Laterite,3.87,Good,Moderate,0,None,None,False,20
2025-03-10,22.2488,92.3934,Mizoram,Kolasib,2.6,21.9,46.5,831,19.5,Forest Soil,3.71,Good,Moderate,0,None,None,False,6
2025-03-10,25.6719,94.5036,Manipur,Senapati,2.2,21.0,47.8,769,3.8,Mountain Soil,2.26,Good,Low,0,None,None,False,7
2025-03-10,28.4836,92.307,Arunachal Pradesh,Tawang,5.5,13.5,51.2,263,0.0,Red Loamy,3.56,Good,Low,0,None,None,False,5
2025-03-10,24.4493,91.9423,Tripura,North Tripura,1.1,24.3,53.5,497,8.9,Mountain Soil,2.44,Good,High,1,None,None,False,14
2025-03-10,28.0318,93.7706,Arunachal Pradesh,East Siang,3.5,20.8,71.5,790,6.0,Forest Soil,3.82,Fair,Moderate,0,None,None,False,12
2025-03-11,22.1126,93.4672,Mizoram,Champhai,5.6,18.2,49.3,835,20.9,Sandy Loam,3.24,Good,Low,0,None,None,False,13
2025-03-11,23.2577,92.083,Tripura,Gomati,0.4,22.7,39.9,288,0.9,Forest Soil,2.33,Good,High,1,None,None,False,9
2025-03-11,26.5745,95.2651,Assam,Nagaon,0.7,19.0,39.1,114,4.0,Alluvial,4.31,Fair,Low,0,None,None,False,12
2025-03-11,24.4572,94.1125,Manipur,Churachandpur,10.6,21.6,54.1,1361,10.0,Sandy Loam,3.14,Fair,Low,1,None,None,False,5
2025-03-11,25.3881,90.387,Meghalaya,East Khasi Hills,1.7,20.7,71.1,742,17.8,Clayey,4.2,Fair,Moderate,0,None,None,False,17
2025-03-12,27.862,88.5939,Sikkim,West Sikkim,0.3,9.6,51.8,2474,25.1,Clayey,3.48,Good,High,0,None,None,False,14
2025-03-12,26.9374,93.7064,Nagaland,Tuensang,6.8,5.7,68.5,1377,0.0,Alluvial,4.95,Fair,Moderate,0,None,None,False,14
2025-03-12,25.1887,90.1343,Meghalaya,South Garo Hills,1.2,13.7,56.1,1689,26.3,Alluvial,1.71,Fair,Low,2,None,None,False,19
2025-03-12,26.732,94.3587,Nagaland,Mon,2.3,19.3,69.3,572,0.0,Forest Soil,3.87,Good,Moderate,1,None,None,False,17
2025-03-13,27.735,96.9197,Arunachal Pradesh,East Siang,5.6,19.0,60.9,1842,16.1,Laterite,4.28,Fair,Low,1,None,None,False,0
2025-03-13,29.1974,91.9639,Arunachal Pradesh,Papum Pare,3.6,19.6,47.7,2525,31.5,Laterite,3.4,Good,Low,0,None,None,False,15
2025-03-13,23.9288,91.5754,Tripura,Dhalai,1.8,24.1,43.7,551,4.9,Forest Soil,3.82,Good,Low,1,None,None,False,17
2025-03-13,27.0915,88.4043,Sikkim,East Sikkim,5.2,13.2,46.4,2634,18.4,Clayey,3.03,Good,Moderate,0,None,None,False,14
2025-03-13,27.3888,88.2216,Sikkim,North Sikkim,0.1,7.6,75.4,2939,22.6,Sandy Loam,2.5,Fair,Low,1,None,None,False,11
2025-03-13,22.9293,91.9309,Tripura,Dhalai,0.0,16.9,70.3,701,0.0,Forest Soil,2.36,Good,Low,0,None,None,False,0
2025-03-14,23.868,91.39,Tripura,West Tripura,7.8,24.3,60.7,665,0.0,Alluvial,3.41,Fair,Low,1,None,None,False,3
2025-03-14,27.7381,88.5811,Sikkim,West Sikkim,0.1,22.3,58.9,2649,18.9,Red Loamy,2.86,Good,Moderate,1,None,None,False,13
2025-03-14,26.6522,95.4306,Arunachal Pradesh,Tawang,2.3,13.3,62.8,1845,8.2,Forest Soil,2.54,Good,Low,0,None,None,False,6
2025-03-14,22.9385,91.3678,Tripura,Dhalai,8.9,12.8,59.5,100,0.0,Clayey,5.23,Good,Low,1,None,None,False,17
2025-03-15,25.8153,90.5501,Meghalaya,East Khasi Hills,4.7,25.5,51.4,645,6.5,Sandy Loam,5.15,Good,Low,0,None,None,False,21
2025-03-15,24.8784,93.636,Manipur,Tamenglong,1.8,20.4,53.0,1479,1.6,Forest Soil,3.38,Good,Low,0,None,None,False,9
2025-03-15,25.8397,93.5776,Nagaland,Mon,0.0,10.0,76.6,1934,14.1,Laterite,4.75,Good,High,1,None,None,False,8
2025-03-15,24.5782,94.2243,Assam,Sonitpur,7.7,21.8,54.2,183,0.0,Alluvial,4.56,Good,Low,0,None,None,False,11
2025-03-15,26.6235,94.1098,Assam,Kamrup,2.1,18.3,72.9,61,0.0,Laterite,5.94,Fair,Low,1,None,None,False,2
2025-03-15,23.2495,91.5453,Tripura,Gomati,2.1,27.1,65.6,107,0.0,Sandy Loam,3.49,Good,Moderate,1,None,None,False,5
2025-03-15,25.6303,94.7403,Nagaland,Tuensang,0.7,22.5,61.7,1568,12.0,Sandy Loam,4.55,Good,Low,0,None,None,False,7
2025-03-15,23.744,92.1829,Tripura,Khowai,6.7,23.3,44.2,75,0.0,Sandy Loam,4.5,Good,Low,1,None,None,False,15
2025-03-15,28.0578,94.0616,Arunachal Pradesh,Papum Pare,3.6,2.7,57.8,1881,19.6,Forest Soil,4.91,Good,Low,0,None,None,False,3
2025-03-16,27.2352,88.3143,Sikkim,West Sikkim,0.1,20.4,60.2,1032,15.1,Sandy Loam,3.31,Good,High,1,None,None,False,6
2025-03-16,22.0581,92.5616,Mizoram,Mamit,0.2,9.0,49.5,1899,19.1,Clayey,3.11,Fair,Moderate,1,None,None,False,15
2025-03-16,24.3716,92.3926,Mizoram,Kolasib,2.4,24.0,49.7,1890,12.7,Laterite,3.76,Fair,High,1,None,None,False,9
2025-03-16,28.0099,88.252,Sikkim,West Sikkim,0.7,8.5,63.9,3905,31.0,Forest Soil,3.56,Good,Low,1,None,None,False,11
2025-03-16,23.4098,91.6343,Tripura,Dhalai,2.2,6.1,76.5,606,9.5,Sandy Loam,2.62,Good,High,1,None,None,False,0
2025-03-17,28.5665,96.5266,Arunachal Pradesh,Tawang,0.6,13.6,63.6,1198,19.2,Alluvial,3.22,Good,Moderate,1,None,None,False,11
2025-03-17,25.7366,91.8218,Assam,Nagaon,13.7,23.2,39.3,141,0.0,Clayey,2.58,Good,High,0,None,None,False,8
2025-03-17,25.3045,94.9766,Nagaland,Tuensang,2.4,32.5,64.2,770,25.3,Clayey,3.51,Good,Low,2,None,None,False,13
2025-03-19,25.0199,93.3258,Manipur,Imphal East,2.9,21.7,50.4,795,24.6,Alluvial,3.69,Good,Low,0,None,None,False,25
2025-03-21,25.0152,91.6738,Meghalaya,East Khasi Hills,2.9,16.6,68.7,1300,7.4,Sandy Loam,3.5,Fair,Low,0,None,None,False,15
2025-03-21,25.247,93.6359,Nagaland,Wokha,4.2,19.7,51.0,398,11.6,Mountain Soil,4.59,Good,Moderate,0,None,None,False,0
2025-03-21,27.0995,94.5271,Arunachal Pradesh,East Siang,3.9,8.7,65.3,2479,14.0,Mountain Soil,3.27,Good,Low,0,None,None,False,8
2025-03-22,25.0616,92.6828,Meghalaya,Jaintia Hills,1.2,16.0,46.0,1627,21.2,Laterite,4.05,Fair,High,0,None,None,False,16
2025-03-22,27.4439,88.6925,Sikkim,North Sikkim,0.7,8.9,72.4,2524,28.2,Sandy Loam,2.73,Fair,Low,0,None,None,False,17
2025-03-22,27.2043,92.5634,Assam,Barpeta,0.3,23.6,58.4,63,4.0,Clayey,3.84,Under Construction,Severe,3,Traffic Jam,High,False,85
2025-03-22,24.1638,91.2846,Tripura,North Tripura,0.2,26.6,62.9,606,0.0,Mountain Soil,1.9,Good,Low,0,None,None,False,16
2025-03-23,27.29,88.1274,Sikkim,West Sikkim,5.5,21.8,36.2,974,0.0,Clayey,2.55,Fair,Low,0,None,None,False,0
2025-03-23,27.9094,88.0022,Sikkim,East Sikkim,0.6,12.4,68.0,3794,35.3,Sandy Loam,2.67,Good,High,0,None,None,False,14
2025-03-23,23.9675,91.4776,Tripura,Gomati,3.4,15.6,56.2,859,7.1,Laterite,1.34,Good,Moderate,0,None,None,False,13
2025-03-23,22.0362,92.4075,Mizoram,Aizawl,0.1,24.3,42.1,969,0.0,Sandy Loam,2.79,Under Construction,Severe,1,Fallen Tree,High,False,51
2025-03-24,25.4305,92.2468,Assam,Barpeta,0.5,23.9,38.2,135,7.1,Sandy Loam,4.02,Fair,Low,0,None,None,False,3
2025-03-24,26.6513,93.6471,Nagaland,Tuensang,1.3,16.1,49.5,1708,10.9,Laterite,4.31,Good,Low,1,None,None,False,8
2025-03-24,27.9559,96.2685,Arunachal Pradesh,West Kameng,0.3,17.8,48.7,303,11.0,Red Loamy,2.51,Good,Low,1,None,None,False,11
2025-03-24,27.4394,88.0021,Sikkim,South Sikkim,0.2,18.5,46.1,1043,8.5,Clayey,4.38,Fair,Low,0,None,None,False,18
2025-03-24,27.4881,88.6728,Sikkim,West Sikkim,2.7,12.0,51.8,921,10.3,Forest Soil,6.59,Poor,Low,6,Flood,Medium,False,88
2025-03-25,26.3207,94.2698,Nagaland,Mon,1.6,17.3,56.2,1887,17.1,Red Loamy,2.42,Good,Moderate,0,None,None,False,9
2025-03-25,25.5262,93.473,Nagaland,Mokokchung,0.6,15.3,49.1,651,27.8,Alluvial,3.44,Good,Moderate,1,None,None,False,3
2025-03-25,25.2644,91.0921,Meghalaya,East Khasi Hills,4.9,23.9,44.1,1677,0.0,Laterite,4.39,Fair,Moderate,1,None,None,False,12
2025-03-25,26.4632,93.9993,Nagaland,Tuensang,4.8,17.0,39.4,1408,16.4,Clayey,4.49,Fair,High,0,None,None,False,8
2025-03-25,27.9973,96.0998,Arunachal Pradesh,Tawang,0.2,15.5,30.1,1462,14.3,Forest Soil,3.98,Poor,Moderate,6,Traffic Jam,High,True,240
2025-03-25,24.3166,93.1792,Mizoram,Mamit,1.2,15.8,62.6,1604,21.0,Mountain Soil,3.88,Good,Moderate,0,None,None,False,0
2025-03-25,25.252,94.6834,Nagaland,Mokokchung,1.5,19.5,63.0,1904,14.6,Red Loamy,3.98,Fair,Moderate,1,None,None,False,16
2025-03-26,26.1363,94.3775,Nagaland,Mokokchung,1.4,15.5,50.2,1210,1.8,Mountain Soil,3.58,Fair,Moderate,0,None,None,False,14
2025-03-26,25.1365,93.8793,Manipur,Imphal West,0.9,16.7,57.0,1515,9.5,Clayey,2.57,Good,Moderate,1,None,None,False,13
2025-03-26,22.0945,92.77,Mizoram,Lunglei,0.3,11.6,62.0,1241,0.0,Mountain Soil,1.95,Fair,Low,0,None,None,False,17
2025-03-26,25.8589,90.3753,Meghalaya,Ri Bhoi,5.7,23.9,64.8,237,0.0,Sandy Loam,3.01,Good,Low,1,None,None,False,11
2025-03-26,22.7818,92.3444,Mizoram,Serchhip,3.8,19.0,48.1,889,13.9,Mountain Soil,4.53,Fair,Low,0,None,None,False,25
2025-03-26,26.9339,95.3964,Arunachal Pradesh,Lohit,7.3,10.2,52.1,1804,8.0,Mountain Soil,5.97,Good,Low,3,None,None,False,11
2025-03-27,22.6974,92.3958,Mizoram,Lunglei,1.6,24.9,57.2,701,11.6,Sandy Loam,1.53,Fair,Low,0,None,None,False,12
2025-03-27,25.472,95.0869,Nagaland,Mon,3.6,21.8,72.8,200,0.0,Alluvial,2.93,Good,Low,1,None,None,False,16
2025-03-27,23.9142,93.313,Manipur,Tamenglong,1.4,23.1,60.4,1659,8.4,Sandy Loam,3.12,Good,Low,0,None,None,False,2
2025-03-27,26.005,93.606,Nagaland,Dimapur,0.9,20.0,57.2,1639,4.4,Clayey,2.21,Fair,Moderate,1,None,None,False,8
2025-03-28,22.773,92.2041,Mizoram,Kolasib,2.1,13.2,44.1,1843,21.4,Mountain Soil,2.0,Good,Low,0,None,None,False,21
2025-03-29,25.1801,92.4681,Meghalaya,Ri Bhoi,0.0,16.8,55.0,1393,12.7,Clayey,4.81,Fair,Moderate,2,None,None,False,5
2025-03-29,28.8464,96.1417,Arunachal Pradesh,East Siang,0.7,15.7,45.0,1627,0.0,Clayey,3.27,Fair,Low,1,None,None,False,11
2025-03-29,22.433,93.1433,Mizoram,Aizawl,6.4,27.4,41.4,1367,1.6,Mountain Soil,4.23,Good,High,1,None,None,False,19
2025-03-30,25.1337,92.2302,Meghalaya,East Khasi Hills,1.3,22.1,55.2,992,11.5,Clayey,3.6,Good,Moderate,1,None,None,False,11
2025-03-30,27.9411,88.4776,Sikkim,South Sikkim,2.7,19.5,37.2,1371,0.0,Clayey,5.06,Fair,Low,2,None,None,False,15
2025-03-31,26.7404,94.379,Nagaland,Mokokchung,5.2,17.3,33.6,361,0.0,Forest Soil,3.34,Fair,Low,1,None,None,False,11
2025-03-31,25.5685,89.8218,Meghalaya,East Khasi Hills,0.1,18.8,93.6,1764,14.4,Forest Soil,3.78,Fair,Low,1,None,None,False,5
2025-04-01,24.8861,94.6252,Manipur,Imphal East,5.6,26.0,57.8,1243,8.6,Laterite,3.68,Fair,Moderate,1,None,None,False,7
2025-04-01,28.0115,95.7783,Arunachal Pradesh,Tawang,1.1,17.1,45.8,2515,9.3,Laterite,1.55,Fair,Moderate,0,None,None,False,8
2025-04-01,25.824,92.3159,Meghalaya,Jaintia Hills,8.1,26.2,37.5,593,21.7,Alluvial,5.98,Good,High,1,None,None,False,12
2025-04-01,25.907,92.1873,Meghalaya,South Garo Hills,17.7,8.2,47.1,1450,0.0,Forest Soil,2.87,Damaged,Moderate,2,Fog/Visibility,Critical,False,33
2025-04-01,25.5256,94.3657,Manipur,Imphal West,4.6,18.0,66.3,1496,1.7,Laterite,4.07,Good,Low,1,None,None,False,18
2025-04-01,25.6483,90.0245,Meghalaya,East Khasi Hills,5.3,22.3,61.5,1337,17.9,Sandy Loam,0.58,Fair,Moderate,2,None,None,False,18
2025-04-01,26.334,93.3337,Nagaland,Tuensang,8.9,12.1,75.6,1423,2.5,Clayey,4.15,Good,Moderate,1,None,None,False,10
2025-04-02,24.0401,91.5415,Tripura,Gomati,8.4,13.2,58.3,312,0.0,Mountain Soil,4.94,Good,Moderate,0,None,None,False,7
2025-04-02,25.1028,94.7559,Manipur,Ukhrul,16.0,8.4,44.0,821,1.1,Red Loamy,4.36,Good,Low,1,None,None,False,15
2025-04-02,23.8361,94.6911,Manipur,Ukhrul,1.7,13.0,59.1,1972,12.3,Alluvial,5.39,Poor,High,7,Fallen Tree,Medium,False,116
2025-04-02,22.4323,93.343,Mizoram,Aizawl,4.4,21.6,81.5,1125,17.4,Sandy Loam,6.14,Good,Moderate,0,None,None,False,4
2025-04-02,27.6628,92.0441,Arunachal Pradesh,East Siang,2.6,16.3,53.4,1786,17.9,Red Loamy,4.17,Good,Low,2,None,None,False,12
2025-04-03,23.7706,93.4384,Mizoram,Lunglei,1.5,24.9,54.1,869,1.0,Clayey,3.61,Good,Moderate,0,None,None,False,7
2025-04-03,28.8689,92.4218,Arunachal Pradesh,Tawang,8.3,18.6,60.0,1289,20.6,Alluvial,0.84,Good,Low,0,None,None,False,20
2025-04-03,23.8364,93.0381,Manipur,Tamenglong,0.3,19.1,28.9,1348,10.8,Alluvial,3.84,Good,Moderate,0,None,None,False,13
2025-04-04,27.766,88.8088,Sikkim,South Sikkim,7.5,11.6,56.3,3278,17.0,Alluvial,2.0,Fair,High,1,None,None,False,6
2025-04-04,26.7935,94.4763,Nagaland,Mokokchung,5.7,22.0,42.5,239,0.8,Red Loamy,2.99,Good,Low,0,None,None,False,9
2025-04-04,24.268,93.3029,Mizoram,Champhai,7.1,17.5,43.4,1841,20.1,Laterite,1.24,Good,High,0,None,None,False,12
2025-04-04,23.8836,92.1833,Tripura,Gomati,13.0,21.4,56.5,866,0.0,Sandy Loam,2.11,Fair,High,1,None,None,False,23
2025-04-04,23.9913,91.8983,Tripura,Gomati,8.4,24.6,38.6,392,18.2,Sandy Loam,3.22,Fair,High,0,None,None,False,11
2025-04-05,23.3998,93.2606,Mizoram,Mamit,1.1,17.3,39.0,584,0.0,Sandy Loam,3.52,Good,Low,0,None,None,False,10
2025-04-05,24.3059,92.7809,Mizoram,Serchhip,6.3,13.9,58.9,742,14.4,Laterite,2.23,Fair,Low,0,None,None,False,14
2025-04-06,27.3858,88.6956,Sikkim,South Sikkim,3.3,4.7,59.6,3673,20.9,Clayey,5.08,Good,High,0,None,None,False,6
2025-04-06,24.0818,93.1869,Mizoram,Champhai,9.8,21.0,26.0,1338,9.8,Laterite,2.44,Fair,Low,2,None,None,False,6
2025-04-06,24.9629,94.7148,Manipur,Senapati,19.6,28.9,47.2,1071,9.2,Sandy Loam,4.33,Fair,Low,2,None,None,False,3
2025-04-07,24.3376,92.5013,Mizoram,Serchhip,4.0,19.2,71.9,1436,15.8,Alluvial,3.83,Good,Low,1,None,None,False,16
2025-04-07,24.4117,94.2695,Manipur,Churachandpur,0.7,15.2,40.7,1834,12.7,Laterite,4.5,Poor,Severe,3,Bridge Damage,Medium,False,61
2025-04-07,23.9014,91.591,Tripura,Dhalai,8.0,25.1,45.5,239,3.3,Forest Soil,1.96,Good,High,0,None,None,False,12
2025-04-07,21.9076,93.1969,Mizoram,Kolasib,13.1,20.7,39.9,906,4.2,Alluvial,2.68,Poor,Severe,5,Fog/Visibility,Low,True,183
2025-04-07,27.3915,91.3126,Assam,Sonitpur,7.9,21.7,60.1,95,18.8,Forest Soil,4.84,Good,Moderate,0,None,None,False,0
2025-04-07,25.2175,93.0866,Assam,Dibrugarh,6.7,22.4,69.0,81,0.0,Sandy Loam,3.43,Fair,Moderate,0,None,None,False,20
2025-04-07,24.9122,94.2423,Manipur,Imphal West,23.2,19.9,48.0,786,7.2,Red Loamy,4.48,Good,Moderate,1,None,None,False,0
2025-04-07,27.118,91.6201,Arunachal Pradesh,Changlang,21.3,16.1,65.7,1755,30.2,Alluvial,3.63,Good,Moderate,0,None,None,False,6
2025-04-08,25.2933,92.1996,Meghalaya,Jaintia Hills,4.9,27.9,60.9,167,6.7,Forest Soil,4.43,Good,Low,0,None,None,False,6
2025-04-08,27.6646,88.7919,Sikkim,North Sikkim,2.7,23.1,30.4,1663,16.1,Laterite,2.91,Damaged,High,4,Fog/Visibility,Low,True,197
2025-04-08,24.9606,93.3236,Manipur,Ukhrul,1.6,21.6,48.8,1432,11.6,Sandy Loam,1.64,Good,Moderate,0,None,None,False,15
2025-04-08,27.3231,93.2887,Assam,Barpeta,20.2,28.8,49.2,115,15.9,Forest Soil,2.42,Fair,Low,1,None,None,False,15
2025-04-09,24.1331,93.0182,Manipur,Churachandpur,7.0,9.2,31.4,936,0.0,Alluvial,2.85,Good,Low,0,None,None,False,0
2025-04-09,22.8667,92.4143,Mizoram,Lunglei,4.4,11.5,55.8,792,0.0,Sandy Loam,2.03,Fair,Moderate,0,None,None,False,12
2025-04-09,25.1317,91.9,Meghalaya,East Khasi Hills,1.3,21.1,79.1,160,0.0,Red Loamy,3.05,Good,Low,0,None,None,False,11
2025-04-10,24.8648,94.6509,Assam,Barpeta,0.4,17.6,51.5,147,0.0,Alluvial,2.82,Good,High,0,None,None,False,0
2025-04-10,25.2793,93.7082,Manipur,Churachandpur,0.2,12.7,62.6,1807,11.6,Clayey,1.29,Fair,Low,0,None,None,False,17
2025-04-10,26.6853,92.7598,Assam,Kamrup,0.2,17.2,64.5,52,0.3,Clayey,2.14,Damaged,Low,3,Traffic Jam,Medium,False,31
2025-04-10,26.4022,94.3421,Nagaland,Mokokchung,9.9,18.0,52.9,1646,10.2,Clayey,4.59,Good,Low,0,None,None,False,20
2025-04-10,25.0904,89.8001,Assam,Dibrugarh,0.1,27.0,44.3,121,3.8,Mountain Soil,2.5,Good,Moderate,1,None,None,False,1
2025-04-10,23.1337,91.873,Tripura,Dhalai,0.0,16.6,40.4,512,9.6,Sandy Loam,5.32,Damaged,High,3,Fog/Visibility,Critical,True,167
2025-04-11,25.6053,92.7539,Meghalaya,South Garo Hills,0.8,18.0,74.2,1304,12.4,Laterite,4.03,Good,Moderate,1,None,None,False,20
2025-04-11,23.0332,92.233,Tripura,Gomati,9.0,25.0,53.9,89,15.5,Clayey,2.79,Fair,Low,1,None,None,False,17
2025-04-11,25.1503,91.7549,Meghalaya,East Khasi Hills,20.3,11.2,74.7,1442,2.4,Forest Soil,4.67,Poor,Severe,2,Traffic Jam,Low,False,59
2025-04-12,26.9753,89.7483,Assam,Dibrugarh,3.5,17.4,60.3,143,0.0,Laterite,1.11,Good,Low,2,None,None,False,3
2025-04-12,27.4716,88.7841,Sikkim,North Sikkim,0.5,5.6,57.4,3531,14.3,Forest Soil,3.08,Good,Moderate,1,None,None,False,17
2025-04-12,27.583,88.5626,Sikkim,South Sikkim,1.9,4.8,54.0,3849,24.8,Red Loamy,5.26,Good,Low,1,None,None,False,8
2025-04-13,22.3664,93.3883,Mizoram,Kolasib,11.2,27.2,51.3,954,2.5,Mountain Soil,2.86,Good,Moderate,0,None,None,False,22
2025-04-13,27.5194,88.6543,Sikkim,South Sikkim,1.7,11.2,60.7,4497,29.2,Mountain Soil,2.69,Good,Moderate,0,None,None,False,8
2025-04-14,26.9592,93.391,Assam,Nagaon,6.8,19.0,69.7,150,0.0,Mountain Soil,3.04,Good,High,1,None,None,False,23
2025-04-14,24.458,93.55,Manipur,Ukhrul,10.2,14.5,62.1,1592,2.3,Clayey,3.09,Good,Moderate,0,None,None,False,0
2025-04-14,25.1861,93.3727,Manipur,Churachandpur,14.6,20.2,61.7,1221,17.3,Clayey,4.86,Fair,Low,0,None,None,False,11
2025-04-14,25.6577,93.8484,Nagaland,Mokokchung,4.9,17.5,70.5,235,9.9,Alluvial,2.4,Good,High,0,None,None,False,2
2025-04-15,25.052,89.9592,Meghalaya,East Khasi Hills,1.0,24.2,31.0,1484,20.2,Sandy Loam,2.81,Good,Moderate,1,None,None,False,17
2025-04-15,27.828,88.4264,Sikkim,South Sikkim,9.5,4.1,56.0,2176,14.8,Red Loamy,5.78,Good,Low,1,None,None,False,4
2025-04-16,25.4205,94.3147,Nagaland,Tuensang,3.2,12.2,54.6,1783,4.4,Red Loamy,2.14,Good,Moderate,1,None,None,False,16
2025-04-16,25.0712,92.3894,Meghalaya,East Khasi Hills,12.5,23.3,52.3,1254,2.4,Clayey,4.36,Good,High,0,None,None,False,11
2025-04-16,23.9808,93.0119,Mizoram,Mamit,2.3,12.5,25.3,1155,11.7,Forest Soil,5.37,Good,Moderate,1,None,None,False,4
2025-04-16,25.8853,91.7245,Meghalaya,Ri Bhoi,11.2,14.4,55.6,221,0.0,Alluvial,3.07,Good,Moderate,0,None,None,False,9
2025-04-17,24.278,92.9188,Mizoram,Champhai,12.7,13.6,38.9,1384,0.0,Forest Soil,4.51,Fair,Low,1,None,None,False,4
2025-04-17,26.5465,93.4184,Assam,Dibrugarh,16.7,29.8,30.8,136,4.7,Alluvial,4.58,Good,Low,0,None,None,False,15
2025-04-17,28.0108,88.6171,Sikkim,West Sikkim,3.1,15.7,40.8,3426,26.6,Clayey,2.98,Good,Moderate,1,None,None,False,17
2025-04-17,27.2073,88.2234,Sikkim,South Sikkim,5.4,6.8,43.3,4120,18.7,Red Loamy,4.59,Good,Moderate,0,None,None,False,26
2025-04-17,23.1126,92.909,Mizoram,Champhai,0.4,5.5,48.7,1338,9.2,Alluvial,4.31,Good,Low,1,None,None,False,10
2025-04-18,23.4168,92.1668,Tripura,Dhalai,6.0,18.6,50.8,157,0.0,Clayey,3.33,Good,Low,0,None,None,False,1
2025-04-18,28.2016,96.2521,Arunachal Pradesh,Lohit,0.0,11.9,46.7,2328,6.3,Laterite,1.4,Good,Moderate,0,None,None,False,14
2025-04-19,26.4314,94.754,Nagaland,Wokha,1.4,10.0,53.1,1792,11.6,Red Loamy,2.24,Good,Low,0,None,None,False,2
2025-04-19,21.9715,92.3337,Mizoram,Mamit,31.6,22.5,65.6,662,0.0,Alluvial,5.8,Damaged,High,3,Traffic Jam,High,True,217
2025-04-19,27.5243,94.5774,Arunachal Pradesh,Papum Pare,3.1,14.5,65.0,2587,10.9,Clayey,3.63,Good,Moderate,0,None,None,False,6
2025-04-19,24.0307,91.4932,Tripura,Khowai,0.8,17.1,46.3,319,12.2,Forest Soil,2.8,Fair,Moderate,0,None,None,False,7
2025-04-19,26.7049,94.9553,Arunachal Pradesh,West Kameng,1.2,25.7,55.0,208,0.9,Red Loamy,3.44,Good,Low,1,None,None,False,0
2025-04-19,28.0646,88.4949,Sikkim,North Sikkim,5.1,2.4,56.7,4345,24.7,Laterite,4.22,Good,Low,1,None,None,False,25
2025-04-19,24.0816,91.9819,Tripura,West Tripura,12.6,12.3,71.5,886,8.9,Clayey,4.63,Fair,Moderate,0,None,None,False,14
2025-04-20,26.0261,95.0468,Nagaland,Mokokchung,1.8,26.9,61.3,516,2.5,Laterite,2.77,Good,Moderate,1,None,None,False,13
2025-04-21,27.4214,89.9465,Assam,Dibrugarh,5.3,22.2,60.1,190,0.0,Forest Soil,4.05,Good,High,0,None,None,False,0
2025-04-21,25.3563,90.7707,Assam,Barpeta,14.2,20.1,48.8,47,3.1,Laterite,4.69,Good,Low,2,None,None,False,3
2025-04-21,26.6838,93.8232,Nagaland,Mokokchung,2.8,9.8,53.5,1515,12.7,Alluvial,4.42,Good,High,0,None,None,False,27
2025-04-21,25.9154,93.6486,Nagaland,Kohima,4.8,30.3,61.4,750,1.5,Clayey,1.4,Good,Moderate,0,None,None,False,13
2025-04-22,25.7793,93.5929,Nagaland,Mokokchung,6.4,23.8,49.3,1015,3.3,Alluvial,3.58,Poor,High,5,Bridge Damage,Low,True,122
2025-04-22,27.3464,88.6738,Sikkim,North Sikkim,3.9,9.0,59.8,3031,27.0,Alluvial,4.59,Fair,High,0,None,None,False,9
2025-04-22,25.2402,93.7214,Manipur,Ukhrul,1.8,25.5,65.7,1164,28.6,Clayey,3.47,Good,Moderate,0,None,None,False,2
2025-04-23,25.726,93.4433,Nagaland,Mon,1.9,6.8,57.7,1515,17.1,Sandy Loam,3.84,Good,Low,0,None,None,False,19
2025-04-23,29.0022,95.8215,Arunachal Pradesh,East Siang,11.8,23.3,54.3,1259,5.0,Clayey,3.42,Good,Low,1,None,None,False,4
2025-04-24,23.584,91.1742,Tripura,Gomati,9.8,18.3,54.7,736,0.0,Red Loamy,2.61,Good,Low,0,None,None,False,19
2025-04-24,26.686,93.875,Nagaland,Tuensang,16.3,17.8,67.5,895,3.0,Clayey,4.7,Good,Low,1,None,None,False,5
2025-04-24,24.2045,92.9005,Mizoram,Mamit,2.9,25.4,60.5,1493,18.3,Sandy Loam,2.21,Fair,Moderate,1,None,None,False,16
2025-04-25,27.8838,88.7633,Sikkim,West Sikkim,2.5,18.7,63.4,2584,21.5,Laterite,2.67,Fair,Low,0,None,None,False,12
2025-04-26,26.1342,93.1856,Assam,Sonitpur,13.1,26.3,65.7,68,0.0,Laterite,5.89,Good,Low,2,None,None,False,5
2025-04-26,27.6868,88.0592,Sikkim,South Sikkim,12.0,13.0,28.0,3008,8.6,Clayey,2.68,Good,Moderate,0,None,None,False,15
2025-04-27,28.5638,92.7313,Arunachal Pradesh,East Siang,0.9,11.1,49.1,1335,9.6,Clayey,3.82,Good,Moderate,2,None,None,False,15
2025-04-27,26.6157,90.1453,Assam,Dibrugarh,0.5,28.3,72.8,139,15.4,Laterite,4.1,Good,Low,0,None,None,False,16
2025-04-28,24.189,91.428,Tripura,North Tripura,4.0,17.7,74.7,334,0.0,Forest Soil,1.69,Good,High,0,None,None,False,0
2025-04-28,23.425,92.0844,Tripura,Gomati,2.5,21.3,51.1,177,0.8,Mountain Soil,5.32,Fair,Low,0,None,None,False,17
2025-04-28,23.2198,93.0868,Mizoram,Aizawl,0.8,18.2,48.4,1866,5.9,Forest Soil,4.43,Good,Low,1,None,None,False,19
2025-04-28,25.9541,90.9287,Meghalaya,South Garo Hills,1.6,18.8,55.0,767,3.2,Red Loamy,6.12,Poor,Severe,4,Flood,Critical,False,93
2025-04-29,24.4105,92.2374,Tripura,Dhalai,2.0,22.3,50.5,77,5.3,Forest Soil,5.02,Fair,Moderate,1,None,None,False,5
2025-04-29,27.623,94.1442,Arunachal Pradesh,Tawang,8.5,10.4,55.0,2725,24.8,Laterite,3.38,Fair,Low,0,None,None,False,5
2025-04-30,24.429,93.0342,Mizoram,Kolasib,30.4,17.4,48.9,1003,7.8,Sandy Loam,4.87,Damaged,Moderate,4,Traffic Jam,Low,True,346
2025-04-30,27.5496,88.6721,Sikkim,North Sikkim,2.1,9.0,37.7,2663,17.9,Alluvial,3.37,Poor,Severe,4,Bridge Damage,Low,False,66
2025-04-30,24.0763,93.2662,Mizoram,Mamit,19.9,26.4,46.0,1697,7.7,Sandy Loam,5.22,Good,Low,0,None,None,False,6
2025-05-01,26.5442,93.9184,Nagaland,Kohima,9.4,25.5,49.0,1402,1.7,Alluvial,3.4,Good,High,1,None,None,False,1
2025-05-01,23.9136,91.8569,Tripura,West Tripura,7.7,25.0,64.9,185,0.0,Sandy Loam,3.16,Good,High,0,None,None,False,2
2025-05-01,27.0497,93.51,Arunachal Pradesh,East Siang,3.3,27.8,63.3,1107,0.0,Forest Soil,4.8,Good,High,0,None,None,False,17
2025-05-01,25.8667,89.9029,Meghalaya,West Garo Hills,3.5,12.2,88.0,1736,12.2,Mountain Soil,2.88,Fair,Low,0,None,None,False,1
2025-05-01,27.0267,88.0415,Sikkim,West Sikkim,2.2,11.3,44.5,3809,26.4,Mountain Soil,2.53,Fair,Moderate,0,None,None,False,11
2025-05-02,25.0693,92.6394,Meghalaya,South Garo Hills,1.5,18.9,41.0,1489,12.9,Clayey,3.56,Fair,Low,1,None,None,False,13
2025-05-02,23.2289,93.0848,Mizoram,Aizawl,6.8,16.2,35.8,1079,15.5,Red Loamy,3.94,Good,Moderate,0,None,None,False,3
2025-05-02,27.6465,92.3192,Arunachal Pradesh,Tawang,8.4,16.8,69.8,2667,8.2,Mountain Soil,3.7,Good,Low,0,None,None,False,31
2025-05-03,23.8519,91.4898,Tripura,Gomati,1.9,25.3,75.5,37,0.0,Red Loamy,4.37,Good,High,1,None,None,False,0
2025-05-03,25.5386,92.6573,Meghalaya,Ri Bhoi,4.1,23.3,57.4,592,10.8,Sandy Loam,5.03,Fair,Moderate,1,None,None,False,18
2025-05-03,28.3622,97.2583,Arunachal Pradesh,Lohit,6.3,13.3,61.6,1127,17.7,Mountain Soil,4.25,Good,High,0,None,None,False,3
2025-05-03,25.0495,93.921,Manipur,Tamenglong,11.5,26.4,47.2,785,0.0,Clayey,3.01,Good,High,0,None,None,False,15
2025-05-04,26.8037,96.1618,Arunachal Pradesh,East Siang,0.9,20.7,71.3,809,12.0,Mountain Soil,4.99,Good,Moderate,0,None,None,False,0
2025-05-05,22.9642,92.4884,Mizoram,Serchhip,10.6,21.6,43.3,1385,13.2,Alluvial,2.32,Good,Low,1,None,None,False,9
2025-05-05,28.4676,94.4147,Arunachal Pradesh,East Siang,2.9,8.5,61.7,2306,22.9,Clayey,3.76,Good,Low,1,None,None,False,5
2025-05-06,23.8315,91.5454,Tripura,North Tripura,8.2,15.2,72.8,546,1.6,Forest Soil,2.21,Poor,Low,3,Fallen Tree,Medium,False,12
2025-05-06,22.0211,92.6212,Mizoram,Lunglei,0.7,15.9,59.5,1605,13.3,Mountain Soil,3.95,Fair,High,1,None,None,False,9
2025-05-06,23.6353,92.3196,Mizoram,Kolasib,9.8,26.8,49.9,1179,3.0,Forest Soil,3.47,Fair,Low,1,None,None,False,4
2025-05-06,25.3577,93.4708,Nagaland,Tuensang,1.2,13.0,65.3,547,0.0,Clayey,2.06,Good,Low,0,None,None,False,15
2025-05-07,22.7042,93.0019,Mizoram,Lunglei,2.8,6.6,56.3,741,9.6,Forest Soil,4.45,Good,Moderate,0,None,None,False,6
2025-05-07,26.1451,94.6438,Nagaland,Dimapur,3.9,18.1,64.0,653,0.0,Sandy Loam,4.08,Fair,High,1,None,None,False,4
2025-05-08,26.7849,92.8802,Assam,Kamrup,2.3,25.6,59.2,168,0.0,Red Loamy,5.48,Good,Low,0,None,None,False,7
2025-05-08,23.6889,93.0476,Mizoram,Lunglei,8.2,17.3,36.3,1341,0.0,Red Loamy,4.56,Fair,Moderate,0,None,None,False,17
2025-05-08,23.5742,92.7487,Mizoram,Aizawl,23.8,7.8,66.9,1636,21.3,Forest Soil,5.7,Good,High,0,None,None,False,17
2025-05-08,25.7136,94.5579,Assam,Dibrugarh,7.0,10.1,45.6,84,0.0,Mountain Soil,5.46,Good,Low,0,None,None,False,6
2025-05-09,25.6106,93.2129,Manipur,Imphal East,0.4,24.8,81.8,1058,0.0,Mountain Soil,4.19,Good,Low,0,None,None,False,10
2025-05-10,24.3477,92.282,Mizoram,Aizawl,20.3,14.5,58.8,945,12.4,Alluvial,2.87,Fair,Low,1,None,None,False,10
2025-05-10,26.1114,94.6858,Nagaland,Tuensang,10.6,18.3,45.5,949,19.3,Sandy Loam,2.44,Good,Moderate,0,None,None,False,9
2025-05-10,28.3194,96.5714,Arunachal Pradesh,Papum Pare,0.9,20.0,57.0,1298,11.3,Forest Soil,3.32,Good,Low,1,None,None,False,12
2025-05-10,27.6361,88.6306,Sikkim,West Sikkim,8.9,7.2,75.0,3049,14.0,Red Loamy,4.19,Fair,Low,0,None,None,False,2
2025-05-10,23.1677,93.1069,Mizoram,Lunglei,3.9,19.6,56.1,1241,6.5,Red Loamy,2.61,Good,Low,0,None,None,False,9
2025-05-11,26.6554,92.5259,Arunachal Pradesh,Tawang,6.6,18.4,44.9,464,13.9,Forest Soil,4.47,Good,High,0,None,None,False,4
2025-05-11,25.485,90.6392,Meghalaya,Jaintia Hills,8.6,9.4,64.4,1661,0.0,Alluvial,4.14,Good,Moderate,2,None,None,False,23
2025-05-12,26.3091,93.5996,Assam,Barpeta,3.1,23.0,30.8,189,0.0,Alluvial,3.31,Good,Low,0,None,None,False,4
2025-05-12,27.8799,91.9012,Arunachal Pradesh,East Siang,16.3,11.0,56.0,2111,11.4,Mountain Soil,3.83,Fair,High,0,None,None,False,8
2025-05-13,25.5509,94.2593,Nagaland,Dimapur,20.5,11.8,57.4,1583,9.9,Mountain Soil,3.22,Good,Moderate,0,None,None,False,6
2025-05-13,25.8232,92.1518,Meghalaya,Ri Bhoi,4.4,21.2,56.3,718,0.0,Alluvial,4.72,Good,Low,0,None,None,False,10
2025-05-13,27.5766,88.2005,Sikkim,West Sikkim,3.3,15.2,65.3,3854,16.9,Clayey,4.31,Fair,Low,1,None,None,False,15
2025-05-13,28.0991,88.7349,Sikkim,North Sikkim,15.4,12.0,53.6,2032,15.4,Forest Soil,2.27,Good,Low,0,None,None,False,7
2025-05-14,25.3797,94.1956,Manipur,Imphal West,5.1,14.6,66.9,1826,16.9,Mountain Soil,4.65,Good,Moderate,1,None,None,False,0
2025-05-14,23.1118,91.2581,Tripura,West Tripura,1.1,18.4,52.3,46,0.0,Forest Soil,4.48,Fair,Moderate,0,None,None,False,8
2025-05-14,27.3303,88.3895,Sikkim,South Sikkim,24.2,6.4,23.9,3414,17.4,Mountain Soil,4.16,Fair,High,1,None,None,False,2
2025-05-15,24.2115,92.2566,Mizoram,Serchhip,20.1,27.0,78.1,1084,14.5,Sandy Loam,4.67,Damaged,High,5,Fallen Tree,Low,False,60
2025-05-15,27.2867,94.439,Assam,Cachar,12.1,23.2,72.3,38,0.0,Laterite,4.33,Good,High,1,None,None,False,7
2025-05-15,24.619,94.7358,Manipur,Tamenglong,0.4,11.5,50.9,1855,8.2,Laterite,4.82,Good,Moderate,0,None,None,False,0
2025-05-15,27.322,88.234,Sikkim,East Sikkim,0.6,10.8,54.3,3749,28.4,Forest Soil,1.92,Good,Low,0,None,None,False,27
2025-05-16,25.5655,93.5656,Manipur,Churachandpur,7.3,19.4,44.6,1063,16.9,Mountain Soil,5.3,Good,Low,0,None,None,False,3
2025-05-16,26.3608,93.1285,Assam,Cachar,7.1,30.7,52.8,155,9.3,Sandy Loam,4.19,Poor,Moderate,2,Fallen Tree,Medium,False,102
2025-05-16,22.317,92.6414,Mizoram,Mamit,5.8,16.3,72.0,969,0.9,Forest Soil,5.07,Fair,Moderate,1,None,None,False,6
2025-05-16,24.4607,93.7197,Manipur,Senapati,7.4,24.6,22.8,1201,20.4,Mountain Soil,3.57,Good,Low,0,None,None,False,11
2025-05-16,24.4935,93.7355,Manipur,Ukhrul,9.6,21.8,61.5,1073,16.7,Mountain Soil,2.83,Good,Moderate,2,None,None,False,11
2025-05-16,23.3971,92.2233,Tripura,Gomati,23.5,28.8,38.9,752,14.3,Laterite,4.7,Good,Low,0,None,None,False,0
2025-05-16,28.0957,88.3084,Sikkim,East Sikkim,3.0,17.7,65.7,3475,16.7,Clayey,4.36,Good,High,0,None,None,False,0
2025-05-17,26.881,93.4537,Arunachal Pradesh,Lohit,0.1,15.4,38.1,1239,5.6,Forest Soil,3.8,Good,Low,1,None,None,False,0
2025-05-18,26.8966,93.6162,Nagaland,Dimapur,20.8,18.4,49.1,726,0.0,Mountain Soil,4.38,Good,Low,0,None,None,False,6
2025-05-18,25.9904,92.6405,Meghalaya,Ri Bhoi,1.6,14.0,46.6,215,11.6,Forest Soil,6.97,Under Construction,Moderate,3,Flood,Critical,False,103
2025-05-18,25.9181,91.6574,Assam,Dibrugarh,6.3,27.5,47.2,177,0.0,Sandy Loam,4.55,Fair,Moderate,0,None,None,False,9
2025-05-19,23.5221,92.1211,Tripura,Gomati,3.9,14.5,61.4,578,0.0,Mountain Soil,3.2,Poor,Severe,4,Bridge Damage,Medium,False,89
2025-05-20,27.8352,88.6414,Sikkim,North Sikkim,0.0,6.8,24.0,1111,11.5,Alluvial,2.17,Poor,High,2,Fallen Tree,Low,False,88
2025-05-20,25.626,92.0468,Meghalaya,West Garo Hills,6.6,17.3,59.6,229,7.5,Mountain Soil,0.5,Good,Moderate,0,None,None,False,2
2025-05-20,22.5833,92.7177,Mizoram,Aizawl,1.8,15.1,43.0,1035,9.9,Clayey,4.15,Good,High,0,None,None,False,8
2025-05-21,25.5087,91.4682,Meghalaya,East Khasi Hills,5.6,18.6,69.2,648,10.8,Red Loamy,3.88,Damaged,Low,3,Fallen Tree,High,True,272
2025-05-21,26.0017,93.7681,Assam,Barpeta,7.5,26.6,47.6,116,0.0,Clayey,4.06,Fair,Low,2,None,None,False,18
2025-05-21,23.7374,91.2377,Tripura,West Tripura,1.9,20.3,50.6,776,0.0,Sandy Loam,3.64,Good,Moderate,0,None,None,False,8
2025-05-21,23.8915,94.0904,Manipur,Tamenglong,3.9,21.3,72.2,1263,9.4,Sandy Loam,4.72,Good,Low,0,None,None,False,0
2025-05-21,25.7342,94.3286,Nagaland,Dimapur,14.3,22.1,59.2,821,8.0,Red Loamy,2.73,Good,Low,0,None,None,False,8
2025-05-21,22.1436,93.4513,Mizoram,Aizawl,4.6,18.7,52.8,1520,12.4,Red Loamy,1.5,Fair,High,1,None,None,False,7
2025-05-21,27.0886,88.6994,Sikkim,North Sikkim,0.3,12.6,55.2,1961,20.8,Alluvial,3.81,Damaged,Severe,8,Bridge Damage,Low,True,370
2025-05-21,27.4821,88.2364,Sikkim,East Sikkim,6.1,28.5,65.4,991,0.0,Laterite,4.33,Good,Moderate,1,None,None,False,15
2025-05-22,28.7079,92.9974,Arunachal Pradesh,West Kameng,12.6,22.1,36.8,537,5.4,Mountain Soil,3.02,Good,Low,0,None,None,False,10
2025-05-22,23.9456,91.603,Tripura,North Tripura,7.6,30.2,57.5,856,6.9,Forest Soil,3.25,Fair,Low,0,None,None,False,7
2025-05-22,23.4658,91.7299,Tripura,Gomati,9.6,13.6,67.6,545,6.4,Clayey,3.09,Good,Moderate,0,None,None,False,8
2025-05-23,25.2253,91.7173,Meghalaya,Jaintia Hills,5.6,14.8,61.5,1019,6.9,Mountain Soil,3.3,Fair,Moderate,1,None,None,False,24
2025-05-23,24.5304,93.3989,Manipur,Imphal West,26.3,15.3,47.4,1113,5.0,Clayey,3.95,Fair,Low,0,None,None,False,7
2025-05-25,25.8766,91.3937,Meghalaya,Ri Bhoi,2.6,25.4,50.9,990,8.7,Mountain Soil,2.62,Good,Moderate,1,None,None,False,20
2025-05-25,23.6471,91.5084,Tripura,Gomati,1.3,20.1,42.4,847,7.3,Laterite,4.8,Fair,Low,0,None,None,False,9
2025-05-25,25.7717,90.9638,Meghalaya,Jaintia Hills,12.0,20.1,59.6,150,3.7,Laterite,2.88,Good,Low,1,None,None,False,10
2025-05-26,24.674,94.2366,Manipur,Senapati,4.0,6.3,65.5,1557,10.3,Mountain Soil,2.45,Good,Moderate,0,None,None,False,5
2025-05-26,23.0372,91.7954,Tripura,North Tripura,7.5,18.0,45.0,321,4.1,Mountain Soil,2.13,Fair,Moderate,0,None,None,False,18
2025-05-26,26.9306,92.9151,Arunachal Pradesh,East Siang,4.4,19.7,68.0,749,5.8,Laterite,2.79,Fair,Low,0,None,None,False,12
2025-05-26,25.419,93.8989,Nagaland,Tuensang,3.0,13.1,46.7,1390,11.3,Forest Soil,1.9,Good,Low,0,None,None,False,18
2025-05-26,26.6144,93.8629,Nagaland,Wokha,3.7,10.6,51.6,1181,7.5,Mountain Soil,2.92,Good,Moderate,0,None,None,False,16
2025-05-27,26.0639,90.3663,Assam,Kamrup,2.6,20.9,71.5,54,4.6,Clayey,3.38,Good,High,2,None,None,False,14
2025-05-27,26.7577,93.3826,Nagaland,Tuensang,0.7,21.7,53.8,972,0.0,Red Loamy,4.4,Good,High,0,None,None,False,0
2025-05-27,25.5051,94.1811,Manipur,Ukhrul,8.6,19.9,56.0,1852,11.4,Alluvial,4.78,Good,Low,0,None,None,False,2
2025-05-28,25.8854,94.2332,Nagaland,Mon,2.1,21.2,87.0,734,0.0,Red Loamy,3.82,Good,Low,0,None,None,False,11
2025-05-28,25.8332,90.6852,Meghalaya,Ri Bhoi,8.1,28.1,49.8,672,5.6,Forest Soil,4.4,Fair,Moderate,0,None,None,False,9
2025-05-28,25.8344,93.9115,Assam,Cachar,5.4,19.7,45.2,137,0.0,Mountain Soil,4.26,Good,Low,1,None,None,False,4
2025-05-29,27.9197,88.6103,Sikkim,East Sikkim,1.5,8.2,68.1,3175,12.2,Laterite,3.66,Fair,High,0,None,None,False,12
2025-05-30,25.4751,91.6019,Meghalaya,East Khasi Hills,14.7,13.3,41.1,162,0.0,Forest Soil,2.68,Fair,Low,2,None,None,False,4
2025-05-30,25.5871,90.6669,Meghalaya,West Garo Hills,9.9,14.9,66.1,1300,8.8,Forest Soil,3.78,Good,Low,1,None,None,False,5
2025-05-30,27.1965,88.8595,Sikkim,East Sikkim,0.3,12.6,64.4,2265,20.2,Red Loamy,4.27,Good,Low,1,None,None,False,6
2025-05-30,25.3152,94.538,Assam,Kamrup,9.3,27.7,45.3,174,13.5,Sandy Loam,5.19,Good,High,0,None,None,False,9
2025-05-30,24.5751,93.5842,Manipur,Ukhrul,4.5,24.3,41.6,1727,3.3,Clayey,3.37,Good,Low,0,None,None,False,0
2025-05-31,25.59,95.8244,Assam,Barpeta,4.2,30.6,60.5,112,3.8,Laterite,3.66,Fair,Moderate,1,None,None,False,0
2025-05-31,23.9805,91.7078,Tripura,Khowai,1.1,26.4,70.8,144,0.0,Clayey,2.88,Good,Low,0,None,None,False,22
2025-05-31,25.673,91.9325,Meghalaya,East Khasi Hills,10.4,21.1,42.7,168,0.0,Clayey,4.62,Fair,Moderate,0,None,None,False,0
2025-06-01,24.6604,90.9403,Assam,Kamrup,11.9,22.5,90.7,149,0.0,Mountain Soil,3.32,Good,Low,0,None,None,False,17
2025-06-01,28.4996,95.0855,Arunachal Pradesh,Papum Pare,70.9,26.2,64.4,1303,19.6,Forest Soil,6.19,Good,Moderate,1,None,None,False,21
2025-06-01,25.3424,94.4098,Manipur,Senapati,13.8,22.9,78.6,1602,5.5,Alluvial,2.66,Good,High,0,None,None,False,8
2025-06-01,23.9564,91.9353,Tripura,North Tripura,13.5,26.9,76.5,480,3.7,Alluvial,2.51,Good,High,0,None,None,False,11
2025-06-01,27.4314,88.7303,Sikkim,South Sikkim,13.4,24.8,71.6,1387,4.2,Laterite,2.86,Fair,Moderate,1,None,None,False,8
2025-06-01,21.9229,93.131,Mizoram,Aizawl,29.8,29.9,68.7,982,5.3,Alluvial,3.88,Good,Moderate,0,None,None,False,1
2025-06-01,25.6562,94.3499,Manipur,Senapati,16.0,29.5,70.9,1105,11.1,Red Loamy,5.53,Poor,High,8,Traffic Jam,High,False,117
2025-06-01,27.4194,88.4703,Sikkim,South Sikkim,47.6,28.0,97.4,1524,14.7,Clayey,3.57,Good,Moderate,0,None,None,False,0
2025-06-02,27.9207,94.8726,Arunachal Pradesh,Papum Pare,42.3,31.1,78.3,329,0.0,Forest Soil,4.36,Good,Moderate,0,None,None,False,12
2025-06-02,25.5963,92.3326,Assam,Kamrup,50.5,29.0,81.8,38,4.7,Clayey,4.18,Good,Low,0,None,None,False,0
2025-06-02,27.2536,88.4228,Sikkim,South Sikkim,28.6,13.5,56.8,2656,11.8,Clayey,2.83,Good,High,0,None,None,False,15
2025-06-03,25.3338,95.309,Assam,Barpeta,1.2,28.5,70.4,123,7.7,Forest Soil,5.35,Poor,Moderate,5,Fallen Tree,Medium,False,44
2025-06-03,23.0925,91.8404,Tripura,North Tripura,34.9,36.1,100.0,546,9.7,Forest Soil,4.28,Good,Moderate,0,None,None,False,7
2025-06-03,23.2616,91.8674,Tripura,Gomati,68.7,18.3,81.5,419,0.0,Clayey,4.83,Poor,High,3,Fallen Tree,Medium,True,231
2025-06-03,25.6667,91.2173,Meghalaya,West Garo Hills,38.0,21.1,73.6,827,0.0,Laterite,3.97,Good,High,0,None,None,False,8
2025-06-04,23.9351,93.8875,Manipur,Ukhrul,17.5,30.0,94.9,936,9.1,Sandy Loam,3.22,Fair,High,1,None,None,False,6
2025-06-04,24.366,94.1564,Manipur,Senapati,10.8,21.6,64.8,1377,20.9,Mountain Soil,5.22,Good,Low,0,None,None,False,5
2025-06-04,28.3225,94.1897,Arunachal Pradesh,Tawang,50.0,25.7,66.6,308,2.0,Laterite,4.23,Good,Low,1,None,None,False,0
2025-06-04,25.356,90.6104,Meghalaya,Jaintia Hills,10.6,25.9,78.3,233,0.0,Sandy Loam,4.81,Fair,Low,0,None,None,False,19
2025-06-04,22.9835,91.379,Tripura,Dhalai,44.5,29.7,83.8,479,5.3,Red Loamy,4.79,Fair,Moderate,0,None,None,False,12
2025-06-05,24.0953,94.1226,Manipur,Ukhrul,32.6,24.3,66.6,1849,5.7,Laterite,4.12,Good,Low,1,None,None,False,12
2025-06-05,26.8105,94.3505,Nagaland,Dimapur,23.7,25.7,85.8,1879,6.9,Red Loamy,3.38,Damaged,High,2,Bridge Damage,Low,True,135
2025-06-05,24.2742,92.5152,Mizoram,Lunglei,16.6,24.9,58.8,735,0.0,Laterite,5.72,Good,Low,0,None,None,False,16
2025-06-06,25.724,93.7657,Nagaland,Mon,22.8,27.1,89.9,783,0.0,Clayey,2.63,Good,Low,0,None,None,False,22
2025-06-06,26.7653,93.6152,Assam,Cachar,22.4,23.4,66.1,129,0.0,Alluvial,4.05,Good,High,1,None,None,False,0
2025-06-06,26.9365,95.4286,Assam,Dibrugarh,18.9,28.3,68.2,136,0.0,Clayey,2.21,Good,Low,0,None,None,False,14
2025-06-07,27.4317,96.9455,Arunachal Pradesh,East Siang,24.6,22.8,74.6,1939,13.0,Mountain Soil,1.01,Good,Moderate,2,None,None,False,22
2025-06-07,27.2981,88.5592,Sikkim,East Sikkim,8.4,2.4,61.8,3407,17.9,Sandy Loam,4.35,Fair,Low,0,None,None,False,15
2025-06-08,24.4476,92.169,Tripura,North Tripura,2.9,24.9,66.2,605,10.9,Clayey,3.91,Good,Moderate,2,None,None,False,11
2025-06-09,25.5905,94.7608,Nagaland,Mon,38.9,20.0,90.5,688,8.0,Red Loamy,3.88,Fair,High,1,None,None,False,14
2025-06-09,28.3202,92.2223,Arunachal Pradesh,West Kameng,77.6,23.2,47.9,1259,14.5,Forest Soil,2.59,Fair,Low,1,None,None,False,10
2025-06-09,24.0547,93.6438,Manipur,Imphal East,18.7,18.3,53.3,1540,24.3,Forest Soil,4.1,Good,Low,1,None,None,False,14
2025-06-09,25.5182,93.3704,Nagaland,Mon,15.9,25.4,74.6,998,17.2,Mountain Soil,2.67,Good,Low,0,None,None,False,17
2025-06-09,25.4919,93.4963,Nagaland,Mon,39.2,26.2,72.8,684,0.0,Laterite,5.38,Good,Moderate,1,None,None,False,4
2025-06-09,25.5548,93.3181,Nagaland,Dimapur,73.1,31.2,71.6,828,7.6,Forest Soil,5.46,Good,Low,1,None,None,False,3
2025-06-09,27.7677,88.0041,Sikkim,West Sikkim,15.9,10.7,82.7,2146,14.2,Clayey,3.35,Fair,Moderate,0,None,None,False,10
2025-06-09,27.1747,93.2465,Assam,Kamrup,16.1,27.5,71.9,89,0.0,Alluvial,3.28,Good,High,1,None,None,False,19
2025-06-09,25.6151,89.8168,Meghalaya,West Garo Hills,50.7,15.2,75.1,1673,19.5,Sandy Loam,3.15,Good,Low,0,None,None,False,1
2025-06-10,24.19,91.7315,Tripura,West Tripura,33.1,27.0,70.1,880,0.0,Clayey,4.69,Fair,Low,0,None,None,False,3
2025-06-10,27.9202,88.6339,Sikkim,East Sikkim,11.6,19.4,63.6,4200,32.8,Clayey,3.0,Good,Moderate,0,None,None,False,12
2025-06-10,24.1921,93.7863,Manipur,Imphal East,102.5,27.0,82.0,975,0.5,Sandy Loam,6.7,Good,Low,0,None,None,False,10
2025-06-10,23.4021,92.8696,Mizoram,Serchhip,3.9,14.4,53.8,1459,10.1,Red Loamy,2.2,Good,Low,0,None,None,False,17
2025-06-11,27.5659,88.3652,Sikkim,West Sikkim,100.3,16.1,70.7,3609,31.6,Mountain Soil,4.39,Good,Moderate,0,None,None,False,6
2025-06-11,22.5648,92.7825,Mizoram,Mamit,56.7,23.1,76.9,1881,7.2,Alluvial,3.01,Good,Low,1,None,None,False,19
2025-06-12,27.11,88.4243,Sikkim,North Sikkim,66.0,19.6,86.2,847,6.4,Clayey,5.33,Damaged,High,4,Bridge Damage,Medium,True,383
2025-06-12,27.3227,88.7158,Sikkim,East Sikkim,36.1,22.3,58.9,1989,20.9,Red Loamy,4.87,Good,Low,1,None,None,False,4
2025-06-12,24.0879,91.5909,Tripura,Gomati,34.5,25.3,78.0,111,0.0,Red Loamy,3.82,Fair,Low,0,None,None,False,7
2025-06-13,27.3418,88.8992,Sikkim,North Sikkim,7.6,25.9,73.2,3445,22.6,Sandy Loam,3.89,Good,Moderate,1,None,None,False,20
2025-06-13,27.3461,96.7588,Arunachal Pradesh,Lohit,24.9,21.8,88.8,1954,14.0,Forest Soil,5.95,Damaged,High,2,Fallen Tree,Medium,True,324
2025-06-14,23.7146,91.7666,Tripura,Khowai,45.5,25.6,72.5,745,6.6,Mountain Soil,4.88,Damaged,Severe,5,Fog/Visibility,Medium,False,103
2025-06-14,26.2545,94.581,Nagaland,Kohima,49.8,24.2,45.1,1647,7.0,Forest Soil,5.93,Poor,High,4,Bridge Damage,Medium,False,97
2025-06-14,27.3102,88.1969,Sikkim,South Sikkim,34.8,15.0,57.2,2492,23.6,Forest Soil,2.04,Good,High,0,None,None,False,18
2025-06-15,25.0456,93.3335,Manipur,Imphal West,68.5,31.5,56.8,1668,29.4,Laterite,5.33,Poor,High,2,Fallen Tree,High,True,197
2025-06-15,25.6966,94.5999,Manipur,Senapati,22.4,19.5,82.1,810,10.4,Laterite,5.28,Good,Low,0,None,None,False,10
2025-06-15,24.8914,94.5049,Assam,Cachar,54.1,28.8,85.7,41,0.0,Clayey,3.77,Fair,Low,1,None,None,False,14
2025-06-15,26.6848,91.9787,Assam,Jorhat,43.5,22.1,72.0,163,0.0,Alluvial,3.78,Fair,Moderate,1,None,None,False,2
2025-06-16,27.1586,88.7857,Sikkim,South Sikkim,54.4,34.2,65.7,1493,21.6,Clayey,5.33,Fair,Low,0,None,None,False,0
2025-06-16,27.7551,88.3173,Sikkim,South Sikkim,8.3,13.5,87.8,4418,36.7,Sandy Loam,4.18,Fair,Low,0,None,None,False,25
2025-06-16,26.7828,94.8367,Nagaland,Mokokchung,5.8,28.3,65.6,1418,9.5,Sandy Loam,4.95,Fair,Low,1,None,None,False,25
2025-06-17,23.3297,91.5501,Tripura,Khowai,60.6,34.5,76.4,678,0.0,Forest Soil,5.21,Poor,High,5,Bridge Damage,High,False,76
2025-06-17,26.4412,93.9543,Nagaland,Mokokchung,21.0,23.7,73.4,212,0.0,Mountain Soil,2.59,Fair,Moderate,0,None,None,False,1
2025-06-17,25.608,89.7907,Assam,Kamrup,34.1,31.9,75.2,50,1.3,Alluvial,3.47,Fair,Low,1,None,None,False,16
2025-06-17,21.9255,92.4016,Mizoram,Serchhip,14.5,25.6,63.0,1805,16.2,Red Loamy,5.31,Fair,Low,1,None,None,False,8
2025-06-18,24.4839,92.8376,Mizoram,Mamit,30.2,19.2,64.0,1670,14.4,Mountain Soil,2.75,Fair,Moderate,0,None,None,False,0
2025-06-18,27.2291,88.7145,Sikkim,North Sikkim,11.5,5.3,88.4,4282,46.3,Red Loamy,5.2,Poor,High,3,Bridge Damage,Medium,True,349
2025-06-18,27.7979,88.5348,Sikkim,South Sikkim,11.6,26.3,80.4,2648,15.2,Laterite,1.86,Good,Moderate,0,None,None,False,7
2025-06-18,24.2418,92.0703,Tripura,Dhalai,27.8,25.9,59.1,296,12.9,Red Loamy,3.99,Good,Moderate,0,None,None,False,14
2025-06-18,24.4811,93.1578,Mizoram,Champhai,21.9,34.0,86.2,523,7.1,Laterite,6.0,Good,Moderate,0,None,None,False,3
